1.50848                  0.1                      10                       5.331247310976E-13       5.331273065031533E-13    0.25                     5.0E10                   2700                     5789.799459202173        3342.7422763243244       2502.294445801098
1.50848                  0.12000000000000001      8.333333333333332        5.362965224515842E-13    5.363483379391315E-13    0.25                     5.0E10                   2700                     5789.799459202173        3342.7422763243244       2502.294445801098
1.50848                  0.14                     7.1428571428571415       5.341340207675681E-13    5.33965419784408E-13     0.25                     5.0E10                   2700                     5789.799459202173        3342.7422763243244       2502.294445801098
1.50848                  0.16                     6.249999999999999        5.33059915633461E-13     5.33178096673299E-13     0.25                     5.0E10                   2700                     5789.799459202173        3342.7422763243244       2502.294445801098
1.50848                  0.18                     5.555555555555555        5.371217967614611E-13    5.372959260427882E-13    0.25                     5.0E10                   2700                     5789.799459202173        3342.7422763243244       2502.294445801098
1.50848                  0.2                      5                        5.330046858660908E-13    5.331337926940925E-13    0.25                     5.0E10                   2700                     5789.799459202173        3342.7422763243244       2502.294445801098
1.50848                  0.22                     4.545454545454546        5.359826599908558E-13    5.367032879389081E-13    0.25                     5.0E10                   2700                     5789.799459202173        3342.7422763243244       2502.294445801098
1.50848                  0.24000000000000002      4.166666666666666        5.352353318696544E-13    5.362845449837163E-13    0.25                     5.0E10                   2700                     5789.799459202173        3342.7422763243244       2502.294445801098
1.50848                  0.26                     3.846153846153846        5.339630502189276E-13    5.349068847133445E-13    0.25                     5.0E10                   2700                     5789.799459202173        3342.7422763243244       2502.294445801098
1.50848                  0.28                     3.5714285714285707       5.365832853043636E-13    5.371275175239799E-13    0.25                     5.0E10                   2700                     5789.799459202173        3342.7422763243244       2502.294445801098
1.50848                  0.30000000000000004      3.3333333333333326       5.368400752178498E-13    5.363797545386875E-13    0.25                     5.0E10                   2700                     5789.799459202173        3342.7422763243244       2502.294445801098
1.50848                  0.32                     3.1249999999999996       5.355321012132344E-13    5.32973728944681E-13     0.25                     5.0E10                   2700                     5789.799459202173        3342.7422763243244       2502.294445801098
1.50848                  0.33999999999999997      2.9411764705882355       5.418281066020504E-13    5.381113100545531E-13    0.25                     5.0E10                   2700                     5789.799459202173        3342.7422763243244       2502.294445801098
1.50848                  0.36                     2.7777777777777777       5.42246763271631E-13     5.350895636274059E-13    0.25                     5.0E10                   2700                     5789.799459202173        3342.7422763243244       2502.294445801098
1.50848                  0.38                     2.6315789473684212       5.469303340270077E-13    5.354800763476206E-13    0.25                     5.0E10                   2700                     5789.799459202173        3342.7422763243244       2502.294445801098
1.50848                  0.4                      2.5                      5.502598343982879E-13    5.346742606183746E-13    0.25                     5.0E10                   2700                     5789.799459202173        3342.7422763243244       2502.294445801098
1.50848                  0.42000000000000004      2.3809523809523805       5.566779142034409E-13    5.357472697376172E-13    0.25                     5.0E10                   2700                     5789.799459202173        3342.7422763243244       2502.294445801098
1.50848                  0.44000000000000006      2.272727272727273        5.631627085939121E-13    5.396682503990635E-13    0.25                     5.0E10                   2700                     5789.799459202173        3342.7422763243244       2502.294445801098
1.50848                  0.45999999999999996      2.173913043478261        5.699431827180589E-13    5.421590144048645E-13    0.25                     5.0E10                   2700                     5789.799459202173        3342.7422763243244       2502.294445801098
1.50848                  0.48                     2.0833333333333335       5.74993232131834E-13     5.423905098821808E-13    0.25                     5.0E10                   2700                     5789.799459202173        3342.7422763243244       2502.294445801098
1.50848                  0.5                      2                        5.788868084802032E-13    5.436595314392669E-13    0.25                     5.0E10                   2700                     5789.799459202173        3342.7422763243244       2502.294445801098
1.50848                  0.52                     1.923076923076923        5.861516316003334E-13    5.478439480656995E-13    0.25                     5.0E10                   2700                     5789.799459202173        3342.7422763243244       2502.294445801098
1.50848                  0.54                     1.8518518518518516       5.882071048785553E-13    5.459610536230449E-13    0.25                     5.0E10                   2700                     5789.799459202173        3342.7422763243244       2502.294445801098
1.50848                  0.56                     1.7857142857142854       5.980855290157535E-13    5.510709203161079E-13    0.25                     5.0E10                   2700                     5789.799459202173        3342.7422763243244       2502.294445801098
1.50848                  0.58                     1.7241379310344829       6.038016310516185E-13    5.530852989545807E-13    0.25                     5.0E10                   2700                     5789.799459202173        3342.7422763243244       2502.294445801098
1.50848                  0.6                      1.6666666666666667       6.101624031541353E-13    5.560136763461811E-13    0.25                     5.0E10                   2700                     5789.799459202173        3342.7422763243244       2502.294445801098
1.50848                  0.62                     1.6129032258064515       6.15909554641488E-13     5.579602180096584E-13    0.25                     5.0E10                   2700                     5789.799459202173        3342.7422763243244       2502.294445801098
1.50848                  0.64                     1.5624999999999998       6.261977841521126E-13    5.633717285602331E-13    0.25                     5.0E10                   2700                     5789.799459202173        3342.7422763243244       2502.294445801098
1.50848                  0.66                     1.515151515151515        6.2377974176412E-13      5.567236084205058E-13    0.25                     5.0E10                   2700                     5789.799459202173        3342.7422763243244       2502.294445801098
1.50848                  0.6799999999999999       1.4705882352941178       6.295542592353053E-13    5.573858978976125E-13    0.25                     5.0E10                   2700                     5789.799459202173        3342.7422763243244       2502.294445801098
1.50848                  0.7                      1.4285714285714286       6.417831510168903E-13    5.638648187577095E-13    0.25                     5.0E10                   2700                     5789.799459202173        3342.7422763243244       2502.294445801098
1.50848                  0.72                     1.3888888888888888       6.538957792338176E-13    5.698865947489097E-13    0.25                     5.0E10                   2700                     5789.799459202173        3342.7422763243244       2502.294445801098
1.50848                  0.74                     1.3513513513513513       6.703607630200045E-13    5.795177852266484E-13    0.25                     5.0E10                   2700                     5789.799459202173        3342.7422763243244       2502.294445801098
1.50848                  0.76                     1.3157894736842106       6.80486913107642E-13     5.833748602167344E-13    0.25                     5.0E10                   2700                     5789.799459202173        3342.7422763243244       2502.294445801098
1.50848                  0.78                     1.2820512820512822       6.788215064828191E-13    5.769914821032898E-13    0.25                     5.0E10                   2700                     5789.799459202173        3342.7422763243244       2502.294445801098
1.50848                  0.8                      1.25                     6.776504239098631E-13    5.716060724443203E-13    0.25                     5.0E10                   2700                     5789.799459202173        3342.7422763243244       2502.294445801098
1.50848                  0.82                     1.2195121951219514       6.828907975412752E-13    5.726574349859971E-13    0.25                     5.0E10                   2700                     5789.799459202173        3342.7422763243244       2502.294445801098
1.50848                  0.84                     1.1904761904761905       6.8800891440962E-13      5.746562189315263E-13    0.25                     5.0E10                   2700                     5789.799459202173        3342.7422763243244       2502.294445801098
1.50848                  0.86                     1.1627906976744187       6.903955567514352E-13    5.746656852741627E-13    0.25                     5.0E10                   2700                     5789.799459202173        3342.7422763243244       2502.294445801098
1.50848                  0.88                     1.1363636363636365       6.930797233199362E-13    5.748954337706622E-13    0.25                     5.0E10                   2700                     5789.799459202173        3342.7422763243244       2502.294445801098
1.50848                  0.9                      1.1111111111111112       6.982243933681139E-13    5.770301084155161E-13    0.25                     5.0E10                   2700                     5789.799459202173        3342.7422763243244       2502.294445801098
1.50848                  0.92                     1.0869565217391304       7.032401430157135E-13    5.790000662159895E-13    0.25                     5.0E10                   2700                     5789.799459202173        3342.7422763243244       2502.294445801098
1.50848                  0.94                     1.0638297872340425       7.055198486810145E-13    5.789178488178619E-13    0.25                     5.0E10                   2700                     5789.799459202173        3342.7422763243244       2502.294445801098
1.50848                  0.96                     1.0416666666666667       7.065693741905129E-13    5.782909302183782E-13    0.25                     5.0E10                   2700                     5789.799459202173        3342.7422763243244       2502.294445801098
1.50848                  0.98                     1.0204081632653061       7.098442650158012E-13    5.801582187598523E-13    0.25                     5.0E10                   2700                     5789.799459202173        3342.7422763243244       2502.294445801098
1.50848                  1                        1                        7.16530905006815E-13     5.855436360520207E-13    0.25                     5.0E10                   2700                     5789.799459202173        3342.7422763243244       2502.294445801098
1.50848                  1.02                     0.9803921568627452       7.242873274561851E-13    5.92871418938626E-13     0.25                     5.0E10                   2700                     5789.799459202173        3342.7422763243244       2502.294445801098
1.50848                  1.04                     0.9615384615384615       7.283618006547099E-13    5.979580933973869E-13    0.25                     5.0E10                   2700                     5789.799459202173        3342.7422763243244       2502.294445801098
1.50848                  1.06                     0.9433962264150944       7.252867057290862E-13    5.976190183298409E-13    0.25                     5.0E10                   2700                     5789.799459202173        3342.7422763243244       2502.294445801098
1.50848                  1.08                     0.9259259259259258       7.148662990819663E-13    5.912746091533048E-13    0.25                     5.0E10                   2700                     5789.799459202173        3342.7422763243244       2502.294445801098
1.50848                  1.1                      0.909090909090909        6.996997366148906E-13    5.807318372507183E-13    0.25                     5.0E10                   2700                     5789.799459202173        3342.7422763243244       2502.294445801098
1.50848                  1.12                     0.8928571428571427       6.831261142751449E-13    5.686097669924512E-13    0.25                     5.0E10                   2700                     5789.799459202173        3342.7422763243244       2502.294445801098
1.50848                  1.1400000000000001       0.8771929824561403       6.678130205548E-13       5.570490202774616E-13    0.25                     5.0E10                   2700                     5789.799459202173        3342.7422763243244       2502.294445801098
1.50848                  1.1600000000000001       0.8620689655172412       6.549715723516478E-13    5.472205801961045E-13    0.25                     5.0E10                   2700                     5789.799459202173        3342.7422763243244       2502.294445801098
1.50848                  1.1800000000000002       0.8474576271186439       6.450052847995237E-13    5.396185559204252E-13    0.25                     5.0E10                   2700                     5789.799459202173        3342.7422763243244       2502.294445801098
1.50848                  1.2000000000000002       0.8333333333333331       6.379173659881107E-13    5.344128854469536E-13    0.25                     5.0E10                   2700                     5789.799459202173        3342.7422763243244       2502.294445801098
1.50848                  1.2200000000000002       0.8196721311475409       6.336109848287466E-13    5.316807868349129E-13    0.25                     5.0E10                   2700                     5789.799459202173        3342.7422763243244       2502.294445801098
1.50848                  1.2400000000000002       0.8064516129032256       6.319588860245178E-13    5.314571111634128E-13    0.25                     5.0E10                   2700                     5789.799459202173        3342.7422763243244       2502.294445801098
1.50848                  1.26                     0.7936507936507936       6.328036884288202E-13    5.337439288311574E-13    0.25                     5.0E10                   2700                     5789.799459202173        3342.7422763243244       2502.294445801098
1.50848                  1.28                     0.7812499999999999       6.355719979659388E-13    5.381459691036799E-13    0.25                     5.0E10                   2700                     5789.799459202173        3342.7422763243244       2502.294445801098
1.50848                  1.3                      0.7692307692307692       6.395387497559123E-13    5.441241625002062E-13    0.25                     5.0E10                   2700                     5789.799459202173        3342.7422763243244       2502.294445801098
1.50848                  1.32                     0.7575757575757575       6.436540913676232E-13    5.50827534901512E-13     0.25                     5.0E10                   2700                     5789.799459202173        3342.7422763243244       2502.294445801098
1.50848                  1.34                     0.7462686567164178       6.467156836056363E-13    5.57223732654901E-13     0.25                     5.0E10                   2700                     5789.799459202173        3342.7422763243244       2502.294445801098
1.50848                  1.36                     0.7352941176470588       6.475722711448629E-13    5.622631490650273E-13    0.25                     5.0E10                   2700                     5789.799459202173        3342.7422763243244       2502.294445801098
1.50848                  1.3800000000000001       0.7246376811594203       6.453581893616166E-13    5.650814546231562E-13    0.25                     5.0E10                   2700                     5789.799459202173        3342.7422763243244       2502.294445801098
1.50848                  1.4000000000000001       0.7142857142857142       6.396796409302603E-13    5.65176179052132E-13     0.25                     5.0E10                   2700                     5789.799459202173        3342.7422763243244       2502.294445801098
1.50848                  1.4200000000000002       0.704225352112676        6.306840839761643E-13    5.624954405011993E-13    0.25                     5.0E10                   2700                     5789.799459202173        3342.7422763243244       2502.294445801098
1.50848                  1.4400000000000002       0.6944444444444444       6.190701775275275E-13    5.574299512561951E-13    0.25                     5.0E10                   2700                     5789.799459202173        3342.7422763243244       2502.294445801098
1.50848                  1.4600000000000002       0.6849315068493149       6.055900082959182E-13    5.50602302545405E-13     0.25                     5.0E10                   2700                     5789.799459202173        3342.7422763243244       2502.294445801098
1.50848                  1.4800000000000002       0.6756756756756755       5.912991444426718E-13    5.428062868942107E-13    0.25                     5.0E10                   2700                     5789.799459202173        3342.7422763243244       2502.294445801098
1.50848                  1.5000000000000002       0.6666666666666665       5.770999353838476E-13    5.347970244780808E-13    0.25                     5.0E10                   2700                     5789.799459202173        3342.7422763243244       2502.294445801098
1.50848                  1.52                     0.6578947368421053       5.637006363211949E-13    5.271996599081213E-13    0.25                     5.0E10                   2700                     5789.799459202173        3342.7422763243244       2502.294445801098
1.50848                  1.54                     0.6493506493506493       5.515765052852956E-13    5.204614238642156E-13    0.25                     5.0E10                   2700                     5789.799459202173        3342.7422763243244       2502.294445801098
1.50848                  1.56                     0.6410256410256411       5.409791611017919E-13    5.14846393777502E-13     0.25                     5.0E10                   2700                     5789.799459202173        3342.7422763243244       2502.294445801098
1.50848                  1.58                     0.6329113924050632       5.319718089182389E-13    5.104556343967841E-13    0.25                     5.0E10                   2700                     5789.799459202173        3342.7422763243244       2502.294445801098
1.50848                  1.6                      0.625                    5.244732058897477E-13    5.072583402159846E-13    0.25                     5.0E10                   2700                     5789.799459202173        3342.7422763243244       2502.294445801098
1.50848                  1.62                     0.6172839506172839       5.183013839822721E-13    5.051258370390468E-13    0.25                     5.0E10                   2700                     5789.799459202173        3342.7422763243244       2502.294445801098
1.50848                  1.6400000000000001       0.6097560975609756       5.132110670337747E-13    5.038624530354981E-13    0.25                     5.0E10                   2700                     5789.799459202173        3342.7422763243244       2502.294445801098
1.50848                  1.6600000000000001       0.6024096385542168       5.089264432823631E-13    5.032341979748379E-13    0.25                     5.0E10                   2700                     5789.799459202173        3342.7422763243244       2502.294445801098
1.50848                  1.6800000000000002       0.5952380952380951       5.05261801239854E-13     5.030997794667004E-13    0.25                     5.0E10                   2700                     5789.799459202173        3342.7422763243244       2502.294445801098
1.50848                  1.7000000000000002       0.588235294117647        5.017711757415112E-13    5.030110852743794E-13    0.25                     5.0E10                   2700                     5789.799459202173        3342.7422763243244       2502.294445801098
1.50848                  1.7200000000000002       0.5813953488372092       4.983127434496159E-13    5.02849921768196E-13     0.25                     5.0E10                   2700                     5789.799459202173        3342.7422763243244       2502.294445801098
1.50848                  1.7400000000000002       0.5747126436781609       4.947048421237334E-13    5.024385043416897E-13    0.25                     5.0E10                   2700                     5789.799459202173        3342.7422763243244       2502.294445801098
1.50848                  1.7600000000000002       0.5681818181818182       4.908184694837057E-13    5.016456470332101E-13    0.25                     5.0E10                   2700                     5789.799459202173        3342.7422763243244       2502.294445801098
1.50848                  1.78                     0.5617977528089887       4.865788385204527E-13    5.003900398826628E-13    0.25                     5.0E10                   2700                     5789.799459202173        3342.7422763243244       2502.294445801098
1.50848                  1.8                      0.5555555555555556       4.819610581097541E-13    4.98638750419814E-13     0.25                     5.0E10                   2700                     5789.799459202173        3342.7422763243244       2502.294445801098
1.50848                  1.82                     0.5494505494505494       4.769833728790657E-13    4.964018089284259E-13    0.25                     5.0E10                   2700                     5789.799459202173        3342.7422763243244       2502.294445801098
1.50848                  1.84                     0.5434782608695652       4.71697509647212E-13     4.937240393931694E-13    0.25                     5.0E10                   2700                     5789.799459202173        3342.7422763243244       2502.294445801098
1.50848                  1.86                     0.5376344086021505       4.661782655930248E-13    4.906755220799061E-13    0.25                     5.0E10                   2700                     5789.799459202173        3342.7422763243244       2502.294445801098
1.50848                  1.8800000000000001       0.5319148936170213       4.605134737870977E-13    4.87341964605871E-13     0.25                     5.0E10                   2700                     5789.799459202173        3342.7422763243244       2502.294445801098
1.50848                  1.9000000000000001       0.5263157894736842       4.547952681030158E-13    4.838159848910634E-13    0.25                     5.0E10                   2700                     5789.799459202173        3342.7422763243244       2502.294445801098
1.50848                  1.9200000000000002       0.5208333333333333       4.491131742561269E-13    4.801899418802506E-13    0.25                     5.0E10                   2700                     5789.799459202173        3342.7422763243244       2502.294445801098
1.50848                  1.9400000000000002       0.5154639175257731       4.4354918782378966E-13   4.765505867898249E-13    0.25                     5.0E10                   2700                     5789.799459202173        3342.7422763243244       2502.294445801098
1.50848                  1.9600000000000002       0.5102040816326531       4.3817455971864356E-13   4.729754676112271E-13    0.25                     5.0E10                   2700                     5789.799459202173        3342.7422763243244       2502.294445801098
1.50848                  1.9800000000000002       0.505050505050505        4.330489711010989E-13    4.695311493335335E-13    0.25                     5.0E10                   2700                     5789.799459202173        3342.7422763243244       2502.294445801098
1.50848                  2                        0.5                      4.282393029916091E-13    4.662796075769333E-13    0.25                     5.0E10                   2700                     5789.799459202173        3342.7422763243244       2502.294445801098
1.50848                  2.02                     0.4950495049504951       4.237398963040914E-13    4.632487631428085E-13    0.25                     5.0E10                   2700                     5789.799459202173        3342.7422763243244       2502.294445801098
1.50848                  2.04                     0.4901960784313726       4.1959650256198687E-13   4.604787436650096E-13    0.25                     5.0E10                   2700                     5789.799459202173        3342.7422763243244       2502.294445801098
1.50848                  2.06                     0.48543689320388345      4.158246593184244E-13    4.579923332365888E-13    0.25                     5.0E10                   2700                     5789.799459202173        3342.7422763243244       2502.294445801098
1.50848                  2.08                     0.4807692307692307       4.1243218742234543E-13   4.558041288143808E-13    0.25                     5.0E10                   2700                     5789.799459202173        3342.7422763243244       2502.294445801098
1.50848                  2.1                      0.47619047619047616      4.094206277091872E-13    4.539219085947792E-13    0.25                     5.0E10                   2700                     5789.799459202173        3342.7422763243244       2502.294445801098
1.50848                  2.12                     0.4716981132075472       4.0678655417845915E-13   4.523479209052101E-13    0.25                     5.0E10                   2700                     5789.799459202173        3342.7422763243244       2502.294445801098
1.50848                  2.14                     0.46728971962616817      4.0452272273699594E-13   4.5108004011913327E-13   0.25                     5.0E10                   2700                     5789.799459202173        3342.7422763243244       2502.294445801098
1.50848                  2.16                     0.4629629629629629       4.026190411097501E-13    4.501127644882764E-13    0.25                     5.0E10                   2700                     5789.799459202173        3342.7422763243244       2502.294445801098
1.50848                  2.18                     0.4587155963302752       4.0106336287397215E-13   4.494380502950711E-13    0.25                     5.0E10                   2700                     5789.799459202173        3342.7422763243244       2502.294445801098
1.50848                  2.2                      0.4545454545454545       3.998420360650656E-13    4.49045956910004E-13     0.25                     5.0E10                   2700                     5789.799459202173        3342.7422763243244       2502.294445801098
1.50848                  2.22                     0.45045045045045035      3.9894071954574293E-13   4.4892530878735866E-13   0.25                     5.0E10                   2700                     5789.799459202173        3342.7422763243244       2502.294445801098
1.50848                  2.24                     0.44642857142857134      3.983442608204366E-13    4.4906391776522416E-13   0.25                     5.0E10                   2700                     5789.799459202173        3342.7422763243244       2502.294445801098
1.50848                  2.2600000000000002       0.44247787610619466      3.980372806542354E-13    4.494490101129755E-13    0.25                     5.0E10                   2700                     5789.799459202173        3342.7422763243244       2502.294445801098
1.50848                  2.2800000000000002       0.43859649122807015      3.980042748354671E-13    4.5006741332573177E-13   0.25                     5.0E10                   2700                     5789.799459202173        3342.7422763243244       2502.294445801098
1.50848                  2.3000000000000003       0.43478260869565216      3.982297306267581E-13    4.5090570314434114E-13   0.25                     5.0E10                   2700                     5789.799459202173        3342.7422763243244       2502.294445801098
1.50848                  2.3200000000000003       0.4310344827586206       3.9869819392756996E-13   4.5195029621124257E-13   0.25                     5.0E10                   2700                     5789.799459202173        3342.7422763243244       2502.294445801098
1.50848                  2.3400000000000003       0.4273504273504273       3.993943002474518E-13    4.531875019552741E-13    0.25                     5.0E10                   2700                     5789.799459202173        3342.7422763243244       2502.294445801098
1.50848                  2.3600000000000003       0.42372881355932196      4.003027805109382E-13    4.5460354537075835E-13   0.25                     5.0E10                   2700                     5789.799459202173        3342.7422763243244       2502.294445801098
1.50848                  2.3800000000000003       0.4201680672268907       4.014084507159987E-13    4.561845704729265E-13    0.25                     5.0E10                   2700                     5789.799459202173        3342.7422763243244       2502.294445801098
1.50848                  2.4000000000000004       0.4166666666666666       4.0269619286331097E-13   4.579166325649646E-13    0.25                     5.0E10                   2700                     5789.799459202173        3342.7422763243244       2502.294445801098
1.50848                  2.42                     0.4132231404958677       4.041509329698879E-13    4.597856858742566E-13    0.25                     5.0E10                   2700                     5789.799459202173        3342.7422763243244       2502.294445801098
1.50848                  2.44                     0.4098360655737705       4.0575762080680723E-13   4.617775718105527E-13    0.25                     5.0E10                   2700                     5789.799459202173        3342.7422763243244       2502.294445801098
1.50848                  2.46                     0.4065040650406504       4.07501214843215E-13     4.638780118924109E-13    0.25                     5.0E10                   2700                     5789.799459202173        3342.7422763243244       2502.294445801098
1.50848                  2.48                     0.4032258064516129       4.0936667497539744E-13   4.660726083676743E-13    0.25                     5.0E10                   2700                     5789.799459202173        3342.7422763243244       2502.294445801098
1.50848                  2.5                      0.4                      4.115903611963243E-13    4.685427317256198E-13    0.25                     5.0E10                   2700                     5789.799459202173        3342.7422763243244       2502.294445801098
1.50848                  2.52                     0.3968253968253968       4.136510632474814E-13    4.70878863531071E-13     0.25                     5.0E10                   2700                     5789.799459202173        3342.7422763243244       2502.294445801098
1.50848                  2.54                     0.39370078740157477      4.1578770925050884E-13   4.732645293732268E-13    0.25                     5.0E10                   2700                     5789.799459202173        3342.7422763243244       2502.294445801098
1.50848                  2.56                     0.39062499999999994      4.179852913274337E-13    4.75684971188313E-13     0.25                     5.0E10                   2700                     5789.799459202173        3342.7422763243244       2502.294445801098
1.50848                  2.58                     0.38759689922480617      4.202290756176458E-13    4.781256252648595E-13    0.25                     5.0E10                   2700                     5789.799459202173        3342.7422763243244       2502.294445801098
1.50848                  2.6                      0.3846153846153846       4.225045166280733E-13    4.805720555399164E-13    0.25                     5.0E10                   2700                     5789.799459202173        3342.7422763243244       2502.294445801098
1.50848                  2.62                     0.3816793893129771       4.2479731991519954E-13   4.830100283557792E-13    0.25                     5.0E10                   2700                     5789.799459202173        3342.7422763243244       2502.294445801098
1.50848                  2.64                     0.37878787878787873      4.2709351170169413E-13   4.854255945387227E-13    0.25                     5.0E10                   2700                     5789.799459202173        3342.7422763243244       2502.294445801098
1.50848                  2.66                     0.37593984962406013      4.2937951374028494E-13   4.878051769193918E-13    0.25                     5.0E10                   2700                     5789.799459202173        3342.7422763243244       2502.294445801098
1.50848                  2.68                     0.3731343283582089       4.316422215579631E-13    4.90135661225968E-13     0.25                     5.0E10                   2700                     5789.799459202173        3342.7422763243244       2502.294445801098
1.50848                  2.7                      0.37037037037037035      4.338690840682405E-13    4.924044881162276E-13    0.25                     5.0E10                   2700                     5789.799459202173        3342.7422763243244       2502.294445801098
1.50848                  2.72                     0.3676470588235294       4.3604818253081986E-13   4.945997440943493E-13    0.25                     5.0E10                   2700                     5789.799459202173        3342.7422763243244       2502.294445801098
1.50848                  2.74                     0.36496350364963503      4.381683068249911E-13    4.967102490567636E-13    0.25                     5.0E10                   2700                     5789.799459202173        3342.7422763243244       2502.294445801098
1.50848                  2.7600000000000002       0.36231884057971014      4.402190270400304E-13    4.987256382814806E-13    0.25                     5.0E10                   2700                     5789.799459202173        3342.7422763243244       2502.294445801098
1.50848                  2.7800000000000002       0.35971223021582727      4.4219075859352227E-13   5.006364368431049E-13    0.25                     5.0E10                   2700                     5789.799459202173        3342.7422763243244       2502.294445801098
1.50848                  2.8000000000000003       0.3571428571428571       4.4407481920431224E-13   5.024341246641323E-13    0.25                     5.0E10                   2700                     5789.799459202173        3342.7422763243244       2502.294445801098
1.50848                  2.8200000000000003       0.35460992907801414      4.4586347632479394E-13   5.041111906439783E-13    0.25                     5.0E10                   2700                     5789.799459202173        3342.7422763243244       2502.294445801098
1.50848                  2.8400000000000003       0.352112676056338        4.475499838923353E-13    5.05661174660082E-13     0.25                     5.0E10                   2700                     5789.799459202173        3342.7422763243244       2502.294445801098
1.50848                  2.8600000000000003       0.3496503496503496       4.4912860759054547E-13   5.070786965593212E-13    0.25                     5.0E10                   2700                     5789.799459202173        3342.7422763243244       2502.294445801098
1.50848                  2.8800000000000003       0.3472222222222222       4.5059463811074485E-13   5.083594716269847E-13    0.25                     5.0E10                   2700                     5789.799459202173        3342.7422763243244       2502.294445801098
1.50848                  2.9000000000000004       0.3448275862068965       4.5194439224430945E-13   5.09500312388977E-13     0.25                     5.0E10                   2700                     5789.799459202173        3342.7422763243244       2502.294445801098
1.50848                  2.92                     0.34246575342465757      4.531752309154878E-13    5.104991296328034E-13    0.25                     5.0E10                   2700                     5789.799459202173        3342.7422763243244       2502.294445801098
1.50848                  2.94                     0.3401360544217687       4.5428542754006967E-13   5.113548622798566E-13    0.25                     5.0E10                   2700                     5789.799459202173        3342.7422763243244       2502.294445801098
1.50848                  2.96                     0.33783783783783783      4.552742882292511E-13    5.120675011481056E-13    0.25                     5.0E10                   2700                     5789.799459202173        3342.7422763243244       2502.294445801098
1.50848                  2.98                     0.3355704697986577       4.561420132608027E-13    5.12638006650303E-13     0.25                     5.0E10                   2700                     5789.799459202173        3342.7422763243244       2502.294445801098
1.50848                  3                        0.3333333333333333       4.568896672504625E-13    5.130682588670377E-13    0.25                     5.0E10                   2700                     5789.799459202173        3342.7422763243244       2502.294445801098
1.50848                  3.02                     0.33112582781456956      4.575191198547258E-13    5.133609921890939E-13    0.25                     5.0E10                   2700                     5789.799459202173        3342.7422763243244       2502.294445801098
1.50848                  3.04                     0.32894736842105265      4.580329804609713E-13    5.135197233761195E-13    0.25                     5.0E10                   2700                     5789.799459202173        3342.7422763243244       2502.294445801098
1.50848                  3.06                     0.32679738562091504      4.58434528292356E-13     5.135486746304549E-13    0.25                     5.0E10                   2700                     5789.799459202173        3342.7422763243244       2502.294445801098
1.50848                  3.08                     0.3246753246753247       4.587276393778391E-13    5.134526932977549E-13    0.25                     5.0E10                   2700                     5789.799459202173        3342.7422763243244       2502.294445801098
1.50848                  3.1                      0.32258064516129037      4.589167117787919E-13    5.13237169757347E-13     0.25                     5.0E10                   2700                     5789.799459202173        3342.7422763243244       2502.294445801098
1.50848                  3.12                     0.32051282051282054      4.590065903735454E-13    5.129079549460589E-13    0.25                     5.0E10                   2700                     5789.799459202173        3342.7422763243244       2502.294445801098
1.50848                  3.14                     0.3184713375796178       4.590024924359852E-13    5.124712788697668E-13    0.25                     5.0E10                   2700                     5789.799459202173        3342.7422763243244       2502.294445801098
1.50848                  3.16                     0.3164556962025316       4.589099350643934E-13    5.119336712859345E-13    0.25                     5.0E10                   2700                     5789.799459202173        3342.7422763243244       2502.294445801098
1.50848                  3.18                     0.31446540880503143      4.587346654118912E-13    5.113018855856709E-13    0.25                     5.0E10                   2700                     5789.799459202173        3342.7422763243244       2502.294445801098
1.50848                  3.2                      0.3125                   4.584825944906456E-13    5.105828267411066E-13    0.25                     5.0E10                   2700                     5789.799459202173        3342.7422763243244       2502.294445801098
1.50848                  3.22                     0.31055900621118004      4.581597351985906E-13    5.097834839783888E-13    0.25                     5.0E10                   2700                     5789.799459202173        3342.7422763243244       2502.294445801098
1.50848                  3.24                     0.30864197530864196      4.577721450089889E-13    5.089108687186758E-13    0.25                     5.0E10                   2700                     5789.799459202173        3342.7422763243244       2502.294445801098
1.50848                  3.2600000000000002       0.3067484662576687       4.573258736900426E-13    5.079719581115406E-13    0.25                     5.0E10                   2700                     5789.799459202173        3342.7422763243244       2502.294445801098
1.50848                  3.2800000000000002       0.3048780487804878       4.568269162342055E-13    5.069736443783079E-13    0.25                     5.0E10                   2700                     5789.799459202173        3342.7422763243244       2502.294445801098
1.50848                  3.3000000000000003       0.30303030303030304      4.5628117107357E-13      5.059226900379579E-13    0.25                     5.0E10                   2700                     5789.799459202173        3342.7422763243244       2502.294445801098
1.50848                  3.3200000000000003       0.3012048192771084       4.556944035539685E-13    5.048256889447069E-13    0.25                     5.0E10                   2700                     5789.799459202173        3342.7422763243244       2502.294445801098
1.50848                  3.3400000000000003       0.29940119760479045      4.550713184683863E-13    5.036916868506435E-13    0.25                     5.0E10                   2700                     5789.799459202173        3342.7422763243244       2502.294445801098
1.50848                  3.3600000000000003       0.29761904761904756      4.5441853199522234E-13   5.02520399808187E-13     0.25                     5.0E10                   2700                     5789.799459202173        3342.7422763243244       2502.294445801098
1.50848                  3.3800000000000003       0.29585798816568043      4.5374091328053393E-13   5.013215103242579E-13    0.25                     5.0E10                   2700                     5789.799459202173        3342.7422763243244       2502.294445801098
1.50848                  3.4000000000000004       0.2941176470588235       4.5304343505886685E-13   5.001006649664467E-13    0.25                     5.0E10                   2700                     5789.799459202173        3342.7422763243244       2502.294445801098
1.50848                  3.4200000000000004       0.29239766081871343      4.5233082664982513E-13   4.98863226508743E-13     0.25                     5.0E10                   2700                     5789.799459202173        3342.7422763243244       2502.294445801098
1.50848                  3.44                     0.29069767441860467      4.516075643152746E-13    4.976142645186647E-13    0.25                     5.0E10                   2700                     5789.799459202173        3342.7422763243244       2502.294445801098
1.50848                  3.46                     0.2890173410404624       4.5087786494435907E-13   4.963585496235084E-13    0.25                     5.0E10                   2700                     5789.799459202173        3342.7422763243244       2502.294445801098
1.50848                  3.48                     0.28735632183908044      4.501456828058101E-13    4.951005510404848E-13    0.25                     5.0E10                   2700                     5789.799459202173        3342.7422763243244       2502.294445801098
1.50848                  3.5                      0.2857142857142857       4.494147088815936E-13    4.938444369644848E-13    0.25                     5.0E10                   2700                     5789.799459202173        3342.7422763243244       2502.294445801098
1.50848                  3.52                     0.2840909090909091       4.4868848604722307E-13   4.925941643535456E-13    0.25                     5.0E10                   2700                     5789.799459202173        3342.7422763243244       2502.294445801098
1.50848                  3.54                     0.2824858757062147       4.479699611354849E-13    4.91353137156006E-13     0.25                     5.0E10                   2700                     5789.799459202173        3342.7422763243244       2502.294445801098
1.50848                  3.56                     0.28089887640449435      4.4726216418597654E-13   4.90124732152016E-13     0.25                     5.0E10                   2700                     5789.799459202173        3342.7422763243244       2502.294445801098
1.50848                  3.58                     0.2793296089385475       4.465677682034021E-13    4.889119618933613E-13    0.25                     5.0E10                   2700                     5789.799459202173        3342.7422763243244       2502.294445801098
1.50848                  3.6                      0.2777777777777778       4.4588920820144516E-13   4.877175703392007E-13    0.25                     5.0E10                   2700                     5789.799459202173        3342.7422763243244       2502.294445801098
1.50848                  3.62                     0.27624309392265195      4.4522868997216746E-13   4.865440432611822E-13    0.25                     5.0E10                   2700                     5789.799459202173        3342.7422763243244       2502.294445801098
1.50848                  3.64                     0.2747252747252747       4.4458819954791974E-13   4.853936193341726E-13    0.25                     5.0E10                   2700                     5789.799459202173        3342.7422763243244       2502.294445801098
1.50848                  3.66                     0.27322404371584696      4.4396951316283824E-13   4.84268301741223E-13     0.25                     5.0E10                   2700                     5789.799459202173        3342.7422763243244       2502.294445801098
1.50848                  3.68                     0.2717391304347826       4.4337420755350655E-13   4.831698700899652E-13    0.25                     5.0E10                   2700                     5789.799459202173        3342.7422763243244       2502.294445801098
1.50848                  3.7                      0.2702702702702703       4.428036704474355E-13    4.820998924768452E-13    0.25                     5.0E10                   2700                     5789.799459202173        3342.7422763243244       2502.294445801098
1.50848                  3.72                     0.26881720430107525      4.422591111278192E-13    4.810597375957398E-13    0.25                     5.0E10                   2700                     5789.799459202173        3342.7422763243244       2502.294445801098
1.50848                  3.74                     0.267379679144385        4.4174157095740643E-13   4.800505867593912E-13    0.25                     5.0E10                   2700                     5789.799459202173        3342.7422763243244       2502.294445801098
1.50848                  3.7600000000000002       0.26595744680851063      4.4125193377845224E-13   4.790734457230454E-13    0.25                     5.0E10                   2700                     5789.799459202173        3342.7422763243244       2502.294445801098
1.50848                  3.7800000000000002       0.26455026455026454      4.4079093611583933E-13   4.781291562683022E-13    0.25                     5.0E10                   2700                     5789.799459202173        3342.7422763243244       2502.294445801098
1.50848                  3.8000000000000003       0.2631578947368421       4.4035917711608844E-13   4.772184074535286E-13    0.25                     5.0E10                   2700                     5789.799459202173        3342.7422763243244       2502.294445801098
1.50848                  3.8200000000000003       0.26178010471204183      4.3995712819761805E-13   4.763417465006895E-13    0.25                     5.0E10                   2700                     5789.799459202173        3342.7422763243244       2502.294445801098
1.50848                  3.8400000000000003       0.26041666666666663      4.3958514234277E-13      4.754995892688803E-13    0.25                     5.0E10                   2700                     5789.799459202173        3342.7422763243244       2502.294445801098
1.50848                  3.8600000000000003       0.25906735751295334      4.392434630227605E-13    4.746922302865402E-13    0.25                     5.0E10                   2700                     5789.799459202173        3342.7422763243244       2502.294445801098
1.50848                  3.8800000000000003       0.25773195876288657      4.3893223274350237E-13   4.739198523392531E-13    0.25                     5.0E10                   2700                     5789.799459202173        3342.7422763243244       2502.294445801098
1.50848                  3.9000000000000004       0.2564102564102564       4.386515011840338E-13    4.731825355831169E-13    0.25                     5.0E10                   2700                     5789.799459202173        3342.7422763243244       2502.294445801098
1.50848                  3.9200000000000004       0.25510204081632654      4.3840123292707147E-13   4.724802661867265E-13    0.25                     5.0E10                   2700                     5789.799459202173        3342.7422763243244       2502.294445801098
1.50848                  3.94                     0.25380710659898476      4.381813147812162E-13    4.718129445050592E-13    0.25                     5.0E10                   2700                     5789.799459202173        3342.7422763243244       2502.294445801098
1.50848                  3.96                     0.2525252525252525       4.379915627032713E-13    4.711803927868672E-13    0.25                     5.0E10                   2700                     5789.799459202173        3342.7422763243244       2502.294445801098
1.50848                  3.98                     0.25125628140703515      4.378317283045898E-13    4.705823624162861E-13    0.25                     5.0E10                   2700                     5789.799459202173        3342.7422763243244       2502.294445801098
1.50848                  4                        0.25                     4.377015049891453E-13    4.700185407223956E-13    0.25                     5.0E10                   2700                     5789.799459202173        3342.7422763243244       2502.294445801098
1.50848                  4.02                     0.24875621890547264      4.3760053369265115E-13   4.694885573477488E-13    0.25                     5.0E10                   2700                     5789.799459202173        3342.7422763243244       2502.294445801098
1.50848                  4.04                     0.24752475247524755      4.375284082578213E-13    4.689919901946631E-13    0.25                     5.0E10                   2700                     5789.799459202173        3342.7422763243244       2502.294445801098
1.50848                  4.06                     0.24630541871921185      4.374846804616062E-13    4.68528370985514E-13     0.25                     5.0E10                   2700                     5789.799459202173        3342.7422763243244       2502.294445801098
1.50848                  4.08                     0.2450980392156863       4.374688647009777E-13    4.680971904222099E-13    0.25                     5.0E10                   2700                     5789.799459202173        3342.7422763243244       2502.294445801098
1.50848                  4.1                      0.24390243902439027      4.374804423479112E-13    4.676979029935789E-13    0.25                     5.0E10                   2700                     5789.799459202173        3342.7422763243244       2502.294445801098
1.50848                  4.12                     0.24271844660194172      4.3751886580885315E-13   4.673299314353406E-13    0.25                     5.0E10                   2700                     5789.799459202173        3342.7422763243244       2502.294445801098
1.50848                  4.14                     0.2415458937198068       4.3758356228029795E-13   4.669926708539425E-13    0.25                     5.0E10                   2700                     5789.799459202173        3342.7422763243244       2502.294445801098
1.50848                  4.16                     0.24038461538461536      4.3767393723541766E-13   4.666854925441927E-13    0.25                     5.0E10                   2700                     5789.799459202173        3342.7422763243244       2502.294445801098
1.50848                  4.18                     0.2392344497607656       4.37789377643218E-13     4.664077475214162E-13    0.25                     5.0E10                   2700                     5789.799459202173        3342.7422763243244       2502.294445801098
1.50848                  4.199999999999999        0.23809523809523814      4.379292549479003E-13    4.661587697615E-13       0.25                     5.0E10                   2700                     5789.799459202173        3342.7422763243244       2502.294445801098
1.50848                  4.22                     0.23696682464454977      4.3809292781137397E-13   4.65937879206506E-13     0.25                     5.0E10                   2700                     5789.799459202173        3342.7422763243244       2502.294445801098
1.50848                  4.239999999999999        0.23584905660377362      4.3827974464317203E-13   4.657443845010198E-13    0.25                     5.0E10                   2700                     5789.799459202173        3342.7422763243244       2502.294445801098
1.50848                  4.26                     0.2347417840375587       4.3848904592350277E-13   4.655775855338948E-13    0.25                     5.0E10                   2700                     5789.799459202173        3342.7422763243244       2502.294445801098
1.50848                  4.279999999999999        0.23364485981308417      4.38720166331057E-13     4.654367757278218E-13    0.25                     5.0E10                   2700                     5789.799459202173        3342.7422763243244       2502.294445801098
1.50848                  4.3                      0.23255813953488372      4.389724367086915E-13    4.653212441831134E-13    0.25                     5.0E10                   2700                     5789.799459202173        3342.7422763243244       2502.294445801098
1.50848                  4.319999999999999        0.23148148148148148      4.3924518584418406E-13   4.652302775806317E-13    0.25                     5.0E10                   2700                     5789.799459202173        3342.7422763243244       2502.294445801098
1.50848                  4.34                     0.2304147465437788       4.3953774210535625E-13   4.651631619603946E-13    0.25                     5.0E10                   2700                     5789.799459202173        3342.7422763243244       2502.294445801098
1.50848                  4.359999999999999        0.22935779816513763      4.3984943493473946E-13   4.651191843234489E-13    0.25                     5.0E10                   2700                     5789.799459202173        3342.7422763243244       2502.294445801098
1.50848                  4.38                     0.228310502283105        4.401798382218966E-13    4.650978260021701E-13    0.25                     5.0E10                   2700                     5789.799459202173        3342.7422763243244       2502.294445801098
1.50848                  4.3999999999999995       0.22727272727272732      4.4052780711339717E-13   4.650979998771652E-13    0.25                     5.0E10                   2700                     5789.799459202173        3342.7422763243244       2502.294445801098
1.50848                  4.42                     0.22624434389140272      4.4089292026240253E-13   4.651191923311461E-13    0.25                     5.0E10                   2700                     5789.799459202173        3342.7422763243244       2502.294445801098
1.50848                  4.4399999999999995       0.22522522522522526      4.4127452374534294E-13   4.651607074036261E-13    0.25                     5.0E10                   2700                     5789.799459202173        3342.7422763243244       2502.294445801098
1.50848                  4.46                     0.2242152466367713       4.4167197032626314E-13   4.652218560849957E-13    0.25                     5.0E10                   2700                     5789.799459202173        3342.7422763243244       2502.294445801098
1.50848                  4.4799999999999995       0.2232142857142857       4.4208462026579495E-13   4.653019571842357E-13    0.25                     5.0E10                   2700                     5789.799459202173        3342.7422763243244       2502.294445801098
1.50848                  4.5                      0.22222222222222224      4.425118420617186E-13    4.65400338090541E-13     0.25                     5.0E10                   2700                     5789.799459202173        3342.7422763243244       2502.294445801098
1.50848                  4.52                     0.22123893805309736      4.429530130823064E-13    4.655163354594334E-13    0.25                     5.0E10                   2700                     5789.799459202173        3342.7422763243244       2502.294445801098
1.50848                  4.54                     0.22026431718061676      4.434075201570503E-13    4.656492958180282E-13    0.25                     5.0E10                   2700                     5789.799459202173        3342.7422763243244       2502.294445801098
1.50848                  4.56                     0.21929824561403513      4.4387476007044617E-13   4.657985760940859E-13    0.25                     5.0E10                   2700                     5789.799459202173        3342.7422763243244       2502.294445801098
1.50848                  4.58                     0.21834061135371177      4.4435414002351755E-13   4.659635440785239E-13    0.25                     5.0E10                   2700                     5789.799459202173        3342.7422763243244       2502.294445801098
1.50848                  4.6                      0.2173913043478261       4.4484507800565436E-13   4.66143578821251E-13     0.25                     5.0E10                   2700                     5789.799459202173        3342.7422763243244       2502.294445801098
1.50848                  4.62                     0.21645021645021645      4.4534700313674593E-13   4.663380709884426E-13    0.25                     5.0E10                   2700                     5789.799459202173        3342.7422763243244       2502.294445801098
1.50848                  4.64                     0.21551724137931036      4.458593559501169E-13    4.665464231377774E-13    0.25                     5.0E10                   2700                     5789.799459202173        3342.7422763243244       2502.294445801098
1.50848                  4.66                     0.2145922746781116       4.4638158863305414E-13   4.667680499721501E-13    0.25                     5.0E10                   2700                     5789.799459202173        3342.7422763243244       2502.294445801098
1.50848                  4.68                     0.21367521367521367      4.469131652112975E-13    4.670023785203345E-13    0.25                     5.0E10                   2700                     5789.799459202173        3342.7422763243244       2502.294445801098
1.50848                  4.7                      0.2127659574468085       4.474535617275249E-13    4.672488483208004E-13    0.25                     5.0E10                   2700                     5789.799459202173        3342.7422763243244       2502.294445801098
1.50848                  4.72                     0.211864406779661        4.480022663463017E-13    4.675069115154945E-13    0.25                     5.0E10                   2700                     5789.799459202173        3342.7422763243244       2502.294445801098
1.50848                  4.739999999999999        0.21097046413502113      4.4855877945975413E-13   4.67776032955816E-13     0.25                     5.0E10                   2700                     5789.799459202173        3342.7422763243244       2502.294445801098
1.50848                  4.76                     0.21008403361344538      4.491226137283092E-13    4.680556902339587E-13    0.25                     5.0E10                   2700                     5789.799459202173        3342.7422763243244       2502.294445801098
1.50848                  4.779999999999999        0.20920502092050208      4.4969329412654904E-13   4.683453737253136E-13    0.25                     5.0E10                   2700                     5789.799459202173        3342.7422763243244       2502.294445801098
1.50848                  4.8                      0.20833333333333334      4.5027035795238305E-13   4.686445865869811E-13    0.25                     5.0E10                   2700                     5789.799459202173        3342.7422763243244       2502.294445801098
1.50848                  4.819999999999999        0.2074688796680498       4.508533547975046E-13    4.689528447198872E-13    0.25                     5.0E10                   2700                     5789.799459202173        3342.7422763243244       2502.294445801098
1.50848                  4.84                     0.20661157024793386      4.5144184652249277E-13   4.692696767337227E-13    0.25                     5.0E10                   2700                     5789.799459202173        3342.7422763243244       2502.294445801098
1.50848                  4.859999999999999        0.20576131687242802      4.520354071940202E-13    4.695946238736434E-13    0.25                     5.0E10                   2700                     5789.799459202173        3342.7422763243244       2502.294445801098
1.50848                  4.88                     0.20491803278688525      4.526336230162146E-13    4.699272399393267E-13    0.25                     5.0E10                   2700                     5789.799459202173        3342.7422763243244       2502.294445801098
1.50848                  4.8999999999999995       0.20408163265306126      4.532360922357711E-13    4.702670911855525E-13    0.25                     5.0E10                   2700                     5789.799459202173        3342.7422763243244       2502.294445801098
1.50848                  4.92                     0.2032520325203252       4.5384242503100483E-13   4.706137561935714E-13    0.25                     5.0E10                   2700                     5789.799459202173        3342.7422763243244       2502.294445801098
1.50848                  4.9399999999999995       0.20242914979757085      4.5445224340553247E-13   4.709668257654997E-13    0.25                     5.0E10                   2700                     5789.799459202173        3342.7422763243244       2502.294445801098
1.50848                  4.96                     0.20161290322580644      4.550651810536269E-13    4.713259027566907E-13    0.25                     5.0E10                   2700                     5789.799459202173        3342.7422763243244       2502.294445801098
1.50848                  4.9799999999999995       0.20080321285140565      4.556808832244495E-13    4.716906019480234E-13    0.25                     5.0E10                   2700                     5789.799459202173        3342.7422763243244       2502.294445801098
1.50848                  5                        0.2                      4.563874633763268E-13    4.721741660186514E-13    0.25                     5.0E10                   2700                     5789.799459202173        3342.7422763243244       2502.294445801098
1.50848                  5.02                     0.19920318725099603      4.570077321535044E-13    4.725490517974748E-13    0.25                     5.0E10                   2700                     5789.799459202173        3342.7422763243244       2502.294445801098
1.50848                  5.04                     0.1984126984126984       4.576297163206548E-13    4.729284135627362E-13    0.25                     5.0E10                   2700                     5789.799459202173        3342.7422763243244       2502.294445801098
1.50848                  5.06                     0.19762845849802374      4.582531078611435E-13    4.733119147472564E-13    0.25                     5.0E10                   2700                     5789.799459202173        3342.7422763243244       2502.294445801098
1.50848                  5.08                     0.19685039370078738      4.588776094111298E-13    4.736992297186941E-13    0.25                     5.0E10                   2700                     5789.799459202173        3342.7422763243244       2502.294445801098
1.50848                  5.1                      0.19607843137254904      4.595029340754991E-13    4.740900435979813E-13    0.25                     5.0E10                   2700                     5789.799459202173        3342.7422763243244       2502.294445801098
1.50848                  5.12                     0.19531249999999997      4.601288052465654E-13    4.744840520539736E-13    0.25                     5.0E10                   2700                     5789.799459202173        3342.7422763243244       2502.294445801098
1.50848                  5.14                     0.1945525291828794       4.607549564130126E-13    4.748809611153201E-13    0.25                     5.0E10                   2700                     5789.799459202173        3342.7422763243244       2502.294445801098
1.50848                  5.16                     0.19379844961240308      4.613811309462192E-13    4.752804869543409E-13    0.25                     5.0E10                   2700                     5789.799459202173        3342.7422763243244       2502.294445801098
1.50848                  5.18                     0.19305019305019305      4.620070819397973E-13    4.756823556942157E-13    0.25                     5.0E10                   2700                     5789.799459202173        3342.7422763243244       2502.294445801098
1.50848                  5.2                      0.1923076923076923       4.626325719599229E-13    4.760863031999197E-13    0.25                     5.0E10                   2700                     5789.799459202173        3342.7422763243244       2502.294445801098
1.50848                  5.22                     0.19157088122605365      4.632573728899174E-13    4.764920748609422E-13    0.25                     5.0E10                   2700                     5789.799459202173        3342.7422763243244       2502.294445801098
1.50848                  5.239999999999999        0.19083969465648856      4.638812657055792E-13    4.76899425395602E-13     0.25                     5.0E10                   2700                     5789.799459202173        3342.7422763243244       2502.294445801098
1.50848                  5.26                     0.19011406844106465      4.645040402635316E-13    4.773081186387318E-13    0.25                     5.0E10                   2700                     5789.799459202173        3342.7422763243244       2502.294445801098
1.50848                  5.279999999999999        0.18939393939393942      4.651254951159585E-13    4.777179273176878E-13    0.25                     5.0E10                   2700                     5789.799459202173        3342.7422763243244       2502.294445801098
1.50848                  5.3                      0.18867924528301888      4.65745437295753E-13     4.781286328705141E-13    0.25                     5.0E10                   2700                     5789.799459202173        3342.7422763243244       2502.294445801098
1.50848                  5.319999999999999        0.1879699248120301       4.663636821142012E-13    4.785400252081081E-13    0.25                     5.0E10                   2700                     5789.799459202173        3342.7422763243244       2502.294445801098
1.50848                  5.34                     0.18726591760299627      4.669800529578444E-13    4.789519025320701E-13    0.25                     5.0E10                   2700                     5789.799459202173        3342.7422763243244       2502.294445801098
1.50848                  5.359999999999999        0.1865671641791045       4.675943810797188E-13    4.793640711074817E-13    0.25                     5.0E10                   2700                     5789.799459202173        3342.7422763243244       2502.294445801098
1.50848                  5.38                     0.1858736059479554       4.682065054165783E-13    4.797763450727776E-13    0.25                     5.0E10                   2700                     5789.799459202173        3342.7422763243244       2502.294445801098
1.50848                  5.3999999999999995       0.1851851851851852       4.688162723584275E-13    4.80188546225574E-13     0.25                     5.0E10                   2700                     5789.799459202173        3342.7422763243244       2502.294445801098
1.50848                  5.42                     0.18450184501845018      4.69423535579048E-13     4.806005038297805E-13    0.25                     5.0E10                   2700                     5789.799459202173        3342.7422763243244       2502.294445801098
1.50848                  5.4399999999999995       0.18382352941176472      4.700281558269106E-13    4.810120544087412E-13    0.25                     5.0E10                   2700                     5789.799459202173        3342.7422763243244       2502.294445801098
1.50848                  5.46                     0.18315018315018314      4.706300007205305E-13    4.814230415539204E-13    0.25                     5.0E10                   2700                     5789.799459202173        3342.7422763243244       2502.294445801098
1.50848                  5.4799999999999995       0.18248175182481755      4.712289445694438E-13    4.818333157189676E-13    0.25                     5.0E10                   2700                     5789.799459202173        3342.7422763243244       2502.294445801098
1.50848                  5.5                      0.18181818181818182      4.718248681859225E-13    4.82242734043036E-13     0.25                     5.0E10                   2700                     5789.799459202173        3342.7422763243244       2502.294445801098
1.50848                  5.52                     0.1811594202898551       4.724176586762852E-13    4.826511601445877E-13    0.25                     5.0E10                   2700                     5789.799459202173        3342.7422763243244       2502.294445801098
1.50848                  5.54                     0.18050541516245486      4.730072092781255E-13    4.830584639466245E-13    0.25                     5.0E10                   2700                     5789.799459202173        3342.7422763243244       2502.294445801098
1.50848                  5.56                     0.1798561151079137       4.735934191644316E-13    4.834645214841037E-13    0.25                     5.0E10                   2700                     5789.799459202173        3342.7422763243244       2502.294445801098
1.50848                  5.58                     0.17921146953405018      4.741761932622203E-13    4.83869214723315E-13     0.25                     5.0E10                   2700                     5789.799459202173        3342.7422763243244       2502.294445801098
1.50848                  5.6                      0.17857142857142858      4.747554420853362E-13    4.842724313872512E-13    0.25                     5.0E10                   2700                     5789.799459202173        3342.7422763243244       2502.294445801098
1.50848                  5.62                     0.17793594306049823      4.753310815476049E-13    4.84674064779684E-13     0.25                     5.0E10                   2700                     5789.799459202173        3342.7422763243244       2502.294445801098
1.50848                  5.64                     0.1773049645390071       4.759030327999885E-13    4.850740136031739E-13    0.25                     5.0E10                   2700                     5789.799459202173        3342.7422763243244       2502.294445801098
1.50848                  5.66                     0.17667844522968196      4.764712220531955E-13    4.854721818048304E-13    0.25                     5.0E10                   2700                     5789.799459202173        3342.7422763243244       2502.294445801098
1.50848                  5.68                     0.17605633802816903      4.770355804256514E-13    4.858684783958598E-13    0.25                     5.0E10                   2700                     5789.799459202173        3342.7422763243244       2502.294445801098
1.50848                  5.7                      0.17543859649122806      4.775960437707507E-13    4.862628173036828E-13    0.25                     5.0E10                   2700                     5789.799459202173        3342.7422763243244       2502.294445801098
1.50848                  5.72                     0.17482517482517484      4.781525525086548E-13    4.866551171923594E-13    0.25                     5.0E10                   2700                     5789.799459202173        3342.7422763243244       2502.294445801098
1.50848                  5.739999999999999        0.17421602787456447      4.787050514948614E-13    4.87045301328744E-13     0.25                     5.0E10                   2700                     5789.799459202173        3342.7422763243244       2502.294445801098
1.50848                  5.76                     0.1736111111111111       4.792534898404941E-13    4.874332974085358E-13    0.25                     5.0E10                   2700                     5789.799459202173        3342.7422763243244       2502.294445801098
1.50848                  5.779999999999999        0.17301038062283738      4.797978207973793E-13    4.8781903743143E-13      0.25                     5.0E10                   2700                     5789.799459202173        3342.7422763243244       2502.294445801098
1.50848                  5.8                      0.1724137931034483       4.803380015708847E-13    4.882024575230637E-13    0.25                     5.0E10                   2700                     5789.799459202173        3342.7422763243244       2502.294445801098
1.50848                  5.819999999999999        0.17182130584192443      4.808739931992507E-13    4.88583497819754E-13     0.25                     5.0E10                   2700                     5789.799459202173        3342.7422763243244       2502.294445801098
1.50848                  5.84                     0.17123287671232879      4.814062556777565E-13    4.889625353437965E-13    0.25                     5.0E10                   2700                     5789.799459202173        3342.7422763243244       2502.294445801098
1.50848                  5.859999999999999        0.17064846416382254      4.819337737404071E-13    4.89338657638626E-13     0.25                     5.0E10                   2700                     5789.799459202173        3342.7422763243244       2502.294445801098
1.50848                  5.88                     0.17006802721088435      4.824570074835441E-13    4.897122432470951E-13    0.25                     5.0E10                   2700                     5789.799459202173        3342.7422763243244       2502.294445801098
1.50848                  5.8999999999999995       0.16949152542372883      4.829759318987445E-13    4.900832469356777E-13    0.25                     5.0E10                   2700                     5789.799459202173        3342.7422763243244       2502.294445801098
1.50848                  5.92                     0.16891891891891891      4.834905251525424E-13    4.904516268130696E-13    0.25                     5.0E10                   2700                     5789.799459202173        3342.7422763243244       2502.294445801098
1.50848                  5.9399999999999995       0.16835016835016836      4.840007684465801E-13    4.908173441952873E-13    0.25                     5.0E10                   2700                     5789.799459202173        3342.7422763243244       2502.294445801098
1.50848                  5.96                     0.16778523489932884      4.845066458952969E-13    4.911803634880508E-13    0.25                     5.0E10                   2700                     5789.799459202173        3342.7422763243244       2502.294445801098
1.50848                  5.9799999999999995       0.16722408026755856      4.850081444300005E-13    4.915406520735179E-13    0.25                     5.0E10                   2700                     5789.799459202173        3342.7422763243244       2502.294445801098
1.50848                  6                        0.16666666666666666      4.855052536568308E-13    4.91898180192168E-13     0.25                     5.0E10                   2700                     5789.799459202173        3342.7422763243244       2502.294445801098
1.50848                  6.02                     0.16611295681063123      4.859979657664791E-13    4.922529208329318E-13    0.25                     5.0E10                   2700                     5789.799459202173        3342.7422763243244       2502.294445801098
1.50848                  6.04                     0.16556291390728478      4.864862754217194E-13    4.926048496300514E-13    0.25                     5.0E10                   2700                     5789.799459202173        3342.7422763243244       2502.294445801098
1.50848                  6.06                     0.16501650165016504      4.869701796438916E-13    4.929539447514381E-13    0.25                     5.0E10                   2700                     5789.799459202173        3342.7422763243244       2502.294445801098
1.50848                  6.08                     0.16447368421052633      4.874496777186959E-13    4.933001867972193E-13    0.25                     5.0E10                   2700                     5789.799459202173        3342.7422763243244       2502.294445801098
1.50848                  6.1                      0.16393442622950818      4.879247711043049E-13    4.936435587130149E-13    0.25                     5.0E10                   2700                     5789.799459202173        3342.7422763243244       2502.294445801098
1.50848                  6.12                     0.16339869281045752      4.883954633133291E-13    4.939840456723215E-13    0.25                     5.0E10                   2700                     5789.799459202173        3342.7422763243244       2502.294445801098
1.50848                  6.14                     0.16286644951140067      4.888617598349792E-13    4.943216350032125E-13    0.25                     5.0E10                   2700                     5789.799459202173        3342.7422763243244       2502.294445801098
1.50848                  6.16                     0.16233766233766234      4.893236680538272E-13    4.946563160883E-13       0.25                     5.0E10                   2700                     5789.799459202173        3342.7422763243244       2502.294445801098
1.50848                  6.18                     0.16181229773462782      4.897811971417785E-13    4.949880802762453E-13    0.25                     5.0E10                   2700                     5789.799459202173        3342.7422763243244       2502.294445801098
1.50848                  6.2                      0.16129032258064518      4.902343579753568E-13    4.953169208002396E-13    0.25                     5.0E10                   2700                     5789.799459202173        3342.7422763243244       2502.294445801098
1.50848                  6.22                     0.16077170418006428      4.90683163077917E-13     4.95642832698131E-13     0.25                     5.0E10                   2700                     5789.799459202173        3342.7422763243244       2502.294445801098
1.50848                  6.24                     0.16025641025641027      4.911276264972128E-13    4.959658127193979E-13    0.25                     5.0E10                   2700                     5789.799459202173        3342.7422763243244       2502.294445801098
1.50848                  6.26                     0.1597444089456869       4.9156776377239E-13      4.962858592643496E-13    0.25                     5.0E10                   2700                     5789.799459202173        3342.7422763243244       2502.294445801098
1.50848                  6.279999999999999        0.15923566878980894      4.920035918339559E-13    4.966029723022952E-13    0.25                     5.0E10                   2700                     5789.799459202173        3342.7422763243244       2502.294445801098
1.50848                  6.3                      0.15873015873015872      4.924351289324403E-13    4.969171532929977E-13    0.25                     5.0E10                   2700                     5789.799459202173        3342.7422763243244       2502.294445801098
1.50848                  6.319999999999999        0.15822784810126583      4.928623945697984E-13    4.972284051240354E-13    0.25                     5.0E10                   2700                     5789.799459202173        3342.7422763243244       2502.294445801098
1.50848                  6.34                     0.1577287066246057       4.932854094511375E-13    4.975367320469082E-13    0.25                     5.0E10                   2700                     5789.799459202173        3342.7422763243244       2502.294445801098
1.50848                  6.359999999999999        0.15723270440251574      4.937041953816192E-13    4.978421395927382E-13    0.25                     5.0E10                   2700                     5789.799459202173        3342.7422763243244       2502.294445801098
1.50848                  6.38                     0.15673981191222572      4.941187752358341E-13    4.981446345301331E-13    0.25                     5.0E10                   2700                     5789.799459202173        3342.7422763243244       2502.294445801098
1.50848                  6.3999999999999995       0.15625                  4.945291728861739E-13    4.98444224794276E-13     0.25                     5.0E10                   2700                     5789.799459202173        3342.7422763243244       2502.294445801098
1.50848                  6.42                     0.1557632398753894       4.94935413145271E-13     4.987409194281442E-13    0.25                     5.0E10                   2700                     5789.799459202173        3342.7422763243244       2502.294445801098
1.50848                  6.4399999999999995       0.15527950310559008      4.953375216962308E-13    4.990347285210602E-13    0.25                     5.0E10                   2700                     5789.799459202173        3342.7422763243244       2502.294445801098
1.50848                  6.46                     0.15479876160990713      4.957355250629381E-13    4.993256631648233E-13    0.25                     5.0E10                   2700                     5789.799459202173        3342.7422763243244       2502.294445801098
1.50848                  6.4799999999999995       0.154320987654321        4.961294505372665E-13    4.996137353892444E-13    0.25                     5.0E10                   2700                     5789.799459202173        3342.7422763243244       2502.294445801098
1.50848                  6.5                      0.15384615384615383      4.965193261313523E-13    4.998989581144009E-13    0.25                     5.0E10                   2700                     5789.799459202173        3342.7422763243244       2502.294445801098
1.50848                  6.52                     0.15337423312883436      4.969051805436972E-13    5.001813451100599E-13    0.25                     5.0E10                   2700                     5789.799459202173        3342.7422763243244       2502.294445801098
1.50848                  6.54                     0.15290519877675843      4.972870430799947E-13    5.004609109241681E-13    0.25                     5.0E10                   2700                     5789.799459202173        3342.7422763243244       2502.294445801098
1.50848                  6.56                     0.15243902439024393      4.976649436545543E-13    5.007376708712134E-13    0.25                     5.0E10                   2700                     5789.799459202173        3342.7422763243244       2502.294445801098
1.50848                  6.58                     0.1519756838905775       4.9803891270348E-13      5.010116409557265E-13    0.25                     5.0E10                   2700                     5789.799459202173        3342.7422763243244       2502.294445801098
1.50848                  6.6                      0.15151515151515152      4.984089811597032E-13    5.012828378466586E-13    0.25                     5.0E10                   2700                     5789.799459202173        3342.7422763243244       2502.294445801098
1.50848                  6.62                     0.1510574018126888       4.987751804159707E-13    5.015512788337227E-13    0.25                     5.0E10                   2700                     5789.799459202173        3342.7422763243244       2502.294445801098
1.50848                  6.64                     0.1506024096385542       4.9913754229148E-13      5.018169817896215E-13    0.25                     5.0E10                   2700                     5789.799459202173        3342.7422763243244       2502.294445801098
1.50848                  6.66                     0.15015015015015015      4.994960989746533E-13    5.020799651249121E-13    0.25                     5.0E10                   2700                     5789.799459202173        3342.7422763243244       2502.294445801098
1.50848                  6.68                     0.14970059880239522      4.998508830013176E-13    5.023402477556917E-13    0.25                     5.0E10                   2700                     5789.799459202173        3342.7422763243244       2502.294445801098
1.50848                  6.7                      0.1492537313432836       5.002019272248499E-13    5.025978490736723E-13    0.25                     5.0E10                   2700                     5789.799459202173        3342.7422763243244       2502.294445801098
1.50848                  6.72                     0.1488095238095238       5.0054926477155E-13      5.028527889033017E-13    0.25                     5.0E10                   2700                     5789.799459202173        3342.7422763243244       2502.294445801098
1.50848                  6.74                     0.14836795252225518      5.00892929013669E-13     5.031050874741468E-13    0.25                     5.0E10                   2700                     5789.799459202173        3342.7422763243244       2502.294445801098
1.50848                  6.76                     0.14792899408284024      5.012329535482694E-13    5.033547653934487E-13    0.25                     5.0E10                   2700                     5789.799459202173        3342.7422763243244       2502.294445801098
1.50848                  6.779999999999999        0.14749262536873156      5.015693721512946E-13    5.036018436050598E-13    0.25                     5.0E10                   2700                     5789.799459202173        3342.7422763243244       2502.294445801098
1.50848                  6.8                      0.14705882352941177      5.019022187620726E-13    5.038463433731215E-13    0.25                     5.0E10                   2700                     5789.799459202173        3342.7422763243244       2502.294445801098
1.50848                  6.819999999999999        0.1466275659824047       5.022315274587679E-13    5.04088286250313E-13     0.25                     5.0E10                   2700                     5789.799459202173        3342.7422763243244       2502.294445801098
1.50848                  6.84                     0.14619883040935674      5.02557332428767E-13     5.043276940495398E-13    0.25                     5.0E10                   2700                     5789.799459202173        3342.7422763243244       2502.294445801098
1.50848                  6.859999999999999        0.1457725947521866       5.02879667932049E-13     5.045645888150389E-13    0.25                     5.0E10                   2700                     5789.799459202173        3342.7422763243244       2502.294445801098
1.50848                  6.88                     0.14534883720930233      5.031985683103108E-13    5.047989928126145E-13    0.25                     5.0E10                   2700                     5789.799459202173        3342.7422763243244       2502.294445801098
1.50848                  6.8999999999999995       0.14492753623188406      5.035140679283535E-13    5.050309284884755E-13    0.25                     5.0E10                   2700                     5789.799459202173        3342.7422763243244       2502.294445801098
1.50848                  6.92                     0.1445086705202312       5.038262011818891E-13    5.052604184630109E-13    0.25                     5.0E10                   2700                     5789.799459202173        3342.7422763243244       2502.294445801098
1.50848                  6.9399999999999995       0.1440922190201729       5.041350024625166E-13    5.054874854997689E-13    0.25                     5.0E10                   2700                     5789.799459202173        3342.7422763243244       2502.294445801098
1.50848                  6.96                     0.14367816091954022      5.04440506140643E-13     5.057121524876521E-13    0.25                     5.0E10                   2700                     5789.799459202173        3342.7422763243244       2502.294445801098
1.50848                  6.9799999999999995       0.14326647564469916      5.047427465471026E-13    5.059344424203905E-13    0.25                     5.0E10                   2700                     5789.799459202173        3342.7422763243244       2502.294445801098
1.50848                  7                        0.14285714285714285      5.05041757972756E-13     5.061543783876399E-13    0.25                     5.0E10                   2700                     5789.799459202173        3342.7422763243244       2502.294445801098
1.50848                  7.02                     0.14245014245014245      5.053375746122183E-13    5.063719835383131E-13    0.25                     5.0E10                   2700                     5789.799459202173        3342.7422763243244       2502.294445801098
1.50848                  7.04                     0.14204545454545456      5.05630230603109E-13     5.065872810885859E-13    0.25                     5.0E10                   2700                     5789.799459202173        3342.7422763243244       2502.294445801098
1.50848                  7.06                     0.141643059490085        5.059197599579841E-13    5.068002942820429E-13    0.25                     5.0E10                   2700                     5789.799459202173        3342.7422763243244       2502.294445801098
1.50848                  7.08                     0.14124293785310735      5.062061965949587E-13    5.070110463936524E-13    0.25                     5.0E10                   2700                     5789.799459202173        3342.7422763243244       2502.294445801098
1.50848                  7.1                      0.14084507042253522      5.064895742766999E-13    5.07219560695499E-13     0.25                     5.0E10                   2700                     5789.799459202173        3342.7422763243244       2502.294445801098
1.50848                  7.12                     0.14044943820224717      5.067699266646939E-13    5.07425860473519E-13     0.25                     5.0E10                   2700                     5789.799459202173        3342.7422763243244       2502.294445801098
1.50848                  7.14                     0.1400560224089636       5.070472872335326E-13    5.076299689756834E-13    0.25                     5.0E10                   2700                     5789.799459202173        3342.7422763243244       2502.294445801098
1.50848                  7.16                     0.13966480446927376      5.073216893125369E-13    5.07831909431407E-13     0.25                     5.0E10                   2700                     5789.799459202173        3342.7422763243244       2502.294445801098
1.50848                  7.18                     0.1392757660167131       5.075931660524867E-13    5.080317050235736E-13    0.25                     5.0E10                   2700                     5789.799459202173        3342.7422763243244       2502.294445801098
1.50848                  7.2                      0.1388888888888889       5.078617504232595E-13    5.082293788838725E-13    0.25                     5.0E10                   2700                     5789.799459202173        3342.7422763243244       2502.294445801098
1.50848                  7.22                     0.13850415512465375      5.081274752011473E-13    5.084249540791689E-13    0.25                     5.0E10                   2700                     5789.799459202173        3342.7422763243244       2502.294445801098
1.50848                  7.24                     0.13812154696132597      5.083903729594588E-13    5.086184536012958E-13    0.25                     5.0E10                   2700                     5789.799459202173        3342.7422763243244       2502.294445801098
1.50848                  7.26                     0.13774104683195593      5.086504760715247E-13    5.088099003637558E-13    0.25                     5.0E10                   2700                     5789.799459202173        3342.7422763243244       2502.294445801098
1.50848                  7.279999999999999        0.13736263736263737      5.089078166781645E-13    5.08999317179302E-13     0.25                     5.0E10                   2700                     5789.799459202173        3342.7422763243244       2502.294445801098
1.50848                  7.3                      0.13698630136986303      5.091624267074931E-13    5.091867267658931E-13    0.25                     5.0E10                   2700                     5789.799459202173        3342.7422763243244       2502.294445801098
1.50848                  7.319999999999999        0.1366120218579235       5.094143378605236E-13    5.093721517361539E-13    0.25                     5.0E10                   2700                     5789.799459202173        3342.7422763243244       2502.294445801098
1.50848                  7.34                     0.1362397820163488       5.096635815941746E-13    5.095556145790129E-13    0.25                     5.0E10                   2700                     5789.799459202173        3342.7422763243244       2502.294445801098
1.50848                  7.359999999999999        0.13586956521739132      5.099101891160139E-13    5.097371376629207E-13    0.25                     5.0E10                   2700                     5789.799459202173        3342.7422763243244       2502.294445801098
1.50848                  7.38                     0.13550135501355012      5.101541914058336E-13    5.099167432299148E-13    0.25                     5.0E10                   2700                     5789.799459202173        3342.7422763243244       2502.294445801098
1.50848                  7.3999999999999995       0.13513513513513514      5.103956191764342E-13    5.100944533824609E-13    0.25                     5.0E10                   2700                     5789.799459202173        3342.7422763243244       2502.294445801098
1.50848                  7.42                     0.1347708894878706       5.106345028829037E-13    5.102702900803453E-13    0.25                     5.0E10                   2700                     5789.799459202173        3342.7422763243244       2502.294445801098
1.50848                  7.4399999999999995       0.13440860215053765      5.108708727350674E-13    5.104442751449464E-13    0.25                     5.0E10                   2700                     5789.799459202173        3342.7422763243244       2502.294445801098
1.50848                  7.46                     0.13404825737265413      5.111047586603937E-13    5.106164302357993E-13    0.25                     5.0E10                   2700                     5789.799459202173        3342.7422763243244       2502.294445801098
1.50848                  7.4799999999999995       0.1336898395721925       5.113361903260891E-13    5.107867768585965E-13    0.25                     5.0E10                   2700                     5789.799459202173        3342.7422763243244       2502.294445801098
1.50848                  7.5                      0.13333333333333333      5.115651971292265E-13    5.109553363594724E-13    0.25                     5.0E10                   2700                     5789.799459202173        3342.7422763243244       2502.294445801098
1.50848                  7.52                     0.13297872340425532      5.117918081856135E-13    5.111221299158825E-13    0.25                     5.0E10                   2700                     5789.799459202173        3342.7422763243244       2502.294445801098
1.50848                  7.54                     0.13262599469496023      5.1201605235274E-13      5.112871785430523E-13    0.25                     5.0E10                   2700                     5789.799459202173        3342.7422763243244       2502.294445801098
1.50848                  7.56                     0.13227513227513227      5.122379581834992E-13    5.114505030755574E-13    0.25                     5.0E10                   2700                     5789.799459202173        3342.7422763243244       2502.294445801098
1.50848                  7.58                     0.13192612137203166      5.124575539778247E-13    5.116121241810705E-13    0.25                     5.0E10                   2700                     5789.799459202173        3342.7422763243244       2502.294445801098
1.50848                  7.6                      0.13157894736842105      5.126748677304564E-13    5.117720623387768E-13    0.25                     5.0E10                   2700                     5789.799459202173        3342.7422763243244       2502.294445801098
1.50848                  7.62                     0.13123359580052493      5.128899271693225E-13    5.119303378555732E-13    0.25                     5.0E10                   2700                     5789.799459202173        3342.7422763243244       2502.294445801098
1.50848                  7.64                     0.13089005235602094      5.131027597225659E-13    5.120869708481772E-13    0.25                     5.0E10                   2700                     5789.799459202173        3342.7422763243244       2502.294445801098
1.50848                  7.66                     0.13054830287206268      5.133133925569931E-13    5.122419812546695E-13    0.25                     5.0E10                   2700                     5789.799459202173        3342.7422763243244       2502.294445801098
1.50848                  7.68                     0.13020833333333334      5.135218525263546E-13    5.123953888211508E-13    0.25                     5.0E10                   2700                     5789.799459202173        3342.7422763243244       2502.294445801098
1.50848                  7.7                      0.12987012987012989      5.137281662132363E-13    5.125472131001973E-13    0.25                     5.0E10                   2700                     5789.799459202173        3342.7422763243244       2502.294445801098
1.50848                  7.72                     0.1295336787564767       5.139323599111803E-13    5.126974734629851E-13    0.25                     5.0E10                   2700                     5789.799459202173        3342.7422763243244       2502.294445801098
1.50848                  7.74                     0.12919896640826872      5.141344596290217E-13    5.128461890828987E-13    0.25                     5.0E10                   2700                     5789.799459202173        3342.7422763243244       2502.294445801098
1.50848                  7.76                     0.1288659793814433       5.143344910816544E-13    5.129933789392572E-13    0.25                     5.0E10                   2700                     5789.799459202173        3342.7422763243244       2502.294445801098
1.50848                  7.779999999999999        0.12853470437017997      5.145324797036336E-13    5.131390618195496E-13    0.25                     5.0E10                   2700                     5789.799459202173        3342.7422763243244       2502.294445801098
1.50848                  7.8                      0.12820512820512822      5.1472845064595E-13      5.132832563167978E-13    0.25                     5.0E10                   2700                     5789.799459202173        3342.7422763243244       2502.294445801098
1.50848                  7.819999999999999        0.1278772378516624       5.149224287606406E-13    5.134259808231523E-13    0.25                     5.0E10                   2700                     5789.799459202173        3342.7422763243244       2502.294445801098
1.50848                  7.84                     0.12755102040816327      5.151144386306852E-13    5.135672535408762E-13    0.25                     5.0E10                   2700                     5789.799459202173        3342.7422763243244       2502.294445801098
1.50848                  7.859999999999999        0.1272264631043257       5.15304504544245E-13     5.137070924702837E-13    0.25                     5.0E10                   2700                     5789.799459202173        3342.7422763243244       2502.294445801098
1.50848                  7.88                     0.12690355329949238      5.154926505089101E-13    5.138455154186317E-13    0.25                     5.0E10                   2700                     5789.799459202173        3342.7422763243244       2502.294445801098
1.50848                  7.8999999999999995       0.12658227848101267      5.156789002547974E-13    5.139825399955237E-13    0.25                     5.0E10                   2700                     5789.799459202173        3342.7422763243244       2502.294445801098
1.50848                  7.92                     0.12626262626262624      5.158632772380918E-13    5.141181836180641E-13    0.25                     5.0E10                   2700                     5789.799459202173        3342.7422763243244       2502.294445801098
1.50848                  7.9399999999999995       0.12594458438287154      5.160458046055474E-13    5.142524634930086E-13    0.25                     5.0E10                   2700                     5789.799459202173        3342.7422763243244       2502.294445801098
1.50848                  7.96                     0.12562814070351758      5.162265052589449E-13    5.143853966477515E-13    0.25                     5.0E10                   2700                     5789.799459202173        3342.7422763243244       2502.294445801098
1.50848                  7.9799999999999995       0.12531328320802007      5.16405401807271E-13     5.145169999026164E-13    0.25                     5.0E10                   2700                     5789.799459202173        3342.7422763243244       2502.294445801098
1.50848                  8                        0.125                    5.165825165897368E-13    5.146472898878554E-13    0.25                     5.0E10                   2700                     5789.799459202173        3342.7422763243244       2502.294445801098
1.50848                  8.02                     0.12468827930174564      5.16757871667444E-13     5.147762830351939E-13    0.25                     5.0E10                   2700                     5789.799459202173        3342.7422763243244       2502.294445801098
1.50848                  8.040000000000001        0.1243781094527363       5.169314888307133E-13    5.149039955826773E-13    0.25                     5.0E10                   2700                     5789.799459202173        3342.7422763243244       2502.294445801098
1.50848                  8.06                     0.12406947890818859      5.171033896055953E-13    5.150304435799579E-13    0.25                     5.0E10                   2700                     5789.799459202173        3342.7422763243244       2502.294445801098
1.50848                  8.08                     0.12376237623762378      5.17273595242061E-13     5.151556428763218E-13    0.25                     5.0E10                   2700                     5789.799459202173        3342.7422763243244       2502.294445801098
1.50848                  8.1                      0.1234567901234568       5.174421267310948E-13    5.15279609135719E-13     0.25                     5.0E10                   2700                     5789.799459202173        3342.7422763243244       2502.294445801098
1.50848                  8.12                     0.12315270935960593      5.176090047949422E-13    5.154023578270148E-13    0.25                     5.0E10                   2700                     5789.799459202173        3342.7422763243244       2502.294445801098
1.50848                  8.14                     0.12285012285012284      5.177742498998301E-13    5.155239042336378E-13    0.25                     5.0E10                   2700                     5789.799459202173        3342.7422763243244       2502.294445801098
1.50848                  8.16                     0.12254901960784315      5.179378822484887E-13    5.156442634491484E-13    0.25                     5.0E10                   2700                     5789.799459202173        3342.7422763243244       2502.294445801098
1.50848                  8.18                     0.12224938875305624      5.180999217797942E-13    5.157634503738473E-13    0.25                     5.0E10                   2700                     5789.799459202173        3342.7422763243244       2502.294445801098
1.50848                  8.2                      0.12195121951219513      5.182603881902085E-13    5.158814797321772E-13    0.25                     5.0E10                   2700                     5789.799459202173        3342.7422763243244       2502.294445801098
1.50848                  8.22                     0.121654501216545        5.184193009150395E-13    5.159983660562489E-13    0.25                     5.0E10                   2700                     5789.799459202173        3342.7422763243244       2502.294445801098
1.50848                  8.24                     0.12135922330097086      5.185766791370073E-13    5.16114123696578E-13     0.25                     5.0E10                   2700                     5789.799459202173        3342.7422763243244       2502.294445801098
1.50848                  8.26                     0.12106537530266344      5.187325417876065E-13    5.162287668198372E-13    0.25                     5.0E10                   2700                     5789.799459202173        3342.7422763243244       2502.294445801098
1.50848                  8.28                     0.1207729468599034       5.188869075693264E-13    5.163423094158789E-13    0.25                     5.0E10                   2700                     5789.799459202173        3342.7422763243244       2502.294445801098
1.50848                  8.299999999999999        0.1204819277108434       5.1903979491938E-13      5.16454765291749E-13     0.25                     5.0E10                   2700                     5789.799459202173        3342.7422763243244       2502.294445801098
1.50848                  8.32                     0.12019230769230768      5.191912220534989E-13    5.165661480812297E-13    0.25                     5.0E10                   2700                     5789.799459202173        3342.7422763243244       2502.294445801098
1.50848                  8.34                     0.11990407673860912      5.193412069264569E-13    5.166764712334944E-13    0.25                     5.0E10                   2700                     5789.799459202173        3342.7422763243244       2502.294445801098
1.50848                  8.36                     0.1196172248803828       5.194897672739126E-13    5.167857480298206E-13    0.25                     5.0E10                   2700                     5789.799459202173        3342.7422763243244       2502.294445801098
1.50848                  8.379999999999999        0.11933174224343678      5.196369205905094E-13    5.168939915760891E-13    0.25                     5.0E10                   2700                     5789.799459202173        3342.7422763243244       2502.294445801098
1.50848                  8.4                      0.11904761904761904      5.197826841376858E-13    5.170012148060723E-13    0.25                     5.0E10                   2700                     5789.799459202173        3342.7422763243244       2502.294445801098
1.50848                  8.42                     0.11876484560570072      5.199270749458704E-13    5.171074304799828E-13    0.25                     5.0E10                   2700                     5789.799459202173        3342.7422763243244       2502.294445801098
1.50848                  8.44                     0.11848341232227488      5.200701098341102E-13    5.172126512011716E-13    0.25                     5.0E10                   2700                     5789.799459202173        3342.7422763243244       2502.294445801098
1.50848                  8.459999999999999        0.11820330969267141      5.202118053797627E-13    5.173168893948503E-13    0.25                     5.0E10                   2700                     5789.799459202173        3342.7422763243244       2502.294445801098
1.50848                  8.48                     0.1179245283018868       5.20352177935211E-13     5.17420157319604E-13     0.25                     5.0E10                   2700                     5789.799459202173        3342.7422763243244       2502.294445801098
1.50848                  8.5                      0.11764705882352941      5.204912436494185E-13    5.175224670786743E-13    0.25                     5.0E10                   2700                     5789.799459202173        3342.7422763243244       2502.294445801098
1.50848                  8.52                     0.11737089201877934      5.206290184500459E-13    5.176238306131985E-13    0.25                     5.0E10                   2700                     5789.799459202173        3342.7422763243244       2502.294445801098
1.50848                  8.54                     0.117096018735363        5.207655180447762E-13    5.177242596975621E-13    0.25                     5.0E10                   2700                     5789.799459202173        3342.7422763243244       2502.294445801098
1.50848                  8.56                     0.11682242990654204      5.209007579308388E-13    5.17823765952996E-13     0.25                     5.0E10                   2700                     5789.799459202173        3342.7422763243244       2502.294445801098
1.50848                  8.58                     0.11655011655011656      5.210347533954916E-13    5.179223608411155E-13    0.25                     5.0E10                   2700                     5789.799459202173        3342.7422763243244       2502.294445801098
1.50848                  8.6                      0.11627906976744186      5.211675195211635E-13    5.180200556688322E-13    0.25                     5.0E10                   2700                     5789.799459202173        3342.7422763243244       2502.294445801098
1.50848                  8.62                     0.1160092807424594       5.21299071194642E-13     5.181168615963403E-13    0.25                     5.0E10                   2700                     5789.799459202173        3342.7422763243244       2502.294445801098
1.50848                  8.64                     0.11574074074074073      5.21429423079782E-13     5.182127896182896E-13    0.25                     5.0E10                   2700                     5789.799459202173        3342.7422763243244       2502.294445801098
1.50848                  8.66                     0.11547344110854503      5.215585896592983E-13    5.183078505962966E-13    0.25                     5.0E10                   2700                     5789.799459202173        3342.7422763243244       2502.294445801098
1.50848                  8.68                     0.1152073732718894       5.21686585213275E-13     5.184020552334608E-13    0.25                     5.0E10                   2700                     5789.799459202173        3342.7422763243244       2502.294445801098
1.50848                  8.7                      0.11494252873563218      5.21813423818419E-13     5.184954140826951E-13    0.25                     5.0E10                   2700                     5789.799459202173        3342.7422763243244       2502.294445801098
1.50848                  8.72                     0.1146788990825688       5.219391193743643E-13    5.18587937565157E-13     0.25                     5.0E10                   2700                     5789.799459202173        3342.7422763243244       2502.294445801098
1.50848                  8.74                     0.11441647597254004      5.220636855782416E-13    5.186796359479979E-13    0.25                     5.0E10                   2700                     5789.799459202173        3342.7422763243244       2502.294445801098
1.50848                  8.76                     0.1141552511415525       5.221888842221378E-13    5.187721047227682E-13    0.25                     5.0E10                   2700                     5789.799459202173        3342.7422763243244       2502.294445801098
1.50848                  8.78                     0.11389521640091117      5.223112407019325E-13    5.188621916928773E-13    0.25                     5.0E10                   2700                     5789.799459202173        3342.7422763243244       2502.294445801098
1.50848                  8.8                      0.11363636363636362      5.224325078249947E-13    5.189514835416159E-13    0.25                     5.0E10                   2700                     5789.799459202173        3342.7422763243244       2502.294445801098
1.50848                  8.82                     0.11337868480725624      5.22552698542009E-13     5.190399899739707E-13    0.25                     5.0E10                   2700                     5789.799459202173        3342.7422763243244       2502.294445801098
1.50848                  8.84                     0.11312217194570136      5.226718256534426E-13    5.191277205794654E-13    0.25                     5.0E10                   2700                     5789.799459202173        3342.7422763243244       2502.294445801098
1.50848                  8.86                     0.11286681715575621      5.227899017650215E-13    5.192146848064828E-13    0.25                     5.0E10                   2700                     5789.799459202173        3342.7422763243244       2502.294445801098
1.50848                  8.879999999999999        0.11261261261261263      5.229069393295678E-13    5.1930089197706E-13      0.25                     5.0E10                   2700                     5789.799459202173        3342.7422763243244       2502.294445801098
1.50848                  8.9                      0.11235955056179775      5.230229505973888E-13    5.193863512711453E-13    0.25                     5.0E10                   2700                     5789.799459202173        3342.7422763243244       2502.294445801098
1.50848                  8.92                     0.11210762331838565      5.23137947682354E-13     5.194710717599783E-13    0.25                     5.0E10                   2700                     5789.799459202173        3342.7422763243244       2502.294445801098
1.50848                  8.94                     0.11185682326621925      5.232519425176019E-13    5.1955506237757E-13      0.25                     5.0E10                   2700                     5789.799459202173        3342.7422763243244       2502.294445801098
1.50848                  8.959999999999999        0.11160714285714285      5.233649468758468E-13    5.196383319362907E-13    0.25                     5.0E10                   2700                     5789.799459202173        3342.7422763243244       2502.294445801098
1.50848                  8.98                     0.11135857461024498      5.234769723575324E-13    5.197208891226274E-13    0.25                     5.0E10                   2700                     5789.799459202173        3342.7422763243244       2502.294445801098
1.50848                  9                        0.11111111111111112      5.235880304163344E-13    5.198027425066238E-13    0.25                     5.0E10                   2700                     5789.799459202173        3342.7422763243244       2502.294445801098
1.50848                  9.02                     0.11086474501108647      5.236981323404222E-13    5.198839005364506E-13    0.25                     5.0E10                   2700                     5789.799459202173        3342.7422763243244       2502.294445801098
1.50848                  9.04                     0.11061946902654868      5.238072892680668E-13    5.199643715423003E-13    0.25                     5.0E10                   2700                     5789.799459202173        3342.7422763243244       2502.294445801098
1.50848                  9.06                     0.11037527593818983      5.239155121819843E-13    5.200441637400913E-13    0.25                     5.0E10                   2700                     5789.799459202173        3342.7422763243244       2502.294445801098
1.50848                  9.08                     0.11013215859030838      5.240228119040733E-13    5.201232852250263E-13    0.25                     5.0E10                   2700                     5789.799459202173        3342.7422763243244       2502.294445801098
1.50848                  9.1                      0.1098901098901099       5.241291991223798E-13    5.202017439852688E-13    0.25                     5.0E10                   2700                     5789.799459202173        3342.7422763243244       2502.294445801098
1.50848                  9.12                     0.10964912280701757      5.242346843718248E-13    5.202795478978307E-13    0.25                     5.0E10                   2700                     5789.799459202173        3342.7422763243244       2502.294445801098
1.50848                  9.14                     0.10940919037199125      5.243392780378734E-13    5.203567047251474E-13    0.25                     5.0E10                   2700                     5789.799459202173        3342.7422763243244       2502.294445801098
1.50848                  9.16                     0.10917030567685589      5.244429903700219E-13    5.204332221230108E-13    0.25                     5.0E10                   2700                     5789.799459202173        3342.7422763243244       2502.294445801098
1.50848                  9.18                     0.10893246187363835      5.245458314680591E-13    5.20509107638346E-13     0.25                     5.0E10                   2700                     5789.799459202173        3342.7422763243244       2502.294445801098
1.50848                  9.2                      0.10869565217391305      5.246478113008025E-13    5.20584368715383E-13     0.25                     5.0E10                   2700                     5789.799459202173        3342.7422763243244       2502.294445801098
1.50848                  9.22                     0.10845986984815618      5.247489397060499E-13    5.206590126988099E-13    0.25                     5.0E10                   2700                     5789.799459202173        3342.7422763243244       2502.294445801098
1.50848                  9.24                     0.10822510822510822      5.248492263607054E-13    5.207330468136193E-13    0.25                     5.0E10                   2700                     5789.799459202173        3342.7422763243244       2502.294445801098
1.50848                  9.26                     0.1079913606911447       5.249486808370375E-13    5.20806478202923E-13     0.25                     5.0E10                   2700                     5789.799459202173        3342.7422763243244       2502.294445801098
1.50848                  9.28                     0.10775862068965518      5.250473125572386E-13    5.208793138969291E-13    0.25                     5.0E10                   2700                     5789.799459202173        3342.7422763243244       2502.294445801098
1.50848                  9.3                      0.10752688172043011      5.251451308277088E-13    5.209515608350994E-13    0.25                     5.0E10                   2700                     5789.799459202173        3342.7422763243244       2502.294445801098
1.50848                  9.32                     0.1072961373390558       5.252421448224699E-13    5.210232258618624E-13    0.25                     5.0E10                   2700                     5789.799459202173        3342.7422763243244       2502.294445801098
1.50848                  9.34                     0.10706638115631692      5.253383635718572E-13    5.210943157072212E-13    0.25                     5.0E10                   2700                     5789.799459202173        3342.7422763243244       2502.294445801098
1.50848                  9.36                     0.10683760683760683      5.254337960141728E-13    5.211648370316978E-13    0.25                     5.0E10                   2700                     5789.799459202173        3342.7422763243244       2502.294445801098
1.50848                  9.379999999999999        0.10660980810234544      5.255284509406386E-13    5.212347963890028E-13    0.25                     5.0E10                   2700                     5789.799459202173        3342.7422763243244       2502.294445801098
1.50848                  9.4                      0.10638297872340426      5.256223370306459E-13    5.213042002415879E-13    0.25                     5.0E10                   2700                     5789.799459202173        3342.7422763243244       2502.294445801098
1.50848                  9.42                     0.10615711252653928      5.257154628562118E-13    5.213730549681002E-13    0.25                     5.0E10                   2700                     5789.799459202173        3342.7422763243244       2502.294445801098
1.50848                  9.44                     0.1059322033898305       5.258078368522778E-13    5.214413668554548E-13    0.25                     5.0E10                   2700                     5789.799459202173        3342.7422763243244       2502.294445801098
1.50848                  9.459999999999999        0.10570824524312897      5.258994673476887E-13    5.2150914209548E-13      0.25                     5.0E10                   2700                     5789.799459202173        3342.7422763243244       2502.294445801098
1.50848                  9.48                     0.10548523206751054      5.259903625455527E-13    5.215763867968686E-13    0.25                     5.0E10                   2700                     5789.799459202173        3342.7422763243244       2502.294445801098
1.50848                  9.5                      0.10526315789473685      5.260805305688743E-13    5.216431069950808E-13    0.25                     5.0E10                   2700                     5789.799459202173        3342.7422763243244       2502.294445801098
1.50848                  9.52                     0.10504201680672269      5.261699794004253E-13    5.217093086280426E-13    0.25                     5.0E10                   2700                     5789.799459202173        3342.7422763243244       2502.294445801098
1.50848                  9.54                     0.10482180293501049      5.262587169198718E-13    5.217749975519437E-13    0.25                     5.0E10                   2700                     5789.799459202173        3342.7422763243244       2502.294445801098
1.50848                  9.56                     0.10460251046025104      5.263467509073287E-13    5.218401795480055E-13    0.25                     5.0E10                   2700                     5789.799459202173        3342.7422763243244       2502.294445801098
1.50848                  9.58                     0.10438413361169102      5.264340890344963E-13    5.219048603126959E-13    0.25                     5.0E10                   2700                     5789.799459202173        3342.7422763243244       2502.294445801098
1.50848                  9.6                      0.10416666666666667      5.265207388673273E-13    5.219690454657664E-13    0.25                     5.0E10                   2700                     5789.799459202173        3342.7422763243244       2502.294445801098
1.50848                  9.62                     0.10395010395010396      5.266067078666457E-13    5.220327405439972E-13    0.25                     5.0E10                   2700                     5789.799459202173        3342.7422763243244       2502.294445801098
1.50848                  9.64                     0.10373443983402489      5.266920033989932E-13    5.220959510127446E-13    0.25                     5.0E10                   2700                     5789.799459202173        3342.7422763243244       2502.294445801098
1.50848                  9.66                     0.10351966873706003      5.267766327270414E-13    5.221586822621683E-13    0.25                     5.0E10                   2700                     5789.799459202173        3342.7422763243244       2502.294445801098
1.50848                  9.68                     0.10330578512396693      5.268606030058918E-13    5.222209395953969E-13    0.25                     5.0E10                   2700                     5789.799459202173        3342.7422763243244       2502.294445801098
1.50848                  9.7                      0.10309278350515465      5.269439213214041E-13    5.222827282641919E-13    0.25                     5.0E10                   2700                     5789.799459202173        3342.7422763243244       2502.294445801098
1.50848                  9.72                     0.102880658436214        5.270265946385067E-13    5.223440534299156E-13    0.25                     5.0E10                   2700                     5789.799459202173        3342.7422763243244       2502.294445801098
1.50848                  9.74                     0.1026694045174538       5.271086298304215E-13    5.224049201843139E-13    0.25                     5.0E10                   2700                     5789.799459202173        3342.7422763243244       2502.294445801098
1.50848                  9.76                     0.10245901639344263      5.27190033703759E-13     5.2246533356609E-13      0.25                     5.0E10                   2700                     5789.799459202173        3342.7422763243244       2502.294445801098
1.50848                  9.78                     0.10224948875255623      5.272708129268134E-13    5.22525298512941E-13     0.25                     5.0E10                   2700                     5789.799459202173        3342.7422763243244       2502.294445801098
1.50848                  9.8                      0.10204081632653059      5.273509741231997E-13    5.225848199245537E-13    0.25                     5.0E10                   2700                     5789.799459202173        3342.7422763243244       2502.294445801098
1.50848                  9.82                     0.10183299389002037      5.274305238055706E-13    5.226439026187273E-13    0.25                     5.0E10                   2700                     5789.799459202173        3342.7422763243244       2502.294445801098
1.50848                  9.84                     0.1016260162601626       5.275094683975911E-13    5.227025513436656E-13    0.25                     5.0E10                   2700                     5789.799459202173        3342.7422763243244       2502.294445801098
1.50848                  9.86                     0.10141987829614604      5.275878142635021E-13    5.227607708029942E-13    0.25                     5.0E10                   2700                     5789.799459202173        3342.7422763243244       2502.294445801098
1.50848                  9.879999999999999        0.10121457489878542      5.27665567644516E-13     5.228185656078527E-13    0.25                     5.0E10                   2700                     5789.799459202173        3342.7422763243244       2502.294445801098
1.50848                  9.9                      0.101010101010101        5.277427347230167E-13    5.228759403260714E-13    0.25                     5.0E10                   2700                     5789.799459202173        3342.7422763243244       2502.294445801098
1.50848                  9.92                     0.10080645161290322      5.278193215913959E-13    5.229328994530843E-13    0.25                     5.0E10                   2700                     5789.799459202173        3342.7422763243244       2502.294445801098
1.50848                  9.94                     0.1006036217303823       5.278953342680896E-13    5.229894474322478E-13    0.25                     5.0E10                   2700                     5789.799459202173        3342.7422763243244       2502.294445801098
1.50848                  9.959999999999999        0.10040160642570282      5.279707786851699E-13    5.230455886380138E-13    0.25                     5.0E10                   2700                     5789.799459202173        3342.7422763243244       2502.294445801098
1.50848                  9.98                     0.1002004008016032       5.280456606982627E-13    5.231013273861274E-13    0.25                     5.0E10                   2700                     5789.799459202173        3342.7422763243244       2502.294445801098
1.50848                  10                       0.1                      5.280815991637693E-13    5.230931201111849E-13    0.25                     5.0E10                   2700                     5789.799459202173        3342.7422763243244       2502.294445801098
