1.45046                  0.1                      10                       5.331264185647384E-13    5.331298529847218E-13    0.25                     5.0E10                   2700                     5677.362454912003        3277.8267416305193       2502.294445801098
1.45046                  0.12000000000000001      8.333333333333332        5.362983466699653E-13    5.363487280841934E-13    0.25                     5.0E10                   2700                     5677.362454912003        3277.8267416305193       2502.294445801098
1.45046                  0.14                     7.1428571428571415       5.341394607057442E-13    5.339684492910325E-13    0.25                     5.0E10                   2700                     5677.362454912003        3277.8267416305193       2502.294445801098
1.45046                  0.16                     6.249999999999999        5.330597916274767E-13    5.331757359765392E-13    0.25                     5.0E10                   2700                     5677.362454912003        3277.8267416305193       2502.294445801098
1.45046                  0.18                     5.555555555555555        5.37143445093395E-13     5.372995984554643E-13    0.25                     5.0E10                   2700                     5677.362454912003        3277.8267416305193       2502.294445801098
1.45046                  0.2                      5                        5.330545359459162E-13    5.33129081908288E-13     0.25                     5.0E10                   2700                     5677.362454912003        3277.8267416305193       2502.294445801098
1.45046                  0.22                     4.545454545454546        5.36053145647571E-13     5.366900100196662E-13    0.25                     5.0E10                   2700                     5677.362454912003        3277.8267416305193       2502.294445801098
1.45046                  0.24000000000000002      4.166666666666666        5.35336836173563E-13     5.36276207672418E-13     0.25                     5.0E10                   2700                     5677.362454912003        3277.8267416305193       2502.294445801098
1.45046                  0.26                     3.846153846153846        5.340229584296255E-13    5.348930891275991E-13    0.25                     5.0E10                   2700                     5677.362454912003        3277.8267416305193       2502.294445801098
1.45046                  0.28                     3.5714285714285707       5.365739402821142E-13    5.371386993555982E-13    0.25                     5.0E10                   2700                     5677.362454912003        3277.8267416305193       2502.294445801098
1.45046                  0.30000000000000004      3.3333333333333326       5.367245868825453E-13    5.364131787584241E-13    0.25                     5.0E10                   2700                     5677.362454912003        3277.8267416305193       2502.294445801098
1.45046                  0.32                     3.1249999999999996       5.352273406623584E-13    5.330938215726315E-13    0.25                     5.0E10                   2700                     5677.362454912003        3277.8267416305193       2502.294445801098
1.45046                  0.33999999999999997      2.9411764705882355       5.412751071502203E-13    5.382027869241232E-13    0.25                     5.0E10                   2700                     5677.362454912003        3277.8267416305193       2502.294445801098
1.45046                  0.36                     2.7777777777777777       5.413632069408966E-13    5.353113812263643E-13    0.25                     5.0E10                   2700                     5677.362454912003        3277.8267416305193       2502.294445801098
1.45046                  0.38                     2.6315789473684212       5.455520734614267E-13    5.356461406604773E-13    0.25                     5.0E10                   2700                     5677.362454912003        3277.8267416305193       2502.294445801098
1.45046                  0.4                      2.5                      5.48428029151412E-13     5.349782169607425E-13    0.25                     5.0E10                   2700                     5677.362454912003        3277.8267416305193       2502.294445801098
1.45046                  0.42000000000000004      2.3809523809523805       5.545150644875718E-13    5.361618473727104E-13    0.25                     5.0E10                   2700                     5677.362454912003        3277.8267416305193       2502.294445801098
1.45046                  0.44000000000000006      2.272727272727273        5.604671363973218E-13    5.397966053734415E-13    0.25                     5.0E10                   2700                     5677.362454912003        3277.8267416305193       2502.294445801098
1.45046                  0.45999999999999996      2.173913043478261        5.670879356241952E-13    5.426411719516925E-13    0.25                     5.0E10                   2700                     5677.362454912003        3277.8267416305193       2502.294445801098
1.45046                  0.48                     2.0833333333333335       5.714840267250851E-13    5.426567760204783E-13    0.25                     5.0E10                   2700                     5677.362454912003        3277.8267416305193       2502.294445801098
1.45046                  0.5                      2                        5.748442774982811E-13    5.436630251818358E-13    0.25                     5.0E10                   2700                     5677.362454912003        3277.8267416305193       2502.294445801098
1.45046                  0.52                     1.923076923076923        5.818921196065415E-13    5.480639459662326E-13    0.25                     5.0E10                   2700                     5677.362454912003        3277.8267416305193       2502.294445801098
1.45046                  0.54                     1.8518518518518516       5.83124402257318E-13     5.457799151032652E-13    0.25                     5.0E10                   2700                     5677.362454912003        3277.8267416305193       2502.294445801098
1.45046                  0.56                     1.7857142857142854       5.926372024952599E-13    5.508223417793184E-13    0.25                     5.0E10                   2700                     5677.362454912003        3277.8267416305193       2502.294445801098
1.45046                  0.58                     1.7241379310344829       5.981633804708419E-13    5.530045690600476E-13    0.25                     5.0E10                   2700                     5677.362454912003        3277.8267416305193       2502.294445801098
1.45046                  0.6                      1.6666666666666667       6.035519329891835E-13    5.554232165427599E-13    0.25                     5.0E10                   2700                     5677.362454912003        3277.8267416305193       2502.294445801098
1.45046                  0.62                     1.6129032258064515       6.081806838296891E-13    5.566048099550644E-13    0.25                     5.0E10                   2700                     5677.362454912003        3277.8267416305193       2502.294445801098
1.45046                  0.64                     1.5624999999999998       6.184591344747831E-13    5.622803088323445E-13    0.25                     5.0E10                   2700                     5677.362454912003        3277.8267416305193       2502.294445801098
1.45046                  0.66                     1.515151515151515        6.164976447749074E-13    5.563052466510635E-13    0.25                     5.0E10                   2700                     5677.362454912003        3277.8267416305193       2502.294445801098
1.45046                  0.6799999999999999       1.4705882352941178       6.215046462358764E-13    5.567606447842355E-13    0.25                     5.0E10                   2700                     5677.362454912003        3277.8267416305193       2502.294445801098
1.45046                  0.7                      1.4285714285714286       6.319905335459788E-13    5.6227735825513E-13      0.25                     5.0E10                   2700                     5677.362454912003        3277.8267416305193       2502.294445801098
1.45046                  0.72                     1.3888888888888888       6.423462424230438E-13    5.67277429824381E-13     0.25                     5.0E10                   2700                     5677.362454912003        3277.8267416305193       2502.294445801098
1.45046                  0.74                     1.3513513513513513       6.57715124504746E-13     5.764869321131126E-13    0.25                     5.0E10                   2700                     5677.362454912003        3277.8267416305193       2502.294445801098
1.45046                  0.76                     1.3157894736842106       6.675977939710121E-13    5.806187688675986E-13    0.25                     5.0E10                   2700                     5677.362454912003        3277.8267416305193       2502.294445801098
1.45046                  0.78                     1.2820512820512822       6.657795047054438E-13    5.744604022440147E-13    0.25                     5.0E10                   2700                     5677.362454912003        3277.8267416305193       2502.294445801098
1.45046                  0.8                      1.25                     6.638914886074406E-13    5.687816467042832E-13    0.25                     5.0E10                   2700                     5677.362454912003        3277.8267416305193       2502.294445801098
1.45046                  0.82                     1.2195121951219514       6.682311833822859E-13    5.694033668262852E-13    0.25                     5.0E10                   2700                     5677.362454912003        3277.8267416305193       2502.294445801098
1.45046                  0.84                     1.1904761904761905       6.728422315149196E-13    5.712599573797729E-13    0.25                     5.0E10                   2700                     5677.362454912003        3277.8267416305193       2502.294445801098
1.45046                  0.86                     1.1627906976744187       6.750960573181669E-13    5.713762911418536E-13    0.25                     5.0E10                   2700                     5677.362454912003        3277.8267416305193       2502.294445801098
1.45046                  0.88                     1.1363636363636365       6.777297652829251E-13    5.717663653157168E-13    0.25                     5.0E10                   2700                     5677.362454912003        3277.8267416305193       2502.294445801098
1.45046                  0.9                      1.1111111111111112       6.828221626373016E-13    5.740690274092678E-13    0.25                     5.0E10                   2700                     5677.362454912003        3277.8267416305193       2502.294445801098
1.45046                  0.92                     1.0869565217391304       6.877768392936559E-13    5.761617389784253E-13    0.25                     5.0E10                   2700                     5677.362454912003        3277.8267416305193       2502.294445801098
1.45046                  0.94                     1.0638297872340425       6.897981877056695E-13    5.759457800243909E-13    0.25                     5.0E10                   2700                     5677.362454912003        3277.8267416305193       2502.294445801098
1.45046                  0.96                     1.0416666666666667       6.901467776336832E-13    5.747335967895906E-13    0.25                     5.0E10                   2700                     5677.362454912003        3277.8267416305193       2502.294445801098
1.45046                  0.98                     1.0204081632653061       6.923114960845719E-13    5.756404991096494E-13    0.25                     5.0E10                   2700                     5677.362454912003        3277.8267416305193       2502.294445801098
1.45046                  1                        1                        6.978365482476141E-13    5.800162353716828E-13    0.25                     5.0E10                   2700                     5677.362454912003        3277.8267416305193       2502.294445801098
1.45046                  1.02                     0.9803921568627452       7.048959994828894E-13    5.867072698059047E-13    0.25                     5.0E10                   2700                     5677.362454912003        3277.8267416305193       2502.294445801098
1.45046                  1.04                     0.9615384615384615       7.091016243803551E-13    5.918023447657983E-13    0.25                     5.0E10                   2700                     5677.362454912003        3277.8267416305193       2502.294445801098
1.45046                  1.06                     0.9433962264150944       7.070145939405401E-13    5.921274446784636E-13    0.25                     5.0E10                   2700                     5677.362454912003        3277.8267416305193       2502.294445801098
1.45046                  1.08                     0.9259259259259258       6.981486542850496E-13    5.86874397239423E-13     0.25                     5.0E10                   2700                     5677.362454912003        3277.8267416305193       2502.294445801098
1.45046                  1.1                      0.909090909090909        6.847248280884671E-13    5.775623511603077E-13    0.25                     5.0E10                   2700                     5677.362454912003        3277.8267416305193       2502.294445801098
1.45046                  1.12                     0.8928571428571427       6.698078922271656E-13    5.666078616943421E-13    0.25                     5.0E10                   2700                     5677.362454912003        3277.8267416305193       2502.294445801098
1.45046                  1.1400000000000001       0.8771929824561403       6.55951095052835E-13     5.560574333911171E-13    0.25                     5.0E10                   2700                     5677.362454912003        3277.8267416305193       2502.294445801098
1.45046                  1.1600000000000001       0.8620689655172412       6.443081601901028E-13    5.470333644647664E-13    0.25                     5.0E10                   2700                     5677.362454912003        3277.8267416305193       2502.294445801098
1.45046                  1.1800000000000002       0.8474576271186439       6.352497557597056E-13    5.39991930978366E-13     0.25                     5.0E10                   2700                     5677.362454912003        3277.8267416305193       2502.294445801098
1.45046                  1.2000000000000002       0.8333333333333331       6.287544551584055E-13    5.350713060052068E-13    0.25                     5.0E10                   2700                     5677.362454912003        3277.8267416305193       2502.294445801098
1.45046                  1.2200000000000002       0.8196721311475409       6.247242099811977E-13    5.32338473262578E-13     0.25                     5.0E10                   2700                     5677.362454912003        3277.8267416305193       2502.294445801098
1.45046                  1.2400000000000002       0.8064516129032256       6.230710023123804E-13    5.318537164535533E-13    0.25                     5.0E10                   2700                     5677.362454912003        3277.8267416305193       2502.294445801098
1.45046                  1.26                     0.7936507936507936       6.237076268800121E-13    5.336728052008547E-13    0.25                     5.0E10                   2700                     5677.362454912003        3277.8267416305193       2502.294445801098
1.45046                  1.28                     0.7812499999999999       6.262125834237111E-13    5.375175609343218E-13    0.25                     5.0E10                   2700                     5677.362454912003        3277.8267416305193       2502.294445801098
1.45046                  1.3                      0.7692307692307692       6.29997181776762E-13     5.429574813232001E-13    0.25                     5.0E10                   2700                     5677.362454912003        3277.8267416305193       2502.294445801098
1.45046                  1.32                     0.7575757575757575       6.341579449789118E-13    5.492603701934785E-13    0.25                     5.0E10                   2700                     5677.362454912003        3277.8267416305193       2502.294445801098
1.45046                  1.34                     0.7462686567164178       6.376107827498517E-13    5.554949423923263E-13    0.25                     5.0E10                   2700                     5677.362454912003        3277.8267416305193       2502.294445801098
1.45046                  1.36                     0.7352941176470588       6.392660442909262E-13    5.606726928033065E-13    0.25                     5.0E10                   2700                     5677.362454912003        3277.8267416305193       2502.294445801098
1.45046                  1.3800000000000001       0.7246376811594203       6.38243485441667E-13     5.639332612215409E-13    0.25                     5.0E10                   2700                     5677.362454912003        3277.8267416305193       2502.294445801098
1.45046                  1.4000000000000001       0.7142857142857142       6.340588070173059E-13    5.647179089927501E-13    0.25                     5.0E10                   2700                     5677.362454912003        3277.8267416305193       2502.294445801098
1.45046                  1.4200000000000002       0.704225352112676        6.267167910977862E-13    5.628735737657216E-13    0.25                     5.0E10                   2700                     5677.362454912003        3277.8267416305193       2502.294445801098
1.45046                  1.4400000000000002       0.6944444444444444       6.167545785038486E-13    5.586707856752973E-13    0.25                     5.0E10                   2700                     5677.362454912003        3277.8267416305193       2502.294445801098
1.45046                  1.4600000000000002       0.6849315068493149       6.048029643493838E-13    5.526332437275901E-13    0.25                     5.0E10                   2700                     5677.362454912003        3277.8267416305193       2502.294445801098
1.45046                  1.4800000000000002       0.6756756756756755       5.918238827717226E-13    5.454793166389948E-13    0.25                     5.0E10                   2700                     5677.362454912003        3277.8267416305193       2502.294445801098
1.45046                  1.5000000000000002       0.6666666666666665       5.786816991844408E-13    5.379290045280572E-13    0.25                     5.0E10                   2700                     5677.362454912003        3277.8267416305193       2502.294445801098
1.45046                  1.52                     0.6578947368421053       5.660878391717603E-13    5.30604816306696E-13     0.25                     5.0E10                   2700                     5677.362454912003        3277.8267416305193       2502.294445801098
1.45046                  1.54                     0.6493506493506493       5.54547987421644E-13     5.239738983705046E-13    0.25                     5.0E10                   2700                     5677.362454912003        3277.8267416305193       2502.294445801098
1.45046                  1.56                     0.6410256410256411       5.443583370412834E-13    5.183329247787104E-13    0.25                     5.0E10                   2700                     5677.362454912003        3277.8267416305193       2502.294445801098
1.45046                  1.58                     0.6329113924050632       5.356312248049583E-13    5.138208058547262E-13    0.25                     5.0E10                   2700                     5677.362454912003        3277.8267416305193       2502.294445801098
1.45046                  1.6                      0.625                    5.283332507088794E-13    5.104451813668061E-13    0.25                     5.0E10                   2700                     5677.362454912003        3277.8267416305193       2502.294445801098
1.45046                  1.62                     0.6172839506172839       5.223258898523944E-13    5.081138785951508E-13    0.25                     5.0E10                   2700                     5677.362454912003        3277.8267416305193       2502.294445801098
1.45046                  1.6400000000000001       0.6097560975609756       5.174015055679185E-13    5.066644426651063E-13    0.25                     5.0E10                   2700                     5677.362454912003        3277.8267416305193       2502.294445801098
1.45046                  1.6600000000000001       0.6024096385542168       5.133153658707671E-13    5.05891954969813E-13     0.25                     5.0E10                   2700                     5677.362454912003        3277.8267416305193       2502.294445801098
1.45046                  1.6800000000000002       0.5952380952380951       5.099056493566173E-13    5.056804120992289E-13    0.25                     5.0E10                   2700                     5677.362454912003        3277.8267416305193       2502.294445801098
1.45046                  1.7000000000000002       0.588235294117647        5.067451793813545E-13    5.055994466694442E-13    0.25                     5.0E10                   2700                     5677.362454912003        3277.8267416305193       2502.294445801098
1.45046                  1.7200000000000002       0.5813953488372092       5.036990329149447E-13    5.055423366847416E-13    0.25                     5.0E10                   2700                     5677.362454912003        3277.8267416305193       2502.294445801098
1.45046                  1.7400000000000002       0.5747126436781609       5.005867304470495E-13    5.053361594224702E-13    0.25                     5.0E10                   2700                     5677.362454912003        3277.8267416305193       2502.294445801098
1.45046                  1.7600000000000002       0.5681818181818182       4.972733908457071E-13    5.04847640600175E-13     0.25                     5.0E10                   2700                     5677.362454912003        3277.8267416305193       2502.294445801098
1.45046                  1.78                     0.5617977528089887       4.936723273917445E-13    5.039870184523254E-13    0.25                     5.0E10                   2700                     5677.362454912003        3277.8267416305193       2502.294445801098
1.45046                  1.8                      0.5555555555555556       4.897422461417913E-13    5.027076318271679E-13    0.25                     5.0E10                   2700                     5677.362454912003        3277.8267416305193       2502.294445801098
1.45046                  1.82                     0.5494505494505494       4.854822347867644E-13    5.010020389354096E-13    0.25                     5.0E10                   2700                     5677.362454912003        3277.8267416305193       2502.294445801098
1.45046                  1.84                     0.5434782608695652       4.809239077519589E-13    4.988955358075848E-13    0.25                     5.0E10                   2700                     5677.362454912003        3277.8267416305193       2502.294445801098
1.45046                  1.86                     0.5376344086021505       4.761226014221767E-13    4.964382548182702E-13    0.25                     5.0E10                   2700                     5677.362454912003        3277.8267416305193       2502.294445801098
1.45046                  1.8800000000000001       0.5319148936170213       4.711485986275777E-13    4.936969254420368E-13    0.25                     5.0E10                   2700                     5677.362454912003        3277.8267416305193       2502.294445801098
1.45046                  1.9000000000000001       0.5263157894736842       4.660792287692616E-13    4.907471869076205E-13    0.25                     5.0E10                   2700                     5677.362454912003        3277.8267416305193       2502.294445801098
1.45046                  1.9200000000000002       0.5208333333333333       4.609923751478183E-13    4.876670559891198E-13    0.25                     5.0E10                   2700                     5677.362454912003        3277.8267416305193       2502.294445801098
1.45046                  1.9400000000000002       0.5154639175257731       4.55961613572937E-13     4.845318553207304E-13    0.25                     5.0E10                   2700                     5677.362454912003        3277.8267416305193       2502.294445801098
1.45046                  1.9600000000000002       0.5102040816326531       4.510527974892316E-13    4.814106084177862E-13    0.25                     5.0E10                   2700                     5677.362454912003        3277.8267416305193       2502.294445801098
1.45046                  1.9800000000000002       0.505050505050505        4.4632286104303535E-13   4.783640452534081E-13    0.25                     5.0E10                   2700                     5677.362454912003        3277.8267416305193       2502.294445801098
1.45046                  2                        0.5                      4.418388918015361E-13    4.754508876430947E-13    0.25                     5.0E10                   2700                     5677.362454912003        3277.8267416305193       2502.294445801098
1.45046                  2.02                     0.4950495049504951       4.375950336649615E-13    4.726971438117774E-13    0.25                     5.0E10                   2700                     5677.362454912003        3277.8267416305193       2502.294445801098
1.45046                  2.04                     0.4901960784313726       4.336402558728095E-13    4.701432742731293E-13    0.25                     5.0E10                   2700                     5677.362454912003        3277.8267416305193       2502.294445801098
1.45046                  2.06                     0.48543689320388345      4.2999359497828846E-13   4.678134339340139E-13    0.25                     5.0E10                   2700                     5677.362454912003        3277.8267416305193       2502.294445801098
1.45046                  2.08                     0.4807692307692307       4.2666701305924183E-13   4.657245357658399E-13    0.25                     5.0E10                   2700                     5677.362454912003        3277.8267416305193       2502.294445801098
1.45046                  2.1                      0.47619047619047616      4.2366658671340935E-13   4.63887361769905E-13     0.25                     5.0E10                   2700                     5677.362454912003        3277.8267416305193       2502.294445801098
1.45046                  2.12                     0.4716981132075472       4.209936290332245E-13    4.623076426321517E-13    0.25                     5.0E10                   2700                     5677.362454912003        3277.8267416305193       2502.294445801098
1.45046                  2.14                     0.46728971962616817      4.186456950100587E-13    4.609870474207238E-13    0.25                     5.0E10                   2700                     5677.362454912003        3277.8267416305193       2502.294445801098
1.45046                  2.16                     0.4629629629629629       4.1661744682006715E-13   4.599240515996251E-13    0.25                     5.0E10                   2700                     5677.362454912003        3277.8267416305193       2502.294445801098
1.45046                  2.18                     0.4587155963302752       4.149013734825359E-13    4.591146710228062E-13    0.25                     5.0E10                   2700                     5677.362454912003        3277.8267416305193       2502.294445801098
1.45046                  2.2                      0.4545454545454545       4.134882990358294E-13    4.58553039513478E-13     0.25                     5.0E10                   2700                     5677.362454912003        3277.8267416305193       2502.294445801098
1.45046                  2.22                     0.45045045045045035      4.1236812096943026E-13   4.582319765630387E-13    0.25                     5.0E10                   2700                     5677.362454912003        3277.8267416305193       2502.294445801098
1.45046                  2.24                     0.44642857142857134      4.115297320918356E-13    4.581432194203367E-13    0.25                     5.0E10                   2700                     5677.362454912003        3277.8267416305193       2502.294445801098
1.45046                  2.2600000000000002       0.44247787610619466      4.1096154930957034E-13   4.582777821910239E-13    0.25                     5.0E10                   2700                     5677.362454912003        3277.8267416305193       2502.294445801098
1.45046                  2.2800000000000002       0.43859649122807015      4.1065162077023653E-13   4.5862612735753E-13      0.25                     5.0E10                   2700                     5677.362454912003        3277.8267416305193       2502.294445801098
1.45046                  2.3000000000000003       0.43478260869565216      4.1058774180802613E-13   4.591782957599439E-13    0.25                     5.0E10                   2700                     5677.362454912003        3277.8267416305193       2502.294445801098
1.45046                  2.3200000000000003       0.4310344827586206       4.10757525270308E-13     4.599239877543152E-13    0.25                     5.0E10                   2700                     5677.362454912003        3277.8267416305193       2502.294445801098
1.45046                  2.3400000000000003       0.4273504273504273       4.111484383314301E-13    4.608526080699532E-13    0.25                     5.0E10                   2700                     5677.362454912003        3277.8267416305193       2502.294445801098
1.45046                  2.3600000000000003       0.42372881355932196      4.1174781610495145E-13   4.619532851803981E-13    0.25                     5.0E10                   2700                     5677.362454912003        3277.8267416305193       2502.294445801098
1.45046                  2.3800000000000003       0.4201680672268907       4.125428604803577E-13    4.632148742491652E-13    0.25                     5.0E10                   2700                     5677.362454912003        3277.8267416305193       2502.294445801098
1.45046                  2.4000000000000004       0.4166666666666666       4.135206311182893E-13    4.646259511626123E-13    0.25                     5.0E10                   2700                     5677.362454912003        3277.8267416305193       2502.294445801098
1.45046                  2.42                     0.4132231404958677       4.146680340327967E-13    4.66174803660104E-13     0.25                     5.0E10                   2700                     5677.362454912003        3277.8267416305193       2502.294445801098
1.45046                  2.44                     0.4098360655737705       4.1597181203794857E-13   4.678494243200462E-13    0.25                     5.0E10                   2700                     5677.362454912003        3277.8267416305193       2502.294445801098
1.45046                  2.46                     0.4065040650406504       4.1741854025782397E-13   4.696375090081347E-13    0.25                     5.0E10                   2700                     5677.362454912003        3277.8267416305193       2502.294445801098
1.45046                  2.48                     0.4032258064516129       4.189946290193061E-13    4.715264634333224E-13    0.25                     5.0E10                   2700                     5677.362454912003        3277.8267416305193       2502.294445801098
1.45046                  2.5                      0.4                      4.209279466874848E-13    4.736855538520689E-13    0.25                     5.0E10                   2700                     5677.362454912003        3277.8267416305193       2502.294445801098
1.45046                  2.52                     0.3968253968253968       4.227187278359811E-13    4.757350524350445E-13    0.25                     5.0E10                   2700                     5677.362454912003        3277.8267416305193       2502.294445801098
1.45046                  2.54                     0.39370078740157477      4.2459641745840264E-13   4.778452851341188E-13    0.25                     5.0E10                   2700                     5677.362454912003        3277.8267416305193       2502.294445801098
1.45046                  2.56                     0.39062499999999994      4.2654687316603577E-13   4.800026638377433E-13    0.25                     5.0E10                   2700                     5677.362454912003        3277.8267416305193       2502.294445801098
1.45046                  2.58                     0.38759689922480617      4.285561024245062E-13    4.82193650462788E-13     0.25                     5.0E10                   2700                     5677.362454912003        3277.8267416305193       2502.294445801098
1.45046                  2.6                      0.3846153846153846       4.3061018070381197E-13   4.844046951352499E-13    0.25                     5.0E10                   2700                     5677.362454912003        3277.8267416305193       2502.294445801098
1.45046                  2.62                     0.3816793893129771       4.3269531883861575E-13   4.866223143776547E-13    0.25                     5.0E10                   2700                     5677.362454912003        3277.8267416305193       2502.294445801098
1.45046                  2.64                     0.37878787878787873      4.347979367608268E-13    4.888331762630337E-13    0.25                     5.0E10                   2700                     5677.362454912003        3277.8267416305193       2502.294445801098
1.45046                  2.66                     0.37593984962406013      4.369047420798425E-13    4.910241908065935E-13    0.25                     5.0E10                   2700                     5677.362454912003        3277.8267416305193       2502.294445801098
1.45046                  2.68                     0.3731343283582089       4.390028118047065E-13    4.931826036793591E-13    0.25                     5.0E10                   2700                     5677.362454912003        3277.8267416305193       2502.294445801098
1.45046                  2.7                      0.37037037037037035      4.410796753660314E-13    4.952960911789663E-13    0.25                     5.0E10                   2700                     5677.362454912003        3277.8267416305193       2502.294445801098
1.45046                  2.72                     0.3676470588235294       4.43123397089338E-13     4.973528543819161E-13    0.25                     5.0E10                   2700                     5677.362454912003        3277.8267416305193       2502.294445801098
1.45046                  2.74                     0.36496350364963503      4.4512265622721956E-13   4.993417103734198E-13    0.25                     5.0E10                   2700                     5677.362454912003        3277.8267416305193       2502.294445801098
1.45046                  2.7600000000000002       0.36231884057971014      4.4706682269924294E-13   5.01252178503734E-13     0.25                     5.0E10                   2700                     5677.362454912003        3277.8267416305193       2502.294445801098
1.45046                  2.7800000000000002       0.35971223021582727      4.48946026841323E-13     5.030745597794496E-13    0.25                     5.0E10                   2700                     5677.362454912003        3277.8267416305193       2502.294445801098
1.45046                  2.8000000000000003       0.3571428571428571       4.5075122157738484E-13   5.048000076553715E-13    0.25                     5.0E10                   2700                     5677.362454912003        3277.8267416305193       2502.294445801098
1.45046                  2.8200000000000003       0.35460992907801414      4.524742356433751E-13    5.06420588715466E-13     0.25                     5.0E10                   2700                     5677.362454912003        3277.8267416305193       2502.294445801098
1.45046                  2.8400000000000003       0.352112676056338        4.541078167373745E-13    5.079293320323128E-13    0.25                     5.0E10                   2700                     5677.362454912003        3277.8267416305193       2502.294445801098
1.45046                  2.8600000000000003       0.3496503496503496       4.556456637447311E-13    5.093202662710908E-13    0.25                     5.0E10                   2700                     5677.362454912003        3277.8267416305193       2502.294445801098
1.45046                  2.8800000000000003       0.3472222222222222       4.570824474729871E-13    5.105884439567567E-13    0.25                     5.0E10                   2700                     5677.362454912003        3277.8267416305193       2502.294445801098
1.45046                  2.9000000000000004       0.3448275862068965       4.584138196216153E-13    5.117299526285035E-13    0.25                     5.0E10                   2700                     5677.362454912003        3277.8267416305193       2502.294445801098
1.45046                  2.92                     0.34246575342465757      4.596364304694286E-13    5.127419220016861E-13    0.25                     5.0E10                   2700                     5677.362454912003        3277.8267416305193       2502.294445801098
1.45046                  2.94                     0.3401360544217687       4.607478399671666E-13    5.136224787767482E-13    0.25                     5.0E10                   2700                     5677.362454912003        3277.8267416305193       2502.294445801098
1.45046                  2.96                     0.33783783783783783      4.617465942949337E-13    5.143707576970998E-13    0.25                     5.0E10                   2700                     5677.362454912003        3277.8267416305193       2502.294445801098
1.45046                  2.98                     0.3355704697986577       4.626321305145445E-13    5.149868448347682E-13    0.25                     5.0E10                   2700                     5677.362454912003        3277.8267416305193       2502.294445801098
1.45046                  3                        0.3333333333333333       4.634047459291722E-13    5.154717334946929E-13    0.25                     5.0E10                   2700                     5677.362454912003        3277.8267416305193       2502.294445801098
1.45046                  3.02                     0.33112582781456956      4.640655463745047E-13    5.158272682312298E-13    0.25                     5.0E10                   2700                     5677.362454912003        3277.8267416305193       2502.294445801098
1.45046                  3.04                     0.32894736842105265      4.64616387989027E-13     5.160560817183151E-13    0.25                     5.0E10                   2700                     5677.362454912003        3277.8267416305193       2502.294445801098
1.45046                  3.06                     0.32679738562091504      4.650598137946107E-13    5.161615259509645E-13    0.25                     5.0E10                   2700                     5677.362454912003        3277.8267416305193       2502.294445801098
1.45046                  3.08                     0.3246753246753247       4.653989864427428E-13    5.161475992909443E-13    0.25                     5.0E10                   2700                     5677.362454912003        3277.8267416305193       2502.294445801098
1.45046                  3.1                      0.32258064516129037      4.656376184953591E-13    5.160188708431464E-13    0.25                     5.0E10                   2700                     5677.362454912003        3277.8267416305193       2502.294445801098
1.45046                  3.12                     0.32051282051282054      4.657799014732583E-13    5.15780403560657E-13     0.25                     5.0E10                   2700                     5677.362454912003        3277.8267416305193       2502.294445801098
1.45046                  3.14                     0.3184713375796178       4.658304349132702E-13    5.154376774164073E-13    0.25                     5.0E10                   2700                     5677.362454912003        3277.8267416305193       2502.294445801098
1.45046                  3.16                     0.3164556962025316       4.6579415650319E-13      5.149965138149551E-13    0.25                     5.0E10                   2700                     5677.362454912003        3277.8267416305193       2502.294445801098
1.45046                  3.18                     0.31446540880503143      4.65676274251038E-13     5.144630023139428E-13    0.25                     5.0E10                   2700                     5677.362454912003        3277.8267416305193       2502.294445801098
1.45046                  3.2                      0.3125                   4.654822015292527E-13    5.138434305397407E-13    0.25                     5.0E10                   2700                     5677.362454912003        3277.8267416305193       2502.294445801098
1.45046                  3.22                     0.31055900621118004      4.652174956634373E-13    5.131442180485525E-13    0.25                     5.0E10                   2700                     5677.362454912003        3277.8267416305193       2502.294445801098
1.45046                  3.24                     0.30864197530864196      4.64887800601616E-13     5.123718546996442E-13    0.25                     5.0E10                   2700                     5677.362454912003        3277.8267416305193       2502.294445801098
1.45046                  3.2600000000000002       0.3067484662576687       4.644987940684944E-13    5.115328439819273E-13    0.25                     5.0E10                   2700                     5677.362454912003        3277.8267416305193       2502.294445801098
1.45046                  3.2800000000000002       0.3048780487804878       4.640561394762603E-13    5.106336515701041E-13    0.25                     5.0E10                   2700                     5677.362454912003        3277.8267416305193       2502.294445801098
1.45046                  3.3000000000000003       0.30303030303030304      4.635654427310522E-13    5.09680659271593E-13     0.25                     5.0E10                   2700                     5677.362454912003        3277.8267416305193       2502.294445801098
1.45046                  3.3200000000000003       0.3012048192771084       4.630322139820057E-13    5.086801243768519E-13    0.25                     5.0E10                   2700                     5677.362454912003        3277.8267416305193       2502.294445801098
1.45046                  3.3400000000000003       0.29940119760479045      4.624622305243565E-13    5.076422630414636E-13    0.25                     5.0E10                   2700                     5677.362454912003        3277.8267416305193       2502.294445801098
1.45046                  3.3600000000000003       0.29761904761904756      4.618593136441973E-13    5.065635909932161E-13    0.25                     5.0E10                   2700                     5677.362454912003        3277.8267416305193       2502.294445801098
1.45046                  3.3800000000000003       0.29585798816568043      4.612294892891418E-13    5.054550501420917E-13    0.25                     5.0E10                   2700                     5677.362454912003        3277.8267416305193       2502.294445801098
1.45046                  3.4000000000000004       0.2941176470588235       4.605776032873985E-13    5.043221049983224E-13    0.25                     5.0E10                   2700                     5677.362454912003        3277.8267416305193       2502.294445801098
1.45046                  3.4200000000000004       0.29239766081871343      4.599082842319575E-13    5.031699684780817E-13    0.25                     5.0E10                   2700                     5677.362454912003        3277.8267416305193       2502.294445801098
1.45046                  3.44                     0.29069767441860467      4.592259314568631E-13    5.020035898259643E-13    0.25                     5.0E10                   2700                     5677.362454912003        3277.8267416305193       2502.294445801098
1.45046                  3.46                     0.2890173410404624       4.585347064029545E-13    5.008276462422379E-13    0.25                     5.0E10                   2700                     5677.362454912003        3277.8267416305193       2502.294445801098
1.45046                  3.48                     0.28735632183908044      4.578385270878548E-13    4.996465378301672E-13    0.25                     5.0E10                   2700                     5677.362454912003        3277.8267416305193       2502.294445801098
1.45046                  3.5                      0.2857142857142857       4.571410653018097E-13    4.984643854917335E-13    0.25                     5.0E10                   2700                     5677.362454912003        3277.8267416305193       2502.294445801098
1.45046                  3.52                     0.2840909090909091       4.564458565760751E-13    4.972851168435422E-13    0.25                     5.0E10                   2700                     5677.362454912003        3277.8267416305193       2502.294445801098
1.45046                  3.54                     0.2824858757062147       4.557558627076981E-13    4.961121278051389E-13    0.25                     5.0E10                   2700                     5677.362454912003        3277.8267416305193       2502.294445801098
1.45046                  3.56                     0.28089887640449435      4.550741309452202E-13    4.949487983635631E-13    0.25                     5.0E10                   2700                     5677.362454912003        3277.8267416305193       2502.294445801098
1.45046                  3.58                     0.2793296089385475       4.544033640648685E-13    4.937981585256967E-13    0.25                     5.0E10                   2700                     5677.362454912003        3277.8267416305193       2502.294445801098
1.45046                  3.6                      0.2777777777777778       4.5374603494758654E-13   4.926629809542957E-13    0.25                     5.0E10                   2700                     5677.362454912003        3277.8267416305193       2502.294445801098
1.45046                  3.62                     0.27624309392265195      4.5310439396530553E-13   4.91545789694499E-13     0.25                     5.0E10                   2700                     5677.362454912003        3277.8267416305193       2502.294445801098
1.45046                  3.64                     0.2747252747252747       4.524804771877153E-13    4.904488697322661E-13    0.25                     5.0E10                   2700                     5677.362454912003        3277.8267416305193       2502.294445801098
1.45046                  3.66                     0.27322404371584696      4.5187611522205315E-13   4.893742772099297E-13    0.25                     5.0E10                   2700                     5677.362454912003        3277.8267416305193       2502.294445801098
1.45046                  3.68                     0.2717391304347826       4.512929425145353E-13    4.88323850093678E-13     0.25                     5.0E10                   2700                     5677.362454912003        3277.8267416305193       2502.294445801098
1.45046                  3.7                      0.2702702702702703       4.507324069479635E-13    4.872992191154717E-13    0.25                     5.0E10                   2700                     5677.362454912003        3277.8267416305193       2502.294445801098
1.45046                  3.72                     0.26881720430107525      4.5019577963259824E-13   4.863018188883557E-13    0.25                     5.0E10                   2700                     5677.362454912003        3277.8267416305193       2502.294445801098
1.45046                  3.74                     0.267379679144385        4.4968416475056406E-13   4.853328990479255E-13    0.25                     5.0E10                   2700                     5677.362454912003        3277.8267416305193       2502.294445801098
1.45046                  3.7600000000000002       0.26595744680851063      4.491985093719168E-13    4.843935353048185E-13    0.25                     5.0E10                   2700                     5677.362454912003        3277.8267416305193       2502.294445801098
1.45046                  3.7800000000000002       0.26455026455026454      4.4873961315598466E-13   4.834846403563335E-13    0.25                     5.0E10                   2700                     5677.362454912003        3277.8267416305193       2502.294445801098
1.45046                  3.8000000000000003       0.2631578947368421       4.483081378711423E-13    4.826069745570666E-13    0.25                     5.0E10                   2700                     5677.362454912003        3277.8267416305193       2502.294445801098
1.45046                  3.8200000000000003       0.26178010471204183      4.4790461668301376E-13   4.817611563067935E-13    0.25                     5.0E10                   2700                     5677.362454912003        3277.8267416305193       2502.294445801098
1.45046                  3.8400000000000003       0.26041666666666663      4.475294631628277E-13    4.809476721030293E-13    0.25                     5.0E10                   2700                     5677.362454912003        3277.8267416305193       2502.294445801098
1.45046                  3.8600000000000003       0.25906735751295334      4.471829799732708E-13    4.801668862185231E-13    0.25                     5.0E10                   2700                     5677.362454912003        3277.8267416305193       2502.294445801098
1.45046                  3.8800000000000003       0.25773195876288657      4.4686536722791163E-13   4.794190499957769E-13    0.25                     5.0E10                   2700                     5677.362454912003        3277.8267416305193       2502.294445801098
1.45046                  3.9000000000000004       0.2564102564102564       4.4657673048775264E-13   4.787043107210023E-13    0.25                     5.0E10                   2700                     5677.362454912003        3277.8267416305193       2502.294445801098
1.45046                  3.9200000000000004       0.25510204081632654      4.463170883846202E-13    4.780227200742535E-13    0.25                     5.0E10                   2700                     5677.362454912003        3277.8267416305193       2502.294445801098
1.45046                  3.94                     0.25380710659898476      4.46086379880781E-13     4.773742421577581E-13    0.25                     5.0E10                   2700                     5677.362454912003        3277.8267416305193       2502.294445801098
1.45046                  3.96                     0.2525252525252525       4.458844711313239E-13    4.767587610855456E-13    0.25                     5.0E10                   2700                     5677.362454912003        3277.8267416305193       2502.294445801098
1.45046                  3.98                     0.25125628140703515      4.457111619902831E-13    4.761760881520972E-13    0.25                     5.0E10                   2700                     5677.362454912003        3277.8267416305193       2502.294445801098
1.45046                  4                        0.25                     4.4556619214215094E-13   4.756259685876073E-13    0.25                     5.0E10                   2700                     5677.362454912003        3277.8267416305193       2502.294445801098
1.45046                  4.02                     0.24875621890547264      4.454492468633577E-13    4.75108087900519E-13     0.25                     5.0E10                   2700                     5677.362454912003        3277.8267416305193       2502.294445801098
1.45046                  4.04                     0.24752475247524755      4.453599624329265E-13    4.746220778172368E-13    0.25                     5.0E10                   2700                     5677.362454912003        3277.8267416305193       2502.294445801098
1.45046                  4.06                     0.24630541871921185      4.4529793120604795E-13   4.741675218533516E-13    0.25                     5.0E10                   2700                     5677.362454912003        3277.8267416305193       2502.294445801098
1.45046                  4.08                     0.2450980392156863       4.4526270635752874E-13   4.737439604998388E-13    0.25                     5.0E10                   2700                     5677.362454912003        3277.8267416305193       2502.294445801098
1.45046                  4.1                      0.24390243902439027      4.452538062995902E-13    4.733508960671983E-13    0.25                     5.0E10                   2700                     5677.362454912003        3277.8267416305193       2502.294445801098
1.45046                  4.12                     0.24271844660194172      4.4527071881482835E-13   4.729877971944676E-13    0.25                     5.0E10                   2700                     5677.362454912003        3277.8267416305193       2502.294445801098
1.45046                  4.14                     0.2415458937198068       4.453129048812549E-13    4.72654103027667E-13     0.25                     5.0E10                   2700                     5677.362454912003        3277.8267416305193       2502.294445801098
1.45046                  4.16                     0.24038461538461536      4.453798022399772E-13    4.723492271001601E-13    0.25                     5.0E10                   2700                     5677.362454912003        3277.8267416305193       2502.294445801098
1.45046                  4.18                     0.2392344497607656       4.4547082869287226E-13   4.720725609316832E-13    0.25                     5.0E10                   2700                     5677.362454912003        3277.8267416305193       2502.294445801098
1.45046                  4.199999999999999        0.23809523809523814      4.455853851603403E-13    4.718234773379273E-13    0.25                     5.0E10                   2700                     5677.362454912003        3277.8267416305193       2502.294445801098
1.45046                  4.22                     0.23696682464454977      4.457228585049229E-13    4.716013335090086E-13    0.25                     5.0E10                   2700                     5677.362454912003        3277.8267416305193       2502.294445801098
1.45046                  4.239999999999999        0.23584905660377362      4.4588262413912184E-13   4.714054738194376E-13    0.25                     5.0E10                   2700                     5677.362454912003        3277.8267416305193       2502.294445801098
1.45046                  4.26                     0.2347417840375587       4.460640484270771E-13    4.712352324440284E-13    0.25                     5.0E10                   2700                     5677.362454912003        3277.8267416305193       2502.294445801098
1.45046                  4.279999999999999        0.23364485981308417      4.462664908847636E-13    4.710899357217199E-13    0.25                     5.0E10                   2700                     5677.362454912003        3277.8267416305193       2502.294445801098
1.45046                  4.3                      0.23255813953488372      4.464893062245029E-13    4.709689043726083E-13    0.25                     5.0E10                   2700                     5677.362454912003        3277.8267416305193       2502.294445801098
1.45046                  4.319999999999999        0.23148148148148148      4.4673184620075537E-13   4.708714554722612E-13    0.25                     5.0E10                   2700                     5677.362454912003        3277.8267416305193       2502.294445801098
1.45046                  4.34                     0.2304147465437788       4.469934613153232E-13    4.707969043007363E-13    0.25                     5.0E10                   2700                     5677.362454912003        3277.8267416305193       2502.294445801098
1.45046                  4.359999999999999        0.22935779816513763      4.472735023775047E-13    4.707445660137147E-13    0.25                     5.0E10                   2700                     5677.362454912003        3277.8267416305193       2502.294445801098
1.45046                  4.38                     0.228310502283105        4.475715580576154E-13    4.707139432844331E-13    0.25                     5.0E10                   2700                     5677.362454912003        3277.8267416305193       2502.294445801098
1.45046                  4.3999999999999995       0.22727272727272732      4.478865153078378E-13    4.707039868246332E-13    0.25                     5.0E10                   2700                     5677.362454912003        3277.8267416305193       2502.294445801098
1.45046                  4.42                     0.22624434389140272      4.4821796628329887E-13   4.707142024379593E-13    0.25                     5.0E10                   2700                     5677.362454912003        3277.8267416305193       2502.294445801098
1.45046                  4.4399999999999995       0.22522522522522526      4.4856527593376637E-13   4.70743918604998E-13     0.25                     5.0E10                   2700                     5677.362454912003        3277.8267416305193       2502.294445801098
1.45046                  4.46                     0.2242152466367713       4.489278154044752E-13    4.707924699745775E-13    0.25                     5.0E10                   2700                     5677.362454912003        3277.8267416305193       2502.294445801098
1.45046                  4.4799999999999995       0.2232142857142857       4.493049628877109E-13    4.708591982829472E-13    0.25                     5.0E10                   2700                     5677.362454912003        3277.8267416305193       2502.294445801098
1.45046                  4.5                      0.22222222222222224      4.496961044048513E-13    4.709434531645117E-13    0.25                     5.0E10                   2700                     5677.362454912003        3277.8267416305193       2502.294445801098
1.45046                  4.52                     0.22123893805309736      4.501006344797332E-13    4.710445928852672E-13    0.25                     5.0E10                   2700                     5677.362454912003        3277.8267416305193       2502.294445801098
1.45046                  4.54                     0.22026431718061676      4.505179567635297E-13    4.711619849914138E-13    0.25                     5.0E10                   2700                     5677.362454912003        3277.8267416305193       2502.294445801098
1.45046                  4.56                     0.21929824561403513      4.5094748456188074E-13   4.71295006878718E-13     0.25                     5.0E10                   2700                     5677.362454912003        3277.8267416305193       2502.294445801098
1.45046                  4.58                     0.21834061135371177      4.513886413253795E-13    4.714430462935201E-13    0.25                     5.0E10                   2700                     5677.362454912003        3277.8267416305193       2502.294445801098
1.45046                  4.6                      0.2173913043478261       4.518408610495646E-13    4.716055017646422E-13    0.25                     5.0E10                   2700                     5677.362454912003        3277.8267416305193       2502.294445801098
1.45046                  4.62                     0.21645021645021645      4.523035886396903E-13    4.717817829925052E-13    0.25                     5.0E10                   2700                     5677.362454912003        3277.8267416305193       2502.294445801098
1.45046                  4.64                     0.21551724137931036      4.527762802184228E-13    4.719713111561972E-13    0.25                     5.0E10                   2700                     5677.362454912003        3277.8267416305193       2502.294445801098
1.45046                  4.66                     0.2145922746781116       4.5325840338104013E-13   4.721735191927576E-13    0.25                     5.0E10                   2700                     5677.362454912003        3277.8267416305193       2502.294445801098
1.45046                  4.68                     0.21367521367521367      4.5374943740254146E-13   4.723878520068332E-13    0.25                     5.0E10                   2700                     5677.362454912003        3277.8267416305193       2502.294445801098
1.45046                  4.7                      0.2127659574468085       4.542488734286842E-13    4.726137666757308E-13    0.25                     5.0E10                   2700                     5677.362454912003        3277.8267416305193       2502.294445801098
1.45046                  4.72                     0.211864406779661        4.547562145934746E-13    4.728507325669733E-13    0.25                     5.0E10                   2700                     5677.362454912003        3277.8267416305193       2502.294445801098
1.45046                  4.739999999999999        0.21097046413502113      4.552709761376966E-13    4.730982314597638E-13    0.25                     5.0E10                   2700                     5677.362454912003        3277.8267416305193       2502.294445801098
1.45046                  4.76                     0.21008403361344538      4.557926854580953E-13    4.73355757598043E-13     0.25                     5.0E10                   2700                     5677.362454912003        3277.8267416305193       2502.294445801098
1.45046                  4.779999999999999        0.20920502092050208      4.563208821615414E-13    4.73622817748667E-13     0.25                     5.0E10                   2700                     5677.362454912003        3277.8267416305193       2502.294445801098
1.45046                  4.8                      0.20833333333333334      4.568551180839878E-13    4.738989312103211E-13    0.25                     5.0E10                   2700                     5677.362454912003        3277.8267416305193       2502.294445801098
1.45046                  4.819999999999999        0.2074688796680498       4.573949572576542E-13    4.741836297936088E-13    0.25                     5.0E10                   2700                     5677.362454912003        3277.8267416305193       2502.294445801098
1.45046                  4.84                     0.20661157024793386      4.579399758985859E-13    4.744764577929803E-13    0.25                     5.0E10                   2700                     5677.362454912003        3277.8267416305193       2502.294445801098
1.45046                  4.859999999999999        0.20576131687242802      4.58489762342866E-13     4.747769719258162E-13    0.25                     5.0E10                   2700                     5677.362454912003        3277.8267416305193       2502.294445801098
1.45046                  4.88                     0.20491803278688525      4.590439169802364E-13    4.750847412601445E-13    0.25                     5.0E10                   2700                     5677.362454912003        3277.8267416305193       2502.294445801098
1.45046                  4.8999999999999995       0.20408163265306126      4.596020521534156E-13    4.75399347118953E-13     0.25                     5.0E10                   2700                     5677.362454912003        3277.8267416305193       2502.294445801098
1.45046                  4.92                     0.2032520325203252       4.601637920626139E-13    4.757203829650279E-13    0.25                     5.0E10                   2700                     5677.362454912003        3277.8267416305193       2502.294445801098
1.45046                  4.9399999999999995       0.20242914979757085      4.607287726407078E-13    4.760474542947622E-13    0.25                     5.0E10                   2700                     5677.362454912003        3277.8267416305193       2502.294445801098
1.45046                  4.96                     0.20161290322580644      4.61296641425803E-13     4.76380178476887E-13     0.25                     5.0E10                   2700                     5677.362454912003        3277.8267416305193       2502.294445801098
1.45046                  4.9799999999999995       0.20080321285140565      4.618670574222154E-13    4.767181846289391E-13    0.25                     5.0E10                   2700                     5677.362454912003        3277.8267416305193       2502.294445801098
1.45046                  5                        0.2                      4.625288077910857E-13    4.771747672367757E-13    0.25                     5.0E10                   2700                     5677.362454912003        3277.8267416305193       2502.294445801098
1.45046                  5.02                     0.19920318725099603      4.631032661706803E-13    4.77522196052085E-13     0.25                     5.0E10                   2700                     5677.362454912003        3277.8267416305193       2502.294445801098
1.45046                  5.04                     0.1984126984126984       4.636792679868355E-13    4.778738075276255E-13    0.25                     5.0E10                   2700                     5677.362454912003        3277.8267416305193       2502.294445801098
1.45046                  5.06                     0.19762845849802374      4.642565184699385E-13    4.782292786124687E-13    0.25                     5.0E10                   2700                     5677.362454912003        3277.8267416305193       2502.294445801098
1.45046                  5.08                     0.19685039370078738      4.648347333973344E-13    4.785882970256521E-13    0.25                     5.0E10                   2700                     5677.362454912003        3277.8267416305193       2502.294445801098
1.45046                  5.1                      0.19607843137254904      4.654136389028901E-13    4.789505610739207E-13    0.25                     5.0E10                   2700                     5677.362454912003        3277.8267416305193       2502.294445801098
1.45046                  5.12                     0.19531249999999997      4.65992971290668E-13     4.793157794457416E-13    0.25                     5.0E10                   2700                     5677.362454912003        3277.8267416305193       2502.294445801098
1.45046                  5.14                     0.1945525291828794       4.66572476839387E-13     4.796836710229388E-13    0.25                     5.0E10                   2700                     5677.362454912003        3277.8267416305193       2502.294445801098
1.45046                  5.16                     0.19379844961240308      4.67151911582917E-13     4.800539646637181E-13    0.25                     5.0E10                   2700                     5677.362454912003        3277.8267416305193       2502.294445801098
1.45046                  5.18                     0.19305019305019305      4.677310411430547E-13    4.804263990067446E-13    0.25                     5.0E10                   2700                     5677.362454912003        3277.8267416305193       2502.294445801098
1.45046                  5.2                      0.1923076923076923       4.683096404763009E-13    4.808007222632063E-13    0.25                     5.0E10                   2700                     5677.362454912003        3277.8267416305193       2502.294445801098
1.45046                  5.22                     0.19157088122605365      4.68887493711902E-13     4.811766919952656E-13    0.25                     5.0E10                   2700                     5677.362454912003        3277.8267416305193       2502.294445801098
1.45046                  5.239999999999999        0.19083969465648856      4.694643939217763E-13    4.815540749206471E-13    0.25                     5.0E10                   2700                     5677.362454912003        3277.8267416305193       2502.294445801098
1.45046                  5.26                     0.19011406844106465      4.700401429040637E-13    4.819326466972161E-13    0.25                     5.0E10                   2700                     5677.362454912003        3277.8267416305193       2502.294445801098
1.45046                  5.279999999999999        0.18939393939393942      4.706145509918538E-13    4.823121916973471E-13    0.25                     5.0E10                   2700                     5677.362454912003        3277.8267416305193       2502.294445801098
1.45046                  5.3                      0.18867924528301888      4.711874368335145E-13    4.826925028238043E-13    0.25                     5.0E10                   2700                     5677.362454912003        3277.8267416305193       2502.294445801098
1.45046                  5.319999999999999        0.1879699248120301       4.717586271857195E-13    4.83073381270503E-13     0.25                     5.0E10                   2700                     5677.362454912003        3277.8267416305193       2502.294445801098
1.45046                  5.34                     0.18726591760299627      4.723279567050789E-13    4.834546363380941E-13    0.25                     5.0E10                   2700                     5677.362454912003        3277.8267416305193       2502.294445801098
1.45046                  5.359999999999999        0.1865671641791045       4.728952677352741E-13    4.838360852039601E-13    0.25                     5.0E10                   2700                     5677.362454912003        3277.8267416305193       2502.294445801098
1.45046                  5.38                     0.1858736059479554       4.734604101194997E-13    4.842175527320264E-13    0.25                     5.0E10                   2700                     5677.362454912003        3277.8267416305193       2502.294445801098
1.45046                  5.3999999999999995       0.1851851851851852       4.740232409656124E-13    4.845988712550557E-13    0.25                     5.0E10                   2700                     5677.362454912003        3277.8267416305193       2502.294445801098
1.45046                  5.42                     0.18450184501845018      4.745836244732023E-13    4.849798803802051E-13    0.25                     5.0E10                   2700                     5677.362454912003        3277.8267416305193       2502.294445801098
1.45046                  5.4399999999999995       0.18382352941176472      4.75141431720671E-13     4.853604267816001E-13    0.25                     5.0E10                   2700                     5677.362454912003        3277.8267416305193       2502.294445801098
1.45046                  5.46                     0.18315018315018314      4.756965404569125E-13    4.857403640062908E-13    0.25                     5.0E10                   2700                     5677.362454912003        3277.8267416305193       2502.294445801098
1.45046                  5.4799999999999995       0.18248175182481755      4.762488349185262E-13    4.861195522676223E-13    0.25                     5.0E10                   2700                     5677.362454912003        3277.8267416305193       2502.294445801098
1.45046                  5.5                      0.18181818181818182      4.767982056412791E-13    4.864978582666995E-13    0.25                     5.0E10                   2700                     5677.362454912003        3277.8267416305193       2502.294445801098
1.45046                  5.52                     0.1811594202898551       4.77344549243262E-13     4.86875154985567E-13     0.25                     5.0E10                   2700                     5677.362454912003        3277.8267416305193       2502.294445801098
1.45046                  5.54                     0.18050541516245486      4.778877682660756E-13    4.872513215113998E-13    0.25                     5.0E10                   2700                     5677.362454912003        3277.8267416305193       2502.294445801098
1.45046                  5.56                     0.1798561151079137       4.784277709723089E-13    4.876262428417555E-13    0.25                     5.0E10                   2700                     5677.362454912003        3277.8267416305193       2502.294445801098
1.45046                  5.58                     0.17921146953405018      4.789644711632738E-13    4.879998097056498E-13    0.25                     5.0E10                   2700                     5677.362454912003        3277.8267416305193       2502.294445801098
1.45046                  5.6                      0.17857142857142858      4.794977880110108E-13    4.883719183864051E-13    0.25                     5.0E10                   2700                     5677.362454912003        3277.8267416305193       2502.294445801098
1.45046                  5.62                     0.17793594306049823      4.800276458693492E-13    4.887424705453926E-13    0.25                     5.0E10                   2700                     5677.362454912003        3277.8267416305193       2502.294445801098
1.45046                  5.64                     0.1773049645390071       4.805539741102256E-13    4.891113730415206E-13    0.25                     5.0E10                   2700                     5677.362454912003        3277.8267416305193       2502.294445801098
1.45046                  5.66                     0.17667844522968196      4.810767069445637E-13    4.894785377749138E-13    0.25                     5.0E10                   2700                     5677.362454912003        3277.8267416305193       2502.294445801098
1.45046                  5.68                     0.17605633802816903      4.815957832703335E-13    4.898438815070847E-13    0.25                     5.0E10                   2700                     5677.362454912003        3277.8267416305193       2502.294445801098
1.45046                  5.7                      0.17543859649122806      4.821111465000219E-13    4.902073257148041E-13    0.25                     5.0E10                   2700                     5677.362454912003        3277.8267416305193       2502.294445801098
1.45046                  5.72                     0.17482517482517484      4.826227443899622E-13    4.90568796408168E-13     0.25                     5.0E10                   2700                     5677.362454912003        3277.8267416305193       2502.294445801098
1.45046                  5.739999999999999        0.17421602787456447      4.831305289117552E-13    4.909282239997565E-13    0.25                     5.0E10                   2700                     5677.362454912003        3277.8267416305193       2502.294445801098
1.45046                  5.76                     0.1736111111111111       4.836344560703656E-13    4.912855431297979E-13    0.25                     5.0E10                   2700                     5677.362454912003        3277.8267416305193       2502.294445801098
1.45046                  5.779999999999999        0.17301038062283738      4.841344857916583E-13    4.916406925434387E-13    0.25                     5.0E10                   2700                     5677.362454912003        3277.8267416305193       2502.294445801098
1.45046                  5.8                      0.1724137931034483       4.846305817340416E-13    4.919936149121448E-13    0.25                     5.0E10                   2700                     5677.362454912003        3277.8267416305193       2502.294445801098
1.45046                  5.819999999999999        0.17182130584192443      4.851227111709237E-13    4.923442567214512E-13    0.25                     5.0E10                   2700                     5677.362454912003        3277.8267416305193       2502.294445801098
1.45046                  5.84                     0.17123287671232879      4.856113371563337E-13    4.926930011266862E-13    0.25                     5.0E10                   2700                     5677.362454912003        3277.8267416305193       2502.294445801098
1.45046                  5.859999999999999        0.17064846416382254      4.860954561870197E-13    4.930389417347999E-13    0.25                     5.0E10                   2700                     5677.362454912003        3277.8267416305193       2502.294445801098
1.45046                  5.88                     0.17006802721088435      4.865755309376779E-13    4.933824627651377E-13    0.25                     5.0E10                   2700                     5677.362454912003        3277.8267416305193       2502.294445801098
1.45046                  5.8999999999999995       0.16949152542372883      4.870515417716246E-13    4.93723524556148E-13     0.25                     5.0E10                   2700                     5677.362454912003        3277.8267416305193       2502.294445801098
1.45046                  5.92                     0.16891891891891891      4.87523472013894E-13     4.940620905982822E-13    0.25                     5.0E10                   2700                     5677.362454912003        3277.8267416305193       2502.294445801098
1.45046                  5.9399999999999995       0.16835016835016836      4.879913078149576E-13    4.943981274017833E-13    0.25                     5.0E10                   2700                     5677.362454912003        3277.8267416305193       2502.294445801098
1.45046                  5.96                     0.16778523489932884      4.884550380298686E-13    4.94731604379304E-13     0.25                     5.0E10                   2700                     5677.362454912003        3277.8267416305193       2502.294445801098
1.45046                  5.9799999999999995       0.16722408026755856      4.889146541249456E-13    4.950624937366096E-13    0.25                     5.0E10                   2700                     5677.362454912003        3277.8267416305193       2502.294445801098
1.45046                  6                        0.16666666666666666      4.893701500387276E-13    4.953907703557401E-13    0.25                     5.0E10                   2700                     5677.362454912003        3277.8267416305193       2502.294445801098
1.45046                  6.02                     0.16611295681063123      4.898215220925759E-13    4.957164116870837E-13    0.25                     5.0E10                   2700                     5677.362454912003        3277.8267416305193       2502.294445801098
1.45046                  6.04                     0.16556291390728478      4.902687688820632E-13    4.960393976494056E-13    0.25                     5.0E10                   2700                     5677.362454912003        3277.8267416305193       2502.294445801098
1.45046                  6.06                     0.16501650165016504      4.907118911663669E-13    4.963597105200623E-13    0.25                     5.0E10                   2700                     5677.362454912003        3277.8267416305193       2502.294445801098
1.45046                  6.08                     0.16447368421052633      4.91150891775632E-13     4.966773348362889E-13    0.25                     5.0E10                   2700                     5677.362454912003        3277.8267416305193       2502.294445801098
1.45046                  6.1                      0.16393442622950818      4.915857755231954E-13    4.969922573111535E-13    0.25                     5.0E10                   2700                     5677.362454912003        3277.8267416305193       2502.294445801098
1.45046                  6.12                     0.16339869281045752      4.920165490893282E-13    4.97304466717841E-13     0.25                     5.0E10                   2700                     5677.362454912003        3277.8267416305193       2502.294445801098
1.45046                  6.14                     0.16286644951140067      4.92443220947988E-13     4.976139538198702E-13    0.25                     5.0E10                   2700                     5677.362454912003        3277.8267416305193       2502.294445801098
1.45046                  6.16                     0.16233766233766234      4.928658012878811E-13    4.979207112740859E-13    0.25                     5.0E10                   2700                     5677.362454912003        3277.8267416305193       2502.294445801098
1.45046                  6.18                     0.16181229773462782      4.93284301906329E-13     4.982247335432051E-13    0.25                     5.0E10                   2700                     5677.362454912003        3277.8267416305193       2502.294445801098
1.45046                  6.2                      0.16129032258064518      4.936987361372215E-13    4.985260168213506E-13    0.25                     5.0E10                   2700                     5677.362454912003        3277.8267416305193       2502.294445801098
1.45046                  6.22                     0.16077170418006428      4.941091187739413E-13    4.98824558947377E-13     0.25                     5.0E10                   2700                     5677.362454912003        3277.8267416305193       2502.294445801098
1.45046                  6.24                     0.16025641025641027      4.945154659889804E-13    4.991203593294357E-13    0.25                     5.0E10                   2700                     5677.362454912003        3277.8267416305193       2502.294445801098
1.45046                  6.26                     0.1597444089456869       4.949177952668872E-13    4.994134188742513E-13    0.25                     5.0E10                   2700                     5677.362454912003        3277.8267416305193       2502.294445801098
1.45046                  6.279999999999999        0.15923566878980894      4.953161253291857E-13    4.997037399146223E-13    0.25                     5.0E10                   2700                     5677.362454912003        3277.8267416305193       2502.294445801098
1.45046                  6.3                      0.15873015873015872      4.95710476057691E-13     4.999913261316298E-13    0.25                     5.0E10                   2700                     5677.362454912003        3277.8267416305193       2502.294445801098
1.45046                  6.319999999999999        0.15822784810126583      4.961008684325779E-13    5.002761824957177E-13    0.25                     5.0E10                   2700                     5677.362454912003        3277.8267416305193       2502.294445801098
1.45046                  6.34                     0.1577287066246057       4.964873244876154E-13    5.005583152066351E-13    0.25                     5.0E10                   2700                     5677.362454912003        3277.8267416305193       2502.294445801098
1.45046                  6.359999999999999        0.15723270440251574      4.968698672095393E-13    5.008377316104101E-13    0.25                     5.0E10                   2700                     5677.362454912003        3277.8267416305193       2502.294445801098
1.45046                  6.38                     0.15673981191222572      4.972485205103218E-13    5.011144401612513E-13    0.25                     5.0E10                   2700                     5677.362454912003        3277.8267416305193       2502.294445801098
1.45046                  6.3999999999999995       0.15625                  4.976233091618602E-13    5.013884503538177E-13    0.25                     5.0E10                   2700                     5677.362454912003        3277.8267416305193       2502.294445801098
1.45046                  6.42                     0.1557632398753894       4.979942587389748E-13    5.016597726667801E-13    0.25                     5.0E10                   2700                     5677.362454912003        3277.8267416305193       2502.294445801098
1.45046                  6.4399999999999995       0.15527950310559008      4.983613955545321E-13    5.019284185050111E-13    0.25                     5.0E10                   2700                     5677.362454912003        3277.8267416305193       2502.294445801098
1.45046                  6.46                     0.15479876160990713      4.987247466326908E-13    5.021944001578232E-13    0.25                     5.0E10                   2700                     5677.362454912003        3277.8267416305193       2502.294445801098
1.45046                  6.4799999999999995       0.154320987654321        4.99084339640627E-13     5.024577307389834E-13    0.25                     5.0E10                   2700                     5677.362454912003        3277.8267416305193       2502.294445801098
1.45046                  6.5                      0.15384615384615383      4.994402028426369E-13    5.027184241403705E-13    0.25                     5.0E10                   2700                     5677.362454912003        3277.8267416305193       2502.294445801098
1.45046                  6.52                     0.15337423312883436      4.997923650720528E-13    5.029764949956087E-13    0.25                     5.0E10                   2700                     5677.362454912003        3277.8267416305193       2502.294445801098
1.45046                  6.54                     0.15290519877675843      5.001408556522255E-13    5.032319586101677E-13    0.25                     5.0E10                   2700                     5677.362454912003        3277.8267416305193       2502.294445801098
1.45046                  6.56                     0.15243902439024393      5.004857044043467E-13    5.03484830953921E-13     0.25                     5.0E10                   2700                     5677.362454912003        3277.8267416305193       2502.294445801098
1.45046                  6.58                     0.1519756838905775       5.0082694156271E-13      5.037351285870789E-13    0.25                     5.0E10                   2700                     5677.362454912003        3277.8267416305193       2502.294445801098
1.45046                  6.6                      0.15151515151515152      5.011645977524471E-13    5.039828686366858E-13    0.25                     5.0E10                   2700                     5677.362454912003        3277.8267416305193       2502.294445801098
1.45046                  6.62                     0.1510574018126888       5.014987039577952E-13    5.042280687572394E-13    0.25                     5.0E10                   2700                     5677.362454912003        3277.8267416305193       2502.294445801098
1.45046                  6.64                     0.1506024096385542       5.018292914896574E-13    5.044707470944615E-13    0.25                     5.0E10                   2700                     5677.362454912003        3277.8267416305193       2502.294445801098
1.45046                  6.66                     0.15015015015015015      5.021563919329502E-13    5.047109222433188E-13    0.25                     5.0E10                   2700                     5677.362454912003        3277.8267416305193       2502.294445801098
1.45046                  6.68                     0.14970059880239522      5.024800371282734E-13    5.049486132188104E-13    0.25                     5.0E10                   2700                     5677.362454912003        3277.8267416305193       2502.294445801098
1.45046                  6.7                      0.1492537313432836       5.02800259143998E-13     5.051838394284131E-13    0.25                     5.0E10                   2700                     5677.362454912003        3277.8267416305193       2502.294445801098
1.45046                  6.72                     0.1488095238095238       5.031170902347289E-13    5.054166206311881E-13    0.25                     5.0E10                   2700                     5677.362454912003        3277.8267416305193       2502.294445801098
1.45046                  6.74                     0.14836795252225518      5.034305628201357E-13    5.056469769147303E-13    0.25                     5.0E10                   2700                     5677.362454912003        3277.8267416305193       2502.294445801098
1.45046                  6.76                     0.14792899408284024      5.037407094624972E-13    5.058749286680632E-13    0.25                     5.0E10                   2700                     5677.362454912003        3277.8267416305193       2502.294445801098
1.45046                  6.779999999999999        0.14749262536873156      5.040475628277211E-13    5.061004965447438E-13    0.25                     5.0E10                   2700                     5677.362454912003        3277.8267416305193       2502.294445801098
1.45046                  6.8                      0.14705882352941177      5.043511556712402E-13    5.063237014497076E-13    0.25                     5.0E10                   2700                     5677.362454912003        3277.8267416305193       2502.294445801098
1.45046                  6.819999999999999        0.1466275659824047       5.046515208102099E-13    5.065445645020924E-13    0.25                     5.0E10                   2700                     5677.362454912003        3277.8267416305193       2502.294445801098
1.45046                  6.84                     0.14619883040935674      5.049486911117889E-13    5.067631070259213E-13    0.25                     5.0E10                   2700                     5677.362454912003        3277.8267416305193       2502.294445801098
1.45046                  6.859999999999999        0.1457725947521866       5.052426994443878E-13    5.069793505072709E-13    0.25                     5.0E10                   2700                     5677.362454912003        3277.8267416305193       2502.294445801098
1.45046                  6.88                     0.14534883720930233      5.055335786961251E-13    5.071933165945295E-13    0.25                     5.0E10                   2700                     5677.362454912003        3277.8267416305193       2502.294445801098
1.45046                  6.8999999999999995       0.14492753623188406      5.058213617180724E-13    5.074050270583336E-13    0.25                     5.0E10                   2700                     5677.362454912003        3277.8267416305193       2502.294445801098
1.45046                  6.92                     0.1445086705202312       5.061060813343707E-13    5.076145037873064E-13    0.25                     5.0E10                   2700                     5677.362454912003        3277.8267416305193       2502.294445801098
1.45046                  6.9399999999999995       0.1440922190201729       5.063877703100678E-13    5.078217687595964E-13    0.25                     5.0E10                   2700                     5677.362454912003        3277.8267416305193       2502.294445801098
1.45046                  6.96                     0.14367816091954022      5.066664613360961E-13    5.080268440269051E-13    0.25                     5.0E10                   2700                     5677.362454912003        3277.8267416305193       2502.294445801098
1.45046                  6.9799999999999995       0.14326647564469916      5.069421870134518E-13    5.082297516960463E-13    0.25                     5.0E10                   2700                     5677.362454912003        3277.8267416305193       2502.294445801098
1.45046                  7                        0.14285714285714285      5.072149798554409E-13    5.084305139223305E-13    0.25                     5.0E10                   2700                     5677.362454912003        3277.8267416305193       2502.294445801098
1.45046                  7.02                     0.14245014245014245      5.074848722339118E-13    5.086291528750125E-13    0.25                     5.0E10                   2700                     5677.362454912003        3277.8267416305193       2502.294445801098
1.45046                  7.04                     0.14204545454545456      5.077518964197515E-13    5.088256907468051E-13    0.25                     5.0E10                   2700                     5677.362454912003        3277.8267416305193       2502.294445801098
1.45046                  7.06                     0.141643059490085        5.080160845182765E-13    5.090201497166078E-13    0.25                     5.0E10                   2700                     5677.362454912003        3277.8267416305193       2502.294445801098
1.45046                  7.08                     0.14124293785310735      5.082774685011493E-13    5.092125519544726E-13    0.25                     5.0E10                   2700                     5677.362454912003        3277.8267416305193       2502.294445801098
1.45046                  7.1                      0.14084507042253522      5.085360801481606E-13    5.094029195904969E-13    0.25                     5.0E10                   2700                     5677.362454912003        3277.8267416305193       2502.294445801098
1.45046                  7.12                     0.14044943820224717      5.087919511025469E-13    5.095912747315848E-13    0.25                     5.0E10                   2700                     5677.362454912003        3277.8267416305193       2502.294445801098
1.45046                  7.14                     0.1400560224089636       5.0904511278911E-13      5.09777639413506E-13     0.25                     5.0E10                   2700                     5677.362454912003        3277.8267416305193       2502.294445801098
1.45046                  7.16                     0.13966480446927376      5.092955964552259E-13    5.099620356200154E-13    0.25                     5.0E10                   2700                     5677.362454912003        3277.8267416305193       2502.294445801098
1.45046                  7.18                     0.1392757660167131       5.095434331410759E-13    5.101444852573516E-13    0.25                     5.0E10                   2700                     5677.362454912003        3277.8267416305193       2502.294445801098
1.45046                  7.2                      0.1388888888888889       5.097886536820962E-13    5.103250101528566E-13    0.25                     5.0E10                   2700                     5677.362454912003        3277.8267416305193       2502.294445801098
1.45046                  7.22                     0.13850415512465375      5.100312886902812E-13    5.105036320391821E-13    0.25                     5.0E10                   2700                     5677.362454912003        3277.8267416305193       2502.294445801098
1.45046                  7.24                     0.13812154696132597      5.102713685537038E-13    5.106803725493389E-13    0.25                     5.0E10                   2700                     5677.362454912003        3277.8267416305193       2502.294445801098
1.45046                  7.26                     0.13774104683195593      5.105089234364978E-13    5.108552532114287E-13    0.25                     5.0E10                   2700                     5677.362454912003        3277.8267416305193       2502.294445801098
1.45046                  7.279999999999999        0.13736263736263737      5.107439832555937E-13    5.110282954330512E-13    0.25                     5.0E10                   2700                     5677.362454912003        3277.8267416305193       2502.294445801098
1.45046                  7.3                      0.13698630136986303      5.109765776937056E-13    5.111995205028898E-13    0.25                     5.0E10                   2700                     5677.362454912003        3277.8267416305193       2502.294445801098
1.45046                  7.319999999999999        0.1366120218579235       5.112067361858231E-13    5.113689495830342E-13    0.25                     5.0E10                   2700                     5677.362454912003        3277.8267416305193       2502.294445801098
1.45046                  7.34                     0.1362397820163488       5.114344879129927E-13    5.11536603694819E-13     0.25                     5.0E10                   2700                     5677.362454912003        3277.8267416305193       2502.294445801098
1.45046                  7.359999999999999        0.13586956521739132      5.116598617898963E-13    5.117025037202793E-13    0.25                     5.0E10                   2700                     5677.362454912003        3277.8267416305193       2502.294445801098
1.45046                  7.38                     0.13550135501355012      5.118828864924538E-13    5.118666703987041E-13    0.25                     5.0E10                   2700                     5677.362454912003        3277.8267416305193       2502.294445801098
1.45046                  7.3999999999999995       0.13513513513513514      5.12103590417914E-13     5.12029124314912E-13     0.25                     5.0E10                   2700                     5677.362454912003        3277.8267416305193       2502.294445801098
1.45046                  7.42                     0.1347708894878706       5.12322001696374E-13     5.121898858966207E-13    0.25                     5.0E10                   2700                     5677.362454912003        3277.8267416305193       2502.294445801098
1.45046                  7.4399999999999995       0.13440860215053765      5.125381482036417E-13    5.123489754203188E-13    0.25                     5.0E10                   2700                     5677.362454912003        3277.8267416305193       2502.294445801098
1.45046                  7.46                     0.13404825737265413      5.127520575266341E-13    5.125064129888162E-13    0.25                     5.0E10                   2700                     5677.362454912003        3277.8267416305193       2502.294445801098
1.45046                  7.4799999999999995       0.1336898395721925       5.129637569854733E-13    5.126622185405841E-13    0.25                     5.0E10                   2700                     5677.362454912003        3277.8267416305193       2502.294445801098
1.45046                  7.5                      0.13333333333333333      5.131732736256518E-13    5.128164118444485E-13    0.25                     5.0E10                   2700                     5677.362454912003        3277.8267416305193       2502.294445801098
1.45046                  7.52                     0.13297872340425532      5.133806342073276E-13    5.129690124922326E-13    0.25                     5.0E10                   2700                     5677.362454912003        3277.8267416305193       2502.294445801098
1.45046                  7.54                     0.13262599469496023      5.135858652297802E-13    5.131200399056016E-13    0.25                     5.0E10                   2700                     5677.362454912003        3277.8267416305193       2502.294445801098
1.45046                  7.56                     0.13227513227513227      5.137889928864862E-13    5.132695133190514E-13    0.25                     5.0E10                   2700                     5677.362454912003        3277.8267416305193       2502.294445801098
1.45046                  7.58                     0.13192612137203166      5.139900431176139E-13    5.134174517943596E-13    0.25                     5.0E10                   2700                     5677.362454912003        3277.8267416305193       2502.294445801098
1.45046                  7.6                      0.13157894736842105      5.141890415573546E-13    5.135638741996093E-13    0.25                     5.0E10                   2700                     5677.362454912003        3277.8267416305193       2502.294445801098
1.45046                  7.62                     0.13123359580052493      5.143860135749066E-13    5.137087992265856E-13    0.25                     5.0E10                   2700                     5677.362454912003        3277.8267416305193       2502.294445801098
1.45046                  7.64                     0.13089005235602094      5.145809842428945E-13    5.138522453739537E-13    0.25                     5.0E10                   2700                     5677.362454912003        3277.8267416305193       2502.294445801098
1.45046                  7.66                     0.13054830287206268      5.147739783747045E-13    5.139942309587606E-13    0.25                     5.0E10                   2700                     5677.362454912003        3277.8267416305193       2502.294445801098
1.45046                  7.68                     0.13020833333333334      5.149650204748391E-13    5.141347741048894E-13    0.25                     5.0E10                   2700                     5677.362454912003        3277.8267416305193       2502.294445801098
1.45046                  7.7                      0.12987012987012989      5.151541347817171E-13    5.142738927414581E-13    0.25                     5.0E10                   2700                     5677.362454912003        3277.8267416305193       2502.294445801098
1.45046                  7.72                     0.1295336787564767       5.153413452496503E-13    5.14411604615775E-13     0.25                     5.0E10                   2700                     5677.362454912003        3277.8267416305193       2502.294445801098
1.45046                  7.74                     0.12919896640826872      5.155266755549972E-13    5.14547927278065E-13     0.25                     5.0E10                   2700                     5677.362454912003        3277.8267416305193       2502.294445801098
1.45046                  7.76                     0.1288659793814433       5.157101490870876E-13    5.146828780855352E-13    0.25                     5.0E10                   2700                     5677.362454912003        3277.8267416305193       2502.294445801098
1.45046                  7.779999999999999        0.12853470437017997      5.158917889620325E-13    5.148164742049936E-13    0.25                     5.0E10                   2700                     5677.362454912003        3277.8267416305193       2502.294445801098
1.45046                  7.8                      0.12820512820512822      5.160716180213521E-13    5.149487326113666E-13    0.25                     5.0E10                   2700                     5677.362454912003        3277.8267416305193       2502.294445801098
1.45046                  7.819999999999999        0.1278772378516624       5.162496588164956E-13    5.150796700818474E-13    0.25                     5.0E10                   2700                     5677.362454912003        3277.8267416305193       2502.294445801098
1.45046                  7.84                     0.12755102040816327      5.164259336387218E-13    5.152093032064727E-13    0.25                     5.0E10                   2700                     5677.362454912003        3277.8267416305193       2502.294445801098
1.45046                  7.859999999999999        0.1272264631043257       5.166004644951288E-13    5.153376483780187E-13    0.25                     5.0E10                   2700                     5677.362454912003        3277.8267416305193       2502.294445801098
1.45046                  7.88                     0.12690355329949238      5.167732731230581E-13    5.154647218005278E-13    0.25                     5.0E10                   2700                     5677.362454912003        3277.8267416305193       2502.294445801098
1.45046                  7.8999999999999995       0.12658227848101267      5.169443809928818E-13    5.155905394852491E-13    0.25                     5.0E10                   2700                     5677.362454912003        3277.8267416305193       2502.294445801098
1.45046                  7.92                     0.12626262626262624      5.171138093125559E-13    5.157151172562388E-13    0.25                     5.0E10                   2700                     5677.362454912003        3277.8267416305193       2502.294445801098
1.45046                  7.9399999999999995       0.12594458438287154      5.172815789938035E-13    5.158384707337973E-13    0.25                     5.0E10                   2700                     5677.362454912003        3277.8267416305193       2502.294445801098
1.45046                  7.96                     0.12562814070351758      5.174477107151227E-13    5.159606153647113E-13    0.25                     5.0E10                   2700                     5677.362454912003        3277.8267416305193       2502.294445801098
1.45046                  7.9799999999999995       0.12531328320802007      5.176122248748978E-13    5.160815663953577E-13    0.25                     5.0E10                   2700                     5677.362454912003        3277.8267416305193       2502.294445801098
1.45046                  8                        0.125                    5.177751416156597E-13    5.162013388895741E-13    0.25                     5.0E10                   2700                     5677.362454912003        3277.8267416305193       2502.294445801098
1.45046                  8.02                     0.12468827930174564      5.179364808154688E-13    5.163199477198797E-13    0.25                     5.0E10                   2700                     5677.362454912003        3277.8267416305193       2502.294445801098
1.45046                  8.040000000000001        0.1243781094527363       5.180962620957461E-13    5.164374075733552E-13    0.25                     5.0E10                   2700                     5677.362454912003        3277.8267416305193       2502.294445801098
1.45046                  8.06                     0.12406947890818859      5.182545048275591E-13    5.165537329564737E-13    0.25                     5.0E10                   2700                     5677.362454912003        3277.8267416305193       2502.294445801098
1.45046                  8.08                     0.12376237623762378      5.184112281213778E-13    5.166689381842397E-13    0.25                     5.0E10                   2700                     5677.362454912003        3277.8267416305193       2502.294445801098
1.45046                  8.1                      0.1234567901234568       5.185664508436225E-13    5.167830373951949E-13    0.25                     5.0E10                   2700                     5677.362454912003        3277.8267416305193       2502.294445801098
1.45046                  8.12                     0.12315270935960593      5.18720191606664E-13     5.168960445416006E-13    0.25                     5.0E10                   2700                     5677.362454912003        3277.8267416305193       2502.294445801098
1.45046                  8.14                     0.12285012285012284      5.188724687834231E-13    5.170079734000674E-13    0.25                     5.0E10                   2700                     5677.362454912003        3277.8267416305193       2502.294445801098
1.45046                  8.16                     0.12254901960784315      5.190233004982559E-13    5.171188375666641E-13    0.25                     5.0E10                   2700                     5677.362454912003        3277.8267416305193       2502.294445801098
1.45046                  8.18                     0.12224938875305624      5.191727046280384E-13    5.17228650454295E-13     0.25                     5.0E10                   2700                     5677.362454912003        3277.8267416305193       2502.294445801098
1.45046                  8.2                      0.12195121951219513      5.193206988238687E-13    5.173374253101538E-13    0.25                     5.0E10                   2700                     5677.362454912003        3277.8267416305193       2502.294445801098
1.45046                  8.22                     0.121654501216545        5.194673004921874E-13    5.174451751996766E-13    0.25                     5.0E10                   2700                     5677.362454912003        3277.8267416305193       2502.294445801098
1.45046                  8.24                     0.12135922330097086      5.196125268027625E-13    5.175519130166944E-13    0.25                     5.0E10                   2700                     5677.362454912003        3277.8267416305193       2502.294445801098
1.45046                  8.26                     0.12106537530266344      5.197563946916728E-13    5.176576514824759E-13    0.25                     5.0E10                   2700                     5677.362454912003        3277.8267416305193       2502.294445801098
1.45046                  8.28                     0.1207729468599034       5.198989208832622E-13    5.177624031524248E-13    0.25                     5.0E10                   2700                     5677.362454912003        3277.8267416305193       2502.294445801098
1.45046                  8.299999999999999        0.1204819277108434       5.200401218524846E-13    5.178661804097212E-13    0.25                     5.0E10                   2700                     5677.362454912003        3277.8267416305193       2502.294445801098
1.45046                  8.32                     0.12019230769230768      5.201800138715479E-13    5.179689954760767E-13    0.25                     5.0E10                   2700                     5677.362454912003        3277.8267416305193       2502.294445801098
1.45046                  8.34                     0.11990407673860912      5.203186129683123E-13    5.180708603998496E-13    0.25                     5.0E10                   2700                     5677.362454912003        3277.8267416305193       2502.294445801098
1.45046                  8.36                     0.1196172248803828       5.204559349687329E-13    5.181717870725712E-13    0.25                     5.0E10                   2700                     5677.362454912003        3277.8267416305193       2502.294445801098
1.45046                  8.379999999999999        0.11933174224343678      5.205919954758021E-13    5.182717872228028E-13    0.25                     5.0E10                   2700                     5677.362454912003        3277.8267416305193       2502.294445801098
1.45046                  8.4                      0.11904761904761904      5.207268098771968E-13    5.183708724183275E-13    0.25                     5.0E10                   2700                     5677.362454912003        3277.8267416305193       2502.294445801098
1.45046                  8.42                     0.11876484560570072      5.208603933469168E-13    5.184690540652053E-13    0.25                     5.0E10                   2700                     5677.362454912003        3277.8267416305193       2502.294445801098
1.45046                  8.44                     0.11848341232227488      5.209927608652603E-13    5.185663434247852E-13    0.25                     5.0E10                   2700                     5677.362454912003        3277.8267416305193       2502.294445801098
1.45046                  8.459999999999999        0.11820330969267141      5.211239271888888E-13    5.186627515921695E-13    0.25                     5.0E10                   2700                     5677.362454912003        3277.8267416305193       2502.294445801098
1.45046                  8.48                     0.1179245283018868       5.212539068675552E-13    5.18758289508073E-13     0.25                     5.0E10                   2700                     5677.362454912003        3277.8267416305193       2502.294445801098
1.45046                  8.5                      0.11764705882352941      5.213827142649939E-13    5.188529679700328E-13    0.25                     5.0E10                   2700                     5677.362454912003        3277.8267416305193       2502.294445801098
1.45046                  8.52                     0.11737089201877934      5.215103635419104E-13    5.189467976255283E-13    0.25                     5.0E10                   2700                     5677.362454912003        3277.8267416305193       2502.294445801098
1.45046                  8.54                     0.117096018735363        5.216368686569208E-13    5.190397889679888E-13    0.25                     5.0E10                   2700                     5677.362454912003        3277.8267416305193       2502.294445801098
1.45046                  8.56                     0.11682242990654204      5.217622433765275E-13    5.19131952349838E-13     0.25                     5.0E10                   2700                     5677.362454912003        3277.8267416305193       2502.294445801098
1.45046                  8.58                     0.11655011655011656      5.218865012740311E-13    5.192232979759271E-13    0.25                     5.0E10                   2700                     5677.362454912003        3277.8267416305193       2502.294445801098
1.45046                  8.6                      0.11627906976744186      5.220096557372033E-13    5.193138359094371E-13    0.25                     5.0E10                   2700                     5677.362454912003        3277.8267416305193       2502.294445801098
1.45046                  8.62                     0.1160092807424594       5.221317199754786E-13    5.194035760790571E-13    0.25                     5.0E10                   2700                     5677.362454912003        3277.8267416305193       2502.294445801098
1.45046                  8.64                     0.11574074074074073      5.222527069922065E-13    5.194925282594986E-13    0.25                     5.0E10                   2700                     5677.362454912003        3277.8267416305193       2502.294445801098
1.45046                  8.66                     0.11547344110854503      5.223726296300469E-13    5.195807021067209E-13    0.25                     5.0E10                   2700                     5677.362454912003        3277.8267416305193       2502.294445801098
1.45046                  8.68                     0.1152073732718894       5.224915005446564E-13    5.196681071292484E-13    0.25                     5.0E10                   2700                     5677.362454912003        3277.8267416305193       2502.294445801098
1.45046                  8.7                      0.11494252873563218      5.226093322061274E-13    5.197547526978189E-13    0.25                     5.0E10                   2700                     5677.362454912003        3277.8267416305193       2502.294445801098
1.45046                  8.72                     0.1146788990825688       5.227261369264534E-13    5.198406480647749E-13    0.25                     5.0E10                   2700                     5677.362454912003        3277.8267416305193       2502.294445801098
1.45046                  8.74                     0.11441647597254004      5.22841926831881E-13     5.199258023402745E-13    0.25                     5.0E10                   2700                     5677.362454912003        3277.8267416305193       2502.294445801098
1.45046                  8.76                     0.1141552511415525       5.229584684819587E-13    5.200118183357657E-13    0.25                     5.0E10                   2700                     5677.362454912003        3277.8267416305193       2502.294445801098
1.45046                  8.78                     0.11389521640091117      5.230722731582792E-13    5.200955258512536E-13    0.25                     5.0E10                   2700                     5677.362454912003        3277.8267416305193       2502.294445801098
1.45046                  8.8                      0.11363636363636362      5.231850984079711E-13    5.201785188574289E-13    0.25                     5.0E10                   2700                     5677.362454912003        3277.8267416305193       2502.294445801098
1.45046                  8.82                     0.11337868480725624      5.232969556815052E-13    5.202608059522178E-13    0.25                     5.0E10                   2700                     5677.362454912003        3277.8267416305193       2502.294445801098
1.45046                  8.84                     0.11312217194570136      5.23407856296331E-13     5.203423956303634E-13    0.25                     5.0E10                   2700                     5677.362454912003        3277.8267416305193       2502.294445801098
1.45046                  8.86                     0.11286681715575621      5.235178113912793E-13    5.204232962572948E-13    0.25                     5.0E10                   2700                     5677.362454912003        3277.8267416305193       2502.294445801098
1.45046                  8.879999999999999        0.11261261261261263      5.236268319697899E-13    5.205035160844635E-13    0.25                     5.0E10                   2700                     5677.362454912003        3277.8267416305193       2502.294445801098
1.45046                  8.9                      0.11235955056179775      5.237349288516005E-13    5.205830632341593E-13    0.25                     5.0E10                   2700                     5677.362454912003        3277.8267416305193       2502.294445801098
1.45046                  8.92                     0.11210762331838565      5.238421127344122E-13    5.206619457312381E-13    0.25                     5.0E10                   2700                     5677.362454912003        3277.8267416305193       2502.294445801098
1.45046                  8.94                     0.11185682326621925      5.239483941539969E-13    5.207401714758491E-13    0.25                     5.0E10                   2700                     5677.362454912003        3277.8267416305193       2502.294445801098
1.45046                  8.959999999999999        0.11160714285714285      5.24053783500687E-13     5.208177482582418E-13    0.25                     5.0E10                   2700                     5677.362454912003        3277.8267416305193       2502.294445801098
1.45046                  8.98                     0.11135857461024498      5.241582910103962E-13    5.208946837547555E-13    0.25                     5.0E10                   2700                     5677.362454912003        3277.8267416305193       2502.294445801098
1.45046                  9                        0.11111111111111112      5.242619267888834E-13    5.209709855378277E-13    0.25                     5.0E10                   2700                     5677.362454912003        3277.8267416305193       2502.294445801098
1.45046                  9.02                     0.11086474501108647      5.243647007923233E-13    5.210466610693224E-13    0.25                     5.0E10                   2700                     5677.362454912003        3277.8267416305193       2502.294445801098
1.45046                  9.04                     0.11061946902654868      5.244666228429973E-13    5.211217177047676E-13    0.25                     5.0E10                   2700                     5677.362454912003        3277.8267416305193       2502.294445801098
1.45046                  9.06                     0.11037527593818983      5.24567702624647E-13     5.211961626976727E-13    0.25                     5.0E10                   2700                     5677.362454912003        3277.8267416305193       2502.294445801098
1.45046                  9.08                     0.11013215859030838      5.246679496757458E-13    5.212700031920784E-13    0.25                     5.0E10                   2700                     5677.362454912003        3277.8267416305193       2502.294445801098
1.45046                  9.1                      0.1098901098901099       5.247673734165016E-13    5.213432462364934E-13    0.25                     5.0E10                   2700                     5677.362454912003        3277.8267416305193       2502.294445801098
1.45046                  9.12                     0.10964912280701757      5.248659831308743E-13    5.214158987802268E-13    0.25                     5.0E10                   2700                     5677.362454912003        3277.8267416305193       2502.294445801098
1.45046                  9.14                     0.10940919037199125      5.249637879678884E-13    5.214879676688846E-13    0.25                     5.0E10                   2700                     5677.362454912003        3277.8267416305193       2502.294445801098
1.45046                  9.16                     0.10917030567685589      5.250607969572192E-13    5.215594596534458E-13    0.25                     5.0E10                   2700                     5677.362454912003        3277.8267416305193       2502.294445801098
1.45046                  9.18                     0.10893246187363835      5.251570189929277E-13    5.216303813858772E-13    0.25                     5.0E10                   2700                     5677.362454912003        3277.8267416305193       2502.294445801098
1.45046                  9.2                      0.10869565217391305      5.252524628553562E-13    5.217007394286895E-13    0.25                     5.0E10                   2700                     5677.362454912003        3277.8267416305193       2502.294445801098
1.45046                  9.22                     0.10845986984815618      5.253471372076416E-13    5.217705402547834E-13    0.25                     5.0E10                   2700                     5677.362454912003        3277.8267416305193       2502.294445801098
1.45046                  9.24                     0.10822510822510822      5.254410505665051E-13    5.218397902275363E-13    0.25                     5.0E10                   2700                     5677.362454912003        3277.8267416305193       2502.294445801098
1.45046                  9.26                     0.1079913606911447       5.255342113605367E-13    5.219084956410208E-13    0.25                     5.0E10                   2700                     5677.362454912003        3277.8267416305193       2502.294445801098
1.45046                  9.28                     0.10775862068965518      5.256266278825319E-13    5.219766626865513E-13    0.25                     5.0E10                   2700                     5677.362454912003        3277.8267416305193       2502.294445801098
1.45046                  9.3                      0.10752688172043011      5.257183083231206E-13    5.220442974748453E-13    0.25                     5.0E10                   2700                     5677.362454912003        3277.8267416305193       2502.294445801098
1.45046                  9.32                     0.1072961373390558       5.258092607565241E-13    5.221114060332483E-13    0.25                     5.0E10                   2700                     5677.362454912003        3277.8267416305193       2502.294445801098
1.45046                  9.34                     0.10706638115631692      5.258994931267346E-13    5.22177994284453E-13     0.25                     5.0E10                   2700                     5677.362454912003        3277.8267416305193       2502.294445801098
1.45046                  9.36                     0.10683760683760683      5.259890133003319E-13    5.222440680928328E-13    0.25                     5.0E10                   2700                     5677.362454912003        3277.8267416305193       2502.294445801098
1.45046                  9.379999999999999        0.10660980810234544      5.260778290101331E-13    5.223096332253375E-13    0.25                     5.0E10                   2700                     5677.362454912003        3277.8267416305193       2502.294445801098
1.45046                  9.4                      0.10638297872340426      5.261659478929626E-13    5.223746953691767E-13    0.25                     5.0E10                   2700                     5677.362454912003        3277.8267416305193       2502.294445801098
1.45046                  9.42                     0.10615711252653928      5.262533774898877E-13    5.224392601369833E-13    0.25                     5.0E10                   2700                     5677.362454912003        3277.8267416305193       2502.294445801098
1.45046                  9.44                     0.1059322033898305       5.263401252204211E-13    5.225033330603722E-13    0.25                     5.0E10                   2700                     5677.362454912003        3277.8267416305193       2502.294445801098
1.45046                  9.459999999999999        0.10570824524312897      5.264261984097818E-13    5.225669195848168E-13    0.25                     5.0E10                   2700                     5677.362454912003        3277.8267416305193       2502.294445801098
1.45046                  9.48                     0.10548523206751054      5.265116042725762E-13    5.226300250844798E-13    0.25                     5.0E10                   2700                     5677.362454912003        3277.8267416305193       2502.294445801098
1.45046                  9.5                      0.10526315789473685      5.265963499555923E-13    5.226926548682111E-13    0.25                     5.0E10                   2700                     5677.362454912003        3277.8267416305193       2502.294445801098
1.45046                  9.52                     0.10504201680672269      5.266804424789516E-13    5.22754814158159E-13     0.25                     5.0E10                   2700                     5677.362454912003        3277.8267416305193       2502.294445801098
1.45046                  9.54                     0.10482180293501049      5.267638887720404E-13    5.228165081035281E-13    0.25                     5.0E10                   2700                     5677.362454912003        3277.8267416305193       2502.294445801098
1.45046                  9.56                     0.10460251046025104      5.268466956785022E-13    5.22877741788969E-13     0.25                     5.0E10                   2700                     5677.362454912003        3277.8267416305193       2502.294445801098
1.45046                  9.58                     0.10438413361169102      5.269288699453332E-13    5.229385202231759E-13    0.25                     5.0E10                   2700                     5677.362454912003        3277.8267416305193       2502.294445801098
1.45046                  9.6                      0.10416666666666667      5.270104182269278E-13    5.229988483476792E-13    0.25                     5.0E10                   2700                     5677.362454912003        3277.8267416305193       2502.294445801098
1.45046                  9.62                     0.10395010395010396      5.270913470854884E-13    5.230587310305224E-13    0.25                     5.0E10                   2700                     5677.362454912003        3277.8267416305193       2502.294445801098
1.45046                  9.64                     0.10373443983402489      5.271716629993905E-13    5.231181730763487E-13    0.25                     5.0E10                   2700                     5677.362454912003        3277.8267416305193       2502.294445801098
1.45046                  9.66                     0.10351966873706003      5.272513723582369E-13    5.2317717922571E-13      0.25                     5.0E10                   2700                     5677.362454912003        3277.8267416305193       2502.294445801098
1.45046                  9.68                     0.10330578512396693      5.273304814536026E-13    5.232357541390987E-13    0.25                     5.0E10                   2700                     5677.362454912003        3277.8267416305193       2502.294445801098
1.45046                  9.7                      0.10309278350515465      5.274089965200056E-13    5.232939024350219E-13    0.25                     5.0E10                   2700                     5677.362454912003        3277.8267416305193       2502.294445801098
1.45046                  9.72                     0.102880658436214        5.274869236843257E-13    5.233516286510517E-13    0.25                     5.0E10                   2700                     5677.362454912003        3277.8267416305193       2502.294445801098
1.45046                  9.74                     0.1026694045174538       5.275642689923287E-13    5.234089372632083E-13    0.25                     5.0E10                   2700                     5677.362454912003        3277.8267416305193       2502.294445801098
1.45046                  9.76                     0.10245901639344263      5.276410384342217E-13    5.234658327028087E-13    0.25                     5.0E10                   2700                     5677.362454912003        3277.8267416305193       2502.294445801098
1.45046                  9.78                     0.10224948875255623      5.277172378742448E-13    5.235223193092894E-13    0.25                     5.0E10                   2700                     5677.362454912003        3277.8267416305193       2502.294445801098
1.45046                  9.8                      0.10204081632653059      5.277928731421601E-13    5.235784013915341E-13    0.25                     5.0E10                   2700                     5677.362454912003        3277.8267416305193       2502.294445801098
1.45046                  9.82                     0.10183299389002037      5.278679499702153E-13    5.236340831865473E-13    0.25                     5.0E10                   2700                     5677.362454912003        3277.8267416305193       2502.294445801098
1.45046                  9.84                     0.1016260162601626       5.279424740093801E-13    5.236893688678039E-13    0.25                     5.0E10                   2700                     5677.362454912003        3277.8267416305193       2502.294445801098
1.45046                  9.86                     0.10141987829614604      5.280164508633991E-13    5.237442625730907E-13    0.25                     5.0E10                   2700                     5677.362454912003        3277.8267416305193       2502.294445801098
1.45046                  9.879999999999999        0.10121457489878542      5.280898860248874E-13    5.237987683564233E-13    0.25                     5.0E10                   2700                     5677.362454912003        3277.8267416305193       2502.294445801098
1.45046                  9.9                      0.101010101010101        5.281627849369553E-13    5.238528902356995E-13    0.25                     5.0E10                   2700                     5677.362454912003        3277.8267416305193       2502.294445801098
1.45046                  9.92                     0.10080645161290322      5.282351529629696E-13    5.239066321640927E-13    0.25                     5.0E10                   2700                     5677.362454912003        3277.8267416305193       2502.294445801098
1.45046                  9.94                     0.1006036217303823       5.283069954033843E-13    5.23959998050786E-13     0.25                     5.0E10                   2700                     5677.362454912003        3277.8267416305193       2502.294445801098
1.45046                  9.959999999999999        0.10040160642570282      5.283783174824706E-13    5.240129917437101E-13    0.25                     5.0E10                   2700                     5677.362454912003        3277.8267416305193       2502.294445801098
1.45046                  9.98                     0.1002004008016032       5.284491243575977E-13    5.240656170392894E-13    0.25                     5.0E10                   2700                     5677.362454912003        3277.8267416305193       2502.294445801098
1.45046                  10                       0.1                      5.284797273480825E-13    5.24053340643764E-13     0.25                     5.0E10                   2700                     5677.362454912003        3277.8267416305193       2502.294445801098
