1.50994                  0.1                      10                       5.331246595625629E-13    5.331272254911837E-13    0.25                     5.0E10                   2700                     5792.600644116787        3344.359541188827        2502.294445801098
1.50994                  0.12000000000000001      8.333333333333332        5.362964831859025E-13    5.363483424178854E-13    0.25                     5.0E10                   2700                     5792.600644116787        3344.359541188827        2502.294445801098
1.50994                  0.14                     7.1428571428571415       5.341338774499126E-13    5.339653242383461E-13    0.25                     5.0E10                   2700                     5792.600644116787        3344.359541188827        2502.294445801098
1.50994                  0.16                     6.249999999999999        5.330599192801794E-13    5.331781559971391E-13    0.25                     5.0E10                   2700                     5792.600644116787        3344.359541188827        2502.294445801098
1.50994                  0.18                     5.555555555555555        5.371212503166342E-13    5.372958318703337E-13    0.25                     5.0E10                   2700                     5792.600644116787        3344.359541188827        2502.294445801098
1.50994                  0.2                      5                        5.330034831985438E-13    5.331339240120008E-13    0.25                     5.0E10                   2700                     5792.600644116787        3344.359541188827        2502.294445801098
1.50994                  0.22                     4.545454545454546        5.359810135070157E-13    5.367036240463688E-13    0.25                     5.0E10                   2700                     5792.600644116787        3344.359541188827        2502.294445801098
1.50994                  0.24000000000000002      4.166666666666666        5.35232869107029E-13     5.362848046630609E-13    0.25                     5.0E10                   2700                     5792.600644116787        3344.359541188827        2502.294445801098
1.50994                  0.26                     3.846153846153846        5.339617485621459E-13    5.349072756428091E-13    0.25                     5.0E10                   2700                     5792.600644116787        3344.359541188827        2502.294445801098
1.50994                  0.28                     3.5714285714285707       5.36583647318369E-13     5.371272888952883E-13    0.25                     5.0E10                   2700                     5792.600644116787        3344.359541188827        2502.294445801098
1.50994                  0.30000000000000004      3.3333333333333326       5.368431838768728E-13    5.363790615084397E-13    0.25                     5.0E10                   2700                     5792.600644116787        3344.359541188827        2502.294445801098
1.50994                  0.32                     3.1249999999999996       5.3553988883616E-13      5.329708666290582E-13    0.25                     5.0E10                   2700                     5792.600644116787        3344.359541188827        2502.294445801098
1.50994                  0.33999999999999997      2.9411764705882355       5.418418333436625E-13    5.381089944028867E-13    0.25                     5.0E10                   2700                     5792.600644116787        3344.359541188827        2502.294445801098
1.50994                  0.36                     2.7777777777777777       5.422687580232661E-13    5.350843258654385E-13    0.25                     5.0E10                   2700                     5792.600644116787        3344.359541188827        2502.294445801098
1.50994                  0.38                     2.6315789473684212       5.469645066307942E-13    5.354757128611909E-13    0.25                     5.0E10                   2700                     5792.600644116787        3344.359541188827        2502.294445801098
1.50994                  0.4                      2.5                      5.503048758190165E-13    5.346663005816919E-13    0.25                     5.0E10                   2700                     5792.600644116787        3344.359541188827        2502.294445801098
1.50994                  0.42000000000000004      2.3809523809523805       5.567309210356923E-13    5.357367080317924E-13    0.25                     5.0E10                   2700                     5792.600644116787        3344.359541188827        2502.294445801098
1.50994                  0.44000000000000006      2.272727272727273        5.632286867628646E-13    5.396643938014725E-13    0.25                     5.0E10                   2700                     5792.600644116787        3344.359541188827        2502.294445801098
1.50994                  0.45999999999999996      2.173913043478261        5.700131436299956E-13    5.421457572327593E-13    0.25                     5.0E10                   2700                     5792.600644116787        3344.359541188827        2502.294445801098
1.50994                  0.48                     2.0833333333333335       5.750792598180028E-13    5.423832264684787E-13    0.25                     5.0E10                   2700                     5792.600644116787        3344.359541188827        2502.294445801098
1.50994                  0.5                      2                        5.789850830626512E-13    5.436576064303905E-13    0.25                     5.0E10                   2700                     5792.600644116787        3344.359541188827        2502.294445801098
1.50994                  0.52                     1.923076923076923        5.862557240744629E-13    5.478369936477317E-13    0.25                     5.0E10                   2700                     5792.600644116787        3344.359541188827        2502.294445801098
1.50994                  0.54                     1.8518518518518516       5.883314837018648E-13    5.459643631285612E-13    0.25                     5.0E10                   2700                     5792.600644116787        3344.359541188827        2502.294445801098
1.50994                  0.56                     1.7857142857142854       5.982169750082206E-13    5.510741897214629E-13    0.25                     5.0E10                   2700                     5792.600644116787        3344.359541188827        2502.294445801098
1.50994                  0.58                     1.7241379310344829       6.039382472503933E-13    5.530845552235893E-13    0.25                     5.0E10                   2700                     5792.600644116787        3344.359541188827        2502.294445801098
1.50994                  0.6                      1.6666666666666667       6.103241856102254E-13    5.560267888851818E-13    0.25                     5.0E10                   2700                     5792.600644116787        3344.359541188827        2502.294445801098
1.50994                  0.62                     1.6129032258064515       6.160978801952147E-13    5.579915146674869E-13    0.25                     5.0E10                   2700                     5792.600644116787        3344.359541188827        2502.294445801098
1.50994                  0.64                     1.5624999999999998       6.263847881113835E-13    5.633952402257989E-13    0.25                     5.0E10                   2700                     5792.600644116787        3344.359541188827        2502.294445801098
1.50994                  0.66                     1.515151515151515        6.239558653043137E-13    5.567307932023481E-13    0.25                     5.0E10                   2700                     5792.600644116787        3344.359541188827        2502.294445801098
1.50994                  0.6799999999999999       1.4705882352941178       6.297509641511598E-13    5.573994333663873E-13    0.25                     5.0E10                   2700                     5792.600644116787        3344.359541188827        2502.294445801098
1.50994                  0.7                      1.4285714285714286       6.420234085033867E-13    5.639024811193699E-13    0.25                     5.0E10                   2700                     5792.600644116787        3344.359541188827        2502.294445801098
1.50994                  0.72                     1.3888888888888888       6.541783902276372E-13    5.699485483552131E-13    0.25                     5.0E10                   2700                     5792.600644116787        3344.359541188827        2502.294445801098
1.50994                  0.74                     1.3513513513513513       6.706692095233122E-13    5.79589057296288E-13     0.25                     5.0E10                   2700                     5792.600644116787        3344.359541188827        2502.294445801098
1.50994                  0.76                     1.3157894736842106       6.808013763818907E-13    5.834393949589427E-13    0.25                     5.0E10                   2700                     5792.600644116787        3344.359541188827        2502.294445801098
1.50994                  0.78                     1.2820512820512822       6.791412995075287E-13    5.770518369711858E-13    0.25                     5.0E10                   2700                     5792.600644116787        3344.359541188827        2502.294445801098
1.50994                  0.8                      1.25                     6.779896266515506E-13    5.716751167276007E-13    0.25                     5.0E10                   2700                     5792.600644116787        3344.359541188827        2502.294445801098
1.50994                  0.82                     1.2195121951219514       6.832527869661966E-13    5.727375954703735E-13    0.25                     5.0E10                   2700                     5792.600644116787        3344.359541188827        2502.294445801098
1.50994                  0.84                     1.1904761904761905       6.883826376299865E-13    5.747393813729858E-13    0.25                     5.0E10                   2700                     5792.600644116787        3344.359541188827        2502.294445801098
1.50994                  0.86                     1.1627906976744187       6.907712141148496E-13    5.747452583944968E-13    0.25                     5.0E10                   2700                     5792.600644116787        3344.359541188827        2502.294445801098
1.50994                  0.88                     1.1363636363636365       6.934554753531597E-13    5.749702156399622E-13    0.25                     5.0E10                   2700                     5792.600644116787        3344.359541188827        2502.294445801098
1.50994                  0.9                      1.1111111111111112       6.986008746548961E-13    5.7710038970386E-13      0.25                     5.0E10                   2700                     5792.600644116787        3344.359541188827        2502.294445801098
1.50994                  0.92                     1.0869565217391304       7.036184788346941E-13    5.790677269312229E-13    0.25                     5.0E10                   2700                     5792.600644116787        3344.359541188827        2502.294445801098
1.50994                  0.94                     1.0638297872340425       7.059058968988907E-13    5.789899737909421E-13    0.25                     5.0E10                   2700                     5792.600644116787        3344.359541188827        2502.294445801098
1.50994                  0.96                     1.0416666666666667       7.069745835715347E-13    5.783789282893877E-13    0.25                     5.0E10                   2700                     5792.600644116787        3344.359541188827        2502.294445801098
1.50994                  0.98                     1.0204081632653061       7.102784951358352E-13    5.802709596932738E-13    0.25                     5.0E10                   2700                     5792.600644116787        3344.359541188827        2502.294445801098
1.50994                  1                        1                        7.16994562687328E-13     5.856815097522448E-13    0.25                     5.0E10                   2700                     5792.600644116787        3344.359541188827        2502.294445801098
1.50994                  1.02                     0.9803921568627452       7.247678568945235E-13    5.930243183690399E-13    0.25                     5.0E10                   2700                     5792.600644116787        3344.359541188827        2502.294445801098
1.50994                  1.04                     0.9615384615384615       7.288379570439216E-13    5.981095133491769E-13    0.25                     5.0E10                   2700                     5792.600644116787        3344.359541188827        2502.294445801098
1.50994                  1.06                     0.9433962264150944       7.257371666596312E-13    5.977527543330676E-13    0.25                     5.0E10                   2700                     5792.600644116787        3344.359541188827        2502.294445801098
1.50994                  1.08                     0.9259259259259258       7.152774705250103E-13    5.913805615575696E-13    0.25                     5.0E10                   2700                     5792.600644116787        3344.359541188827        2502.294445801098
1.50994                  1.1                      0.909090909090909        7.00067533113158E-13     5.808071442456869E-13    0.25                     5.0E10                   2700                     5792.600644116787        3344.359541188827        2502.294445801098
1.50994                  1.12                     0.8928571428571427       6.834531005574939E-13    5.686564605307356E-13    0.25                     5.0E10                   2700                     5792.600644116787        3344.359541188827        2502.294445801098
1.50994                  1.1400000000000001       0.8771929824561403       6.681044232129921E-13    5.570713023351619E-13    0.25                     5.0E10                   2700                     5792.600644116787        3344.359541188827        2502.294445801098
1.50994                  1.1600000000000001       0.8620689655172412       6.552339141745303E-13    5.472237398543806E-13    0.25                     5.0E10                   2700                     5792.600644116787        3344.359541188827        2502.294445801098
1.50994                  1.1800000000000002       0.8474576271186439       6.452458046340571E-13    5.396087109927422E-13    0.25                     5.0E10                   2700                     5792.600644116787        3344.359541188827        2502.294445801098
1.50994                  1.2000000000000002       0.8333333333333331       6.381437931868831E-13    5.343968144319581E-13    0.25                     5.0E10                   2700                     5792.600644116787        3344.359541188827        2502.294445801098
1.50994                  1.2200000000000002       0.8196721311475409       6.338309307374027E-13    5.316653833514355E-13    0.25                     5.0E10                   2700                     5792.600644116787        3344.359541188827        2502.294445801098
1.50994                  1.2400000000000002       0.8064516129032256       6.321788376496724E-13    5.31448514216061E-13     0.25                     5.0E10                   2700                     5792.600644116787        3344.359541188827        2502.294445801098
1.50994                  1.26                     0.7936507936507936       6.330282703260261E-13    5.337468545509962E-13    0.25                     5.0E10                   2700                     5792.600644116787        3344.359541188827        2502.294445801098
1.50994                  1.28                     0.7812499999999999       6.358019613184975E-13    5.381621770842754E-13    0.25                     5.0E10                   2700                     5792.600644116787        3344.359541188827        2502.294445801098
1.50994                  1.3                      0.7692307692307692       6.397714363519498E-13    5.441527089375073E-13    0.25                     5.0E10                   2700                     5792.600644116787        3344.359541188827        2502.294445801098
1.50994                  1.32                     0.7575757575757575       6.438832552077031E-13    5.508645658773409E-13    0.25                     5.0E10                   2700                     5792.600644116787        3344.359541188827        2502.294445801098
1.50994                  1.34                     0.7462686567164178       6.4693230081027E-13      5.572629949220919E-13    0.25                     5.0E10                   2700                     5792.600644116787        3344.359541188827        2502.294445801098
1.50994                  1.36                     0.7352941176470588       6.477660727658732E-13    5.62297068649621E-13     0.25                     5.0E10                   2700                     5792.600644116787        3344.359541188827        2502.294445801098
1.50994                  1.3800000000000001       0.7246376811594203       6.455196459110493E-13    5.651026248391251E-13    0.25                     5.0E10                   2700                     5792.600644116787        3344.359541188827        2502.294445801098
1.50994                  1.4000000000000001       0.7142857142857142       6.398018518757508E-13    5.651788670844465E-13    0.25                     5.0E10                   2700                     5792.600644116787        3344.359541188827        2502.294445801098
1.50994                  1.4200000000000002       0.704225352112676        6.30763968665845E-13     5.624766345792947E-13    0.25                     5.0E10                   2700                     5792.600644116787        3344.359541188827        2502.294445801098
1.50994                  1.4400000000000002       0.6944444444444444       6.191087626176998E-13    5.573897052885071E-13    0.25                     5.0E10                   2700                     5792.600644116787        3344.359541188827        2502.294445801098
1.50994                  1.4600000000000002       0.6849315068493149       6.055912526933051E-13    5.505430763132162E-13    0.25                     5.0E10                   2700                     5792.600644116787        3344.359541188827        2502.294445801098
1.50994                  1.4800000000000002       0.6756756756756755       5.912691280138253E-13    5.4273226873244E-13      0.25                     5.0E10                   2700                     5792.600644116787        3344.359541188827        2502.294445801098
1.50994                  1.5000000000000002       0.6666666666666665       5.770454287549879E-13    5.347130901074189E-13    0.25                     5.0E10                   2700                     5792.600644116787        3344.359541188827        2502.294445801098
1.50994                  1.52                     0.6578947368421053       5.636280939244327E-13    5.27110572999838E-13     0.25                     5.0E10                   2700                     5792.600644116787        3344.359541188827        2502.294445801098
1.50994                  1.54                     0.6493506493506493       5.514914359223479E-13    5.203713081822402E-13    0.25                     5.0E10                   2700                     5792.600644116787        3344.359541188827        2502.294445801098
1.50994                  1.56                     0.6410256410256411       5.408858307878259E-13    5.147584559714543E-13    0.25                     5.0E10                   2700                     5792.600644116787        3344.359541188827        2502.294445801098
1.50994                  1.58                     0.6329113924050632       5.318731742317452E-13    5.103720658270262E-13    0.25                     5.0E10                   2700                     5792.600644116787        3344.359541188827        2502.294445801098
1.50994                  1.6                      0.625                    5.243709805049481E-13    5.071803254233484E-13    0.25                     5.0E10                   2700                     5792.600644116787        3344.359541188827        2502.294445801098
1.50994                  1.62                     0.6172839506172839       5.18196172096779E-13     5.050536179902811E-13    0.25                     5.0E10                   2700                     5792.600644116787        3344.359541188827        2502.294445801098
1.50994                  1.6400000000000001       0.6097560975609756       5.131025250012451E-13    5.037954226416064E-13    0.25                     5.0E10                   2700                     5792.600644116787        3344.359541188827        2502.294445801098
1.50994                  1.6600000000000001       0.6024096385542168       5.088134572346125E-13    5.031710142384818E-13    0.25                     5.0E10                   2700                     5792.600644116787        3344.359541188827        2502.294445801098
1.50994                  1.6800000000000002       0.5952380952380951       5.051426726700634E-13    5.030384654292985E-13    0.25                     5.0E10                   2700                     5792.600644116787        3344.359541188827        2502.294445801098
1.50994                  1.7000000000000002       0.588235294117647        5.016437817636907E-13    5.029492483530978E-13    0.25                     5.0E10                   2700                     5792.600644116787        3344.359541188827        2502.294445801098
1.50994                  1.7200000000000002       0.5813953488372092       4.981748324489299E-13    5.027849134188653E-13    0.25                     5.0E10                   2700                     5792.600644116787        3344.359541188827        2502.294445801098
1.50994                  1.7400000000000002       0.5747126436781609       4.945541918909994E-13    5.023676034279182E-13    0.25                     5.0E10                   2700                     5792.600644116787        3344.359541188827        2502.294445801098
1.50994                  1.7600000000000002       0.5681818181818182       4.906530716462132E-13    5.015662461291767E-13    0.25                     5.0E10                   2700                     5792.600644116787        3344.359541188827        2502.294445801098
1.50994                  1.78                     0.5617977528089887       4.863970514321596E-13    5.002998119400058E-13    0.25                     5.0E10                   2700                     5792.600644116787        3344.359541188827        2502.294445801098
1.50994                  1.8                      0.5555555555555556       4.817617156024882E-13    4.98535781984249E-13     0.25                     5.0E10                   2700                     5792.600644116787        3344.359541188827        2502.294445801098
1.50994                  1.82                     0.5494505494505494       4.767658434690008E-13    4.962846885045844E-13    0.25                     5.0E10                   2700                     5792.600644116787        3344.359541188827        2502.294445801098
1.50994                  1.84                     0.5434782608695652       4.714617064370061E-13    4.935918981295739E-13    0.25                     5.0E10                   2700                     5792.600644116787        3344.359541188827        2502.294445801098
1.50994                  1.86                     0.5376344086021505       4.659246137187018E-13    4.905280298763668E-13    0.25                     5.0E10                   2700                     5792.600644116787        3344.359541188827        2502.294445801098
1.50994                  1.8800000000000001       0.5319148936170213       4.602428462700059E-13    4.871792899460841E-13    0.25                     5.0E10                   2700                     5792.600644116787        3344.359541188827        2502.294445801098
1.50994                  1.9000000000000001       0.5263157894736842       4.545089025045839E-13    4.836387293940229E-13    0.25                     5.0E10                   2700                     5792.600644116787        3344.359541188827        2502.294445801098
1.50994                  1.9200000000000002       0.5208333333333333       4.4881258183045123E-13   4.799990609003407E-13    0.25                     5.0E10                   2700                     5792.600644116787        3344.359541188827        2502.294445801098
1.50994                  1.9400000000000002       0.5154639175257731       4.4323606460139533E-13   4.763473059615649E-13    0.25                     5.0E10                   2700                     5792.600644116787        3344.359541188827        2502.294445801098
1.50994                  1.9600000000000002       0.5102040816326531       4.378507060536201E-13    4.72761202812008E-13     0.25                     5.0E10                   2700                     5792.600644116787        3344.359541188827        2502.294445801098
1.50994                  1.9800000000000002       0.505050505050505        4.3271622350968977E-13   4.693074350819856E-13    0.25                     5.0E10                   2700                     5792.600644116787        3344.359541188827        2502.294445801098
1.50994                  2                        0.5                      4.2789945920929894E-13   4.660480305405531E-13    0.25                     5.0E10                   2700                     5792.600644116787        3344.359541188827        2502.294445801098
1.50994                  2.02                     0.4950495049504951       4.233947329200494E-13    4.630109294556556E-13    0.25                     5.0E10                   2700                     5792.600644116787        3344.359541188827        2502.294445801098
1.50994                  2.04                     0.4901960784313726       4.1924768764433916E-13   4.602362240442642E-13    0.25                     5.0E10                   2700                     5792.600644116787        3344.359541188827        2502.294445801098
1.50994                  2.06                     0.48543689320388345      4.154737512607294E-13    4.577466399436027E-13    0.25                     5.0E10                   2700                     5792.600644116787        3344.359541188827        2502.294445801098
1.50994                  2.08                     0.4807692307692307       4.120806230853361E-13    4.555566952898133E-13    0.25                     5.0E10                   2700                     5792.600644116787        3344.359541188827        2502.294445801098
1.50994                  2.1                      0.47619047619047616      4.0906971663791167E-13   4.536740757175388E-13    0.25                     5.0E10                   2700                     5792.600644116787        3344.359541188827        2502.294445801098
1.50994                  2.12                     0.4716981132075472       4.064374772943892E-13    4.5210092843262313E-13   0.25                     5.0E10                   2700                     5792.600644116787        3344.359541188827        2502.294445801098
1.50994                  2.14                     0.46728971962616817      4.041765342003818E-13    4.508350220697068E-13    0.25                     5.0E10                   2700                     5792.600644116787        3344.359541188827        2502.294445801098
1.50994                  2.16                     0.4629629629629629       4.0227667232721857E-13   4.498707474606292E-13    0.25                     5.0E10                   2700                     5792.600644116787        3344.359541188827        2502.294445801098
1.50994                  2.18                     0.4587155963302752       4.0072562788955716E-13   4.49199953931048E-13     0.25                     5.0E10                   2700                     5792.600644116787        3344.359541188827        2502.294445801098
1.50994                  2.2                      0.4545454545454545       3.99509637514314E-13     4.4881259566745673E-13   0.25                     5.0E10                   2700                     5792.600644116787        3344.359541188827        2502.294445801098
1.50994                  2.22                     0.45045045045045035      3.9861425608660137E-13   4.4869739570762087E-13   0.25                     5.0E10                   2700                     5792.600644116787        3344.359541188827        2502.294445801098
1.50994                  2.24                     0.44642857142857134      3.9802423316013353E-13   4.488420676424171E-13    0.25                     5.0E10                   2700                     5792.600644116787        3344.359541188827        2502.294445801098
1.50994                  2.2600000000000002       0.44247787610619466      3.97724098593657E-13     4.492337440570861E-13    0.25                     5.0E10                   2700                     5792.600644116787        3344.359541188827        2502.294445801098
1.50994                  2.2800000000000002       0.43859649122807015      3.976982639155956E-13    4.498591634307149E-13    0.25                     5.0E10                   2700                     5792.600644116787        3344.359541188827        2502.294445801098
1.50994                  2.3000000000000003       0.43478260869565216      3.9793113855903236E-13   4.507048173468782E-13    0.25                     5.0E10                   2700                     5792.600644116787        3344.359541188827        2502.294445801098
1.50994                  2.3200000000000003       0.4310344827586206       3.984071967618559E-13    4.517570432404451E-13    0.25                     5.0E10                   2700                     5792.600644116787        3344.359541188827        2502.294445801098
1.50994                  2.3400000000000003       0.4273504273504273       3.9911100824643133E-13   4.530020762958895E-13    0.25                     5.0E10                   2700                     5792.600644116787        3344.359541188827        2502.294445801098
1.50994                  2.3600000000000003       0.42372881355932196      4.00027243724616E-13     4.544260721852067E-13    0.25                     5.0E10                   2700                     5792.600644116787        3344.359541188827        2502.294445801098
1.50994                  2.3800000000000003       0.4201680672268907       4.0114066424764783E-13   4.560151104386282E-13    0.25                     5.0E10                   2700                     5792.600644116787        3344.359541188827        2502.294445801098
1.50994                  2.4000000000000004       0.4166666666666666       4.024361018307937E-13    4.577551865948837E-13    0.25                     5.0E10                   2700                     5792.600644116787        3344.359541188827        2502.294445801098
1.50994                  2.42                     0.4132231404958677       4.038984371757511E-13    4.596321997019745E-13    0.25                     5.0E10                   2700                     5792.600644116787        3344.359541188827        2502.294445801098
1.50994                  2.44                     0.4098360655737705       4.0551257912305004E-13   4.616319404248291E-13    0.25                     5.0E10                   2700                     5792.600644116787        3344.359541188827        2502.294445801098
1.50994                  2.46                     0.4065040650406504       4.072634493354901E-13    4.637400838173406E-13    0.25                     5.0E10                   2700                     5792.600644116787        3344.359541188827        2502.294445801098
1.50994                  2.48                     0.4032258064516129       4.091359747797237E-13    4.659421897893287E-13    0.25                     5.0E10                   2700                     5792.600644116787        3344.359541188827        2502.294445801098
1.50994                  2.5                      0.4                      4.1136671853414465E-13   4.684199230954443E-13    0.25                     5.0E10                   2700                     5792.600644116787        3344.359541188827        2502.294445801098
1.50994                  2.52                     0.3968253968253968       4.134339615818406E-13    4.707630445331254E-13    0.25                     5.0E10                   2700                     5792.600644116787        3344.359541188827        2502.294445801098
1.50994                  2.54                     0.39370078740157477      4.1557685951822704E-13   4.731554015201424E-13    0.25                     5.0E10                   2700                     5792.600644116787        3344.359541188827        2502.294445801098
1.50994                  2.56                     0.39062499999999994      4.177803852682327E-13    4.755822090011659E-13    0.25                     5.0E10                   2700                     5792.600644116787        3344.359541188827        2502.294445801098
1.50994                  2.58                     0.38759689922480617      4.2002978869970836E-13   4.780288797846996E-13    0.25                     5.0E10                   2700                     5792.600644116787        3344.359541188827        2502.294445801098
1.50994                  2.6                      0.3846153846153846       4.223105109126686E-13    4.804809577419726E-13    0.25                     5.0E10                   2700                     5792.600644116787        3344.359541188827        2502.294445801098
1.50994                  2.62                     0.3816793893129771       4.2460824682888094E-13   4.829241924913942E-13    0.25                     5.0E10                   2700                     5792.600644116787        3344.359541188827        2502.294445801098
1.50994                  2.64                     0.37878787878787873      4.2690901472119394E-13   4.853446214106223E-13    0.25                     5.0E10                   2700                     5792.600644116787        3344.359541188827        2502.294445801098
1.50994                  2.66                     0.37593984962406013      4.291992309971979E-13    4.877286570914342E-13    0.25                     5.0E10                   2700                     5792.600644116787        3344.359541188827        2502.294445801098
1.50994                  2.68                     0.3731343283582089       4.3146578836707574E-13   4.900631781678618E-13    0.25                     5.0E10                   2700                     5792.600644116787        3344.359541188827        2502.294445801098
1.50994                  2.7                      0.37037037037037035      4.33696135378093E-13     4.923356212751687E-13    0.25                     5.0E10                   2700                     5792.600644116787        3344.359541188827        2502.294445801098
1.50994                  2.72                     0.3676470588235294       4.3587835528856366E-13   4.945340718833418E-13    0.25                     5.0E10                   2700                     5792.600644116787        3344.359541188827        2502.294445801098
1.50994                  2.74                     0.36496350364963503      4.3800124224625765E-13   4.966473517465228E-13    0.25                     5.0E10                   2700                     5792.600644116787        3344.359541188827        2502.294445801098
1.50994                  2.7600000000000002       0.36231884057971014      4.4005437277607866E-13   4.986651007750713E-13    0.25                     5.0E10                   2700                     5792.600644116787        3344.359541188827        2502.294445801098
1.50994                  2.7800000000000002       0.35971223021582727      4.4202817077516683E-13   5.005778513204545E-13    0.25                     5.0E10                   2700                     5792.600644116787        3344.359541188827        2502.294445801098
1.50994                  2.8000000000000003       0.3571428571428571       4.439139643522778E-13    5.023770930694806E-13    0.25                     5.0E10                   2700                     5792.600644116787        3344.359541188827        2502.294445801098
1.50994                  2.8200000000000003       0.35460992907801414      4.457040331044836E-13    5.040553269964777E-13    0.25                     5.0E10                   2700                     5792.600644116787        3344.359541188827        2502.294445801098
1.50994                  2.8400000000000003       0.352112676056338        4.4739164470561097E-13   5.056061071708625E-13    0.25                     5.0E10                   2700                     5792.600644116787        3344.359541188827        2502.294445801098
1.50994                  2.8600000000000003       0.3496503496503496       4.4897107998244595E-13   5.07024069530484E-13     0.25                     5.0E10                   2700                     5792.600644116787        3344.359541188827        2502.294445801098
1.50994                  2.8800000000000003       0.3472222222222222       4.504376459841001E-13    5.083049471208844E-13    0.25                     5.0E10                   2700                     5792.600644116787        3344.359541188827        2502.294445801098
1.50994                  2.9000000000000004       0.3448275862068965       4.5178767686903626E-13   5.09445571652335E-13     0.25                     5.0E10                   2700                     5792.600644116787        3344.359541188827        2502.294445801098
1.50994                  2.92                     0.34246575342465757      4.530185519422955E-13    5.104438743567659E-13    0.25                     5.0E10                   2700                     5792.600644116787        3344.359541188827        2502.294445801098
1.50994                  2.94                     0.3401360544217687       4.541285629459313E-13    5.11298815241204E-13     0.25                     5.0E10                   2700                     5792.600644116787        3344.359541188827        2502.294445801098
1.50994                  2.96                     0.33783783783783783      4.551170353475238E-13    5.120104071473722E-13    0.25                     5.0E10                   2700                     5792.600644116787        3344.359541188827        2502.294445801098
1.50994                  2.98                     0.3355704697986577       4.55984188734826E-13     5.125796328192751E-13    0.25                     5.0E10                   2700                     5792.600644116787        3344.359541188827        2502.294445801098
1.50994                  3                        0.3333333333333333       4.567311070095718E-13    5.130083948281659E-13    0.25                     5.0E10                   2700                     5792.600644116787        3344.359541188827        2502.294445801098
1.50994                  3.02                     0.33112582781456956      4.573596789032202E-13    5.13299449984904E-13     0.25                     5.0E10                   2700                     5792.600644116787        3344.359541188827        2502.294445801098
1.50994                  3.04                     0.32894736842105265      4.578725324984769E-13    5.134563371812825E-13    0.25                     5.0E10                   2700                     5792.600644116787        3344.359541188827        2502.294445801098
1.50994                  3.06                     0.32679738562091504      4.582729651782589E-13    5.134833002700672E-13    0.25                     5.0E10                   2700                     5792.600644116787        3344.359541188827        2502.294445801098
1.50994                  3.08                     0.3246753246753247       4.585648704591843E-13    5.133852075902929E-13    0.25                     5.0E10                   2700                     5792.600644116787        3344.359541188827        2502.294445801098
1.50994                  3.1                      0.32258064516129037      4.587526631030244E-13    5.131674697065466E-13    0.25                     5.0E10                   2700                     5792.600644116787        3344.359541188827        2502.294445801098
1.50994                  3.12                     0.32051282051282054      4.588412038054218E-13    5.128359568017653E-13    0.25                     5.0E10                   2700                     5792.600644116787        3344.359541188827        2502.294445801098
1.50994                  3.14                     0.3184713375796178       4.588357246973263E-13    5.123969170929269E-13    0.25                     5.0E10                   2700                     5792.600644116787        3344.359541188827        2502.294445801098
1.50994                  3.16                     0.3164556962025316       4.587417567182898E-13    5.118568974212142E-13    0.25                     5.0E10                   2700                     5792.600644116787        3344.359541188827        2502.294445801098
1.50994                  3.18                     0.31446540880503143      4.585650598095364E-13    5.112226670873956E-13    0.25                     5.0E10                   2700                     5792.600644116787        3344.359541188827        2502.294445801098
1.50994                  3.2                      0.3125                   4.583115567001314E-13    5.105011457521213E-13    0.25                     5.0E10                   2700                     5792.600644116787        3344.359541188827        2502.294445801098
1.50994                  3.22                     0.31055900621118004      4.579872709243562E-13    5.096993361045993E-13    0.25                     5.0E10                   2700                     5792.600644116787        3344.359541188827        2502.294445801098
1.50994                  3.24                     0.30864197530864196      4.57598269529122E-13     5.088242617933519E-13    0.25                     5.0E10                   2700                     5792.600644116787        3344.359541188827        2502.294445801098
1.50994                  3.2600000000000002       0.3067484662576687       4.571506108121047E-13    5.078829109800595E-13    0.25                     5.0E10                   2700                     5792.600644116787        3344.359541188827        2502.294445801098
1.50994                  3.2800000000000002       0.3048780487804878       4.566502972861687E-13    5.068821857135326E-13    0.25                     5.0E10                   2700                     5792.600644116787        3344.359541188827        2502.294445801098
1.50994                  3.3000000000000003       0.30303030303030304      4.561032339375598E-13    5.058288571957446E-13    0.25                     5.0E10                   2700                     5792.600644116787        3344.359541188827        2502.294445801098
1.50994                  3.3200000000000003       0.3012048192771084       4.555151917493057E-13    5.047295268698606E-13    0.25                     5.0E10                   2700                     5792.600644116787        3344.359541188827        2502.294445801098
1.50994                  3.3400000000000003       0.29940119760479045      4.548908491757269E-13    5.035932112873059E-13    0.25                     5.0E10                   2700                     5792.600644116787        3344.359541188827        2502.294445801098
1.50994                  3.3600000000000003       0.29761904761904756      4.542368892205838E-13    5.024197040530037E-13    0.25                     5.0E10                   2700                     5792.600644116787        3344.359541188827        2502.294445801098
1.50994                  3.3800000000000003       0.29585798816568043      4.535581525968331E-13    5.012186562271797E-13    0.25                     5.0E10                   2700                     5792.600644116787        3344.359541188827        2502.294445801098
1.50994                  3.4000000000000004       0.2941176470588235       4.5285961458179876E-13   4.999957182033658E-13    0.25                     5.0E10                   2700                     5792.600644116787        3344.359541188827        2502.294445801098
1.50994                  3.4200000000000004       0.29239766081871343      4.521460064173182E-13    4.987562558114499E-13    0.25                     5.0E10                   2700                     5792.600644116787        3344.359541188827        2502.294445801098
1.50994                  3.44                     0.29069767441860467      4.5142180572641733E-13   4.975053409733548E-13    0.25                     5.0E10                   2700                     5792.600644116787        3344.359541188827        2502.294445801098
1.50994                  3.46                     0.2890173410404624       4.506912302702071E-13    4.962477460381809E-13    0.25                     5.0E10                   2700                     5792.600644116787        3344.359541188827        2502.294445801098
1.50994                  3.48                     0.28735632183908044      4.4995823473207033E-13   4.94987941376146E-13     0.25                     5.0E10                   2700                     5792.600644116787        3344.359541188827        2502.294445801098
1.50994                  3.5                      0.2857142857142857       4.4922651012939877E-13   4.937300958300654E-13    0.25                     5.0E10                   2700                     5792.600644116787        3344.359541188827        2502.294445801098
1.50994                  3.52                     0.2840909090909091       4.484995991146378E-13    4.924781666003009E-13    0.25                     5.0E10                   2700                     5792.600644116787        3344.359541188827        2502.294445801098
1.50994                  3.54                     0.2824858757062147       4.477804477641966E-13    4.912355573730627E-13    0.25                     5.0E10                   2700                     5792.600644116787        3344.359541188827        2502.294445801098
1.50994                  3.56                     0.28089887640449435      4.470720853533275E-13    4.900056444355479E-13    0.25                     5.0E10                   2700                     5792.600644116787        3344.359541188827        2502.294445801098
1.50994                  3.58                     0.2793296089385475       4.4637718383323295E-13   4.887914395221421E-13    0.25                     5.0E10                   2700                     5792.600644116787        3344.359541188827        2502.294445801098
1.50994                  3.6                      0.2777777777777778       4.4569817699684713E-13   4.875956855290249E-13    0.25                     5.0E10                   2700                     5792.600644116787        3344.359541188827        2502.294445801098
1.50994                  3.62                     0.27624309392265195      4.450372692758435E-13    4.864208669604917E-13    0.25                     5.0E10                   2700                     5792.600644116787        3344.359541188827        2502.294445801098
1.50994                  3.64                     0.2747252747252747       4.4439644523343783E-13   4.852692210543031E-13    0.25                     5.0E10                   2700                     5792.600644116787        3344.359541188827        2502.294445801098
1.50994                  3.66                     0.27322404371584696      4.437774795523112E-13    4.841427494194493E-13    0.25                     5.0E10                   2700                     5792.600644116787        3344.359541188827        2502.294445801098
1.50994                  3.68                     0.2717391304347826       4.4318194736020595E-13   4.830432299846564E-13    0.25                     5.0E10                   2700                     5792.600644116787        3344.359541188827        2502.294445801098
1.50994                  3.7                      0.2702702702702703       4.4261123473549835E-13   4.819722290853994E-13    0.25                     5.0E10                   2700                     5792.600644116787        3344.359541188827        2502.294445801098
1.50994                  3.72                     0.26881720430107525      4.4206654929181276E-13   4.809311135973916E-13    0.25                     5.0E10                   2700                     5792.600644116787        3344.359541188827        2502.294445801098
1.50994                  3.74                     0.267379679144385        4.4154893071638577E-13   4.799210629775143E-13    0.25                     5.0E10                   2700                     5792.600644116787        3344.359541188827        2502.294445801098
1.50994                  3.7600000000000002       0.26595744680851063      4.410592611842222E-13    4.789430811056205E-13    0.25                     5.0E10                   2700                     5792.600644116787        3344.359541188827        2502.294445801098
1.50994                  3.7800000000000002       0.26455026455026454      4.405982755663564E-13    4.779980078815885E-13    0.25                     5.0E10                   2700                     5792.600644116787        3344.359541188827        2502.294445801098
1.50994                  3.8000000000000003       0.2631578947368421       4.4016657139278553E-13   4.770865304924622E-13    0.25                     5.0E10                   2700                     5792.600644116787        3344.359541188827        2502.294445801098
1.50994                  3.8200000000000003       0.26178010471204183      4.397646184903957E-13    4.762091943055293E-13    0.25                     5.0E10                   2700                     5792.600644116787        3344.359541188827        2502.294445801098
1.50994                  3.8400000000000003       0.26041666666666663      4.3939276829493655E-13   4.753664133539074E-13    0.25                     5.0E10                   2700                     5792.600644116787        3344.359541188827        2502.294445801098
1.50994                  3.8600000000000003       0.25906735751295334      4.3905126277672994E-13   4.745584803756867E-13    0.25                     5.0E10                   2700                     5792.600644116787        3344.359541188827        2502.294445801098
1.50994                  3.8800000000000003       0.25773195876288657      4.387402429892471E-13    4.737855764074625E-13    0.25                     5.0E10                   2700                     5792.600644116787        3344.359541188827        2502.294445801098
1.50994                  3.9000000000000004       0.2564102564102564       4.3845975721075806E-13   4.730477799023558E-13    0.25                     5.0E10                   2700                     5792.600644116787        3344.359541188827        2502.294445801098
1.50994                  3.9200000000000004       0.25510204081632654      4.382097686763644E-13    4.723450753762547E-13    0.25                     5.0E10                   2700                     5792.600644116787        3344.359541188827        2502.294445801098
1.50994                  3.94                     0.25380710659898476      4.379901629017216E-13    4.716773615839689E-13    0.25                     5.0E10                   2700                     5792.600644116787        3344.359541188827        2502.294445801098
1.50994                  3.96                     0.2525252525252525       4.378007546045199E-13    4.710444592285386E-13    0.25                     5.0E10                   2700                     5792.600644116787        3344.359541188827        2502.294445801098
1.50994                  3.98                     0.25125628140703515      4.376412942118714E-13    4.704461182042325E-13    0.25                     5.0E10                   2700                     5792.600644116787        3344.359541188827        2502.294445801098
1.50994                  4                        0.25                     4.3751147399682486E-13   4.698820244062596E-13    0.25                     5.0E10                   2700                     5792.600644116787        3344.359541188827        2502.294445801098
1.50994                  4.02                     0.24875621890547264      4.374109338165295E-13    4.693518060994308E-13    0.25                     5.0E10                   2700                     5792.600644116787        3344.359541188827        2502.294445801098
1.50994                  4.04                     0.24752475247524755      4.3733926648613805E-13   4.688550398640779E-13    0.25                     5.0E10                   2700                     5792.600644116787        3344.359541188827        2502.294445801098
1.50994                  4.06                     0.24630541871921185      4.372960228046336E-13    4.683912561552384E-13    0.25                     5.0E10                   2700                     5792.600644116787        3344.359541188827        2502.294445801098
1.50994                  4.08                     0.2450980392156863       4.372807162386278E-13    4.679599444612618E-13    0.25                     5.0E10                   2700                     5792.600644116787        3344.359541188827        2502.294445801098
1.50994                  4.1                      0.24390243902439027      4.372928272746505E-13    4.675605581093231E-13    0.25                     5.0E10                   2700                     5792.600644116787        3344.359541188827        2502.294445801098
1.50994                  4.12                     0.24271844660194172      4.3733180747823704E-13   4.671925187244558E-13    0.25                     5.0E10                   2700                     5792.600644116787        3344.359541188827        2502.294445801098
1.50994                  4.14                     0.2415458937198068       4.3739708324551256E-13   4.668552203509548E-13    0.25                     5.0E10                   2700                     5792.600644116787        3344.359541188827        2502.294445801098
1.50994                  4.16                     0.24038461538461536      4.3748805928830227E-13   4.665480332683204E-13    0.25                     5.0E10                   2700                     5792.600644116787        3344.359541188827        2502.294445801098
1.50994                  4.18                     0.2392344497607656       4.376041218521804E-13    4.662703075218912E-13    0.25                     5.0E10                   2700                     5792.600644116787        3344.359541188827        2502.294445801098
1.50994                  4.199999999999999        0.23809523809523814      4.377446416915194E-13    4.660213761601835E-13    0.25                     5.0E10                   2700                     5792.600644116787        3344.359541188827        2502.294445801098
1.50994                  4.22                     0.23696682464454977      4.3790897681154954E-13   4.658005582388807E-13    0.25                     5.0E10                   2700                     5792.600644116787        3344.359541188827        2502.294445801098
1.50994                  4.239999999999999        0.23584905660377362      4.3809647499535903E-13   4.656071615550002E-13    0.25                     5.0E10                   2700                     5792.600644116787        3344.359541188827        2502.294445801098
1.50994                  4.26                     0.2347417840375587       4.3830647612504395E-13   4.65440485186494E-13     0.25                     5.0E10                   2700                     5792.600644116787        3344.359541188827        2502.294445801098
1.50994                  4.279999999999999        0.23364485981308417      4.385383143076723E-13    4.65299821780231E-13     0.25                     5.0E10                   2700                     5792.600644116787        3344.359541188827        2502.294445801098
1.50994                  4.3                      0.23255813953488372      4.3879131983899963E-13   4.651844596934059E-13    0.25                     5.0E10                   2700                     5792.600644116787        3344.359541188827        2502.294445801098
1.50994                  4.319999999999999        0.23148148148148148      4.390648209814738E-13    4.650936848941266E-13    0.25                     5.0E10                   2700                     5792.600644116787        3344.359541188827        2502.294445801098
1.50994                  4.34                     0.2304147465437788       4.3935814559925207E-13   4.650267827393588E-13    0.25                     5.0E10                   2700                     5792.600644116787        3344.359541188827        2502.294445801098
1.50994                  4.359999999999999        0.22935779816513763      4.396706226502036E-13    4.649830395741591E-13    0.25                     5.0E10                   2700                     5792.600644116787        3344.359541188827        2502.294445801098
1.50994                  4.38                     0.228310502283105        4.4000182570245126E-13   4.649619362446893E-13    0.25                     5.0E10                   2700                     5792.600644116787        3344.359541188827        2502.294445801098
1.50994                  4.3999999999999995       0.22727272727272732      4.403506091576542E-13    4.649623847338434E-13    0.25                     5.0E10                   2700                     5792.600644116787        3344.359541188827        2502.294445801098
1.50994                  4.42                     0.22624434389140272      4.4071655137986393E-13   4.649838709863023E-13    0.25                     5.0E10                   2700                     5792.600644116787        3344.359541188827        2502.294445801098
1.50994                  4.4399999999999995       0.22522522522522526      4.410989980207074E-13    4.650256984772222E-13    0.25                     5.0E10                   2700                     5792.600644116787        3344.359541188827        2502.294445801098
1.50994                  4.46                     0.2242152466367713       4.41497301433297E-13     4.650871776527623E-13    0.25                     5.0E10                   2700                     5792.600644116787        3344.359541188827        2502.294445801098
1.50994                  4.4799999999999995       0.2232142857142857       4.41910821477479E-13     4.651676267952697E-13    0.25                     5.0E10                   2700                     5792.600644116787        3344.359541188827        2502.294445801098
1.50994                  4.5                      0.22222222222222224      4.423389262600942E-13    4.652663727841149E-13    0.25                     5.0E10                   2700                     5792.600644116787        3344.359541188827        2502.294445801098
1.50994                  4.52                     0.22123893805309736      4.4278099276720747E-13   4.653827517803345E-13    0.25                     5.0E10                   2700                     5792.600644116787        3344.359541188827        2502.294445801098
1.50994                  4.54                     0.22026431718061676      4.432364074538244E-13    4.655161098310024E-13    0.25                     5.0E10                   2700                     5792.600644116787        3344.359541188827        2502.294445801098
1.50994                  4.56                     0.21929824561403513      4.437045667375036E-13    4.656658033974021E-13    0.25                     5.0E10                   2700                     5792.600644116787        3344.359541188827        2502.294445801098
1.50994                  4.58                     0.21834061135371177      4.4418487745833935E-13   4.658311998159964E-13    0.25                     5.0E10                   2700                     5792.600644116787        3344.359541188827        2502.294445801098
1.50994                  4.6                      0.2173913043478261       4.446767572503937E-13    4.66011677693993E-13     0.25                     5.0E10                   2700                     5792.600644116787        3344.359541188827        2502.294445801098
1.50994                  4.62                     0.21645021645021645      4.4517963488210086E-13   4.662066272649483E-13    0.25                     5.0E10                   2700                     5792.600644116787        3344.359541188827        2502.294445801098
1.50994                  4.64                     0.21551724137931036      4.4569295054415194E-13   4.664154506650044E-13    0.25                     5.0E10                   2700                     5792.600644116787        3344.359541188827        2502.294445801098
1.50994                  4.66                     0.2145922746781116       4.46216156079036E-13     4.666375621830253E-13    0.25                     5.0E10                   2700                     5792.600644116787        3344.359541188827        2502.294445801098
1.50994                  4.68                     0.21367521367521367      4.4674871517426786E-13   4.668723884431473E-13    0.25                     5.0E10                   2700                     5792.600644116787        3344.359541188827        2502.294445801098
1.50994                  4.7                      0.2127659574468085       4.4729010353812867E-13   4.671193685870688E-13    0.25                     5.0E10                   2700                     5792.600644116787        3344.359541188827        2502.294445801098
1.50994                  4.72                     0.211864406779661        4.478398090023719E-13    4.673779543673189E-13    0.25                     5.0E10                   2700                     5792.600644116787        3344.359541188827        2502.294445801098
1.50994                  4.739999999999999        0.21097046413502113      4.4839733162883823E-13   4.676476102523779E-13    0.25                     5.0E10                   2700                     5792.600644116787        3344.359541188827        2502.294445801098
1.50994                  4.76                     0.21008403361344538      4.48962183750646E-13     4.679278134580573E-13    0.25                     5.0E10                   2700                     5792.600644116787        3344.359541188827        2502.294445801098
1.50994                  4.779999999999999        0.20920502092050208      4.495338900159971E-13    4.682180539897723E-13    0.25                     5.0E10                   2700                     5792.600644116787        3344.359541188827        2502.294445801098
1.50994                  4.8                      0.20833333333333334      4.50111987399679E-13     4.685178346391462E-13    0.25                     5.0E10                   2700                     5792.600644116787        3344.359541188827        2502.294445801098
1.50994                  4.819999999999999        0.2074688796680498       4.506960251696804E-13    4.688266709488102E-13    0.25                     5.0E10                   2700                     5792.600644116787        3344.359541188827        2502.294445801098
1.50994                  4.84                     0.20661157024793386      4.5128556486731357E-13   4.691440911729508E-13    0.25                     5.0E10                   2700                     5792.600644116787        3344.359541188827        2502.294445801098
1.50994                  4.859999999999999        0.20576131687242802      4.518801802397801E-13    4.694696362076304E-13    0.25                     5.0E10                   2700                     5792.600644116787        3344.359541188827        2502.294445801098
1.50994                  4.88                     0.20491803278688525      4.524794571753243E-13    4.698028595080525E-13    0.25                     5.0E10                   2700                     5792.600644116787        3344.359541188827        2502.294445801098
1.50994                  4.8999999999999995       0.20408163265306126      4.530829936003355E-13    4.701433269862142E-13    0.25                     5.0E10                   2700                     5792.600644116787        3344.359541188827        2502.294445801098
1.50994                  4.92                     0.2032520325203252       4.536903993807888E-13    4.704906168883944E-13    0.25                     5.0E10                   2700                     5792.600644116787        3344.359541188827        2502.294445801098
1.50994                  4.9399999999999995       0.20242914979757085      4.543012962115991E-13    4.70844319684691E-13     0.25                     5.0E10                   2700                     5792.600644116787        3344.359541188827        2502.294445801098
1.50994                  4.96                     0.20161290322580644      4.549153174698401E-13    4.712040379006688E-13    0.25                     5.0E10                   2700                     5792.600644116787        3344.359541188827        2502.294445801098
1.50994                  4.9799999999999995       0.20080321285140565      4.555321080973834E-13    4.715693859932064E-13    0.25                     5.0E10                   2700                     5792.600644116787        3344.359541188827        2502.294445801098
1.50994                  5                        0.2                      4.562397663872598E-13    4.720536067044409E-13    0.25                     5.0E10                   2700                     5792.600644116787        3344.359541188827        2502.294445801098
1.50994                  5.02                     0.19920318725099603      4.56861135429268E-13     4.724291587068785E-13    0.25                     5.0E10                   2700                     5792.600644116787        3344.359541188827        2502.294445801098
1.50994                  5.04                     0.1984126984126984       4.574842236798697E-13    4.728091933050206E-13    0.25                     5.0E10                   2700                     5792.600644116787        3344.359541188827        2502.294445801098
1.50994                  5.06                     0.19762845849802374      4.581087228227119E-13    4.731933736248862E-13    0.25                     5.0E10                   2700                     5792.600644116787        3344.359541188827        2502.294445801098
1.50994                  5.08                     0.19685039370078738      4.587343351960469E-13    4.735813737308671E-13    0.25                     5.0E10                   2700                     5792.600644116787        3344.359541188827        2502.294445801098
1.50994                  5.1                      0.19607843137254904      4.593607736089998E-13    4.739728784441556E-13    0.25                     5.0E10                   2700                     5792.600644116787        3344.359541188827        2502.294445801098
1.50994                  5.12                     0.19531249999999997      4.599877611604542E-13    4.743675831374247E-13    0.25                     5.0E10                   2700                     5792.600644116787        3344.359541188827        2502.294445801098
1.50994                  5.14                     0.1945525291828794       4.606150310477204E-13    4.747651935463502E-13    0.25                     5.0E10                   2700                     5792.600644116787        3344.359541188827        2502.294445801098
1.50994                  5.16                     0.19379844961240308      4.612423263544635E-13    4.75165425555067E-13     0.25                     5.0E10                   2700                     5792.600644116787        3344.359541188827        2502.294445801098
1.50994                  5.18                     0.19305019305019305      4.618693998876934E-13    4.755680050005069E-13    0.25                     5.0E10                   2700                     5792.600644116787        3344.359541188827        2502.294445801098
1.50994                  5.2                      0.1923076923076923       4.624960139309204E-13    4.759726674663972E-13    0.25                     5.0E10                   2700                     5792.600644116787        3344.359541188827        2502.294445801098
1.50994                  5.22                     0.19157088122605365      4.631219400873384E-13    4.763791580639135E-13    0.25                     5.0E10                   2700                     5792.600644116787        3344.359541188827        2502.294445801098
1.50994                  5.239999999999999        0.19083969465648856      4.637469590562858E-13    4.767872312376503E-13    0.25                     5.0E10                   2700                     5792.600644116787        3344.359541188827        2502.294445801098
1.50994                  5.26                     0.19011406844106465      4.643708604195332E-13    4.77196650551471E-13     0.25                     5.0E10                   2700                     5792.600644116787        3344.359541188827        2502.294445801098
1.50994                  5.279999999999999        0.18939393939393942      4.649934424602783E-13    4.77607188466749E-13     0.25                     5.0E10                   2700                     5792.600644116787        3344.359541188827        2502.294445801098
1.50994                  5.3                      0.18867924528301888      4.656145119437006E-13    4.780186261583685E-13    0.25                     5.0E10                   2700                     5792.600644116787        3344.359541188827        2502.294445801098
1.50994                  5.319999999999999        0.1879699248120301       4.662338839181287E-13    4.784307532787656E-13    0.25                     5.0E10                   2700                     5792.600644116787        3344.359541188827        2502.294445801098
1.50994                  5.34                     0.18726591760299627      4.668513815104347E-13    4.788433677750699E-13    0.25                     5.0E10                   2700                     5792.600644116787        3344.359541188827        2502.294445801098
1.50994                  5.359999999999999        0.1865671641791045       4.674668357184164E-13    4.792562756613341E-13    0.25                     5.0E10                   2700                     5792.600644116787        3344.359541188827        2502.294445801098
1.50994                  5.38                     0.1858736059479554       4.680800852267373E-13    4.796692908299238E-13    0.25                     5.0E10                   2700                     5792.600644116787        3344.359541188827        2502.294445801098
1.50994                  5.3999999999999995       0.1851851851851852       4.686909761780338E-13    4.800822348361323E-13    0.25                     5.0E10                   2700                     5792.600644116787        3344.359541188827        2502.294445801098
1.50994                  5.42                     0.18450184501845018      4.692993620027317E-13    4.804949367058529E-13    0.25                     5.0E10                   2700                     5792.600644116787        3344.359541188827        2502.294445801098
1.50994                  5.4399999999999995       0.18382352941176472      4.699051032101029E-13    4.809072327286176E-13    0.25                     5.0E10                   2700                     5792.600644116787        3344.359541188827        2502.294445801098
1.50994                  5.46                     0.18315018315018314      4.705080671839616E-13    4.813189662663502E-13    0.25                     5.0E10                   2700                     5792.600644116787        3344.359541188827        2502.294445801098
1.50994                  5.4799999999999995       0.18248175182481755      4.711081280033929E-13    4.817299875477276E-13    0.25                     5.0E10                   2700                     5792.600644116787        3344.359541188827        2502.294445801098
1.50994                  5.5                      0.18181818181818182      4.717051662559872E-13    4.821401534910936E-13    0.25                     5.0E10                   2700                     5792.600644116787        3344.359541188827        2502.294445801098
1.50994                  5.52                     0.1811594202898551       4.722990688252854E-13    4.825493274985675E-13    0.25                     5.0E10                   2700                     5792.600644116787        3344.359541188827        2502.294445801098
1.50994                  5.54                     0.18050541516245486      4.728897287337971E-13    4.82957379281819E-13     0.25                     5.0E10                   2700                     5792.600644116787        3344.359541188827        2502.294445801098
1.50994                  5.56                     0.1798561151079137       4.7347704494262E-13      4.833641846677778E-13    0.25                     5.0E10                   2700                     5792.600644116787        3344.359541188827        2502.294445801098
1.50994                  5.58                     0.17921146953405018      4.740609221713628E-13    4.837696254203806E-13    0.25                     5.0E10                   2700                     5792.600644116787        3344.359541188827        2502.294445801098
1.50994                  5.6                      0.17857142857142858      4.746412707325647E-13    4.841735890643246E-13    0.25                     5.0E10                   2700                     5792.600644116787        3344.359541188827        2502.294445801098
1.50994                  5.62                     0.17793594306049823      4.752180063425266E-13    4.845759687093002E-13    0.25                     5.0E10                   2700                     5792.600644116787        3344.359541188827        2502.294445801098
1.50994                  5.64                     0.1773049645390071       4.757910499605517E-13    4.849766628690876E-13    0.25                     5.0E10                   2700                     5792.600644116787        3344.359541188827        2502.294445801098
1.50994                  5.66                     0.17667844522968196      4.763603276098262E-13    4.853755753061472E-13    0.25                     5.0E10                   2700                     5792.600644116787        3344.359541188827        2502.294445801098
1.50994                  5.68                     0.17605633802816903      4.769257702263342E-13    4.857726148511192E-13    0.25                     5.0E10                   2700                     5792.600644116787        3344.359541188827        2502.294445801098
1.50994                  5.7                      0.17543859649122806      4.774873134871777E-13    4.861676952570935E-13    0.25                     5.0E10                   2700                     5792.600644116787        3344.359541188827        2502.294445801098
1.50994                  5.72                     0.17482517482517484      4.780448976396216E-13    4.865607350162257E-13    0.25                     5.0E10                   2700                     5792.600644116787        3344.359541188827        2502.294445801098
1.50994                  5.739999999999999        0.17421602787456447      4.785984673724211E-13    4.869516572295907E-13    0.25                     5.0E10                   2700                     5792.600644116787        3344.359541188827        2502.294445801098
1.50994                  5.76                     0.1736111111111111       4.791479716347089E-13    4.873403894310098E-13    0.25                     5.0E10                   2700                     5792.600644116787        3344.359541188827        2502.294445801098
1.50994                  5.779999999999999        0.17301038062283738      4.796933635211139E-13    4.877268634632678E-13    0.25                     5.0E10                   2700                     5792.600644116787        3344.359541188827        2502.294445801098
1.50994                  5.8                      0.1724137931034483       4.802346000851953E-13    4.881110152989641E-13    0.25                     5.0E10                   2700                     5792.600644116787        3344.359541188827        2502.294445801098
1.50994                  5.819999999999999        0.17182130584192443      4.807716422183715E-13    4.884927849267143E-13    0.25                     5.0E10                   2700                     5792.600644116787        3344.359541188827        2502.294445801098
1.50994                  5.84                     0.17123287671232879      4.813049498533639E-13    4.88872549234325E-13     0.25                     5.0E10                   2700                     5792.600644116787        3344.359541188827        2502.294445801098
1.50994                  5.859999999999999        0.17064846416382254      4.818335074267274E-13    4.892493956056207E-13    0.25                     5.0E10                   2700                     5792.600644116787        3344.359541188827        2502.294445801098
1.50994                  5.88                     0.17006802721088435      4.823577749839385E-13    4.896237024600634E-13    0.25                     5.0E10                   2700                     5792.600644116787        3344.359541188827        2502.294445801098
1.50994                  5.8999999999999995       0.16949152542372883      4.828777273892654E-13    4.899954244336106E-13    0.25                     5.0E10                   2700                     5792.600644116787        3344.359541188827        2502.294445801098
1.50994                  5.92                     0.16891891891891891      4.833933426873428E-13    4.903645195089799E-13    0.25                     5.0E10                   2700                     5792.600644116787        3344.359541188827        2502.294445801098
1.50994                  5.9399999999999995       0.16835016835016836      4.839046019624538E-13    4.90730948880906E-13     0.25                     5.0E10                   2700                     5792.600644116787        3344.359541188827        2502.294445801098
1.50994                  5.96                     0.16778523489932884      4.84411489216021E-13     4.910946768371605E-13    0.25                     5.0E10                   2700                     5792.600644116787        3344.359541188827        2502.294445801098
1.50994                  5.9799999999999995       0.16722408026755856      4.849139912721932E-13    4.914556706474046E-13    0.25                     5.0E10                   2700                     5792.600644116787        3344.359541188827        2502.294445801098
1.50994                  6                        0.16666666666666666      4.854120976337636E-13    4.918139004429237E-13    0.25                     5.0E10                   2700                     5792.600644116787        3344.359541188827        2502.294445801098
1.50994                  6.02                     0.16611295681063123      4.8590580039336E-13      4.921693391080957E-13    0.25                     5.0E10                   2700                     5792.600644116787        3344.359541188827        2502.294445801098
1.50994                  6.04                     0.16556291390728478      4.863950941195923E-13    4.925219621762999E-13    0.25                     5.0E10                   2700                     5792.600644116787        3344.359541188827        2502.294445801098
1.50994                  6.06                     0.16501650165016504      4.86879975745127E-13     4.92871747719205E-13     0.25                     5.0E10                   2700                     5792.600644116787        3344.359541188827        2502.294445801098
1.50994                  6.08                     0.16447368421052633      4.873604444703134E-13    4.932186762441277E-13    0.25                     5.0E10                   2700                     5792.600644116787        3344.359541188827        2502.294445801098
1.50994                  6.1                      0.16393442622950818      4.878365016737548E-13    4.935627306084056E-13    0.25                     5.0E10                   2700                     5792.600644116787        3344.359541188827        2502.294445801098
1.50994                  6.12                     0.16339869281045752      4.883081507913173E-13    4.939038959003013E-13    0.25                     5.0E10                   2700                     5792.600644116787        3344.359541188827        2502.294445801098
1.50994                  6.14                     0.16286644951140067      4.887753972411553E-13    4.942421593671743E-13    0.25                     5.0E10                   2700                     5792.600644116787        3344.359541188827        2502.294445801098
1.50994                  6.16                     0.16233766233766234      4.892382483408763E-13    4.945775103147731E-13    0.25                     5.0E10                   2700                     5792.600644116787        3344.359541188827        2502.294445801098
1.50994                  6.18                     0.16181229773462782      4.896967131979463E-13    4.949099400176366E-13    0.25                     5.0E10                   2700                     5792.600644116787        3344.359541188827        2502.294445801098
1.50994                  6.2                      0.16129032258064518      4.90150802634464E-13     4.952394416411718E-13    0.25                     5.0E10                   2700                     5792.600644116787        3344.359541188827        2502.294445801098
1.50994                  6.22                     0.16077170418006428      4.906005291070984E-13    4.955660101526007E-13    0.25                     5.0E10                   2700                     5792.600644116787        3344.359541188827        2502.294445801098
1.50994                  6.24                     0.16025641025641027      4.910459066237564E-13    4.95889642242629E-13     0.25                     5.0E10                   2700                     5792.600644116787        3344.359541188827        2502.294445801098
1.50994                  6.26                     0.1597444089456869       4.914869506720583E-13    4.962103362512191E-13    0.25                     5.0E10                   2700                     5792.600644116787        3344.359541188827        2502.294445801098
1.50994                  6.279999999999999        0.15923566878980894      4.919236781392292E-13    4.965280920914098E-13    0.25                     5.0E10                   2700                     5792.600644116787        3344.359541188827        2502.294445801098
1.50994                  6.3                      0.15873015873015872      4.923561072359434E-13    4.968429111706511E-13    0.25                     5.0E10                   2700                     5792.600644116787        3344.359541188827        2502.294445801098
1.50994                  6.319999999999999        0.15822784810126583      4.927842574279817E-13    4.971547963267777E-13    0.25                     5.0E10                   2700                     5792.600644116787        3344.359541188827        2502.294445801098
1.50994                  6.34                     0.1577287066246057       4.932081493876038E-13    4.974637517656104E-13    0.25                     5.0E10                   2700                     5792.600644116787        3344.359541188827        2502.294445801098
1.50994                  6.359999999999999        0.15723270440251574      4.936278048907407E-13    4.977697829745874E-13    0.25                     5.0E10                   2700                     5792.600644116787        3344.359541188827        2502.294445801098
1.50994                  6.38                     0.15673981191222572      4.940432467861462E-13    4.980728966828679E-13    0.25                     5.0E10                   2700                     5792.600644116787        3344.359541188827        2502.294445801098
1.50994                  6.3999999999999995       0.15625                  4.944544989240934E-13    4.983731007886143E-13    0.25                     5.0E10                   2700                     5792.600644116787        3344.359541188827        2502.294445801098
1.50994                  6.42                     0.1557632398753894       4.948615860973659E-13    4.986704043000931E-13    0.25                     5.0E10                   2700                     5792.600644116787        3344.359541188827        2502.294445801098
1.50994                  6.4399999999999995       0.15527950310559008      4.952645339729747E-13    4.989648172754517E-13    0.25                     5.0E10                   2700                     5792.600644116787        3344.359541188827        2502.294445801098
1.50994                  6.46                     0.15479876160990713      4.956633690619388E-13    4.992563507780233E-13    0.25                     5.0E10                   2700                     5792.600644116787        3344.359541188827        2502.294445801098
1.50994                  6.4799999999999995       0.154320987654321        4.960581186457528E-13    4.995450168116533E-13    0.25                     5.0E10                   2700                     5792.600644116787        3344.359541188827        2502.294445801098
1.50994                  6.5                      0.15384615384615383      4.964488107293748E-13    4.998308282731573E-13    0.25                     5.0E10                   2700                     5792.600644116787        3344.359541188827        2502.294445801098
1.50994                  6.52                     0.15337423312883436      4.968354740073368E-13    5.001137989117687E-13    0.25                     5.0E10                   2700                     5792.600644116787        3344.359541188827        2502.294445801098
1.50994                  6.54                     0.15290519877675843      4.972181377831343E-13    5.003939432570449E-13    0.25                     5.0E10                   2700                     5792.600644116787        3344.359541188827        2502.294445801098
1.50994                  6.56                     0.15243902439024393      4.975968319724029E-13    5.006712766077543E-13    0.25                     5.0E10                   2700                     5792.600644116787        3344.359541188827        2502.294445801098
1.50994                  6.58                     0.1519756838905775       4.979715870145813E-13    5.009458149549145E-13    0.25                     5.0E10                   2700                     5792.600644116787        3344.359541188827        2502.294445801098
1.50994                  6.6                      0.15151515151515152      4.983424338492851E-13    5.012175749565919E-13    0.25                     5.0E10                   2700                     5792.600644116787        3344.359541188827        2502.294445801098
1.50994                  6.62                     0.1510574018126888       4.987094038769661E-13    5.014865738931827E-13    0.25                     5.0E10                   2700                     5792.600644116787        3344.359541188827        2502.294445801098
1.50994                  6.64                     0.1506024096385542       4.990725289285282E-13    5.017528296310384E-13    0.25                     5.0E10                   2700                     5792.600644116787        3344.359541188827        2502.294445801098
1.50994                  6.66                     0.15015015015015015      4.99431841205138E-13     5.020163605758246E-13    0.25                     5.0E10                   2700                     5792.600644116787        3344.359541188827        2502.294445801098
1.50994                  6.68                     0.14970059880239522      4.997873732582838E-13    5.022771856411319E-13    0.25                     5.0E10                   2700                     5792.600644116787        3344.359541188827        2502.294445801098
1.50994                  6.7                      0.1492537313432836       5.001391579589345E-13    5.025353242180939E-13    0.25                     5.0E10                   2700                     5792.600644116787        3344.359541188827        2502.294445801098
1.50994                  6.72                     0.1488095238095238       5.004872284525844E-13    5.02790796132161E-13     0.25                     5.0E10                   2700                     5792.600644116787        3344.359541188827        2502.294445801098
1.50994                  6.74                     0.14836795252225518      5.008316181335152E-13    5.030436216162785E-13    0.25                     5.0E10                   2700                     5792.600644116787        3344.359541188827        2502.294445801098
1.50994                  6.76                     0.14792899408284024      5.011723606217074E-13    5.032938212822502E-13    0.25                     5.0E10                   2700                     5792.600644116787        3344.359541188827        2502.294445801098
1.50994                  6.779999999999999        0.14749262536873156      5.015094897199194E-13    5.035414160811835E-13    0.25                     5.0E10                   2700                     5792.600644116787        3344.359541188827        2502.294445801098
1.50994                  6.8                      0.14705882352941177      5.018430393930734E-13    5.037864272849927E-13    0.25                     5.0E10                   2700                     5792.600644116787        3344.359541188827        2502.294445801098
1.50994                  6.819999999999999        0.1466275659824047       5.021730437489856E-13    5.040288764563973E-13    0.25                     5.0E10                   2700                     5792.600644116787        3344.359541188827        2502.294445801098
1.50994                  6.84                     0.14619883040935674      5.024995370051054E-13    5.042687854196281E-13    0.25                     5.0E10                   2700                     5792.600644116787        3344.359541188827        2502.294445801098
1.50994                  6.859999999999999        0.1457725947521866       5.028225534540339E-13    5.045061762321551E-13    0.25                     5.0E10                   2700                     5792.600644116787        3344.359541188827        2502.294445801098
1.50994                  6.88                     0.14534883720930233      5.031421274708135E-13    5.047410711740603E-13    0.25                     5.0E10                   2700                     5792.600644116787        3344.359541188827        2502.294445801098
1.50994                  6.8999999999999995       0.14492753623188406      5.034582934554574E-13    5.049734927073192E-13    0.25                     5.0E10                   2700                     5792.600644116787        3344.359541188827        2502.294445801098
1.50994                  6.92                     0.1445086705202312       5.037710858402466E-13    5.052034634695729E-13    0.25                     5.0E10                   2700                     5792.600644116787        3344.359541188827        2502.294445801098
1.50994                  6.9399999999999995       0.1440922190201729       5.040805390543966E-13    5.054310062425548E-13    0.25                     5.0E10                   2700                     5792.600644116787        3344.359541188827        2502.294445801098
1.50994                  6.96                     0.14367816091954022      5.043866875076052E-13    5.056561439351275E-13    0.25                     5.0E10                   2700                     5792.600644116787        3344.359541188827        2502.294445801098
1.50994                  6.9799999999999995       0.14326647564469916      5.046895655709555E-13    5.058788995617255E-13    0.25                     5.0E10                   2700                     5792.600644116787        3344.359541188827        2502.294445801098
1.50994                  7                        0.14285714285714285      5.049892075767476E-13    5.060992962339607E-13    0.25                     5.0E10                   2700                     5792.600644116787        3344.359541188827        2502.294445801098
1.50994                  7.02                     0.14245014245014245      5.05285647762272E-13     5.06317357123842E-13     0.25                     5.0E10                   2700                     5792.600644116787        3344.359541188827        2502.294445801098
1.50994                  7.04                     0.14204545454545456      5.055789203088396E-13    5.065331054716704E-13    0.25                     5.0E10                   2700                     5792.600644116787        3344.359541188827        2502.294445801098
1.50994                  7.06                     0.141643059490085        5.058690592736658E-13    5.067465645462533E-13    0.25                     5.0E10                   2700                     5792.600644116787        3344.359541188827        2502.294445801098
1.50994                  7.08                     0.14124293785310735      5.06156098620536E-13     5.069577576484597E-13    0.25                     5.0E10                   2700                     5792.600644116787        3344.359541188827        2502.294445801098
1.50994                  7.1                      0.14084507042253522      5.064400721584613E-13    5.071667080774841E-13    0.25                     5.0E10                   2700                     5792.600644116787        3344.359541188827        2502.294445801098
1.50994                  7.12                     0.14044943820224717      5.067210135961282E-13    5.073734391468618E-13    0.25                     5.0E10                   2700                     5792.600644116787        3344.359541188827        2502.294445801098
1.50994                  7.14                     0.1400560224089636       5.069989564573662E-13    5.075779741338615E-13    0.25                     5.0E10                   2700                     5792.600644116787        3344.359541188827        2502.294445801098
1.50994                  7.16                     0.13966480446927376      5.072739341190068E-13    5.077803362965662E-13    0.25                     5.0E10                   2700                     5792.600644116787        3344.359541188827        2502.294445801098
1.50994                  7.18                     0.1392757660167131       5.075459797818835E-13    5.079805488483076E-13    0.25                     5.0E10                   2700                     5792.600644116787        3344.359541188827        2502.294445801098
1.50994                  7.2                      0.1388888888888889       5.078151264672E-13       5.081786349521922E-13    0.25                     5.0E10                   2700                     5792.600644116787        3344.359541188827        2502.294445801098
1.50994                  7.22                     0.13850415512465375      5.080814070011484E-13    5.083746177060401E-13    0.25                     5.0E10                   2700                     5792.600644116787        3344.359541188827        2502.294445801098
1.50994                  7.24                     0.13812154696132597      5.083448540074993E-13    5.085685201337676E-13    0.25                     5.0E10                   2700                     5792.600644116787        3344.359541188827        2502.294445801098
1.50994                  7.26                     0.13774104683195593      5.086054999149226E-13    5.087603651825998E-13    0.25                     5.0E10                   2700                     5792.600644116787        3344.359541188827        2502.294445801098
1.50994                  7.279999999999999        0.13736263736263737      5.088633769121531E-13    5.089501756972591E-13    0.25                     5.0E10                   2700                     5792.600644116787        3344.359541188827        2502.294445801098
1.50994                  7.3                      0.13698630136986303      5.091185169852187E-13    5.09137974431205E-13     0.25                     5.0E10                   2700                     5792.600644116787        3344.359541188827        2502.294445801098
1.50994                  7.319999999999999        0.1366120218579235       5.093709518858578E-13    5.093237840305684E-13    0.25                     5.0E10                   2700                     5792.600644116787        3344.359541188827        2502.294445801098
1.50994                  7.34                     0.1362397820163488       5.096207131252673E-13    5.095076270194221E-13    0.25                     5.0E10                   2700                     5792.600644116787        3344.359541188827        2502.294445801098
1.50994                  7.359999999999999        0.13586956521739132      5.098678319647166E-13    5.09689525800688E-13     0.25                     5.0E10                   2700                     5792.600644116787        3344.359541188827        2502.294445801098
1.50994                  7.38                     0.13550135501355012      5.101123394389809E-13    5.098695026528462E-13    0.25                     5.0E10                   2700                     5792.600644116787        3344.359541188827        2502.294445801098
1.50994                  7.3999999999999995       0.13513513513513514      5.103542663158693E-13    5.100475797143954E-13    0.25                     5.0E10                   2700                     5792.600644116787        3344.359541188827        2502.294445801098
1.50994                  7.42                     0.1347708894878706       5.1059364310506E-13      5.102237789813392E-13    0.25                     5.0E10                   2700                     5792.600644116787        3344.359541188827        2502.294445801098
1.50994                  7.4399999999999995       0.13440860215053765      5.108305000719131E-13    5.1039812231187E-13      0.25                     5.0E10                   2700                     5792.600644116787        3344.359541188827        2502.294445801098
1.50994                  7.46                     0.13404825737265413      5.110648671993499E-13    5.105706314024748E-13    0.25                     5.0E10                   2700                     5792.600644116787        3344.359541188827        2502.294445801098
1.50994                  7.4799999999999995       0.1336898395721925       5.112967742098689E-13    5.107413277961696E-13    0.25                     5.0E10                   2700                     5792.600644116787        3344.359541188827        2502.294445801098
1.50994                  7.5                      0.13333333333333333      5.115262505568269E-13    5.109102328766093E-13    0.25                     5.0E10                   2700                     5792.600644116787        3344.359541188827        2502.294445801098
1.50994                  7.52                     0.13297872340425532      5.117533254114215E-13    5.110773678589373E-13    0.25                     5.0E10                   2700                     5792.600644116787        3344.359541188827        2502.294445801098
1.50994                  7.54                     0.13262599469496023      5.119780276872886E-13    5.112427537963359E-13    0.25                     5.0E10                   2700                     5792.600644116787        3344.359541188827        2502.294445801098
1.50994                  7.56                     0.13227513227513227      5.122003859932295E-13    5.114064115613684E-13    0.25                     5.0E10                   2700                     5792.600644116787        3344.359541188827        2502.294445801098
1.50994                  7.58                     0.13192612137203166      5.124204286854808E-13    5.115683618600942E-13    0.25                     5.0E10                   2700                     5792.600644116787        3344.359541188827        2502.294445801098
1.50994                  7.6                      0.13157894736842105      5.126381838146224E-13    5.117286252100002E-13    0.25                     5.0E10                   2700                     5792.600644116787        3344.359541188827        2502.294445801098
1.50994                  7.62                     0.13123359580052493      5.128536791644104E-13    5.118872219565214E-13    0.25                     5.0E10                   2700                     5792.600644116787        3344.359541188827        2502.294445801098
1.50994                  7.64                     0.13089005235602094      5.130669422191305E-13    5.120441722547505E-13    0.25                     5.0E10                   2700                     5792.600644116787        3344.359541188827        2502.294445801098
1.50994                  7.66                     0.13054830287206268      5.132780002018827E-13    5.121994960815824E-13    0.25                     5.0E10                   2700                     5792.600644116787        3344.359541188827        2502.294445801098
1.50994                  7.68                     0.13020833333333334      5.134868800215562E-13    5.123532132216031E-13    0.25                     5.0E10                   2700                     5792.600644116787        3344.359541188827        2502.294445801098
1.50994                  7.7                      0.12987012987012989      5.136936083169747E-13    5.125053432663011E-13    0.25                     5.0E10                   2700                     5792.600644116787        3344.359541188827        2502.294445801098
1.50994                  7.72                     0.1295336787564767       5.138982114374382E-13    5.126559056253874E-13    0.25                     5.0E10                   2700                     5792.600644116787        3344.359541188827        2502.294445801098
1.50994                  7.74                     0.12919896640826872      5.14100715446995E-13     5.128049195111118E-13    0.25                     5.0E10                   2700                     5792.600644116787        3344.359541188827        2502.294445801098
1.50994                  7.76                     0.1288659793814433       5.143011461156103E-13    5.129524039412446E-13    0.25                     5.0E10                   2700                     5792.600644116787        3344.359541188827        2502.294445801098
1.50994                  7.779999999999999        0.12853470437017997      5.144995289337369E-13    5.130983777422301E-13    0.25                     5.0E10                   2700                     5792.600644116787        3344.359541188827        2502.294445801098
1.50994                  7.8                      0.12820512820512822      5.146958891071673E-13    5.132428595455279E-13    0.25                     5.0E10                   2700                     5792.600644116787        3344.359541188827        2502.294445801098
1.50994                  7.819999999999999        0.1278772378516624       5.148902515422435E-13    5.133858677818936E-13    0.25                     5.0E10                   2700                     5792.600644116787        3344.359541188827        2502.294445801098
1.50994                  7.84                     0.12755102040816327      5.150826408771239E-13    5.135274206920643E-13    0.25                     5.0E10                   2700                     5792.600644116787        3344.359541188827        2502.294445801098
1.50994                  7.859999999999999        0.1272264631043257       5.152730814536884E-13    5.136675363145553E-13    0.25                     5.0E10                   2700                     5792.600644116787        3344.359541188827        2502.294445801098
1.50994                  7.88                     0.12690355329949238      5.154615973340291E-13    5.138062324950996E-13    0.25                     5.0E10                   2700                     5792.600644116787        3344.359541188827        2502.294445801098
1.50994                  7.8999999999999995       0.12658227848101267      5.156482123025304E-13    5.139435268815361E-13    0.25                     5.0E10                   2700                     5792.600644116787        3344.359541188827        2502.294445801098
1.50994                  7.92                     0.12626262626262624      5.158329498683606E-13    5.14079436928826E-13     0.25                     5.0E10                   2700                     5792.600644116787        3344.359541188827        2502.294445801098
1.50994                  7.9399999999999995       0.12594458438287154      5.160158332318302E-13    5.142139798817297E-13    0.25                     5.0E10                   2700                     5792.600644116787        3344.359541188827        2502.294445801098
1.50994                  7.96                     0.12562814070351758      5.161968853476557E-13    5.143471728053114E-13    0.25                     5.0E10                   2700                     5792.600644116787        3344.359541188827        2502.294445801098
1.50994                  7.9799999999999995       0.12531328320802007      5.163761288776247E-13    5.14479032557563E-13     0.25                     5.0E10                   2700                     5792.600644116787        3344.359541188827        2502.294445801098
1.50994                  8                        0.125                    5.165535862133454E-13    5.14609575806176E-13     0.25                     5.0E10                   2700                     5792.600644116787        3344.359541188827        2502.294445801098
1.50994                  8.02                     0.12468827930174564      5.167292794681208E-13    5.147388190201193E-13    0.25                     5.0E10                   2700                     5792.600644116787        3344.359541188827        2502.294445801098
1.50994                  8.040000000000001        0.1243781094527363       5.169032304839947E-13    5.148667784745515E-13    0.25                     5.0E10                   2700                     5792.600644116787        3344.359541188827        2502.294445801098
1.50994                  8.06                     0.12406947890818859      5.170754608384389E-13    5.149934702559702E-13    0.25                     5.0E10                   2700                     5792.600644116787        3344.359541188827        2502.294445801098
1.50994                  8.08                     0.12376237623762378      5.1724599183245E-13      5.15118910250323E-13     0.25                     5.0E10                   2700                     5792.600644116787        3344.359541188827        2502.294445801098
1.50994                  8.1                      0.1234567901234568       5.174148445079133E-13    5.152431141580775E-13    0.25                     5.0E10                   2700                     5792.600644116787        3344.359541188827        2502.294445801098
1.50994                  8.12                     0.12315270935960593      5.175820396372657E-13    5.153660974843657E-13    0.25                     5.0E10                   2700                     5792.600644116787        3344.359541188827        2502.294445801098
1.50994                  8.14                     0.12285012285012284      5.177475977373157E-13    5.154878755487506E-13    0.25                     5.0E10                   2700                     5792.600644116787        3344.359541188827        2502.294445801098
1.50994                  8.16                     0.12254901960784315      5.179115390600464E-13    5.156084634805327E-13    0.25                     5.0E10                   2700                     5792.600644116787        3344.359541188827        2502.294445801098
1.50994                  8.18                     0.12224938875305624      5.180738835931167E-13    5.157278762154055E-13    0.25                     5.0E10                   2700                     5792.600644116787        3344.359541188827        2502.294445801098
1.50994                  8.2                      0.12195121951219513      5.18234651082701E-13     5.158461285134557E-13    0.25                     5.0E10                   2700                     5792.600644116787        3344.359541188827        2502.294445801098
1.50994                  8.22                     0.121654501216545        5.183938610122183E-13    5.159632349417246E-13    0.25                     5.0E10                   2700                     5792.600644116787        3344.359541188827        2502.294445801098
1.50994                  8.24                     0.12135922330097086      5.185515326126833E-13    5.160792098856631E-13    0.25                     5.0E10                   2700                     5792.600644116787        3344.359541188827        2502.294445801098
1.50994                  8.26                     0.12106537530266344      5.187076848632097E-13    5.161940675464897E-13    0.25                     5.0E10                   2700                     5792.600644116787        3344.359541188827        2502.294445801098
1.50994                  8.28                     0.1207729468599034       5.188623365138277E-13    5.163078219484831E-13    0.25                     5.0E10                   2700                     5792.600644116787        3344.359541188827        2502.294445801098
1.50994                  8.299999999999999        0.1204819277108434       5.190155060482045E-13    5.164204869326503E-13    0.25                     5.0E10                   2700                     5792.600644116787        3344.359541188827        2502.294445801098
1.50994                  8.32                     0.12019230769230768      5.191672117287135E-13    5.165320761665276E-13    0.25                     5.0E10                   2700                     5792.600644116787        3344.359541188827        2502.294445801098
1.50994                  8.34                     0.11990407673860912      5.19317471556977E-13     5.166426031330983E-13    0.25                     5.0E10                   2700                     5792.600644116787        3344.359541188827        2502.294445801098
1.50994                  8.36                     0.1196172248803828       5.194663033137049E-13    5.167520811467989E-13    0.25                     5.0E10                   2700                     5792.600644116787        3344.359541188827        2502.294445801098
1.50994                  8.379999999999999        0.11933174224343678      5.196137245387363E-13    5.168605233464381E-13    0.25                     5.0E10                   2700                     5792.600644116787        3344.359541188827        2502.294445801098
1.50994                  8.4                      0.11904761904761904      5.197597525378778E-13    5.169679426982082E-13    0.25                     5.0E10                   2700                     5792.600644116787        3344.359541188827        2502.294445801098
1.50994                  8.42                     0.11876484560570072      5.199044043879864E-13    5.170743519956093E-13    0.25                     5.0E10                   2700                     5792.600644116787        3344.359541188827        2502.294445801098
1.50994                  8.44                     0.11848341232227488      5.200476969502181E-13    5.171797638733996E-13    0.25                     5.0E10                   2700                     5792.600644116787        3344.359541188827        2502.294445801098
1.50994                  8.459999999999999        0.11820330969267141      5.201896468462123E-13    5.172841907888692E-13    0.25                     5.0E10                   2700                     5792.600644116787        3344.359541188827        2502.294445801098
1.50994                  8.48                     0.1179245283018868       5.203302704712358E-13    5.173876450321002E-13    0.25                     5.0E10                   2700                     5792.600644116787        3344.359541188827        2502.294445801098
1.50994                  8.5                      0.11764705882352941      5.204695840176431E-13    5.174901387378535E-13    0.25                     5.0E10                   2700                     5792.600644116787        3344.359541188827        2502.294445801098
1.50994                  8.52                     0.11737089201877934      5.206076034548315E-13    5.175916838780021E-13    0.25                     5.0E10                   2700                     5792.600644116787        3344.359541188827        2502.294445801098
1.50994                  8.54                     0.117096018735363        5.207443445325465E-13    5.176922922577734E-13    0.25                     5.0E10                   2700                     5792.600644116787        3344.359541188827        2502.294445801098
1.50994                  8.56                     0.11682242990654204      5.208798227895236E-13    5.177919755288161E-13    0.25                     5.0E10                   2700                     5792.600644116787        3344.359541188827        2502.294445801098
1.50994                  8.58                     0.11655011655011656      5.210140535542014E-13    5.178907451827712E-13    0.25                     5.0E10                   2700                     5792.600644116787        3344.359541188827        2502.294445801098
1.50994                  8.6                      0.11627906976744186      5.211470519495465E-13    5.17988612556434E-13     0.25                     5.0E10                   2700                     5792.600644116787        3344.359541188827        2502.294445801098
1.50994                  8.62                     0.1160092807424594       5.21278832902808E-13     5.180855888397058E-13    0.25                     5.0E10                   2700                     5792.600644116787        3344.359541188827        2502.294445801098
1.50994                  8.64                     0.11574074074074073      5.214094111169864E-13    5.181816850560575E-13    0.25                     5.0E10                   2700                     5792.600644116787        3344.359541188827        2502.294445801098
1.50994                  8.66                     0.11547344110854503      5.215388011148786E-13    5.182769120964825E-13    0.25                     5.0E10                   2700                     5792.600644116787        3344.359541188827        2502.294445801098
1.50994                  8.68                     0.1152073732718894       5.216670172150427E-13    5.183712806923209E-13    0.25                     5.0E10                   2700                     5792.600644116787        3344.359541188827        2502.294445801098
1.50994                  8.7                      0.11494252873563218      5.217940735327965E-13    5.184648014250346E-13    0.25                     5.0E10                   2700                     5792.600644116787        3344.359541188827        2502.294445801098
1.50994                  8.72                     0.1146788990825688       5.219199840059974E-13    5.185574847438401E-13    0.25                     5.0E10                   2700                     5792.600644116787        3344.359541188827        2502.294445801098
1.50994                  8.74                     0.11441647597254004      5.220447623692936E-13    5.186493409435507E-13    0.25                     5.0E10                   2700                     5792.600644116787        3344.359541188827        2502.294445801098
1.50994                  8.76                     0.1141552511415525       5.221701702830397E-13    5.18741965336845E-13     0.25                     5.0E10                   2700                     5792.600644116787        3344.359541188827        2502.294445801098
1.50994                  8.78                     0.11389521640091117      5.222927335164326E-13    5.18832206165536E-13     0.25                     5.0E10                   2700                     5792.600644116787        3344.359541188827        2502.294445801098
1.50994                  8.8                      0.11363636363636362      5.224142047458591E-13    5.189216499349071E-13    0.25                     5.0E10                   2700                     5792.600644116787        3344.359541188827        2502.294445801098
1.50994                  8.82                     0.11337868480725624      5.225345969581122E-13    5.19010306376534E-13     0.25                     5.0E10                   2700                     5792.600644116787        3344.359541188827        2502.294445801098
1.50994                  8.84                     0.11312217194570136      5.226539229892973E-13    5.190981851061605E-13    0.25                     5.0E10                   2700                     5792.600644116787        3344.359541188827        2502.294445801098
1.50994                  8.86                     0.11286681715575621      5.227721954803589E-13    5.19185295598338E-13     0.25                     5.0E10                   2700                     5792.600644116787        3344.359541188827        2502.294445801098
1.50994                  8.879999999999999        0.11261261261261263      5.228894269176628E-13    5.192716472000463E-13    0.25                     5.0E10                   2700                     5792.600644116787        3344.359541188827        2502.294445801098
1.50994                  8.9                      0.11235955056179775      5.230056295881128E-13    5.193572491176506E-13    0.25                     5.0E10                   2700                     5792.600644116787        3344.359541188827        2502.294445801098
1.50994                  8.92                     0.11210762331838565      5.231208156375776E-13    5.194421104467748E-13    0.25                     5.0E10                   2700                     5792.600644116787        3344.359541188827        2502.294445801098
1.50994                  8.94                     0.11185682326621925      5.232349970344241E-13    5.195262401467988E-13    0.25                     5.0E10                   2700                     5792.600644116787        3344.359541188827        2502.294445801098
1.50994                  8.959999999999999        0.11160714285714285      5.233481855832356E-13    5.19609647054208E-13     0.25                     5.0E10                   2700                     5792.600644116787        3344.359541188827        2502.294445801098
1.50994                  8.98                     0.11135857461024498      5.234603929176244E-13    5.196923398796539E-13    0.25                     5.0E10                   2700                     5792.600644116787        3344.359541188827        2502.294445801098
1.50994                  9                        0.11111111111111112      5.235716305237481E-13    5.197743272173861E-13    0.25                     5.0E10                   2700                     5792.600644116787        3344.359541188827        2502.294445801098
1.50994                  9.02                     0.11086474501108647      5.236819097219134E-13    5.198556175392965E-13    0.25                     5.0E10                   2700                     5792.600644116787        3344.359541188827        2502.294445801098
1.50994                  9.04                     0.11061946902654868      5.237912416816374E-13    5.199362191988232E-13    0.25                     5.0E10                   2700                     5792.600644116787        3344.359541188827        2502.294445801098
1.50994                  9.06                     0.11037527593818983      5.23899637417288E-13     5.200161404350703E-13    0.25                     5.0E10                   2700                     5792.600644116787        3344.359541188827        2502.294445801098
1.50994                  9.08                     0.11013215859030838      5.240071077812761E-13    5.200953893660627E-13    0.25                     5.0E10                   2700                     5792.600644116787        3344.359541188827        2502.294445801098
1.50994                  9.1                      0.1098901098901099       5.241136634919083E-13    5.201739740024156E-13    0.25                     5.0E10                   2700                     5792.600644116787        3344.359541188827        2502.294445801098
1.50994                  9.12                     0.10964912280701757      5.242193151144226E-13    5.202519022434253E-13    0.25                     5.0E10                   2700                     5792.600644116787        3344.359541188827        2502.294445801098
1.50994                  9.14                     0.10940919037199125      5.243240730644483E-13    5.203291818738693E-13    0.25                     5.0E10                   2700                     5792.600644116787        3344.359541188827        2502.294445801098
1.50994                  9.16                     0.10917030567685589      5.244279476200374E-13    5.204058205709291E-13    0.25                     5.0E10                   2700                     5792.600644116787        3344.359541188827        2502.294445801098
1.50994                  9.18                     0.10893246187363835      5.245309489101683E-13    5.204818259030135E-13    0.25                     5.0E10                   2700                     5792.600644116787        3344.359541188827        2502.294445801098
1.50994                  9.2                      0.10869565217391305      5.246330869322833E-13    5.205572053356277E-13    0.25                     5.0E10                   2700                     5792.600644116787        3344.359541188827        2502.294445801098
1.50994                  9.22                     0.10845986984815618      5.247343715531453E-13    5.206319662349675E-13    0.25                     5.0E10                   2700                     5792.600644116787        3344.359541188827        2502.294445801098
1.50994                  9.24                     0.10822510822510822      5.248348124756397E-13    5.207061158451788E-13    0.25                     5.0E10                   2700                     5792.600644116787        3344.359541188827        2502.294445801098
1.50994                  9.26                     0.1079913606911447       5.24934419301194E-13     5.207796613311407E-13    0.25                     5.0E10                   2700                     5792.600644116787        3344.359541188827        2502.294445801098
1.50994                  9.28                     0.10775862068965518      5.250332014789384E-13    5.208526097430032E-13    0.25                     5.0E10                   2700                     5792.600644116787        3344.359541188827        2502.294445801098
1.50994                  9.3                      0.10752688172043011      5.251311683415169E-13    5.209249680396878E-13    0.25                     5.0E10                   2700                     5792.600644116787        3344.359541188827        2502.294445801098
1.50994                  9.32                     0.1072961373390558       5.252283290899264E-13    5.209967430856598E-13    0.25                     5.0E10                   2700                     5792.600644116787        3344.359541188827        2502.294445801098
1.50994                  9.34                     0.10706638115631692      5.253246927803642E-13    5.210679416300384E-13    0.25                     5.0E10                   2700                     5792.600644116787        3344.359541188827        2502.294445801098
1.50994                  9.36                     0.10683760683760683      5.254202683768105E-13    5.21138570352686E-13     0.25                     5.0E10                   2700                     5792.600644116787        3344.359541188827        2502.294445801098
1.50994                  9.379999999999999        0.10660980810234544      5.25515064695928E-13     5.212086358260137E-13    0.25                     5.0E10                   2700                     5792.600644116787        3344.359541188827        2502.294445801098
1.50994                  9.4                      0.10638297872340426      5.256090904427422E-13    5.212781445313743E-13    0.25                     5.0E10                   2700                     5792.600644116787        3344.359541188827        2502.294445801098
1.50994                  9.42                     0.10615711252653928      5.257023542131607E-13    5.213471028654736E-13    0.25                     5.0E10                   2700                     5792.600644116787        3344.359541188827        2502.294445801098
1.50994                  9.44                     0.1059322033898305       5.257948644678981E-13    5.214155171339343E-13    0.25                     5.0E10                   2700                     5792.600644116787        3344.359541188827        2502.294445801098
1.50994                  9.459999999999999        0.10570824524312897      5.258866295574562E-13    5.214833935451591E-13    0.25                     5.0E10                   2700                     5792.600644116787        3344.359541188827        2502.294445801098
1.50994                  9.48                     0.10548523206751054      5.259776577117177E-13    5.215507382275391E-13    0.25                     5.0E10                   2700                     5792.600644116787        3344.359541188827        2502.294445801098
1.50994                  9.5                      0.10526315789473685      5.260679570752809E-13    5.216175572325536E-13    0.25                     5.0E10                   2700                     5792.600644116787        3344.359541188827        2502.294445801098
1.50994                  9.52                     0.10504201680672269      5.261575356547275E-13    5.216838565156654E-13    0.25                     5.0E10                   2700                     5792.600644116787        3344.359541188827        2502.294445801098
1.50994                  9.54                     0.10482180293501049      5.262464013524274E-13    5.217496419501338E-13    0.25                     5.0E10                   2700                     5792.600644116787        3344.359541188827        2502.294445801098
1.50994                  9.56                     0.10460251046025104      5.263345619711607E-13    5.218149193338912E-13    0.25                     5.0E10                   2700                     5792.600644116787        3344.359541188827        2502.294445801098
1.50994                  9.58                     0.10438413361169102      5.264220252043166E-13    5.218796943797911E-13    0.25                     5.0E10                   2700                     5792.600644116787        3344.359541188827        2502.294445801098
1.50994                  9.6                      0.10416666666666667      5.265087986403317E-13    5.219439727240788E-13    0.25                     5.0E10                   2700                     5792.600644116787        3344.359541188827        2502.294445801098
1.50994                  9.62                     0.10395010395010396      5.265948897618366E-13    5.220077599196054E-13    0.25                     5.0E10                   2700                     5792.600644116787        3344.359541188827        2502.294445801098
1.50994                  9.64                     0.10373443983402489      5.26680305956244E-13     5.220710614474887E-13    0.25                     5.0E10                   2700                     5792.600644116787        3344.359541188827        2502.294445801098
1.50994                  9.66                     0.10351966873706003      5.267650545073693E-13    5.221338827135003E-13    0.25                     5.0E10                   2700                     5792.600644116787        3344.359541188827        2502.294445801098
1.50994                  9.68                     0.10330578512396693      5.268491425914738E-13    5.221962290364666E-13    0.25                     5.0E10                   2700                     5792.600644116787        3344.359541188827        2502.294445801098
1.50994                  9.7                      0.10309278350515465      5.269325773141573E-13    5.222581056829547E-13    0.25                     5.0E10                   2700                     5792.600644116787        3344.359541188827        2502.294445801098
1.50994                  9.72                     0.102880658436214        5.270153656610702E-13    5.223195178296158E-13    0.25                     5.0E10                   2700                     5792.600644116787        3344.359541188827        2502.294445801098
1.50994                  9.74                     0.1026694045174538       5.270975145253707E-13    5.223804705829817E-13    0.25                     5.0E10                   2700                     5792.600644116787        3344.359541188827        2502.294445801098
1.50994                  9.76                     0.10245901639344263      5.27179030733269E-13     5.224409689963142E-13    0.25                     5.0E10                   2700                     5792.600644116787        3344.359541188827        2502.294445801098
1.50994                  9.78                     0.10224948875255623      5.272599209720709E-13    5.225010180216321E-13    0.25                     5.0E10                   2700                     5792.600644116787        3344.359541188827        2502.294445801098
1.50994                  9.8                      0.10204081632653059      5.2734019188452E-13      5.225606225726483E-13    0.25                     5.0E10                   2700                     5792.600644116787        3344.359541188827        2502.294445801098
1.50994                  9.82                     0.10183299389002037      5.274198500022802E-13    5.226197874813182E-13    0.25                     5.0E10                   2700                     5792.600644116787        3344.359541188827        2502.294445801098
1.50994                  9.84                     0.1016260162601626       5.274989017684404E-13    5.226785175102892E-13    0.25                     5.0E10                   2700                     5792.600644116787        3344.359541188827        2502.294445801098
1.50994                  9.86                     0.10141987829614604      5.275773535643555E-13    5.227368173759403E-13    0.25                     5.0E10                   2700                     5792.600644116787        3344.359541188827        2502.294445801098
1.50994                  9.879999999999999        0.10121457489878542      5.27655211649467E-13     5.227946917028721E-13    0.25                     5.0E10                   2700                     5792.600644116787        3344.359541188827        2502.294445801098
1.50994                  9.9                      0.101010101010101        5.27732482224338E-13     5.22852145072513E-13     0.25                     5.0E10                   2700                     5792.600644116787        3344.359541188827        2502.294445801098
1.50994                  9.92                     0.10080645161290322      5.278091713985637E-13    5.229091819930432E-13    0.25                     5.0E10                   2700                     5792.600644116787        3344.359541188827        2502.294445801098
1.50994                  9.94                     0.1006036217303823       5.278852852080047E-13    5.229658069207805E-13    0.25                     5.0E10                   2700                     5792.600644116787        3344.359541188827        2502.294445801098
1.50994                  9.959999999999999        0.10040160642570282      5.279608296019956E-13    5.230220242429166E-13    0.25                     5.0E10                   2700                     5792.600644116787        3344.359541188827        2502.294445801098
1.50994                  9.98                     0.1002004008016032       5.280358104523333E-13    5.230778382873433E-13    0.25                     5.0E10                   2700                     5792.600644116787        3344.359541188827        2502.294445801098
1.50994                  10                       0.1                      5.280718795989533E-13    5.230697300203427E-13    0.25                     5.0E10                   2700                     5792.600644116787        3344.359541188827        2502.294445801098
