1.27898                  0.1                      10                       5.331206810782643E-13    5.331235368841947E-13    0.25                     5.0E10                   2700                     5331.20790982473         3077.9743218431704       2502.294445801098
1.27898                  0.12000000000000001      8.333333333333332        5.36290859922654E-13     5.363411910986386E-13    0.25                     5.0E10                   2700                     5331.20790982473         3077.9743218431704       2502.294445801098
1.27898                  0.14                     7.1428571428571415       5.341375429094214E-13    5.339620332941561E-13    0.25                     5.0E10                   2700                     5331.20790982473         3077.9743218431704       2502.294445801098
1.27898                  0.16                     6.249999999999999        5.330623514963545E-13    5.33169664296027E-13     0.25                     5.0E10                   2700                     5331.20790982473         3077.9743218431704       2502.294445801098
1.27898                  0.18                     5.555555555555555        5.371938923208712E-13    5.372967931048573E-13    0.25                     5.0E10                   2700                     5331.20790982473         3077.9743218431704       2502.294445801098
1.27898                  0.2                      5                        5.33218926013266E-13     5.331248599738471E-13    0.25                     5.0E10                   2700                     5331.20790982473         3077.9743218431704       2502.294445801098
1.27898                  0.22                     4.545454545454546        5.363116408138601E-13    5.366723613792445E-13    0.25                     5.0E10                   2700                     5331.20790982473         3077.9743218431704       2502.294445801098
1.27898                  0.24000000000000002      4.166666666666666        5.356719684675912E-13    5.362914999991572E-13    0.25                     5.0E10                   2700                     5331.20790982473         3077.9743218431704       2502.294445801098
1.27898                  0.26                     3.846153846153846        5.34299226599333E-13     5.349146640749728E-13    0.25                     5.0E10                   2700                     5331.20790982473         3077.9743218431704       2502.294445801098
1.27898                  0.28                     3.5714285714285707       5.366582979465937E-13    5.372135860057254E-13    0.25                     5.0E10                   2700                     5331.20790982473         3077.9743218431704       2502.294445801098
1.27898                  0.30000000000000004      3.3333333333333326       5.364986097440581E-13    5.365506094181293E-13    0.25                     5.0E10                   2700                     5331.20790982473         3077.9743218431704       2502.294445801098
1.27898                  0.32                     3.1249999999999996       5.344254723074293E-13    5.334491984336832E-13    0.25                     5.0E10                   2700                     5331.20790982473         3077.9743218431704       2502.294445801098
1.27898                  0.33999999999999997      2.9411764705882355       5.396099717839048E-13    5.384556380273605E-13    0.25                     5.0E10                   2700                     5331.20790982473         3077.9743218431704       2502.294445801098
1.27898                  0.36                     2.7777777777777777       5.387279872520453E-13    5.360386361942746E-13    0.25                     5.0E10                   2700                     5331.20790982473         3077.9743218431704       2502.294445801098
1.27898                  0.38                     2.6315789473684212       5.411987642151653E-13    5.358369073052147E-13    0.25                     5.0E10                   2700                     5331.20790982473         3077.9743218431704       2502.294445801098
1.27898                  0.4                      2.5                      5.426577441509139E-13    5.356576058716795E-13    0.25                     5.0E10                   2700                     5331.20790982473         3077.9743218431704       2502.294445801098
1.27898                  0.42000000000000004      2.3809523809523805       5.47386173017953E-13     5.369152294008413E-13    0.25                     5.0E10                   2700                     5331.20790982473         3077.9743218431704       2502.294445801098
1.27898                  0.44000000000000006      2.272727272727273        5.515863969656682E-13    5.397195829431115E-13    0.25                     5.0E10                   2700                     5331.20790982473         3077.9743218431704       2502.294445801098
1.27898                  0.45999999999999996      2.173913043478261        5.575232657539343E-13    5.430961619061391E-13    0.25                     5.0E10                   2700                     5331.20790982473         3077.9743218431704       2502.294445801098
1.27898                  0.48                     2.0833333333333335       5.600612052261721E-13    5.428976190583269E-13    0.25                     5.0E10                   2700                     5331.20790982473         3077.9743218431704       2502.294445801098
1.27898                  0.5                      2                        5.612321170691196E-13    5.424877560704558E-13    0.25                     5.0E10                   2700                     5331.20790982473         3077.9743218431704       2502.294445801098
1.27898                  0.52                     1.923076923076923        5.677361083822187E-13    5.475534119159478E-13    0.25                     5.0E10                   2700                     5331.20790982473         3077.9743218431704       2502.294445801098
1.27898                  0.54                     1.8518518518518516       5.666027486045668E-13    5.443903390502226E-13    0.25                     5.0E10                   2700                     5331.20790982473         3077.9743218431704       2502.294445801098
1.27898                  0.56                     1.7857142857142854       5.739075685166085E-13    5.483819970339671E-13    0.25                     5.0E10                   2700                     5331.20790982473         3077.9743218431704       2502.294445801098
1.27898                  0.58                     1.7241379310344829       5.787156707208257E-13    5.508347509097924E-13    0.25                     5.0E10                   2700                     5331.20790982473         3077.9743218431704       2502.294445801098
1.27898                  0.6                      1.6666666666666667       5.818646436864005E-13    5.524282993896144E-13    0.25                     5.0E10                   2700                     5331.20790982473         3077.9743218431704       2502.294445801098
1.27898                  0.62                     1.6129032258064515       5.825960802297979E-13    5.510435362461948E-13    0.25                     5.0E10                   2700                     5331.20790982473         3077.9743218431704       2502.294445801098
1.27898                  0.64                     1.5624999999999998       5.918352355644167E-13    5.567950371199877E-13    0.25                     5.0E10                   2700                     5331.20790982473         3077.9743218431704       2502.294445801098
1.27898                  0.66                     1.515151515151515        5.911960445618016E-13    5.528717819386804E-13    0.25                     5.0E10                   2700                     5331.20790982473         3077.9743218431704       2502.294445801098
1.27898                  0.6799999999999999       1.4705882352941178       5.946480369757799E-13    5.53339739238384E-13     0.25                     5.0E10                   2700                     5331.20790982473         3077.9743218431704       2502.294445801098
1.27898                  0.7                      1.4285714285714286       6.002237640918024E-13    5.562641491254564E-13    0.25                     5.0E10                   2700                     5331.20790982473         3077.9743218431704       2502.294445801098
1.27898                  0.72                     1.3888888888888888       6.046246110798741E-13    5.576507024041587E-13    0.25                     5.0E10                   2700                     5331.20790982473         3077.9743218431704       2502.294445801098
1.27898                  0.74                     1.3513513513513513       6.157482615242199E-13    5.648392626411548E-13    0.25                     5.0E10                   2700                     5331.20790982473         3077.9743218431704       2502.294445801098
1.27898                  0.76                     1.3157894736842106       6.246282744864044E-13    5.696770099779189E-13    0.25                     5.0E10                   2700                     5331.20790982473         3077.9743218431704       2502.294445801098
1.27898                  0.78                     1.2820512820512822       6.230199551200395E-13    5.648728925635569E-13    0.25                     5.0E10                   2700                     5331.20790982473         3077.9743218431704       2502.294445801098
1.27898                  0.8                      1.25                     6.198522593087762E-13    5.591240076484031E-13    0.25                     5.0E10                   2700                     5331.20790982473         3077.9743218431704       2502.294445801098
1.27898                  0.82                     1.2195121951219514       6.218444543365848E-13    5.588424233771469E-13    0.25                     5.0E10                   2700                     5331.20790982473         3077.9743218431704       2502.294445801098
1.27898                  0.84                     1.1904761904761905       6.246084668349449E-13    5.60123532510375E-13     0.25                     5.0E10                   2700                     5331.20790982473         3077.9743218431704       2502.294445801098
1.27898                  0.86                     1.1627906976744187       6.257521749643025E-13    5.60089058608631E-13     0.25                     5.0E10                   2700                     5331.20790982473         3077.9743218431704       2502.294445801098
1.27898                  0.88                     1.1363636363636365       6.275174563966189E-13    5.604604884079094E-13    0.25                     5.0E10                   2700                     5331.20790982473         3077.9743218431704       2502.294445801098
1.27898                  0.9                      1.1111111111111112       6.320016629562534E-13    5.629911807899357E-13    0.25                     5.0E10                   2700                     5331.20790982473         3077.9743218431704       2502.294445801098
1.27898                  0.92                     1.0869565217391304       6.367960664786287E-13    5.655870355877718E-13    0.25                     5.0E10                   2700                     5331.20790982473         3077.9743218431704       2502.294445801098
1.27898                  0.94                     1.0638297872340425       6.385837439527434E-13    5.655123502127262E-13    0.25                     5.0E10                   2700                     5331.20790982473         3077.9743218431704       2502.294445801098
1.27898                  0.96                     1.0416666666666667       6.376347385120761E-13    5.63225543356119E-13     0.25                     5.0E10                   2700                     5331.20790982473         3077.9743218431704       2502.294445801098
1.27898                  0.98                     1.0204081632653061       6.37143620471474E-13     5.617307005702605E-13    0.25                     5.0E10                   2700                     5331.20790982473         3077.9743218431704       2502.294445801098
1.27898                  1                        1                        6.394360710836774E-13    5.631482090006683E-13    0.25                     5.0E10                   2700                     5331.20790982473         3077.9743218431704       2502.294445801098
1.27898                  1.02                     0.9803921568627452       6.441542416722705E-13    5.675741235679157E-13    0.25                     5.0E10                   2700                     5331.20790982473         3077.9743218431704       2502.294445801098
1.27898                  1.04                     0.9615384615384615       6.4815578197251E-13      5.720768485047679E-13    0.25                     5.0E10                   2700                     5331.20790982473         3077.9743218431704       2502.294445801098
1.27898                  1.06                     0.9433962264150944       6.48401864924946E-13     5.737870736484439E-13    0.25                     5.0E10                   2700                     5331.20790982473         3077.9743218431704       2502.294445801098
1.27898                  1.08                     0.9259259259259258       6.438152889266374E-13    5.714433095414999E-13    0.25                     5.0E10                   2700                     5331.20790982473         3077.9743218431704       2502.294445801098
1.27898                  1.1                      0.909090909090909        6.355762135058597E-13    5.657779840638206E-13    0.25                     5.0E10                   2700                     5331.20790982473         3077.9743218431704       2502.294445801098
1.27898                  1.12                     0.8928571428571427       6.258599743597556E-13    5.585504619478034E-13    0.25                     5.0E10                   2700                     5331.20790982473         3077.9743218431704       2502.294445801098
1.27898                  1.1400000000000001       0.8771929824561403       6.167783479311048E-13    5.514393376278749E-13    0.25                     5.0E10                   2700                     5331.20790982473         3077.9743218431704       2502.294445801098
1.27898                  1.1600000000000001       0.8620689655172412       6.092322227668829E-13    5.453501436622926E-13    0.25                     5.0E10                   2700                     5331.20790982473         3077.9743218431704       2502.294445801098
1.27898                  1.1800000000000002       0.8474576271186439       6.034291135676953E-13    5.405582111294859E-13    0.25                     5.0E10                   2700                     5331.20790982473         3077.9743218431704       2502.294445801098
1.27898                  1.2000000000000002       0.8333333333333331       5.992010100862467E-13    5.370290187378561E-13    0.25                     5.0E10                   2700                     5331.20790982473         3077.9743218431704       2502.294445801098
1.27898                  1.2200000000000002       0.8196721311475409       5.963618240720032E-13    5.347154425113993E-13    0.25                     5.0E10                   2700                     5331.20790982473         3077.9743218431704       2502.294445801098
1.27898                  1.2400000000000002       0.8064516129032256       5.948599681921273E-13    5.336821061479107E-13    0.25                     5.0E10                   2700                     5331.20790982473         3077.9743218431704       2502.294445801098
1.27898                  1.26                     0.7936507936507936       5.947585492086082E-13    5.340979661455379E-13    0.25                     5.0E10                   2700                     5331.20790982473         3077.9743218431704       2502.294445801098
1.27898                  1.28                     0.7812499999999999       5.960520101480008E-13    5.36020115122311E-13     0.25                     5.0E10                   2700                     5331.20790982473         3077.9743218431704       2502.294445801098
1.27898                  1.3                      0.7692307692307692       5.985592180766462E-13    5.393518944921957E-13    0.25                     5.0E10                   2700                     5331.20790982473         3077.9743218431704       2502.294445801098
1.27898                  1.32                     0.7575757575757575       6.018436712688315E-13    5.437473573596498E-13    0.25                     5.0E10                   2700                     5331.20790982473         3077.9743218431704       2502.294445801098
1.27898                  1.34                     0.7462686567164178       6.05245997760813E-13     5.486352594227959E-13    0.25                     5.0E10                   2700                     5331.20790982473         3077.9743218431704       2502.294445801098
1.27898                  1.36                     0.7352941176470588       6.079800819524027E-13    5.532994671902997E-13    0.25                     5.0E10                   2700                     5331.20790982473         3077.9743218431704       2502.294445801098
1.27898                  1.3800000000000001       0.7246376811594203       6.092809660090322E-13    5.570088352844982E-13    0.25                     5.0E10                   2700                     5331.20790982473         3077.9743218431704       2502.294445801098
1.27898                  1.4000000000000001       0.7142857142857142       6.085620448253183E-13    5.591614246152083E-13    0.25                     5.0E10                   2700                     5331.20790982473         3077.9743218431704       2502.294445801098
1.27898                  1.4200000000000002       0.704225352112676        6.055362284445773E-13    5.594033525234359E-13    0.25                     5.0E10                   2700                     5331.20790982473         3077.9743218431704       2502.294445801098
1.27898                  1.4400000000000002       0.6944444444444444       6.003222924095694E-13    5.576965376655088E-13    0.25                     5.0E10                   2700                     5331.20790982473         3077.9743218431704       2502.294445801098
1.27898                  1.4600000000000002       0.6849315068493149       5.931761773428795E-13    5.542607848599339E-13    0.25                     5.0E10                   2700                     5331.20790982473         3077.9743218431704       2502.294445801098
1.27898                  1.4800000000000002       0.6756756756756755       5.847046669485862E-13    5.49533174820893E-13     0.25                     5.0E10                   2700                     5331.20790982473         3077.9743218431704       2502.294445801098
1.27898                  1.5000000000000002       0.6666666666666665       5.755509702910789E-13    5.44046736432669E-13     0.25                     5.0E10                   2700                     5331.20790982473         3077.9743218431704       2502.294445801098
1.27898                  1.52                     0.6578947368421053       5.663257091003955E-13    5.383308919392603E-13    0.25                     5.0E10                   2700                     5331.20790982473         3077.9743218431704       2502.294445801098
1.27898                  1.54                     0.6493506493506493       5.575312638635225E-13    5.328384013126115E-13    0.25                     5.0E10                   2700                     5331.20790982473         3077.9743218431704       2502.294445801098
1.27898                  1.56                     0.6410256410256411       5.495259322927628E-13    5.279063297587714E-13    0.25                     5.0E10                   2700                     5331.20790982473         3077.9743218431704       2502.294445801098
1.27898                  1.58                     0.6329113924050632       5.425200212797955E-13    5.23745900964155E-13     0.25                     5.0E10                   2700                     5331.20790982473         3077.9743218431704       2502.294445801098
1.27898                  1.6                      0.625                    5.365920444144317E-13    5.204516820511226E-13    0.25                     5.0E10                   2700                     5331.20790982473         3077.9743218431704       2502.294445801098
1.27898                  1.62                     0.6172839506172839       5.317152189053271E-13    5.180217851239229E-13    0.25                     5.0E10                   2700                     5331.20790982473         3077.9743218431704       2502.294445801098
1.27898                  1.6400000000000001       0.6097560975609756       5.277855512929497E-13    5.163807937620148E-13    0.25                     5.0E10                   2700                     5331.20790982473         3077.9743218431704       2502.294445801098
1.27898                  1.6600000000000001       0.6024096385542168       5.246494982361141E-13    5.154037902701551E-13    0.25                     5.0E10                   2700                     5331.20790982473         3077.9743218431704       2502.294445801098
1.27898                  1.6800000000000002       0.5952380952380951       5.22219279557966E-13     5.150471606667512E-13    0.25                     5.0E10                   2700                     5331.20790982473         3077.9743218431704       2502.294445801098
1.27898                  1.7000000000000002       0.588235294117647        5.201368056945032E-13    5.149393449706334E-13    0.25                     5.0E10                   2700                     5331.20790982473         3077.9743218431704       2502.294445801098
1.27898                  1.7200000000000002       0.5813953488372092       5.183047247342368E-13    5.150189407590014E-13    0.25                     5.0E10                   2700                     5331.20790982473         3077.9743218431704       2502.294445801098
1.27898                  1.7400000000000002       0.5747126436781609       5.165685565869853E-13    5.151448600414977E-13    0.25                     5.0E10                   2700                     5331.20790982473         3077.9743218431704       2502.294445801098
1.27898                  1.7600000000000002       0.5681818181818182       5.148028214296578E-13    5.152008791679208E-13    0.25                     5.0E10                   2700                     5331.20790982473         3077.9743218431704       2502.294445801098
1.27898                  1.78                     0.5617977528089887       5.129149272694347E-13    5.150997792073111E-13    0.25                     5.0E10                   2700                     5331.20790982473         3077.9743218431704       2502.294445801098
1.27898                  1.8                      0.5555555555555556       5.108446268530219E-13    5.147840614376676E-13    0.25                     5.0E10                   2700                     5331.20790982473         3077.9743218431704       2502.294445801098
1.27898                  1.82                     0.5494505494505494       5.085618392715497E-13    5.142241754616645E-13    0.25                     5.0E10                   2700                     5331.20790982473         3077.9743218431704       2502.294445801098
1.27898                  1.84                     0.5434782608695652       5.060620617431447E-13    5.134147101889637E-13    0.25                     5.0E10                   2700                     5331.20790982473         3077.9743218431704       2502.294445801098
1.27898                  1.86                     0.5376344086021505       5.033608409523413E-13    5.123694500866348E-13    0.25                     5.0E10                   2700                     5331.20790982473         3077.9743218431704       2502.294445801098
1.27898                  1.8800000000000001       0.5319148936170213       5.004879693318683E-13    5.111160232918917E-13    0.25                     5.0E10                   2700                     5331.20790982473         3077.9743218431704       2502.294445801098
1.27898                  1.9000000000000001       0.5263157894736842       4.974820224666329E-13    5.096907563431565E-13    0.25                     5.0E10                   2700                     5331.20790982473         3077.9743218431704       2502.294445801098
1.27898                  1.9200000000000002       0.5208333333333333       4.943856577352542E-13    5.08134170570668E-13     0.25                     5.0E10                   2700                     5331.20790982473         3077.9743218431704       2502.294445801098
1.27898                  1.9400000000000002       0.5154639175257731       4.912418961896999E-13    5.064873664933431E-13    0.25                     5.0E10                   2700                     5331.20790982473         3077.9743218431704       2502.294445801098
1.27898                  1.9600000000000002       0.5102040816326531       4.880912887695939E-13    5.047893315101191E-13    0.25                     5.0E10                   2700                     5331.20790982473         3077.9743218431704       2502.294445801098
1.27898                  1.9800000000000002       0.505050505050505        4.84970805049059E-13     5.030753947931908E-13    0.25                     5.0E10                   2700                     5331.20790982473         3077.9743218431704       2502.294445801098
1.27898                  2                        0.5                      4.819339577472944E-13    5.013841689029616E-13    0.25                     5.0E10                   2700                     5331.20790982473         3077.9743218431704       2502.294445801098
1.27898                  2.02                     0.4950495049504951       4.789627374044875E-13    4.997244759535825E-13    0.25                     5.0E10                   2700                     5331.20790982473         3077.9743218431704       2502.294445801098
1.27898                  2.04                     0.4901960784313726       4.761012758110461E-13    4.981255373488824E-13    0.25                     5.0E10                   2700                     5331.20790982473         3077.9743218431704       2502.294445801098
1.27898                  2.06                     0.48543689320388345      4.733665586677148E-13    4.966036039292672E-13    0.25                     5.0E10                   2700                     5331.20790982473         3077.9743218431704       2502.294445801098
1.27898                  2.08                     0.4807692307692307       4.707716673282463E-13    4.951711554371886E-13    0.25                     5.0E10                   2700                     5331.20790982473         3077.9743218431704       2502.294445801098
1.27898                  2.1                      0.47619047619047616      4.683264594618543E-13    4.938375854407115E-13    0.25                     5.0E10                   2700                     5331.20790982473         3077.9743218431704       2502.294445801098
1.27898                  2.12                     0.4716981132075472       4.66038225435353E-13     4.926098691331837E-13    0.25                     5.0E10                   2700                     5331.20790982473         3077.9743218431704       2502.294445801098
1.27898                  2.14                     0.46728971962616817      4.639122737626227E-13    4.914931639525436E-13    0.25                     5.0E10                   2700                     5331.20790982473         3077.9743218431704       2502.294445801098
1.27898                  2.16                     0.4629629629629629       4.619524204807904E-13    4.904913145251154E-13    0.25                     5.0E10                   2700                     5331.20790982473         3077.9743218431704       2502.294445801098
1.27898                  2.18                     0.4587155963302752       4.601613735293058E-13    4.896072501589533E-13    0.25                     5.0E10                   2700                     5331.20790982473         3077.9743218431704       2502.294445801098
1.27898                  2.2                      0.4545454545454545       4.585409800580799E-13    4.888432774346E-13       0.25                     5.0E10                   2700                     5331.20790982473         3077.9743218431704       2502.294445801098
1.27898                  2.22                     0.45045045045045035      4.570925518640435E-13    4.882012638260642E-13    0.25                     5.0E10                   2700                     5331.20790982473         3077.9743218431704       2502.294445801098
1.27898                  2.24                     0.44642857142857134      4.558167761916733E-13    4.876827573798014E-13    0.25                     5.0E10                   2700                     5331.20790982473         3077.9743218431704       2502.294445801098
1.27898                  2.2600000000000002       0.44247787610619466      4.5471389587670793E-13   4.872890174961812E-13    0.25                     5.0E10                   2700                     5331.20790982473         3077.9743218431704       2502.294445801098
1.27898                  2.2800000000000002       0.43859649122807015      4.537836792211305E-13    4.870210030484394E-13    0.25                     5.0E10                   2700                     5331.20790982473         3077.9743218431704       2502.294445801098
1.27898                  2.3000000000000003       0.43478260869565216      4.530253903597479E-13    4.868793221279268E-13    0.25                     5.0E10                   2700                     5331.20790982473         3077.9743218431704       2502.294445801098
1.27898                  2.3200000000000003       0.4310344827586206       4.524377406145334E-13    4.868641592497361E-13    0.25                     5.0E10                   2700                     5331.20790982473         3077.9743218431704       2502.294445801098
1.27898                  2.3400000000000003       0.4273504273504273       4.520188314516447E-13    4.869751919170879E-13    0.25                     5.0E10                   2700                     5331.20790982473         3077.9743218431704       2502.294445801098
1.27898                  2.3600000000000003       0.42372881355932196      4.517660974519231E-13    4.872115061795724E-13    0.25                     5.0E10                   2700                     5331.20790982473         3077.9743218431704       2502.294445801098
1.27898                  2.3800000000000003       0.4201680672268907       4.5167625553652427E-13   4.875715185689994E-13    0.25                     5.0E10                   2700                     5331.20790982473         3077.9743218431704       2502.294445801098
1.27898                  2.4000000000000004       0.4166666666666666       4.5174526485667665E-13   4.880529097765995E-13    0.25                     5.0E10                   2700                     5331.20790982473         3077.9743218431704       2502.294445801098
1.27898                  2.42                     0.4132231404958677       4.519683001229555E-13    4.886525736365059E-13    0.25                     5.0E10                   2700                     5331.20790982473         3077.9743218431704       2502.294445801098
1.27898                  2.44                     0.4098360655737705       4.5233973989035403E-13   4.893665835062386E-13    0.25                     5.0E10                   2700                     5331.20790982473         3077.9743218431704       2502.294445801098
1.27898                  2.46                     0.4065040650406504       4.528531703175518E-13    4.901901769543534E-13    0.25                     5.0E10                   2700                     5331.20790982473         3077.9743218431704       2502.294445801098
1.27898                  2.48                     0.4032258064516129       4.535014041517978E-13    4.911177587437562E-13    0.25                     5.0E10                   2700                     5331.20790982473         3077.9743218431704       2502.294445801098
1.27898                  2.5                      0.4                      4.5448223144938796E-13   4.922782842125963E-13    0.25                     5.0E10                   2700                     5331.20790982473         3077.9743218431704       2502.294445801098
1.27898                  2.52                     0.3968253968253968       4.553750372823734E-13    4.933937132605954E-13    0.25                     5.0E10                   2700                     5331.20790982473         3077.9743218431704       2502.294445801098
1.27898                  2.54                     0.39370078740157477      4.563760776681529E-13    4.945909701471153E-13    0.25                     5.0E10                   2700                     5331.20790982473         3077.9743218431704       2502.294445801098
1.27898                  2.56                     0.39062499999999994      4.574754040822996E-13    4.95861360565178E-13     0.25                     5.0E10                   2700                     5331.20790982473         3077.9743218431704       2502.294445801098
1.27898                  2.58                     0.38759689922480617      4.58662731878076E-13     4.971957494927201E-13    0.25                     5.0E10                   2700                     5331.20790982473         3077.9743218431704       2502.294445801098
1.27898                  2.6                      0.3846153846153846       4.599273907501381E-13    4.985845236413069E-13    0.25                     5.0E10                   2700                     5331.20790982473         3077.9743218431704       2502.294445801098
1.27898                  2.62                     0.3816793893129771       4.612584147489681E-13    5.000176841458794E-13    0.25                     5.0E10                   2700                     5331.20790982473         3077.9743218431704       2502.294445801098
1.27898                  2.64                     0.37878787878787873      4.626446366291528E-13    5.014849451579768E-13    0.25                     5.0E10                   2700                     5331.20790982473         3077.9743218431704       2502.294445801098
1.27898                  2.66                     0.37593984962406013      4.640747850431841E-13    5.02975836549315E-13     0.25                     5.0E10                   2700                     5331.20790982473         3077.9743218431704       2502.294445801098
1.27898                  2.68                     0.3731343283582089       4.65537583057342E-13     5.04479808936015E-13     0.25                     5.0E10                   2700                     5331.20790982473         3077.9743218431704       2502.294445801098
1.27898                  2.7                      0.37037037037037035      4.670218464978231E-13    5.059863392558469E-13    0.25                     5.0E10                   2700                     5331.20790982473         3077.9743218431704       2502.294445801098
1.27898                  2.72                     0.3676470588235294       4.68516580658132E-13     5.07485035184795E-13     0.25                     5.0E10                   2700                     5331.20790982473         3077.9743218431704       2502.294445801098
1.27898                  2.74                     0.36496350364963503      4.700110739605079E-13    5.089657367533607E-13    0.25                     5.0E10                   2700                     5331.20790982473         3077.9743218431704       2502.294445801098
1.27898                  2.7600000000000002       0.36231884057971014      4.71494987165919E-13     5.104186135613914E-13    0.25                     5.0E10                   2700                     5331.20790982473         3077.9743218431704       2502.294445801098
1.27898                  2.7800000000000002       0.35971223021582727      4.729584368928438E-13    5.118342561489985E-13    0.25                     5.0E10                   2700                     5331.20790982473         3077.9743218431704       2502.294445801098
1.27898                  2.8000000000000003       0.3571428571428571       4.743920722413817E-13    5.132037601800274E-13    0.25                     5.0E10                   2700                     5331.20790982473         3077.9743218431704       2502.294445801098
1.27898                  2.8200000000000003       0.35460992907801414      4.757871434927053E-13    5.145188022510678E-13    0.25                     5.0E10                   2700                     5331.20790982473         3077.9743218431704       2502.294445801098
1.27898                  2.8400000000000003       0.352112676056338        4.771355619806399E-13    5.157717063336845E-13    0.25                     5.0E10                   2700                     5331.20790982473         3077.9743218431704       2502.294445801098
1.27898                  2.8600000000000003       0.3496503496503496       4.784299504412927E-13    5.169555000443434E-13    0.25                     5.0E10                   2700                     5331.20790982473         3077.9743218431704       2502.294445801098
1.27898                  2.8800000000000003       0.3472222222222222       4.796636833032366E-13    5.180639601579483E-13    0.25                     5.0E10                   2700                     5331.20790982473         3077.9743218431704       2502.294445801098
1.27898                  2.9000000000000004       0.3448275862068965       4.808309166190092E-13    5.190916470106971E-13    0.25                     5.0E10                   2700                     5331.20790982473         3077.9743218431704       2502.294445801098
1.27898                  2.92                     0.34246575342465757      4.819266032150493E-13    5.20033924769465E-13     0.25                     5.0E10                   2700                     5331.20790982473         3077.9743218431704       2502.294445801098
1.27898                  2.94                     0.3401360544217687       4.829465264118775E-13    5.208869912081997E-13    0.25                     5.0E10                   2700                     5331.20790982473         3077.9743218431704       2502.294445801098
1.27898                  2.96                     0.33783783783783783      4.838872507273066E-13    5.216478427137016E-13    0.25                     5.0E10                   2700                     5331.20790982473         3077.9743218431704       2502.294445801098
1.27898                  2.98                     0.3355704697986577       4.847461511622509E-13    5.223142958022349E-13    0.25                     5.0E10                   2700                     5331.20790982473         3077.9743218431704       2502.294445801098
1.27898                  3                        0.3333333333333333       4.8552138183518E-13      5.228849591258395E-13    0.25                     5.0E10                   2700                     5331.20790982473         3077.9743218431704       2502.294445801098
1.27898                  3.02                     0.33112582781456956      4.862118483678073E-13    5.233592060251976E-13    0.25                     5.0E10                   2700                     5331.20790982473         3077.9743218431704       2502.294445801098
1.27898                  3.04                     0.32894736842105265      4.868171730634354E-13    5.237371393244856E-13    0.25                     5.0E10                   2700                     5331.20790982473         3077.9743218431704       2502.294445801098
1.27898                  3.06                     0.32679738562091504      4.873376538646899E-13    5.240195494231544E-13    0.25                     5.0E10                   2700                     5331.20790982473         3077.9743218431704       2502.294445801098
1.27898                  3.08                     0.3246753246753247       4.877742181522147E-13    5.242078668131183E-13    0.25                     5.0E10                   2700                     5331.20790982473         3077.9743218431704       2502.294445801098
1.27898                  3.1                      0.32258064516129037      4.881283724590777E-13    5.243041101811506E-13    0.25                     5.0E10                   2700                     5331.20790982473         3077.9743218431704       2502.294445801098
1.27898                  3.12                     0.32051282051282054      4.884021491533138E-13    5.243108312202935E-13    0.25                     5.0E10                   2700                     5331.20790982473         3077.9743218431704       2502.294445801098
1.27898                  3.14                     0.3184713375796178       4.885980511506072E-13    5.242310572811438E-13    0.25                     5.0E10                   2700                     5331.20790982473         3077.9743218431704       2502.294445801098
1.27898                  3.16                     0.3164556962025316       4.887189956244089E-13    5.240682328996903E-13    0.25                     5.0E10                   2700                     5331.20790982473         3077.9743218431704       2502.294445801098
1.27898                  3.18                     0.31446540880503143      4.88768257639466E-13     5.238261611896717E-13    0.25                     5.0E10                   2700                     5331.20790982473         3077.9743218431704       2502.294445801098
1.27898                  3.2                      0.3125                   4.887494145271385E-13    5.235089459718156E-13    0.25                     5.0E10                   2700                     5331.20790982473         3077.9743218431704       2502.294445801098
1.27898                  3.22                     0.31055900621118004      4.886662917413552E-13    5.231209354322928E-13    0.25                     5.0E10                   2700                     5331.20790982473         3077.9743218431704       2502.294445801098
1.27898                  3.24                     0.30864197530864196      4.885229108141152E-13    5.22666667959503E-13     0.25                     5.0E10                   2700                     5331.20790982473         3077.9743218431704       2502.294445801098
1.27898                  3.2600000000000002       0.3067484662576687       4.883234399345547E-13    5.221508207339624E-13    0.25                     5.0E10                   2700                     5331.20790982473         3077.9743218431704       2502.294445801098
1.27898                  3.2800000000000002       0.3048780487804878       4.880721475733146E-13    5.21578161499258E-13     0.25                     5.0E10                   2700                     5331.20790982473         3077.9743218431704       2502.294445801098
1.27898                  3.3000000000000003       0.30303030303030304      4.8777335945774E-13      5.209535038672554E-13    0.25                     5.0E10                   2700                     5331.20790982473         3077.9743218431704       2502.294445801098
1.27898                  3.3200000000000003       0.3012048192771084       4.874314191202702E-13    5.202816663591679E-13    0.25                     5.0E10                   2700                     5331.20790982473         3077.9743218431704       2502.294445801098
1.27898                  3.3400000000000003       0.29940119760479045      4.870555696663773E-13    5.195763797302719E-13    0.25                     5.0E10                   2700                     5331.20790982473         3077.9743218431704       2502.294445801098
1.27898                  3.3600000000000003       0.29761904761904756      4.866395964932431E-13    5.188233140612786E-13    0.25                     5.0E10                   2700                     5331.20790982473         3077.9743218431704       2502.294445801098
1.27898                  3.3800000000000003       0.29585798816568043      4.861932350994548E-13    5.180371625088129E-13    0.25                     5.0E10                   2700                     5331.20790982473         3077.9743218431704       2502.294445801098
1.27898                  3.4000000000000004       0.2941176470588235       4.857205867367399E-13    5.172224401110638E-13    0.25                     5.0E10                   2700                     5331.20790982473         3077.9743218431704       2502.294445801098
1.27898                  3.4200000000000004       0.29239766081871343      4.852256288338517E-13    5.163835204949291E-13    0.25                     5.0E10                   2700                     5331.20790982473         3077.9743218431704       2502.294445801098
1.27898                  3.44                     0.29069767441860467      4.847121972417357E-13    5.155246177124225E-13    0.25                     5.0E10                   2700                     5331.20790982473         3077.9743218431704       2502.294445801098
1.27898                  3.46                     0.2890173410404624       4.841839716463847E-13    5.146497714384485E-13    0.25                     5.0E10                   2700                     5331.20790982473         3077.9743218431704       2502.294445801098
1.27898                  3.48                     0.28735632183908044      4.836444639816373E-13    5.137628352868418E-13    0.25                     5.0E10                   2700                     5331.20790982473         3077.9743218431704       2502.294445801098
1.27898                  3.5                      0.2857142857142857       4.830970095585265E-13    5.128674679894191E-13    0.25                     5.0E10                   2700                     5331.20790982473         3077.9743218431704       2502.294445801098
1.27898                  3.52                     0.2840909090909091       4.825448634908827E-13    5.119672098399221E-13    0.25                     5.0E10                   2700                     5331.20790982473         3077.9743218431704       2502.294445801098
1.27898                  3.54                     0.2824858757062147       4.819907869445819E-13    5.110651478295118E-13    0.25                     5.0E10                   2700                     5331.20790982473         3077.9743218431704       2502.294445801098
1.27898                  3.56                     0.28089887640449435      4.814376573411552E-13    5.101644112359249E-13    0.25                     5.0E10                   2700                     5331.20790982473         3077.9743218431704       2502.294445801098
1.27898                  3.58                     0.2793296089385475       4.808880612846669E-13    5.092678396165331E-13    0.25                     5.0E10                   2700                     5331.20790982473         3077.9743218431704       2502.294445801098
1.27898                  3.6                      0.2777777777777778       4.803443971952669E-13    5.083780677530366E-13    0.25                     5.0E10                   2700                     5331.20790982473         3077.9743218431704       2502.294445801098
1.27898                  3.62                     0.27624309392265195      4.798088777798338E-13    5.074975287372321E-13    0.25                     5.0E10                   2700                     5331.20790982473         3077.9743218431704       2502.294445801098
1.27898                  3.64                     0.2747252747252747       4.792835338812497E-13    5.066284583289093E-13    0.25                     5.0E10                   2700                     5331.20790982473         3077.9743218431704       2502.294445801098
1.27898                  3.66                     0.27322404371584696      4.787702191163249E-13    5.057729002443772E-13    0.25                     5.0E10                   2700                     5331.20790982473         3077.9743218431704       2502.294445801098
1.27898                  3.68                     0.2717391304347826       4.782706153610465E-13    5.049327122732805E-13    0.25                     5.0E10                   2700                     5331.20790982473         3077.9743218431704       2502.294445801098
1.27898                  3.7                      0.2702702702702703       4.777862388612126E-13    5.041095730290943E-13    0.25                     5.0E10                   2700                     5331.20790982473         3077.9743218431704       2502.294445801098
1.27898                  3.72                     0.26881720430107525      4.773184468353891E-13    5.033049892076501E-13    0.25                     5.0E10                   2700                     5331.20790982473         3077.9743218431704       2502.294445801098
1.27898                  3.74                     0.267379679144385        4.768684444508335E-13    5.025203032226934E-13    0.25                     5.0E10                   2700                     5331.20790982473         3077.9743218431704       2502.294445801098
1.27898                  3.7600000000000002       0.26595744680851063      4.764372920514747E-13    5.017567010731838E-13    0.25                     5.0E10                   2700                     5331.20790982473         3077.9743218431704       2502.294445801098
1.27898                  3.7800000000000002       0.26455026455026454      4.760259125497422E-13    5.010152203780591E-13    0.25                     5.0E10                   2700                     5331.20790982473         3077.9743218431704       2502.294445801098
1.27898                  3.8000000000000003       0.2631578947368421       4.756350988951455E-13    5.002967584684703E-13    0.25                     5.0E10                   2700                     5331.20790982473         3077.9743218431704       2502.294445801098
1.27898                  3.8200000000000003       0.26178010471204183      4.752655215482369E-13    4.996020804704903E-13    0.25                     5.0E10                   2700                     5331.20790982473         3077.9743218431704       2502.294445801098
1.27898                  3.8400000000000003       0.26041666666666663      4.749177358998752E-13    4.989318273110953E-13    0.25                     5.0E10                   2700                     5331.20790982473         3077.9743218431704       2502.294445801098
1.27898                  3.8600000000000003       0.25906735751295334      4.745921895747765E-13    4.982865235888944E-13    0.25                     5.0E10                   2700                     5331.20790982473         3077.9743218431704       2502.294445801098
1.27898                  3.8800000000000003       0.25773195876288657      4.742892295920062E-13    4.976665852802189E-13    0.25                     5.0E10                   2700                     5331.20790982473         3077.9743218431704       2502.294445801098
1.27898                  3.9000000000000004       0.2564102564102564       4.740091093279117E-13    4.970723272254085E-13    0.25                     5.0E10                   2700                     5331.20790982473         3077.9743218431704       2502.294445801098
1.27898                  3.9200000000000004       0.25510204081632654      4.73751995277183E-13     4.965039703823607E-13    0.25                     5.0E10                   2700                     5331.20790982473         3077.9743218431704       2502.294445801098
1.27898                  3.94                     0.25380710659898476      4.735179735629197E-13    4.959616488137147E-13    0.25                     5.0E10                   2700                     5331.20790982473         3077.9743218431704       2502.294445801098
1.27898                  3.96                     0.2525252525252525       4.733070562057295E-13    4.954454164011775E-13    0.25                     5.0E10                   2700                     5331.20790982473         3077.9743218431704       2502.294445801098
1.27898                  3.98                     0.25125628140703515      4.731191871142169E-13    4.949552532606923E-13    0.25                     5.0E10                   2700                     5331.20790982473         3077.9743218431704       2502.294445801098
1.27898                  4                        0.25                     4.72954247821606E-13     4.944910718759764E-13    0.25                     5.0E10                   2700                     5331.20790982473         3077.9743218431704       2502.294445801098
1.27898                  4.02                     0.24875621890547264      4.728120629294144E-13    4.940527229236982E-13    0.25                     5.0E10                   2700                     5331.20790982473         3077.9743218431704       2502.294445801098
1.27898                  4.04                     0.24752475247524755      4.726924052776904E-13    4.936400007918056E-13    0.25                     5.0E10                   2700                     5331.20790982473         3077.9743218431704       2502.294445801098
1.27898                  4.06                     0.24630541871921185      4.72595000844227E-13     4.932526488175457E-13    0.25                     5.0E10                   2700                     5331.20790982473         3077.9743218431704       2502.294445801098
1.27898                  4.08                     0.2450980392156863       4.72519533369714E-13     4.928903642113879E-13    0.25                     5.0E10                   2700                     5331.20790982473         3077.9743218431704       2502.294445801098
1.27898                  4.1                      0.24390243902439027      4.724656487066585E-13    4.925528027074739E-13    0.25                     5.0E10                   2700                     5331.20790982473         3077.9743218431704       2502.294445801098
1.27898                  4.12                     0.24271844660194172      4.724329589244382E-13    4.922395829328548E-13    0.25                     5.0E10                   2700                     5331.20790982473         3077.9743218431704       2502.294445801098
1.27898                  4.14                     0.2415458937198068       4.724210461429684E-13    4.919502904975619E-13    0.25                     5.0E10                   2700                     5331.20790982473         3077.9743218431704       2502.294445801098
1.27898                  4.16                     0.24038461538461536      4.724294661372958E-13    4.91684481827292E-13     0.25                     5.0E10                   2700                     5331.20790982473         3077.9743218431704       2502.294445801098
1.27898                  4.18                     0.2392344497607656       4.72457751693519E-13     4.914416877507945E-13    0.25                     5.0E10                   2700                     5331.20790982473         3077.9743218431704       2502.294445801098
1.27898                  4.199999999999999        0.23809523809523814      4.725054157492131E-13    4.912214168273535E-13    0.25                     5.0E10                   2700                     5331.20790982473         3077.9743218431704       2502.294445801098
1.27898                  4.22                     0.23696682464454977      4.725719543119077E-13    4.910231584695485E-13    0.25                     5.0E10                   2700                     5331.20790982473         3077.9743218431704       2502.294445801098
1.27898                  4.239999999999999        0.23584905660377362      4.726568491734146E-13    4.908463858167925E-13    0.25                     5.0E10                   2700                     5331.20790982473         3077.9743218431704       2502.294445801098
1.27898                  4.26                     0.2347417840375587       4.727595704274701E-13    4.906905584323802E-13    0.25                     5.0E10                   2700                     5331.20790982473         3077.9743218431704       2502.294445801098
1.27898                  4.279999999999999        0.23364485981308417      4.728795787935357E-13    4.905551247612982E-13    0.25                     5.0E10                   2700                     5331.20790982473         3077.9743218431704       2502.294445801098
1.27898                  4.3                      0.23255813953488372      4.730163277835315E-13    4.904395244521928E-13    0.25                     5.0E10                   2700                     5331.20790982473         3077.9743218431704       2502.294445801098
1.27898                  4.319999999999999        0.23148148148148148      4.731692656764197E-13    4.90343190441909E-13     0.25                     5.0E10                   2700                     5331.20790982473         3077.9743218431704       2502.294445801098
1.27898                  4.34                     0.2304147465437788       4.733378373506961E-13    4.902655509228448E-13    0.25                     5.0E10                   2700                     5331.20790982473         3077.9743218431704       2502.294445801098
1.27898                  4.359999999999999        0.22935779816513763      4.735214859689767E-13    4.902060311344224E-13    0.25                     5.0E10                   2700                     5331.20790982473         3077.9743218431704       2502.294445801098
1.27898                  4.38                     0.228310502283105        4.737198733794194E-13    4.901642240753474E-13    0.25                     5.0E10                   2700                     5331.20790982473         3077.9743218431704       2502.294445801098
1.27898                  4.3999999999999995       0.22727272727272732      4.73932009913896E-13     4.901392196120515E-13    0.25                     5.0E10                   2700                     5331.20790982473         3077.9743218431704       2502.294445801098
1.27898                  4.42                     0.22624434389140272      4.741575573025294E-13    4.901306085738236E-13    0.25                     5.0E10                   2700                     5331.20790982473         3077.9743218431704       2502.294445801098
1.27898                  4.4399999999999995       0.22522522522522526      4.743959659399027E-13    4.901378194212758E-13    0.25                     5.0E10                   2700                     5331.20790982473         3077.9743218431704       2502.294445801098
1.27898                  4.46                     0.2242152466367713       4.746466909610826E-13    4.901602845524573E-13    0.25                     5.0E10                   2700                     5331.20790982473         3077.9743218431704       2502.294445801098
1.27898                  4.4799999999999995       0.2232142857142857       4.749091931910538E-13    4.901974413342122E-13    0.25                     5.0E10                   2700                     5331.20790982473         3077.9743218431704       2502.294445801098
1.27898                  4.5                      0.22222222222222224      4.751829400182721E-13    4.902487330205907E-13    0.25                     5.0E10                   2700                     5331.20790982473         3077.9743218431704       2502.294445801098
1.27898                  4.52                     0.22123893805309736      4.754674061517138E-13    4.903136095884947E-13    0.25                     5.0E10                   2700                     5331.20790982473         3077.9743218431704       2502.294445801098
1.27898                  4.54                     0.22026431718061676      4.757620743247936E-13    4.903915284845147E-13    0.25                     5.0E10                   2700                     5331.20790982473         3077.9743218431704       2502.294445801098
1.27898                  4.56                     0.21929824561403513      4.760664358942117E-13    4.904819552864544E-13    0.25                     5.0E10                   2700                     5331.20790982473         3077.9743218431704       2502.294445801098
1.27898                  4.58                     0.21834061135371177      4.763799913957217E-13    4.905843642916612E-13    0.25                     5.0E10                   2700                     5331.20790982473         3077.9743218431704       2502.294445801098
1.27898                  4.6                      0.2173913043478261       4.767022510021476E-13    4.906982390293091E-13    0.25                     5.0E10                   2700                     5331.20790982473         3077.9743218431704       2502.294445801098
1.27898                  4.62                     0.21645021645021645      4.770327349427859E-13    4.908230727272267E-13    0.25                     5.0E10                   2700                     5331.20790982473         3077.9743218431704       2502.294445801098
1.27898                  4.64                     0.21551724137931036      4.773709738564113E-13    4.909583686885208E-13    0.25                     5.0E10                   2700                     5331.20790982473         3077.9743218431704       2502.294445801098
1.27898                  4.66                     0.2145922746781116       4.777165090874919E-13    4.911036406358732E-13    0.25                     5.0E10                   2700                     5331.20790982473         3077.9743218431704       2502.294445801098
1.27898                  4.68                     0.21367521367521367      4.780688929300037E-13    4.912584129802411E-13    0.25                     5.0E10                   2700                     5331.20790982473         3077.9743218431704       2502.294445801098
1.27898                  4.7                      0.2127659574468085       4.784276888491521E-13    4.914222210834529E-13    0.25                     5.0E10                   2700                     5331.20790982473         3077.9743218431704       2502.294445801098
1.27898                  4.72                     0.211864406779661        4.787924716210317E-13    4.915946114207843E-13    0.25                     5.0E10                   2700                     5331.20790982473         3077.9743218431704       2502.294445801098
1.27898                  4.739999999999999        0.21097046413502113      4.791628274737188E-13    4.917751417526855E-13    0.25                     5.0E10                   2700                     5331.20790982473         3077.9743218431704       2502.294445801098
1.27898                  4.76                     0.21008403361344538      4.795383541564522E-13    4.919633812141628E-13    0.25                     5.0E10                   2700                     5331.20790982473         3077.9743218431704       2502.294445801098
1.27898                  4.779999999999999        0.20920502092050208      4.799186609974524E-13    4.921589104103241E-13    0.25                     5.0E10                   2700                     5331.20790982473         3077.9743218431704       2502.294445801098
1.27898                  4.8                      0.20833333333333334      4.803033689388472E-13    4.92361321458009E-13     0.25                     5.0E10                   2700                     5331.20790982473         3077.9743218431704       2502.294445801098
1.27898                  4.819999999999999        0.2074688796680498       4.806921105053782E-13    4.925702179922595E-13    0.25                     5.0E10                   2700                     5331.20790982473         3077.9743218431704       2502.294445801098
1.27898                  4.84                     0.20661157024793386      4.810845297951612E-13    4.927852151637506E-13    0.25                     5.0E10                   2700                     5331.20790982473         3077.9743218431704       2502.294445801098
1.27898                  4.859999999999999        0.20576131687242802      4.814802824097409E-13    4.930059395983304E-13    0.25                     5.0E10                   2700                     5331.20790982473         3077.9743218431704       2502.294445801098
1.27898                  4.88                     0.20491803278688525      4.81879035391403E-13     4.932320293430377E-13    0.25                     5.0E10                   2700                     5331.20790982473         3077.9743218431704       2502.294445801098
1.27898                  4.8999999999999995       0.20408163265306126      4.822804671089215E-13    4.934631337854961E-13    0.25                     5.0E10                   2700                     5331.20790982473         3077.9743218431704       2502.294445801098
1.27898                  4.92                     0.2032520325203252       4.826842671568546E-13    4.936989135494291E-13    0.25                     5.0E10                   2700                     5331.20790982473         3077.9743218431704       2502.294445801098
1.27898                  4.9399999999999995       0.20242914979757085      4.830901362213374E-13    4.939390403996549E-13    0.25                     5.0E10                   2700                     5331.20790982473         3077.9743218431704       2502.294445801098
1.27898                  4.96                     0.20161290322580644      4.834977859382001E-13    4.941831970880828E-13    0.25                     5.0E10                   2700                     5331.20790982473         3077.9743218431704       2502.294445801098
1.27898                  4.9799999999999995       0.20080321285140565      4.839069387412829E-13    4.944310772348836E-13    0.25                     5.0E10                   2700                     5331.20790982473         3077.9743218431704       2502.294445801098
1.27898                  5                        0.2                      4.844095315285065E-13    4.947970464704556E-13    0.25                     5.0E10                   2700                     5331.20790982473         3077.9743218431704       2502.294445801098
1.27898                  5.02                     0.19920318725099603      4.848202949903945E-13    4.950509112674023E-13    0.25                     5.0E10                   2700                     5331.20790982473         3077.9743218431704       2502.294445801098
1.27898                  5.04                     0.1984126984126984       4.852317631847148E-13    4.953076084205682E-13    0.25                     5.0E10                   2700                     5331.20790982473         3077.9743218431704       2502.294445801098
1.27898                  5.06                     0.19762845849802374      4.856437014707312E-13    4.955668753498964E-13    0.25                     5.0E10                   2700                     5331.20790982473         3077.9743218431704       2502.294445801098
1.27898                  5.08                     0.19685039370078738      4.860558850147849E-13    4.958284593802778E-13    0.25                     5.0E10                   2700                     5331.20790982473         3077.9743218431704       2502.294445801098
1.27898                  5.1                      0.19607843137254904      4.864680985813896E-13    4.960921175581262E-13    0.25                     5.0E10                   2700                     5331.20790982473         3077.9743218431704       2502.294445801098
1.27898                  5.12                     0.19531249999999997      4.86880136328124E-13     4.963576164391695E-13    0.25                     5.0E10                   2700                     5331.20790982473         3077.9743218431704       2502.294445801098
1.27898                  5.14                     0.1945525291828794       4.872918015937446E-13    4.966247318978648E-13    0.25                     5.0E10                   2700                     5331.20790982473         3077.9743218431704       2502.294445801098
1.27898                  5.16                     0.19379844961240308      4.877029066590393E-13    4.968932489036567E-13    0.25                     5.0E10                   2700                     5331.20790982473         3077.9743218431704       2502.294445801098
1.27898                  5.18                     0.19305019305019305      4.881132725625976E-13    4.971629613207934E-13    0.25                     5.0E10                   2700                     5331.20790982473         3077.9743218431704       2502.294445801098
1.27898                  5.2                      0.1923076923076923       4.885227288307129E-13    4.974336716948478E-13    0.25                     5.0E10                   2700                     5331.20790982473         3077.9743218431704       2502.294445801098
1.27898                  5.22                     0.19157088122605365      4.889311132979668E-13    4.977051910248107E-13    0.25                     5.0E10                   2700                     5331.20790982473         3077.9743218431704       2502.294445801098
1.27898                  5.239999999999999        0.19083969465648856      4.893382718631158E-13    4.979773385627093E-13    0.25                     5.0E10                   2700                     5331.20790982473         3077.9743218431704       2502.294445801098
1.27898                  5.26                     0.19011406844106465      4.897440582534379E-13    4.982499415934309E-13    0.25                     5.0E10                   2700                     5331.20790982473         3077.9743218431704       2502.294445801098
1.27898                  5.279999999999999        0.18939393939393942      4.901483338226967E-13    4.98522835200914E-13     0.25                     5.0E10                   2700                     5331.20790982473         3077.9743218431704       2502.294445801098
1.27898                  5.3                      0.18867924528301888      4.905509673153594E-13    4.987958620821544E-13    0.25                     5.0E10                   2700                     5331.20790982473         3077.9743218431704       2502.294445801098
1.27898                  5.319999999999999        0.1879699248120301       4.909518346467011E-13    4.990688723009419E-13    0.25                     5.0E10                   2700                     5331.20790982473         3077.9743218431704       2502.294445801098
1.27898                  5.34                     0.18726591760299627      4.913508186830511E-13    4.993417230998488E-13    0.25                     5.0E10                   2700                     5331.20790982473         3077.9743218431704       2502.294445801098
1.27898                  5.359999999999999        0.1865671641791045       4.917478090169344E-13    4.996142786658326E-13    0.25                     5.0E10                   2700                     5331.20790982473         3077.9743218431704       2502.294445801098
1.27898                  5.38                     0.1858736059479554       4.921427017696882E-13    4.99886409936381E-13     0.25                     5.0E10                   2700                     5331.20790982473         3077.9743218431704       2502.294445801098
1.27898                  5.3999999999999995       0.1851851851851852       4.925353993466609E-13    5.001579943784128E-13    0.25                     5.0E10                   2700                     5331.20790982473         3077.9743218431704       2502.294445801098
1.27898                  5.42                     0.18450184501845018      4.929258102572268E-13    5.004289157920445E-13    0.25                     5.0E10                   2700                     5331.20790982473         3077.9743218431704       2502.294445801098
1.27898                  5.4399999999999995       0.18382352941176472      4.933138488927336E-13    5.006990641000774E-13    0.25                     5.0E10                   2700                     5331.20790982473         3077.9743218431704       2502.294445801098
1.27898                  5.46                     0.18315018315018314      4.936994353133287E-13    5.009683351530731E-13    0.25                     5.0E10                   2700                     5331.20790982473         3077.9743218431704       2502.294445801098
1.27898                  5.4799999999999995       0.18248175182481755      4.940824950599804E-13    5.012366305213895E-13    0.25                     5.0E10                   2700                     5331.20790982473         3077.9743218431704       2502.294445801098
1.27898                  5.5                      0.18181818181818182      4.944629589610295E-13    5.015038573169673E-13    0.25                     5.0E10                   2700                     5331.20790982473         3077.9743218431704       2502.294445801098
1.27898                  5.52                     0.1811594202898551       4.948407629111042E-13    5.017699279863124E-13    0.25                     5.0E10                   2700                     5331.20790982473         3077.9743218431704       2502.294445801098
1.27898                  5.54                     0.18050541516245486      4.952158477127879E-13    5.020347601360406E-13    0.25                     5.0E10                   2700                     5331.20790982473         3077.9743218431704       2502.294445801098
1.27898                  5.56                     0.1798561151079137       4.955881588716242E-13    5.02298276339823E-13     0.25                     5.0E10                   2700                     5331.20790982473         3077.9743218431704       2502.294445801098
1.27898                  5.58                     0.17921146953405018      4.959576464122606E-13    5.025604039609631E-13    0.25                     5.0E10                   2700                     5331.20790982473         3077.9743218431704       2502.294445801098
1.27898                  5.6                      0.17857142857142858      4.963242647127693E-13    5.028210749791611E-13    0.25                     5.0E10                   2700                     5331.20790982473         3077.9743218431704       2502.294445801098
1.27898                  5.62                     0.17793594306049823      4.966879723182336E-13    5.030802258176879E-13    0.25                     5.0E10                   2700                     5331.20790982473         3077.9743218431704       2502.294445801098
1.27898                  5.64                     0.1773049645390071       4.97048731776804E-13     5.033377971659091E-13    0.25                     5.0E10                   2700                     5331.20790982473         3077.9743218431704       2502.294445801098
1.27898                  5.66                     0.17667844522968196      4.97406509466325E-13     5.035937338290972E-13    0.25                     5.0E10                   2700                     5331.20790982473         3077.9743218431704       2502.294445801098
1.27898                  5.68                     0.17605633802816903      4.977612754467128E-13    5.03847984553485E-13     0.25                     5.0E10                   2700                     5331.20790982473         3077.9743218431704       2502.294445801098
1.27898                  5.7                      0.17543859649122806      4.981130032923903E-13    5.041005018858958E-13    0.25                     5.0E10                   2700                     5331.20790982473         3077.9743218431704       2502.294445801098
1.27898                  5.72                     0.17482517482517484      4.984616699260569E-13    5.043512419981953E-13    0.25                     5.0E10                   2700                     5331.20790982473         3077.9743218431704       2502.294445801098
1.27898                  5.739999999999999        0.17421602787456447      4.988072554994259E-13    5.046001645649291E-13    0.25                     5.0E10                   2700                     5331.20790982473         3077.9743218431704       2502.294445801098
1.27898                  5.76                     0.1736111111111111       4.991497432168942E-13    5.048472325934173E-13    0.25                     5.0E10                   2700                     5331.20790982473         3077.9743218431704       2502.294445801098
1.27898                  5.779999999999999        0.17301038062283738      4.99489119233898E-13     5.050924123124479E-13    0.25                     5.0E10                   2700                     5331.20790982473         3077.9743218431704       2502.294445801098
1.27898                  5.8                      0.1724137931034483       4.998253724729599E-13    5.053356729990453E-13    0.25                     5.0E10                   2700                     5331.20790982473         3077.9743218431704       2502.294445801098
1.27898                  5.819999999999999        0.17182130584192443      5.001584945208593E-13    5.055769868779649E-13    0.25                     5.0E10                   2700                     5331.20790982473         3077.9743218431704       2502.294445801098
1.27898                  5.84                     0.17123287671232879      5.004889665159083E-13    5.058167677391504E-13    0.25                     5.0E10                   2700                     5331.20790982473         3077.9743218431704       2502.294445801098
1.27898                  5.859999999999999        0.17064846416382254      5.00815818109285E-13     5.060541219685713E-13    0.25                     5.0E10                   2700                     5331.20790982473         3077.9743218431704       2502.294445801098
1.27898                  5.88                     0.17006802721088435      5.011395280622137E-13    5.062894624802618E-13    0.25                     5.0E10                   2700                     5331.20790982473         3077.9743218431704       2502.294445801098
1.27898                  5.8999999999999995       0.16949152542372883      5.014600973462054E-13    5.065227719818465E-13    0.25                     5.0E10                   2700                     5331.20790982473         3077.9743218431704       2502.294445801098
1.27898                  5.92                     0.16891891891891891      5.017775289970725E-13    5.067540355162786E-13    0.25                     5.0E10                   2700                     5331.20790982473         3077.9743218431704       2502.294445801098
1.27898                  5.9399999999999995       0.16835016835016836      5.020918279935275E-13    5.06983240342952E-13     0.25                     5.0E10                   2700                     5331.20790982473         3077.9743218431704       2502.294445801098
1.27898                  5.96                     0.16778523489932884      5.024030011472615E-13    5.072103758305889E-13    0.25                     5.0E10                   2700                     5331.20790982473         3077.9743218431704       2502.294445801098
1.27898                  5.9799999999999995       0.16722408026755856      5.027110570247114E-13    5.074354333609486E-13    0.25                     5.0E10                   2700                     5331.20790982473         3077.9743218431704       2502.294445801098
1.27898                  6                        0.16666666666666666      5.030160058212322E-13    5.076584062237376E-13    0.25                     5.0E10                   2700                     5331.20790982473         3077.9743218431704       2502.294445801098
1.27898                  6.02                     0.16611295681063123      5.033178592854821E-13    5.078792895210859E-13    0.25                     5.0E10                   2700                     5331.20790982473         3077.9743218431704       2502.294445801098
1.27898                  6.04                     0.16556291390728478      5.036166306268208E-13    5.080980800810197E-13    0.25                     5.0E10                   2700                     5331.20790982473         3077.9743218431704       2502.294445801098
1.27898                  6.06                     0.16501650165016504      5.039123344185141E-13    5.083147763604388E-13    0.25                     5.0E10                   2700                     5331.20790982473         3077.9743218431704       2502.294445801098
1.27898                  6.08                     0.16447368421052633      5.042049865182603E-13    5.085293783580651E-13    0.25                     5.0E10                   2700                     5331.20790982473         3077.9743218431704       2502.294445801098
1.27898                  6.1                      0.16393442622950818      5.044946040002613E-13    5.087418875463898E-13    0.25                     5.0E10                   2700                     5331.20790982473         3077.9743218431704       2502.294445801098
1.27898                  6.12                     0.16339869281045752      5.047812050497021E-13    5.089523067669518E-13    0.25                     5.0E10                   2700                     5331.20790982473         3077.9743218431704       2502.294445801098
1.27898                  6.14                     0.16286644951140067      5.050648089073882E-13    5.09160640175426E-13     0.25                     5.0E10                   2700                     5331.20790982473         3077.9743218431704       2502.294445801098
1.27898                  6.16                     0.16233766233766234      5.053454358054361E-13    5.093668931572846E-13    0.25                     5.0E10                   2700                     5331.20790982473         3077.9743218431704       2502.294445801098
1.27898                  6.18                     0.16181229773462782      5.056231068790353E-13    5.095710722553358E-13    0.25                     5.0E10                   2700                     5331.20790982473         3077.9743218431704       2502.294445801098
1.27898                  6.2                      0.16129032258064518      5.058978441053779E-13    5.097731851069696E-13    0.25                     5.0E10                   2700                     5331.20790982473         3077.9743218431704       2502.294445801098
1.27898                  6.22                     0.16077170418006428      5.061696702483572E-13    5.099732403734917E-13    0.25                     5.0E10                   2700                     5331.20790982473         3077.9743218431704       2502.294445801098
1.27898                  6.24                     0.16025641025641027      5.064386087890552E-13    5.101712476766064E-13    0.25                     5.0E10                   2700                     5331.20790982473         3077.9743218431704       2502.294445801098
1.27898                  6.26                     0.1597444089456869       5.067046838791054E-13    5.103672175429548E-13    0.25                     5.0E10                   2700                     5331.20790982473         3077.9743218431704       2502.294445801098
1.27898                  6.279999999999999        0.15923566878980894      5.069679202775593E-13    5.105611613445482E-13    0.25                     5.0E10                   2700                     5331.20790982473         3077.9743218431704       2502.294445801098
1.27898                  6.3                      0.15873015873015872      5.072283432916759E-13    5.107530912345664E-13    0.25                     5.0E10                   2700                     5331.20790982473         3077.9743218431704       2502.294445801098
1.27898                  6.319999999999999        0.15822784810126583      5.074859787319251E-13    5.109430201029909E-13    0.25                     5.0E10                   2700                     5331.20790982473         3077.9743218431704       2502.294445801098
1.27898                  6.34                     0.1577287066246057       5.077408528807837E-13    5.111309615297073E-13    0.25                     5.0E10                   2700                     5331.20790982473         3077.9743218431704       2502.294445801098
1.27898                  6.359999999999999        0.15723270440251574      5.079929924084543E-13    5.113169297142258E-13    0.25                     5.0E10                   2700                     5331.20790982473         3077.9743218431704       2502.294445801098
1.27898                  6.38                     0.15673981191222572      5.082424243622112E-13    5.115009394529324E-13    0.25                     5.0E10                   2700                     5331.20790982473         3077.9743218431704       2502.294445801098
1.27898                  6.3999999999999995       0.15625                  5.084891761146211E-13    5.116830060834797E-13    0.25                     5.0E10                   2700                     5331.20790982473         3077.9743218431704       2502.294445801098
1.27898                  6.42                     0.1557632398753894       5.087332753226937E-13    5.118631454416069E-13    0.25                     5.0E10                   2700                     5331.20790982473         3077.9743218431704       2502.294445801098
1.27898                  6.4399999999999995       0.15527950310559008      5.089747498779582E-13    5.120413738170551E-13    0.25                     5.0E10                   2700                     5331.20790982473         3077.9743218431704       2502.294445801098
1.27898                  6.46                     0.15479876160990713      5.092136278955884E-13    5.122177079251993E-13    0.25                     5.0E10                   2700                     5331.20790982473         3077.9743218431704       2502.294445801098
1.27898                  6.4799999999999995       0.154320987654321        5.094499376598083E-13    5.123921648589206E-13    0.25                     5.0E10                   2700                     5331.20790982473         3077.9743218431704       2502.294445801098
1.27898                  6.5                      0.15384615384615383      5.096837075927933E-13    5.12564762055602E-13     0.25                     5.0E10                   2700                     5331.20790982473         3077.9743218431704       2502.294445801098
1.27898                  6.52                     0.15337423312883436      5.09914966242536E-13     5.12735517274201E-13     0.25                     5.0E10                   2700                     5331.20790982473         3077.9743218431704       2502.294445801098
1.27898                  6.54                     0.15290519877675843      5.101437422168021E-13    5.129044485365483E-13    0.25                     5.0E10                   2700                     5331.20790982473         3077.9743218431704       2502.294445801098
1.27898                  6.56                     0.15243902439024393      5.103700642050049E-13    5.130715741329114E-13    0.25                     5.0E10                   2700                     5331.20790982473         3077.9743218431704       2502.294445801098
1.27898                  6.58                     0.1519756838905775       5.105939609090369E-13    5.132369125603704E-13    0.25                     5.0E10                   2700                     5331.20790982473         3077.9743218431704       2502.294445801098
1.27898                  6.6                      0.15151515151515152      5.10815461033448E-13     5.134004825110678E-13    0.25                     5.0E10                   2700                     5331.20790982473         3077.9743218431704       2502.294445801098
1.27898                  6.62                     0.1510574018126888       5.11034593265683E-13     5.135623028437242E-13    0.25                     5.0E10                   2700                     5331.20790982473         3077.9743218431704       2502.294445801098
1.27898                  6.64                     0.1506024096385542       5.112513862619377E-13    5.137223925613208E-13    0.25                     5.0E10                   2700                     5331.20790982473         3077.9743218431704       2502.294445801098
1.27898                  6.66                     0.15015015015015015      5.114658686018801E-13    5.138807707779892E-13    0.25                     5.0E10                   2700                     5331.20790982473         3077.9743218431704       2502.294445801098
1.27898                  6.68                     0.14970059880239522      5.116780687871309E-13    5.140374567032575E-13    0.25                     5.0E10                   2700                     5331.20790982473         3077.9743218431704       2502.294445801098
1.27898                  6.7                      0.1492537313432836       5.118880152237977E-13    5.141924696238153E-13    0.25                     5.0E10                   2700                     5331.20790982473         3077.9743218431704       2502.294445801098
1.27898                  6.72                     0.1488095238095238       5.120957361943442E-13    5.143458288745465E-13    0.25                     5.0E10                   2700                     5331.20790982473         3077.9743218431704       2502.294445801098
1.27898                  6.74                     0.14836795252225518      5.123012598494578E-13    5.144975538265863E-13    0.25                     5.0E10                   2700                     5331.20790982473         3077.9743218431704       2502.294445801098
1.27898                  6.76                     0.14792899408284024      5.125046141945744E-13    5.146476638688996E-13    0.25                     5.0E10                   2700                     5331.20790982473         3077.9743218431704       2502.294445801098
1.27898                  6.779999999999999        0.14749262536873156      5.127058270662956E-13    5.147961783836985E-13    0.25                     5.0E10                   2700                     5331.20790982473         3077.9743218431704       2502.294445801098
1.27898                  6.8                      0.14705882352941177      5.129049261243809E-13    5.149431167402493E-13    0.25                     5.0E10                   2700                     5331.20790982473         3077.9743218431704       2502.294445801098
1.27898                  6.819999999999999        0.1466275659824047       5.131019388474736E-13    5.150884982770368E-13    0.25                     5.0E10                   2700                     5331.20790982473         3077.9743218431704       2502.294445801098
1.27898                  6.84                     0.14619883040935674      5.132968925116605E-13    5.152323422843059E-13    0.25                     5.0E10                   2700                     5331.20790982473         3077.9743218431704       2502.294445801098
1.27898                  6.859999999999999        0.1457725947521866       5.13489814172464E-13     5.153746679885373E-13    0.25                     5.0E10                   2700                     5331.20790982473         3077.9743218431704       2502.294445801098
1.27898                  6.88                     0.14534883720930233      5.136807306829123E-13    5.155154945525795E-13    0.25                     5.0E10                   2700                     5331.20790982473         3077.9743218431704       2502.294445801098
1.27898                  6.8999999999999995       0.14492753623188406      5.138696686501819E-13    5.156548410470525E-13    0.25                     5.0E10                   2700                     5331.20790982473         3077.9743218431704       2502.294445801098
1.27898                  6.92                     0.1445086705202312       5.140566544551502E-13    5.157927264546883E-13    0.25                     5.0E10                   2700                     5331.20790982473         3077.9743218431704       2502.294445801098
1.27898                  6.9399999999999995       0.1440922190201729       5.14241714230371E-13     5.159291696504664E-13    0.25                     5.0E10                   2700                     5331.20790982473         3077.9743218431704       2502.294445801098
1.27898                  6.96                     0.14367816091954022      5.144248738536634E-13    5.160641893941233E-13    0.25                     5.0E10                   2700                     5331.20790982473         3077.9743218431704       2502.294445801098
1.27898                  6.9799999999999995       0.14326647564469916      5.146061589419503E-13    5.161978043196744E-13    0.25                     5.0E10                   2700                     5331.20790982473         3077.9743218431704       2502.294445801098
1.27898                  7                        0.14285714285714285      5.147855948645451E-13    5.163300329380846E-13    0.25                     5.0E10                   2700                     5331.20790982473         3077.9743218431704       2502.294445801098
1.27898                  7.02                     0.14245014245014245      5.149632066934042E-13    5.164608936084189E-13    0.25                     5.0E10                   2700                     5331.20790982473         3077.9743218431704       2502.294445801098
1.27898                  7.04                     0.14204545454545456      5.15139019257859E-13     5.165904045571859E-13    0.25                     5.0E10                   2700                     5331.20790982473         3077.9743218431704       2502.294445801098
1.27898                  7.06                     0.141643059490085        5.153130570840587E-13    5.167185838470398E-13    0.25                     5.0E10                   2700                     5331.20790982473         3077.9743218431704       2502.294445801098
1.27898                  7.08                     0.14124293785310735      5.154853444367905E-13    5.168454493896646E-13    0.25                     5.0E10                   2700                     5331.20790982473         3077.9743218431704       2502.294445801098
1.27898                  7.1                      0.14084507042253522      5.156559052696087E-13    5.169710189219136E-13    0.25                     5.0E10                   2700                     5331.20790982473         3077.9743218431704       2502.294445801098
1.27898                  7.12                     0.14044943820224717      5.158247632854933E-13    5.17095310028337E-13     0.25                     5.0E10                   2700                     5331.20790982473         3077.9743218431704       2502.294445801098
1.27898                  7.14                     0.1400560224089636       5.159919418659143E-13    5.172183401017298E-13    0.25                     5.0E10                   2700                     5331.20790982473         3077.9743218431704       2502.294445801098
1.27898                  7.16                     0.13966480446927376      5.161574641156916E-13    5.173401263671934E-13    0.25                     5.0E10                   2700                     5331.20790982473         3077.9743218431704       2502.294445801098
1.27898                  7.18                     0.1392757660167131       5.163213528430679E-13    5.174606858639239E-13    0.25                     5.0E10                   2700                     5331.20790982473         3077.9743218431704       2502.294445801098
1.27898                  7.2                      0.1388888888888889       5.1648363056442E-13      5.175800354486859E-13    0.25                     5.0E10                   2700                     5331.20790982473         3077.9743218431704       2502.294445801098
1.27898                  7.22                     0.13850415512465375      5.166443194997677E-13    5.176981917882859E-13    0.25                     5.0E10                   2700                     5331.20790982473         3077.9743218431704       2502.294445801098
1.27898                  7.24                     0.13812154696132597      5.16803441571044E-13     5.178151713581668E-13    0.25                     5.0E10                   2700                     5331.20790982473         3077.9743218431704       2502.294445801098
1.27898                  7.26                     0.13774104683195593      5.169610184124346E-13    5.179309904439353E-13    0.25                     5.0E10                   2700                     5331.20790982473         3077.9743218431704       2502.294445801098
1.27898                  7.279999999999999        0.13736263736263737      5.171170713512561E-13    5.180456651305252E-13    0.25                     5.0E10                   2700                     5331.20790982473         3077.9743218431704       2502.294445801098
1.27898                  7.3                      0.13698630136986303      5.172716214288855E-13    5.181592113105881E-13    0.25                     5.0E10                   2700                     5331.20790982473         3077.9743218431704       2502.294445801098
1.27898                  7.319999999999999        0.1366120218579235       5.174246893889388E-13    5.182716446787935E-13    0.25                     5.0E10                   2700                     5331.20790982473         3077.9743218431704       2502.294445801098
1.27898                  7.34                     0.1362397820163488       5.17576295681946E-13     5.183829807270678E-13    0.25                     5.0E10                   2700                     5331.20790982473         3077.9743218431704       2502.294445801098
1.27898                  7.359999999999999        0.13586956521739132      5.177264604561071E-13    5.184932347475743E-13    0.25                     5.0E10                   2700                     5331.20790982473         3077.9743218431704       2502.294445801098
1.27898                  7.38                     0.13550135501355012      5.178752035856229E-13    5.186024218350234E-13    0.25                     5.0E10                   2700                     5331.20790982473         3077.9743218431704       2502.294445801098
1.27898                  7.3999999999999995       0.13513513513513514      5.1802254464038E-13      5.187105568785223E-13    0.25                     5.0E10                   2700                     5331.20790982473         3077.9743218431704       2502.294445801098
1.27898                  7.42                     0.1347708894878706       5.181685029022329E-13    5.188176545651978E-13    0.25                     5.0E10                   2700                     5331.20790982473         3077.9743218431704       2502.294445801098
1.27898                  7.4399999999999995       0.13440860215053765      5.183130973788587E-13    5.189237293881073E-13    0.25                     5.0E10                   2700                     5331.20790982473         3077.9743218431704       2502.294445801098
1.27898                  7.46                     0.13404825737265413      5.184563467781487E-13    5.190287956299254E-13    0.25                     5.0E10                   2700                     5331.20790982473         3077.9743218431704       2502.294445801098
1.27898                  7.4799999999999995       0.1336898395721925       5.185982695312182E-13    5.191328673749445E-13    0.25                     5.0E10                   2700                     5331.20790982473         3077.9743218431704       2502.294445801098
1.27898                  7.5                      0.13333333333333333      5.187388837893062E-13    5.192359585076194E-13    0.25                     5.0E10                   2700                     5331.20790982473         3077.9743218431704       2502.294445801098
1.27898                  7.52                     0.13297872340425532      5.188782074177059E-13    5.193380827095957E-13    0.25                     5.0E10                   2700                     5331.20790982473         3077.9743218431704       2502.294445801098
1.27898                  7.54                     0.13262599469496023      5.190162580231363E-13    5.194392534690633E-13    0.25                     5.0E10                   2700                     5331.20790982473         3077.9743218431704       2502.294445801098
1.27898                  7.56                     0.13227513227513227      5.191530529140262E-13    5.195394840685616E-13    0.25                     5.0E10                   2700                     5331.20790982473         3077.9743218431704       2502.294445801098
1.27898                  7.58                     0.13192612137203166      5.192886091532858E-13    5.196387876011967E-13    0.25                     5.0E10                   2700                     5331.20790982473         3077.9743218431704       2502.294445801098
1.27898                  7.6                      0.13157894736842105      5.194229435127039E-13    5.197371769537753E-13    0.25                     5.0E10                   2700                     5331.20790982473         3077.9743218431704       2502.294445801098
1.27898                  7.62                     0.13123359580052493      5.19556072515502E-13     5.198346648276857E-13    0.25                     5.0E10                   2700                     5331.20790982473         3077.9743218431704       2502.294445801098
1.27898                  7.64                     0.13089005235602094      5.19688012406654E-13     5.199312637233553E-13    0.25                     5.0E10                   2700                     5331.20790982473         3077.9743218431704       2502.294445801098
1.27898                  7.66                     0.13054830287206268      5.198187791947359E-13    5.200269859562839E-13    0.25                     5.0E10                   2700                     5331.20790982473         3077.9743218431704       2502.294445801098
1.27898                  7.68                     0.13020833333333334      5.19948388605852E-13     5.201218436477815E-13    0.25                     5.0E10                   2700                     5331.20790982473         3077.9743218431704       2502.294445801098
1.27898                  7.7                      0.12987012987012989      5.200768561257137E-13    5.202158487248944E-13    0.25                     5.0E10                   2700                     5331.20790982473         3077.9743218431704       2502.294445801098
1.27898                  7.72                     0.1295336787564767       5.202041969880357E-13    5.203090129374158E-13    0.25                     5.0E10                   2700                     5331.20790982473         3077.9743218431704       2502.294445801098
1.27898                  7.74                     0.12919896640826872      5.203304261806213E-13    5.204013478440366E-13    0.25                     5.0E10                   2700                     5331.20790982473         3077.9743218431704       2502.294445801098
1.27898                  7.76                     0.1288659793814433       5.204555584408276E-13    5.204928648194639E-13    0.25                     5.0E10                   2700                     5331.20790982473         3077.9743218431704       2502.294445801098
1.27898                  7.779999999999999        0.12853470437017997      5.205796082689598E-13    5.205835750583442E-13    0.25                     5.0E10                   2700                     5331.20790982473         3077.9743218431704       2502.294445801098
1.27898                  7.8                      0.12820512820512822      5.20702589930965E-13     5.206734895766039E-13    0.25                     5.0E10                   2700                     5331.20790982473         3077.9743218431704       2502.294445801098
1.27898                  7.819999999999999        0.1278772378516624       5.2082451744485E-13      5.207626192075542E-13    0.25                     5.0E10                   2700                     5331.20790982473         3077.9743218431704       2502.294445801098
1.27898                  7.84                     0.12755102040816327      5.209454046109915E-13    5.208509746136733E-13    0.25                     5.0E10                   2700                     5331.20790982473         3077.9743218431704       2502.294445801098
1.27898                  7.859999999999999        0.1272264631043257       5.210652649933402E-13    5.209385662804802E-13    0.25                     5.0E10                   2700                     5331.20790982473         3077.9743218431704       2502.294445801098
1.27898                  7.88                     0.12690355329949238      5.21184111931238E-13     5.210254045238882E-13    0.25                     5.0E10                   2700                     5331.20790982473         3077.9743218431704       2502.294445801098
1.27898                  7.8999999999999995       0.12658227848101267      5.213019585465443E-13    5.211114994896557E-13    0.25                     5.0E10                   2700                     5331.20790982473         3077.9743218431704       2502.294445801098
1.27898                  7.92                     0.12626262626262624      5.214188177481003E-13    5.211968611597163E-13    0.25                     5.0E10                   2700                     5331.20790982473         3077.9743218431704       2502.294445801098
1.27898                  7.9399999999999995       0.12594458438287154      5.215347022042237E-13    5.212814993397518E-13    0.25                     5.0E10                   2700                     5331.20790982473         3077.9743218431704       2502.294445801098
1.27898                  7.96                     0.12562814070351758      5.216496243992029E-13    5.213654236865234E-13    0.25                     5.0E10                   2700                     5331.20790982473         3077.9743218431704       2502.294445801098
1.27898                  7.9799999999999995       0.12531328320802007      5.217635965941543E-13    5.214486436860003E-13    0.25                     5.0E10                   2700                     5331.20790982473         3077.9743218431704       2502.294445801098
1.27898                  8                        0.125                    5.218766308491706E-13    5.215311686705389E-13    0.25                     5.0E10                   2700                     5331.20790982473         3077.9743218431704       2502.294445801098
1.27898                  8.02                     0.12468827930174564      5.219887390186407E-13    5.216130078130937E-13    0.25                     5.0E10                   2700                     5331.20790982473         3077.9743218431704       2502.294445801098
1.27898                  8.040000000000001        0.1243781094527363       5.220999327566728E-13    5.216941701323183E-13    0.25                     5.0E10                   2700                     5331.20790982473         3077.9743218431704       2502.294445801098
1.27898                  8.06                     0.12406947890818859      5.22210223527068E-13     5.21774664499843E-13     0.25                     5.0E10                   2700                     5331.20790982473         3077.9743218431704       2502.294445801098
1.27898                  8.08                     0.12376237623762378      5.223196225932634E-13    5.218544996302297E-13    0.25                     5.0E10                   2700                     5331.20790982473         3077.9743218431704       2502.294445801098
1.27898                  8.1                      0.1234567901234568       5.224281410366895E-13    5.219336840975692E-13    0.25                     5.0E10                   2700                     5331.20790982473         3077.9743218431704       2502.294445801098
1.27898                  8.12                     0.12315270935960593      5.225357897440646E-13    5.220122263242815E-13    0.25                     5.0E10                   2700                     5331.20790982473         3077.9743218431704       2502.294445801098
1.27898                  8.14                     0.12285012285012284      5.226425794289063E-13    5.220901345967958E-13    0.25                     5.0E10                   2700                     5331.20790982473         3077.9743218431704       2502.294445801098
1.27898                  8.16                     0.12254901960784315      5.227485206163055E-13    5.221674170566691E-13    0.25                     5.0E10                   2700                     5331.20790982473         3077.9743218431704       2502.294445801098
1.27898                  8.18                     0.12224938875305624      5.228536236495621E-13    5.22244081702495E-13     0.25                     5.0E10                   2700                     5331.20790982473         3077.9743218431704       2502.294445801098
1.27898                  8.2                      0.12195121951219513      5.229578987100973E-13    5.223201364061093E-13    0.25                     5.0E10                   2700                     5331.20790982473         3077.9743218431704       2502.294445801098
1.27898                  8.22                     0.121654501216545        5.230613558010475E-13    5.223955888987275E-13    0.25                     5.0E10                   2700                     5331.20790982473         3077.9743218431704       2502.294445801098
1.27898                  8.24                     0.12135922330097086      5.231640047541705E-13    5.224704467805012E-13    0.25                     5.0E10                   2700                     5331.20790982473         3077.9743218431704       2502.294445801098
1.27898                  8.26                     0.12106537530266344      5.232658552326252E-13    5.225447175203052E-13    0.25                     5.0E10                   2700                     5331.20790982473         3077.9743218431704       2502.294445801098
1.27898                  8.28                     0.1207729468599034       5.233669167560363E-13    5.226184084639224E-13    0.25                     5.0E10                   2700                     5331.20790982473         3077.9743218431704       2502.294445801098
1.27898                  8.299999999999999        0.1204819277108434       5.234671986596831E-13    5.226915268267487E-13    0.25                     5.0E10                   2700                     5331.20790982473         3077.9743218431704       2502.294445801098
1.27898                  8.32                     0.12019230769230768      5.235667101445192E-13    5.227640797063987E-13    0.25                     5.0E10                   2700                     5331.20790982473         3077.9743218431704       2502.294445801098
1.27898                  8.34                     0.11990407673860912      5.236654602344952E-13    5.228360740706819E-13    0.25                     5.0E10                   2700                     5331.20790982473         3077.9743218431704       2502.294445801098
1.27898                  8.36                     0.1196172248803828       5.237634578197057E-13    5.229075167751905E-13    0.25                     5.0E10                   2700                     5331.20790982473         3077.9743218431704       2502.294445801098
1.27898                  8.379999999999999        0.11933174224343678      5.238607116335136E-13    5.229784145549877E-13    0.25                     5.0E10                   2700                     5331.20790982473         3077.9743218431704       2502.294445801098
1.27898                  8.4                      0.11904761904761904      5.239572302642936E-13    5.230487740315319E-13    0.25                     5.0E10                   2700                     5331.20790982473         3077.9743218431704       2502.294445801098
1.27898                  8.42                     0.11876484560570072      5.240530221526011E-13    5.23118601707661E-13     0.25                     5.0E10                   2700                     5331.20790982473         3077.9743218431704       2502.294445801098
1.27898                  8.44                     0.11848341232227488      5.241480956147811E-13    5.231879039873475E-13    0.25                     5.0E10                   2700                     5331.20790982473         3077.9743218431704       2502.294445801098
1.27898                  8.459999999999999        0.11820330969267141      5.242424588118526E-13    5.232566871542675E-13    0.25                     5.0E10                   2700                     5331.20790982473         3077.9743218431704       2502.294445801098
1.27898                  8.48                     0.1179245283018868       5.243361197650299E-13    5.23324957382469E-13     0.25                     5.0E10                   2700                     5331.20790982473         3077.9743218431704       2502.294445801098
1.27898                  8.5                      0.11764705882352941      5.244290863802767E-13    5.233927207503888E-13    0.25                     5.0E10                   2700                     5331.20790982473         3077.9743218431704       2502.294445801098
1.27898                  8.52                     0.11737089201877934      5.24521366425226E-13     5.234599832302491E-13    0.25                     5.0E10                   2700                     5331.20790982473         3077.9743218431704       2502.294445801098
1.27898                  8.54                     0.117096018735363        5.246129675355415E-13    5.235267506875858E-13    0.25                     5.0E10                   2700                     5331.20790982473         3077.9743218431704       2502.294445801098
1.27898                  8.56                     0.11682242990654204      5.24703897223027E-13     5.235930288933016E-13    0.25                     5.0E10                   2700                     5331.20790982473         3077.9743218431704       2502.294445801098
1.27898                  8.58                     0.11655011655011656      5.24794162873068E-13     5.236588235165361E-13    0.25                     5.0E10                   2700                     5331.20790982473         3077.9743218431704       2502.294445801098
1.27898                  8.6                      0.11627906976744186      5.248837717539586E-13    5.237241401313656E-13    0.25                     5.0E10                   2700                     5331.20790982473         3077.9743218431704       2502.294445801098
1.27898                  8.62                     0.1160092807424594       5.249727310229094E-13    5.237889842238949E-13    0.25                     5.0E10                   2700                     5331.20790982473         3077.9743218431704       2502.294445801098
1.27898                  8.64                     0.11574074074074073      5.250610476979374E-13    5.238533611721333E-13    0.25                     5.0E10                   2700                     5331.20790982473         3077.9743218431704       2502.294445801098
1.27898                  8.66                     0.11547344110854503      5.251487287044464E-13    5.23917276282272E-13     0.25                     5.0E10                   2700                     5331.20790982473         3077.9743218431704       2502.294445801098
1.27898                  8.68                     0.1152073732718894       5.252357808469175E-13    5.239807347590548E-13    0.25                     5.0E10                   2700                     5331.20790982473         3077.9743218431704       2502.294445801098
1.27898                  8.7                      0.11494252873563218      5.253222108115427E-13    5.240437417163222E-13    0.25                     5.0E10                   2700                     5331.20790982473         3077.9743218431704       2502.294445801098
1.27898                  8.72                     0.1146788990825688       5.254080251911481E-13    5.241063021942565E-13    0.25                     5.0E10                   2700                     5331.20790982473         3077.9743218431704       2502.294445801098
1.27898                  8.74                     0.11441647597254004      5.254932304608979E-13    5.241684211386734E-13    0.25                     5.0E10                   2700                     5331.20790982473         3077.9743218431704       2502.294445801098
1.27898                  8.76                     0.1141552511415525       5.25579599753997E-13     5.242317258427534E-13    0.25                     5.0E10                   2700                     5331.20790982473         3077.9743218431704       2502.294445801098
1.27898                  8.78                     0.11389521640091117      5.256636145996882E-13    5.242929849654469E-13    0.25                     5.0E10                   2700                     5331.20790982473         3077.9743218431704       2502.294445801098
1.27898                  8.8                      0.11363636363636362      5.257470391587735E-13    5.243538169166488E-13    0.25                     5.0E10                   2700                     5331.20790982473         3077.9743218431704       2502.294445801098
1.27898                  8.82                     0.11337868480725624      5.25829879491179E-13     5.244142263128216E-13    0.25                     5.0E10                   2700                     5331.20790982473         3077.9743218431704       2502.294445801098
1.27898                  8.84                     0.11312217194570136      5.259121415874379E-13    5.244742177122839E-13    0.25                     5.0E10                   2700                     5331.20790982473         3077.9743218431704       2502.294445801098
1.27898                  8.86                     0.11286681715575621      5.259938313224771E-13    5.24533795588773E-13     0.25                     5.0E10                   2700                     5331.20790982473         3077.9743218431704       2502.294445801098
1.27898                  8.879999999999999        0.11261261261261263      5.260749544998428E-13    5.245929643475364E-13    0.25                     5.0E10                   2700                     5331.20790982473         3077.9743218431704       2502.294445801098
1.27898                  8.9                      0.11235955056179775      5.26155516803649E-13     5.246517283100968E-13    0.25                     5.0E10                   2700                     5331.20790982473         3077.9743218431704       2502.294445801098
1.27898                  8.92                     0.11210762331838565      5.262355238566328E-13    5.247100917437886E-13    0.25                     5.0E10                   2700                     5331.20790982473         3077.9743218431704       2502.294445801098
1.27898                  8.94                     0.11185682326621925      5.263149811824522E-13    5.24768058836325E-13     0.25                     5.0E10                   2700                     5331.20790982473         3077.9743218431704       2502.294445801098
1.27898                  8.959999999999999        0.11160714285714285      5.263938942211252E-13    5.248256337095147E-13    0.25                     5.0E10                   2700                     5331.20790982473         3077.9743218431704       2502.294445801098
1.27898                  8.98                     0.11135857461024498      5.264722683211054E-13    5.24882820416021E-13     0.25                     5.0E10                   2700                     5331.20790982473         3077.9743218431704       2502.294445801098
1.27898                  9                        0.11111111111111112      5.265501087585309E-13    5.249396229464376E-13    0.25                     5.0E10                   2700                     5331.20790982473         3077.9743218431704       2502.294445801098
1.27898                  9.02                     0.11086474501108647      5.266274207229077E-13    5.249960452257933E-13    0.25                     5.0E10                   2700                     5331.20790982473         3077.9743218431704       2502.294445801098
1.27898                  9.04                     0.11061946902654868      5.267042093283585E-13    5.250520911147823E-13    0.25                     5.0E10                   2700                     5331.20790982473         3077.9743218431704       2502.294445801098
1.27898                  9.06                     0.11037527593818983      5.26780479610847E-13     5.251077644159468E-13    0.25                     5.0E10                   2700                     5331.20790982473         3077.9743218431704       2502.294445801098
1.27898                  9.08                     0.11013215859030838      5.268562365189477E-13    5.251630688634123E-13    0.25                     5.0E10                   2700                     5331.20790982473         3077.9743218431704       2502.294445801098
1.27898                  9.1                      0.1098901098901099       5.269314849420964E-13    5.252180081392253E-13    0.25                     5.0E10                   2700                     5331.20790982473         3077.9743218431704       2502.294445801098
1.27898                  9.12                     0.10964912280701757      5.270062296918112E-13    5.252725858679675E-13    0.25                     5.0E10                   2700                     5331.20790982473         3077.9743218431704       2502.294445801098
1.27898                  9.14                     0.10940919037199125      5.27080475501352E-13     5.253268056115997E-13    0.25                     5.0E10                   2700                     5331.20790982473         3077.9743218431704       2502.294445801098
1.27898                  9.16                     0.10917030567685589      5.271542270420328E-13    5.253806708791197E-13    0.25                     5.0E10                   2700                     5331.20790982473         3077.9743218431704       2502.294445801098
1.27898                  9.18                     0.10893246187363835      5.272274889055447E-13    5.254341851215279E-13    0.25                     5.0E10                   2700                     5331.20790982473         3077.9743218431704       2502.294445801098
1.27898                  9.2                      0.10869565217391305      5.273002656265755E-13    5.254873517408597E-13    0.25                     5.0E10                   2700                     5331.20790982473         3077.9743218431704       2502.294445801098
1.27898                  9.22                     0.10845986984815618      5.273725616775883E-13    5.255401740900552E-13    0.25                     5.0E10                   2700                     5331.20790982473         3077.9743218431704       2502.294445801098
1.27898                  9.24                     0.10822510822510822      5.27444381438304E-13     5.255926554515034E-13    0.25                     5.0E10                   2700                     5331.20790982473         3077.9743218431704       2502.294445801098
1.27898                  9.26                     0.1079913606911447       5.275157292575555E-13    5.256447990800936E-13    0.25                     5.0E10                   2700                     5331.20790982473         3077.9743218431704       2502.294445801098
1.27898                  9.28                     0.10775862068965518      5.275866093980781E-13    5.256966081642924E-13    0.25                     5.0E10                   2700                     5331.20790982473         3077.9743218431704       2502.294445801098
1.27898                  9.3                      0.10752688172043011      5.276570260805613E-13    5.257480858554104E-13    0.25                     5.0E10                   2700                     5331.20790982473         3077.9743218431704       2502.294445801098
1.27898                  9.32                     0.1072961373390558       5.277269834535636E-13    5.257992352545853E-13    0.25                     5.0E10                   2700                     5331.20790982473         3077.9743218431704       2502.294445801098
1.27898                  9.34                     0.10706638115631692      5.277964855931147E-13    5.258500593999968E-13    0.25                     5.0E10                   2700                     5331.20790982473         3077.9743218431704       2502.294445801098
1.27898                  9.36                     0.10683760683760683      5.278655365487562E-13    5.259005613089954E-13    0.25                     5.0E10                   2700                     5331.20790982473         3077.9743218431704       2502.294445801098
1.27898                  9.379999999999999        0.10660980810234544      5.279341402863404E-13    5.259507439382583E-13    0.25                     5.0E10                   2700                     5331.20790982473         3077.9743218431704       2502.294445801098
1.27898                  9.4                      0.10638297872340426      5.280023007275653E-13    5.260006102026934E-13    0.25                     5.0E10                   2700                     5331.20790982473         3077.9743218431704       2502.294445801098
1.27898                  9.42                     0.10615711252653928      5.280700217479949E-13    5.260501629792822E-13    0.25                     5.0E10                   2700                     5331.20790982473         3077.9743218431704       2502.294445801098
1.27898                  9.44                     0.1059322033898305       5.281373071516467E-13    5.26099405100663E-13     0.25                     5.0E10                   2700                     5331.20790982473         3077.9743218431704       2502.294445801098
1.27898                  9.459999999999999        0.10570824524312897      5.282041606956494E-13    5.261483393482815E-13    0.25                     5.0E10                   2700                     5331.20790982473         3077.9743218431704       2502.294445801098
1.27898                  9.48                     0.10548523206751054      5.282705860780212E-13    5.261969684698383E-13    0.25                     5.0E10                   2700                     5331.20790982473         3077.9743218431704       2502.294445801098
1.27898                  9.5                      0.10526315789473685      5.283365869745594E-13    5.262452951821772E-13    0.25                     5.0E10                   2700                     5331.20790982473         3077.9743218431704       2502.294445801098
1.27898                  9.52                     0.10504201680672269      5.284021669829031E-13    5.262933221504996E-13    0.25                     5.0E10                   2700                     5331.20790982473         3077.9743218431704       2502.294445801098
1.27898                  9.54                     0.10482180293501049      5.284673296578015E-13    5.263410520028311E-13    0.25                     5.0E10                   2700                     5331.20790982473         3077.9743218431704       2502.294445801098
1.27898                  9.56                     0.10460251046025104      5.285320785120517E-13    5.263884873347832E-13    0.25                     5.0E10                   2700                     5331.20790982473         3077.9743218431704       2502.294445801098
1.27898                  9.58                     0.10438413361169102      5.285964170101337E-13    5.264356307018013E-13    0.25                     5.0E10                   2700                     5331.20790982473         3077.9743218431704       2502.294445801098
1.27898                  9.6                      0.10416666666666667      5.286603485694903E-13    5.264824846259754E-13    0.25                     5.0E10                   2700                     5331.20790982473         3077.9743218431704       2502.294445801098
1.27898                  9.62                     0.10395010395010396      5.287238765585254E-13    5.265290515878149E-13    0.25                     5.0E10                   2700                     5331.20790982473         3077.9743218431704       2502.294445801098
1.27898                  9.64                     0.10373443983402489      5.287870043075395E-13    5.265753340383312E-13    0.25                     5.0E10                   2700                     5331.20790982473         3077.9743218431704       2502.294445801098
1.27898                  9.66                     0.10351966873706003      5.288497351008753E-13    5.266213343960658E-13    0.25                     5.0E10                   2700                     5331.20790982473         3077.9743218431704       2502.294445801098
1.27898                  9.68                     0.10330578512396693      5.289120721699137E-13    5.26667055033278E-13     0.25                     5.0E10                   2700                     5331.20790982473         3077.9743218431704       2502.294445801098
1.27898                  9.7                      0.10309278350515465      5.289740187300411E-13    5.267124983104916E-13    0.25                     5.0E10                   2700                     5331.20790982473         3077.9743218431704       2502.294445801098
1.27898                  9.72                     0.102880658436214        5.290355779326255E-13    5.267576665397101E-13    0.25                     5.0E10                   2700                     5331.20790982473         3077.9743218431704       2502.294445801098
1.27898                  9.74                     0.1026694045174538       5.290967528890008E-13    5.268025620019692E-13    0.25                     5.0E10                   2700                     5331.20790982473         3077.9743218431704       2502.294445801098
1.27898                  9.76                     0.10245901639344263      5.29157546696821E-13     5.268471869649698E-13    0.25                     5.0E10                   2700                     5331.20790982473         3077.9743218431704       2502.294445801098
1.27898                  9.78                     0.10224948875255623      5.292179623688182E-13    5.268915436345621E-13    0.25                     5.0E10                   2700                     5331.20790982473         3077.9743218431704       2502.294445801098
1.27898                  9.8                      0.10204081632653059      5.292780029215624E-13    5.269356342151189E-13    0.25                     5.0E10                   2700                     5331.20790982473         3077.9743218431704       2502.294445801098
1.27898                  9.82                     0.10183299389002037      5.29337671318422E-13     5.269794608718737E-13    0.25                     5.0E10                   2700                     5331.20790982473         3077.9743218431704       2502.294445801098
1.27898                  9.84                     0.1016260162601626       5.293969704756063E-13    5.270230257320323E-13    0.25                     5.0E10                   2700                     5331.20790982473         3077.9743218431704       2502.294445801098
1.27898                  9.86                     0.10141987829614604      5.294559033043274E-13    5.270663309188134E-13    0.25                     5.0E10                   2700                     5331.20790982473         3077.9743218431704       2502.294445801098
1.27898                  9.879999999999999        0.10121457489878542      5.295144726425968E-13    5.271093784994723E-13    0.25                     5.0E10                   2700                     5331.20790982473         3077.9743218431704       2502.294445801098
1.27898                  9.9                      0.101010101010101        5.295726813163286E-13    5.271521705335199E-13    0.25                     5.0E10                   2700                     5331.20790982473         3077.9743218431704       2502.294445801098
1.27898                  9.92                     0.10080645161290322      5.296305321096269E-13    5.271947090440037E-13    0.25                     5.0E10                   2700                     5331.20790982473         3077.9743218431704       2502.294445801098
1.27898                  9.94                     0.1006036217303823       5.296880277804438E-13    5.272369960373579E-13    0.25                     5.0E10                   2700                     5331.20790982473         3077.9743218431704       2502.294445801098
1.27898                  9.959999999999999        0.10040160642570282      5.297451710459991E-13    5.272790334853812E-13    0.25                     5.0E10                   2700                     5331.20790982473         3077.9743218431704       2502.294445801098
1.27898                  9.98                     0.1002004008016032       5.298019645956871E-13    5.273208233373757E-13    0.25                     5.0E10                   2700                     5331.20790982473         3077.9743218431704       2502.294445801098
1.27898                  10                       0.1                      5.298150093762129E-13    5.272947401384914E-13    0.25                     5.0E10                   2700                     5331.20790982473         3077.9743218431704       2502.294445801098
