1.80434                  0.1                      10                       5.331202770612191E-13    5.331303400738086E-13    0.25                     5.0E10                   2700                     6332.175332730802        3655.8831329080367       2502.294445801098
1.80434                  0.12000000000000001      8.333333333333332        5.36302820973196E-13     5.363507323271459E-13    0.25                     5.0E10                   2700                     6332.175332730802        3655.8831329080367       2502.294445801098
1.80434                  0.14                     7.1428571428571415       5.341352812865884E-13    5.339609988822821E-13    0.25                     5.0E10                   2700                     6332.175332730802        3655.8831329080367       2502.294445801098
1.80434                  0.16                     6.249999999999999        5.33042618041018E-13     5.3317334052804E-13      0.25                     5.0E10                   2700                     6332.175332730802        3655.8831329080367       2502.294445801098
1.80434                  0.18                     5.555555555555555        5.370299604800271E-13    5.372887055526084E-13    0.25                     5.0E10                   2700                     6332.175332730802        3655.8831329080367       2502.294445801098
1.80434                  0.2                      5                        5.3280620411261E-13      5.331435511193164E-13    0.25                     5.0E10                   2700                     6332.175332730802        3655.8831329080367       2502.294445801098
1.80434                  0.22                     4.545454545454546        5.357062479273087E-13    5.367063181942369E-13    0.25                     5.0E10                   2700                     6332.175332730802        3655.8831329080367       2502.294445801098
1.80434                  0.24000000000000002      4.166666666666666        5.348789887180025E-13    5.363535243704451E-13    0.25                     5.0E10                   2700                     6332.175332730802        3655.8831329080367       2502.294445801098
1.80434                  0.26                     3.846153846153846        5.337885746226656E-13    5.349159691140974E-13    0.25                     5.0E10                   2700                     6332.175332730802        3655.8831329080367       2502.294445801098
1.80434                  0.28                     3.5714285714285707       5.366568303708086E-13    5.371801905514408E-13    0.25                     5.0E10                   2700                     6332.175332730802        3655.8831329080367       2502.294445801098
1.80434                  0.30000000000000004      3.3333333333333326       5.375624441045122E-13    5.364272705828798E-13    0.25                     5.0E10                   2700                     6332.175332730802        3655.8831329080367       2502.294445801098
1.80434                  0.32                     3.1249999999999996       5.370812690379026E-13    5.327724270695447E-13    0.25                     5.0E10                   2700                     6332.175332730802        3655.8831329080367       2502.294445801098
1.80434                  0.33999999999999997      2.9411764705882355       5.444782325375727E-13    5.37677324997592E-13     0.25                     5.0E10                   2700                     6332.175332730802        3655.8831329080367       2502.294445801098
1.80434                  0.36                     2.7777777777777777       5.463128501535991E-13    5.342380516028753E-13    0.25                     5.0E10                   2700                     6332.175332730802        3655.8831329080367       2502.294445801098
1.80434                  0.38                     2.6315789473684212       5.534430594311971E-13    5.348966767026807E-13    0.25                     5.0E10                   2700                     6332.175332730802        3655.8831329080367       2502.294445801098
1.80434                  0.4                      2.5                      5.582574107339649E-13    5.329018721956213E-13    0.25                     5.0E10                   2700                     6332.175332730802        3655.8831329080367       2502.294445801098
1.80434                  0.42000000000000004      2.3809523809523805       5.66309903215948E-13     5.340454010957171E-13    0.25                     5.0E10                   2700                     6332.175332730802        3655.8831329080367       2502.294445801098
1.80434                  0.44000000000000006      2.272727272727273        5.750140730521987E-13    5.385219811794753E-13    0.25                     5.0E10                   2700                     6332.175332730802        3655.8831329080367       2502.294445801098
1.80434                  0.45999999999999996      2.173913043478261        5.825886418570404E-13    5.39390771693658E-13     0.25                     5.0E10                   2700                     6332.175332730802        3655.8831329080367       2502.294445801098
1.80434                  0.48                     2.0833333333333335       5.900716323248787E-13    5.406536440590617E-13    0.25                     5.0E10                   2700                     6332.175332730802        3655.8831329080367       2502.294445801098
1.80434                  0.5                      2                        5.955774241924982E-13    5.422169933509276E-13    0.25                     5.0E10                   2700                     6332.175332730802        3655.8831329080367       2502.294445801098
1.80434                  0.52                     1.923076923076923        6.043876563807859E-13    5.459596592167712E-13    0.25                     5.0E10                   2700                     6332.175332730802        3655.8831329080367       2502.294445801098
1.80434                  0.54                     1.8518518518518516       6.097902069739571E-13    5.458536306363909E-13    0.25                     5.0E10                   2700                     6332.175332730802        3655.8831329080367       2502.294445801098
1.80434                  0.56                     1.7857142857142854       6.196770668292516E-13    5.497249265097916E-13    0.25                     5.0E10                   2700                     6332.175332730802        3655.8831329080367       2502.294445801098
1.80434                  0.58                     1.7241379310344829       6.271072244629431E-13    5.515872541986681E-13    0.25                     5.0E10                   2700                     6332.175332730802        3655.8831329080367       2502.294445801098
1.80434                  0.6                      1.6666666666666667       6.385520618621177E-13    5.576803591040666E-13    0.25                     5.0E10                   2700                     6332.175332730802        3655.8831329080367       2502.294445801098
1.80434                  0.62                     1.6129032258064515       6.482629716285679E-13    5.622031125682089E-13    0.25                     5.0E10                   2700                     6332.175332730802        3655.8831329080367       2502.294445801098
1.80434                  0.64                     1.5624999999999998       6.574541574517043E-13    5.654291477590426E-13    0.25                     5.0E10                   2700                     6332.175332730802        3655.8831329080367       2502.294445801098
1.80434                  0.66                     1.515151515151515        6.537062892450459E-13    5.562973179054677E-13    0.25                     5.0E10                   2700                     6332.175332730802        3655.8831329080367       2502.294445801098
1.80434                  0.6799999999999999       1.4705882352941178       6.642648487551017E-13    5.589126000845355E-13    0.25                     5.0E10                   2700                     6332.175332730802        3655.8831329080367       2502.294445801098
1.80434                  0.7                      1.4285714285714286       6.844379866091201E-13    5.697434788437225E-13    0.25                     5.0E10                   2700                     6332.175332730802        3655.8831329080367       2502.294445801098
1.80434                  0.72                     1.3888888888888888       7.034613120624848E-13    5.794189766923252E-13    0.25                     5.0E10                   2700                     6332.175332730802        3655.8831329080367       2502.294445801098
1.80434                  0.74                     1.3513513513513513       7.239731763163948E-13    5.901094617285797E-13    0.25                     5.0E10                   2700                     6332.175332730802        3655.8831329080367       2502.294445801098
1.80434                  0.76                     1.3157894736842106       7.355830526935124E-13    5.930599003348399E-13    0.25                     5.0E10                   2700                     6332.175332730802        3655.8831329080367       2502.294445801098
1.80434                  0.78                     1.2820512820512822       7.362605981383786E-13    5.870722172554547E-13    0.25                     5.0E10                   2700                     6332.175332730802        3655.8831329080367       2502.294445801098
1.80434                  0.8                      1.25                     7.397884004437273E-13    5.842095071897684E-13    0.25                     5.0E10                   2700                     6332.175332730802        3655.8831329080367       2502.294445801098
1.80434                  0.82                     1.2195121951219514       7.49299988252337E-13     5.873935032775159E-13    0.25                     5.0E10                   2700                     6332.175332730802        3655.8831329080367       2502.294445801098
1.80434                  0.84                     1.1904761904761905       7.55748798963727E-13     5.893609173522671E-13    0.25                     5.0E10                   2700                     6332.175332730802        3655.8831329080367       2502.294445801098
1.80434                  0.86                     1.1627906976744187       7.574690626467627E-13    5.879811576172886E-13    0.25                     5.0E10                   2700                     6332.175332730802        3655.8831329080367       2502.294445801098
1.80434                  0.88                     1.1363636363636365       7.594414480320418E-13    5.868091751409504E-13    0.25                     5.0E10                   2700                     6332.175332730802        3655.8831329080367       2502.294445801098
1.80434                  0.9                      1.1111111111111112       7.645172577792929E-13    5.880157604051603E-13    0.25                     5.0E10                   2700                     6332.175332730802        3655.8831329080367       2502.294445801098
1.80434                  0.92                     1.0869565217391304       7.704386879461857E-13    5.900069220115738E-13    0.25                     5.0E10                   2700                     6332.175332730802        3655.8831329080367       2502.294445801098
1.80434                  0.94                     1.0638297872340425       7.75468456368624E-13     5.917652814550813E-13    0.25                     5.0E10                   2700                     6332.175332730802        3655.8831329080367       2502.294445801098
1.80434                  0.96                     1.0416666666666667       7.816798098859338E-13    5.951348505509948E-13    0.25                     5.0E10                   2700                     6332.175332730802        3655.8831329080367       2502.294445801098
1.80434                  0.98                     1.0204081632653061       7.916063205373098E-13    6.021800208911864E-13    0.25                     5.0E10                   2700                     6332.175332730802        3655.8831329080367       2502.294445801098
1.80434                  1                        1                        8.042679504450465E-13    6.121011009888011E-13    0.25                     5.0E10                   2700                     6332.175332730802        3655.8831329080367       2502.294445801098
1.80434                  1.02                     0.9803921568627452       8.148708921839519E-13    6.21456835441958E-13     0.25                     5.0E10                   2700                     6332.175332730802        3655.8831329080367       2502.294445801098
1.80434                  1.04                     0.9615384615384615       8.173785735167526E-13    6.252381670614564E-13    0.25                     5.0E10                   2700                     6332.175332730802        3655.8831329080367       2502.294445801098
1.80434                  1.06                     0.9433962264150944       8.087975155291396E-13    6.20763688191673E-13     0.25                     5.0E10                   2700                     6332.175332730802        3655.8831329080367       2502.294445801098
1.80434                  1.08                     0.9259259259259258       7.906824183938521E-13    6.088474023899489E-13    0.25                     5.0E10                   2700                     6332.175332730802        3655.8831329080367       2502.294445801098
1.80434                  1.1                      0.909090909090909        7.674131828193512E-13    5.926316159975147E-13    0.25                     5.0E10                   2700                     6332.175332730802        3655.8831329080367       2502.294445801098
1.80434                  1.12                     0.8928571428571427       7.434254088531453E-13    5.755102470860373E-13    0.25                     5.0E10                   2700                     6332.175332730802        3655.8831329080367       2502.294445801098
1.80434                  1.1400000000000001       0.8771929824561403       7.217766252512821E-13    5.599077782325076E-13    0.25                     5.0E10                   2700                     6332.175332730802        3655.8831329080367       2502.294445801098
1.80434                  1.1600000000000001       0.8620689655172412       7.038479436795692E-13    5.471185480749893E-13    0.25                     5.0E10                   2700                     6332.175332730802        3655.8831329080367       2502.294445801098
1.80434                  1.1800000000000002       0.8474576271186439       6.901136618265181E-13    5.377159815784763E-13    0.25                     5.0E10                   2700                     6332.175332730802        3655.8831329080367       2502.294445801098
1.80434                  1.2000000000000002       0.8333333333333331       6.805770290257616E-13    5.31901464141509E-13     0.25                     5.0E10                   2700                     6332.175332730802        3655.8831329080367       2502.294445801098
1.80434                  1.2200000000000002       0.8196721311475409       6.750009208670499E-13    5.296720841323164E-13    0.25                     5.0E10                   2700                     6332.175332730802        3655.8831329080367       2502.294445801098
1.80434                  1.2400000000000002       0.8064516129032256       6.729234334824381E-13    5.308275837911262E-13    0.25                     5.0E10                   2700                     6332.175332730802        3655.8831329080367       2502.294445801098
1.80434                  1.26                     0.7936507936507936       6.737344487323727E-13    5.350278603798184E-13    0.25                     5.0E10                   2700                     6332.175332730802        3655.8831329080367       2502.294445801098
1.80434                  1.28                     0.7812499999999999       6.760456741277343E-13    5.412741672742407E-13    0.25                     5.0E10                   2700                     6332.175332730802        3655.8831329080367       2502.294445801098
1.80434                  1.3                      0.7692307692307692       6.784891121523408E-13    5.485108898922697E-13    0.25                     5.0E10                   2700                     6332.175332730802        3655.8831329080367       2502.294445801098
1.80434                  1.32                     0.7575757575757575       6.794300968436375E-13    5.553904150190095E-13    0.25                     5.0E10                   2700                     6332.175332730802        3655.8831329080367       2502.294445801098
1.80434                  1.34                     0.7462686567164178       6.773628731684889E-13    5.605650221449047E-13    0.25                     5.0E10                   2700                     6332.175332730802        3655.8831329080367       2502.294445801098
1.80434                  1.36                     0.7352941176470588       6.712396331809495E-13    5.629595532704752E-13    0.25                     5.0E10                   2700                     6332.175332730802        3655.8831329080367       2502.294445801098
1.80434                  1.3800000000000001       0.7246376811594203       6.607188151031921E-13    5.620094292643477E-13    0.25                     5.0E10                   2700                     6332.175332730802        3655.8831329080367       2502.294445801098
1.80434                  1.4000000000000001       0.7142857142857142       6.462206807945736E-13    5.577636213989858E-13    0.25                     5.0E10                   2700                     6332.175332730802        3655.8831329080367       2502.294445801098
1.80434                  1.4200000000000002       0.704225352112676        6.287682765636276E-13    5.508130569629103E-13    0.25                     5.0E10                   2700                     6332.175332730802        3655.8831329080367       2502.294445801098
1.80434                  1.4400000000000002       0.6944444444444444       6.097939842763639E-13    5.42118476224774E-13     0.25                     5.0E10                   2700                     6332.175332730802        3655.8831329080367       2502.294445801098
1.80434                  1.4600000000000002       0.6849315068493149       5.904239276020556E-13    5.326425781928799E-13    0.25                     5.0E10                   2700                     6332.175332730802        3655.8831329080367       2502.294445801098
1.80434                  1.4800000000000002       0.6756756756756755       5.718616159096577E-13    5.2333281542017E-13      0.25                     5.0E10                   2700                     6332.175332730802        3655.8831329080367       2502.294445801098
1.80434                  1.5000000000000002       0.6666666666666665       5.54894131519593E-13     5.148990328252494E-13    0.25                     5.0E10                   2700                     6332.175332730802        3655.8831329080367       2502.294445801098
1.80434                  1.52                     0.6578947368421053       5.39972162496043E-13     5.077994515513978E-13    0.25                     5.0E10                   2700                     6332.175332730802        3655.8831329080367       2502.294445801098
1.80434                  1.54                     0.6493506493506493       5.272532258469029E-13    5.022533431093831E-13    0.25                     5.0E10                   2700                     6332.175332730802        3655.8831329080367       2502.294445801098
1.80434                  1.56                     0.6410256410256411       5.166660188127641E-13    4.982782861089634E-13    0.25                     5.0E10                   2700                     6332.175332730802        3655.8831329080367       2502.294445801098
1.80434                  1.58                     0.6329113924050632       5.079751771963846E-13    4.957343305991357E-13    0.25                     5.0E10                   2700                     6332.175332730802        3655.8831329080367       2502.294445801098
1.80434                  1.6                      0.625                    5.008378562751362E-13    4.943666245247924E-13    0.25                     5.0E10                   2700                     6332.175332730802        3655.8831329080367       2502.294445801098
1.80434                  1.62                     0.6172839506172839       4.948521144215326E-13    4.938450050600812E-13    0.25                     5.0E10                   2700                     6332.175332730802        3655.8831329080367       2502.294445801098
1.80434                  1.6400000000000001       0.6097560975609756       4.895963174646019E-13    4.937995548632275E-13    0.25                     5.0E10                   2700                     6332.175332730802        3655.8831329080367       2502.294445801098
1.80434                  1.6600000000000001       0.6024096385542168       4.846649050688663E-13    4.938552143247361E-13    0.25                     5.0E10                   2700                     6332.175332730802        3655.8831329080367       2502.294445801098
1.80434                  1.6800000000000002       0.5952380952380951       4.797818657259376E-13    4.937539051653232E-13    0.25                     5.0E10                   2700                     6332.175332730802        3655.8831329080367       2502.294445801098
1.80434                  1.7000000000000002       0.588235294117647        4.744837806842724E-13    4.930157985067849E-13    0.25                     5.0E10                   2700                     6332.175332730802        3655.8831329080367       2502.294445801098
1.80434                  1.7200000000000002       0.5813953488372092       4.686561883222332E-13    4.915160678047166E-13    0.25                     5.0E10                   2700                     6332.175332730802        3655.8831329080367       2502.294445801098
1.80434                  1.7400000000000002       0.5747126436781609       4.621907677110813E-13    4.89126179113441E-13     0.25                     5.0E10                   2700                     6332.175332730802        3655.8831329080367       2502.294445801098
1.80434                  1.7600000000000002       0.5681818181818182       4.550694829250059E-13    4.858083488109853E-13    0.25                     5.0E10                   2700                     6332.175332730802        3655.8831329080367       2502.294445801098
1.80434                  1.78                     0.5617977528089887       4.473526910091294E-13    4.816073186760692E-13    0.25                     5.0E10                   2700                     6332.175332730802        3655.8831329080367       2502.294445801098
1.80434                  1.8                      0.5555555555555556       4.391597031201647E-13    4.766345980938816E-13    0.25                     5.0E10                   2700                     6332.175332730802        3655.8831329080367       2502.294445801098
1.80434                  1.82                     0.5494505494505494       4.3064783222412745E-13   4.710480948887109E-13    0.25                     5.0E10                   2700                     6332.175332730802        3655.8831329080367       2502.294445801098
1.80434                  1.84                     0.5434782608695652       4.219914125924761E-13    4.6503105971746E-13      0.25                     5.0E10                   2700                     6332.175332730802        3655.8831329080367       2502.294445801098
1.80434                  1.86                     0.5376344086021505       4.1336409842280584E-13   4.587731412386354E-13    0.25                     5.0E10                   2700                     6332.175332730802        3655.8831329080367       2502.294445801098
1.80434                  1.8800000000000001       0.5319148936170213       4.049257048420795E-13    4.5245541725755423E-13   0.25                     5.0E10                   2700                     6332.175332730802        3655.8831329080367       2502.294445801098
1.80434                  1.9000000000000001       0.5263157894736842       3.9681387490583896E-13   4.462400920885597E-13    0.25                     5.0E10                   2700                     6332.175332730802        3655.8831329080367       2502.294445801098
1.80434                  1.9200000000000002       0.5208333333333333       3.8914005287304467E-13   4.4026463876698694E-13   0.25                     5.0E10                   2700                     6332.175332730802        3655.8831329080367       2502.294445801098
1.80434                  1.9400000000000002       0.5154639175257731       3.819888149661461E-13    4.346396120729837E-13    0.25                     5.0E10                   2700                     6332.175332730802        3655.8831329080367       2502.294445801098
1.80434                  1.9600000000000002       0.5102040816326531       3.7541934145978135E-13   4.2944908563250056E-13   0.25                     5.0E10                   2700                     6332.175332730802        3655.8831329080367       2502.294445801098
1.80434                  1.9800000000000002       0.505050505050505        3.6946903058588397E-13   4.247530934870234E-13    0.25                     5.0E10                   2700                     6332.175332730802        3655.8831329080367       2502.294445801098
1.80434                  2                        0.5                      3.6417122830968645E-13   4.2059657205426866E-13   0.25                     5.0E10                   2700                     6332.175332730802        3655.8831329080367       2502.294445801098
1.80434                  2.02                     0.4950495049504951       3.594979774614332E-13    4.1698803414780574E-13   0.25                     5.0E10                   2700                     6332.175332730802        3655.8831329080367       2502.294445801098
1.80434                  2.04                     0.4901960784313726       3.5545723365403177E-13   4.1394107793153477E-13   0.25                     5.0E10                   2700                     6332.175332730802        3655.8831329080367       2502.294445801098
1.80434                  2.06                     0.48543689320388345      3.520320159237782E-13    4.114515811573515E-13    0.25                     5.0E10                   2700                     6332.175332730802        3655.8831329080367       2502.294445801098
1.80434                  2.08                     0.4807692307692307       3.4919915101935256E-13   4.0950697545045054E-13   0.25                     5.0E10                   2700                     6332.175332730802        3655.8831329080367       2502.294445801098
1.80434                  2.1                      0.47619047619047616      3.46931282250156E-13     4.080884905964448E-13    0.25                     5.0E10                   2700                     6332.175332730802        3655.8831329080367       2502.294445801098
1.80434                  2.12                     0.4716981132075472       3.451984425095476E-13    4.071729751938492E-13    0.25                     5.0E10                   2700                     6332.175332730802        3655.8831329080367       2502.294445801098
1.80434                  2.14                     0.46728971962616817      3.4396925134214625E-13   4.067343365854314E-13    0.25                     5.0E10                   2700                     6332.175332730802        3655.8831329080367       2502.294445801098
1.80434                  2.16                     0.4629629629629629       3.4321179994280184E-13   4.0674465359181966E-13   0.25                     5.0E10                   2700                     6332.175332730802        3655.8831329080367       2502.294445801098
1.80434                  2.18                     0.4587155963302752       3.4289428460411597E-13   4.0717501694649503E-13   0.25                     5.0E10                   2700                     6332.175332730802        3655.8831329080367       2502.294445801098
1.80434                  2.2                      0.4545454545454545       3.429853204930625E-13    4.079960742591323E-13    0.25                     5.0E10                   2700                     6332.175332730802        3655.8831329080367       2502.294445801098
1.80434                  2.22                     0.45045045045045035      3.4345470942189566E-13   4.091787685995596E-13    0.25                     5.0E10                   2700                     6332.175332730802        3655.8831329080367       2502.294445801098
1.80434                  2.24                     0.44642857142857134      3.4427288397883244E-13   4.106942050750307E-13    0.25                     5.0E10                   2700                     6332.175332730802        3655.8831329080367       2502.294445801098
1.80434                  2.2600000000000002       0.44247787610619466      3.454114694837814E-13    4.125141401729823E-13    0.25                     5.0E10                   2700                     6332.175332730802        3655.8831329080367       2502.294445801098
1.80434                  2.2800000000000002       0.43859649122807015      3.468431861481696E-13    4.1461102995299476E-13   0.25                     5.0E10                   2700                     6332.175332730802        3655.8831329080367       2502.294445801098
1.80434                  2.3000000000000003       0.43478260869565216      3.485418275785824E-13    4.1695809071061373E-13   0.25                     5.0E10                   2700                     6332.175332730802        3655.8831329080367       2502.294445801098
1.80434                  2.3200000000000003       0.4310344827586206       3.504822111669419E-13    4.195293173482149E-13    0.25                     5.0E10                   2700                     6332.175332730802        3655.8831329080367       2502.294445801098
1.80434                  2.3400000000000003       0.4273504273504273       3.5264011163254085E-13   4.222994728432899E-13    0.25                     5.0E10                   2700                     6332.175332730802        3655.8831329080367       2502.294445801098
1.80434                  2.3600000000000003       0.42372881355932196      3.549921864465027E-13    4.2524405950806696E-13   0.25                     5.0E10                   2700                     6332.175332730802        3655.8831329080367       2502.294445801098
1.80434                  2.3800000000000003       0.4201680672268907       3.5751589982968337E-13   4.2833928053269533E-13   0.25                     5.0E10                   2700                     6332.175332730802        3655.8831329080367       2502.294445801098
1.80434                  2.4000000000000004       0.4166666666666666       3.6018945048095003E-13   4.3156199857146996E-13   0.25                     5.0E10                   2700                     6332.175332730802        3655.8831329080367       2502.294445801098
1.80434                  2.42                     0.4132231404958677       3.6299170689393267E-13   4.3488969666119765E-13   0.25                     5.0E10                   2700                     6332.175332730802        3655.8831329080367       2502.294445801098
1.80434                  2.44                     0.4098360655737705       3.6590215314765943E-13   4.383004455784311E-13    0.25                     5.0E10                   2700                     6332.175332730802        3655.8831329080367       2502.294445801098
1.80434                  2.46                     0.4065040650406504       3.6890084718495525E-13   4.417728806934176E-13    0.25                     5.0E10                   2700                     6332.175332730802        3655.8831329080367       2502.294445801098
1.80434                  2.48                     0.4032258064516129       3.7196839286428254E-13   4.4528619048314684E-13   0.25                     5.0E10                   2700                     6332.175332730802        3655.8831329080367       2502.294445801098
1.80434                  2.5                      0.4                      3.753729001125673E-13    4.490715511427434E-13    0.25                     5.0E10                   2700                     6332.175332730802        3655.8831329080367       2502.294445801098
1.80434                  2.52                     0.3968253968253968       3.7851520435288014E-13   4.525989489561233E-13    0.25                     5.0E10                   2700                     6332.175332730802        3655.8831329080367       2502.294445801098
1.80434                  2.54                     0.39370078740157477      3.816703984985421E-13    4.561071543264716E-13    0.25                     5.0E10                   2700                     6332.175332730802        3655.8831329080367       2502.294445801098
1.80434                  2.56                     0.39062499999999994      3.848212265139989E-13    4.595776623674553E-13    0.25                     5.0E10                   2700                     6332.175332730802        3655.8831329080367       2502.294445801098
1.80434                  2.58                     0.38759689922480617      3.879511744276108E-13    4.62992800144518E-13     0.25                     5.0E10                   2700                     6332.175332730802        3655.8831329080367       2502.294445801098
1.80434                  2.6                      0.3846153846153846       3.910444053116309E-13    4.663356621975379E-13    0.25                     5.0E10                   2700                     6332.175332730802        3655.8831329080367       2502.294445801098
1.80434                  2.62                     0.3816793893129771       3.940858162055771E-13    4.695901799425926E-13    0.25                     5.0E10                   2700                     6332.175332730802        3655.8831329080367       2502.294445801098
1.80434                  2.64                     0.37878787878787873      3.9706110059870045E-13   4.727411961503206E-13    0.25                     5.0E10                   2700                     6332.175332730802        3655.8831329080367       2502.294445801098
1.80434                  2.66                     0.37593984962406013      3.999568140593074E-13    4.757745418649689E-13    0.25                     5.0E10                   2700                     6332.175332730802        3655.8831329080367       2502.294445801098
1.80434                  2.68                     0.3731343283582089       4.0276044049368946E-13   4.786771130116938E-13    0.25                     5.0E10                   2700                     6332.175332730802        3655.8831329080367       2502.294445801098
1.80434                  2.7                      0.37037037037037035      4.0546045649083707E-13   4.814369438841563E-13    0.25                     5.0E10                   2700                     6332.175332730802        3655.8831329080367       2502.294445801098
1.80434                  2.72                     0.3676470588235294       4.080463913246649E-13    4.840432748288022E-13    0.25                     5.0E10                   2700                     6332.175332730802        3655.8831329080367       2502.294445801098
1.80434                  2.74                     0.36496350364963503      4.105088803214824E-13    4.86486611600015E-13     0.25                     5.0E10                   2700                     6332.175332730802        3655.8831329080367       2502.294445801098
1.80434                  2.7600000000000002       0.36231884057971014      4.12839709547697E-13     4.887587741345955E-13    0.25                     5.0E10                   2700                     6332.175332730802        3655.8831329080367       2502.294445801098
1.80434                  2.7800000000000002       0.35971223021582727      4.1503185004584916E-13   4.908529328429156E-13    0.25                     5.0E10                   2700                     6332.175332730802        3655.8831329080367       2502.294445801098
1.80434                  2.8000000000000003       0.3571428571428571       4.1707948031615204E-13   4.927636309727536E-13    0.25                     5.0E10                   2700                     6332.175332730802        3655.8831329080367       2502.294445801098
1.80434                  2.8200000000000003       0.35460992907801414      4.189779959735881E-13    4.944867919821285E-13    0.25                     5.0E10                   2700                     6332.175332730802        3655.8831329080367       2502.294445801098
1.80434                  2.8400000000000003       0.352112676056338        4.2072400607403413E-13   4.96019711419566E-13     0.25                     5.0E10                   2700                     6332.175332730802        3655.8831329080367       2502.294445801098
1.80434                  2.8600000000000003       0.3496503496503496       4.2231531596603155E-13   4.973610332507116E-13    0.25                     5.0E10                   2700                     6332.175332730802        3655.8831329080367       2502.294445801098
1.80434                  2.8800000000000003       0.3472222222222222       4.237508969307968E-13    4.985107110506808E-13    0.25                     5.0E10                   2700                     6332.175332730802        3655.8831329080367       2502.294445801098
1.80434                  2.9000000000000004       0.3448275862068965       4.2503084327722603E-13   4.994699549143276E-13    0.25                     5.0E10                   2700                     6332.175332730802        3655.8831329080367       2502.294445801098
1.80434                  2.92                     0.34246575342465757      4.2615638649134297E-13   5.002411926506126E-13    0.25                     5.0E10                   2700                     6332.175332730802        3655.8831329080367       2502.294445801098
1.80434                  2.94                     0.3401360544217687       4.271295609180881E-13    5.008278860543095E-13    0.25                     5.0E10                   2700                     6332.175332730802        3655.8831329080367       2502.294445801098
1.80434                  2.96                     0.33783783783783783      4.279535269929793E-13    5.012345974042144E-13    0.25                     5.0E10                   2700                     6332.175332730802        3655.8831329080367       2502.294445801098
1.80434                  2.98                     0.3355704697986577       4.2863223133232985E-13   5.014667953631617E-13    0.25                     5.0E10                   2700                     6332.175332730802        3655.8831329080367       2502.294445801098
1.80434                  3                        0.3333333333333333       4.2917038410012865E-13   5.01530777806348E-13     0.25                     5.0E10                   2700                     6332.175332730802        3655.8831329080367       2502.294445801098
1.80434                  3.02                     0.33112582781456956      4.2957336929552504E-13   5.014335671823646E-13    0.25                     5.0E10                   2700                     6332.175332730802        3655.8831329080367       2502.294445801098
1.80434                  3.04                     0.32894736842105265      4.2984715313251127E-13   5.011828041664891E-13    0.25                     5.0E10                   2700                     6332.175332730802        3655.8831329080367       2502.294445801098
1.80434                  3.06                     0.32679738562091504      4.29998192132151E-13     5.0078664148767E-13      0.25                     5.0E10                   2700                     6332.175332730802        3655.8831329080367       2502.294445801098
1.80434                  3.08                     0.3246753246753247       4.300333424706995E-13    5.002536396385041E-13    0.25                     5.0E10                   2700                     6332.175332730802        3655.8831329080367       2502.294445801098
1.80434                  3.1                      0.32258064516129037      4.2995977191396926E-13   4.995926660234365E-13    0.25                     5.0E10                   2700                     6332.175332730802        3655.8831329080367       2502.294445801098
1.80434                  3.12                     0.32051282051282054      4.297848755012094E-13    4.988127988266382E-13    0.25                     5.0E10                   2700                     6332.175332730802        3655.8831329080367       2502.294445801098
1.80434                  3.14                     0.3184713375796178       4.295161959747401E-13    4.979232367040376E-13    0.25                     5.0E10                   2700                     6332.175332730802        3655.8831329080367       2502.294445801098
1.80434                  3.16                     0.3164556962025316       4.291613497000383E-13    4.969332151194809E-13    0.25                     5.0E10                   2700                     6332.175332730802        3655.8831329080367       2502.294445801098
1.80434                  3.18                     0.31446540880503143      4.2872795866475737E-13   4.958519299550786E-13    0.25                     5.0E10                   2700                     6332.175332730802        3655.8831329080367       2502.294445801098
1.80434                  3.2                      0.3125                   4.2822358893922825E-13   4.946884687794826E-13    0.25                     5.0E10                   2700                     6332.175332730802        3655.8831329080367       2502.294445801098
1.80434                  3.22                     0.31055900621118004      4.2765569580494394E-13   4.93451749980597E-13     0.25                     5.0E10                   2700                     6332.175332730802        3655.8831329080367       2502.294445801098
1.80434                  3.24                     0.30864197530864196      4.270315756050383E-13    4.921504697620007E-13    0.25                     5.0E10                   2700                     6332.175332730802        3655.8831329080367       2502.294445801098
1.80434                  3.2600000000000002       0.3067484662576687       4.263583242365656E-13    4.907930568810008E-13    0.25                     5.0E10                   2700                     6332.175332730802        3655.8831329080367       2502.294445801098
1.80434                  3.2800000000000002       0.3048780487804878       4.2564280209290114E-13   4.893876348578863E-13    0.25                     5.0E10                   2700                     6332.175332730802        3655.8831329080367       2502.294445801098
1.80434                  3.3000000000000003       0.30303030303030304      4.2489160515703757E-13   4.87941991290765E-13     0.25                     5.0E10                   2700                     6332.175332730802        3655.8831329080367       2502.294445801098
1.80434                  3.3200000000000003       0.3012048192771084       4.24111041888111E-13     4.864635538079195E-13    0.25                     5.0E10                   2700                     6332.175332730802        3655.8831329080367       2502.294445801098
1.80434                  3.3400000000000003       0.29940119760479045      4.233011068001094E-13    4.84955819619277E-13     0.25                     5.0E10                   2700                     6332.175332730802        3655.8831329080367       2502.294445801098
1.80434                  3.3600000000000003       0.29761904761904756      4.2247905740974225E-13   4.834315464412748E-13    0.25                     5.0E10                   2700                     6332.175332730802        3655.8831329080367       2502.294445801098
1.80434                  3.3800000000000003       0.29585798816568043      4.216446814257943E-13    4.818944461398361E-13    0.25                     5.0E10                   2700                     6332.175332730802        3655.8831329080367       2502.294445801098
1.80434                  3.4000000000000004       0.2941176470588235       4.208030110091809E-13    4.803503864356591E-13    0.25                     5.0E10                   2700                     6332.175332730802        3655.8831329080367       2502.294445801098
1.80434                  3.4200000000000004       0.29239766081871343      4.1995874655336356E-13   4.788048358585608E-13    0.25                     5.0E10                   2700                     6332.175332730802        3655.8831329080367       2502.294445801098
1.80434                  3.44                     0.29069767441860467      4.1911625882433187E-13   4.772628682252725E-13    0.25                     5.0E10                   2700                     6332.175332730802        3655.8831329080367       2502.294445801098
1.80434                  3.46                     0.2890173410404624       4.1827959369718426E-13   4.757291700259372E-13    0.25                     5.0E10                   2700                     6332.175332730802        3655.8831329080367       2502.294445801098
1.80434                  3.48                     0.28735632183908044      4.17452479127879E-13     4.742080502200858E-13    0.25                     5.0E10                   2700                     6332.175332730802        3655.8831329080367       2502.294445801098
1.80434                  3.5                      0.2857142857142857       4.166383339328464E-13    4.72703451998633E-13     0.25                     5.0E10                   2700                     6332.175332730802        3655.8831329080367       2502.294445801098
1.80434                  3.52                     0.2840909090909091       4.1584041004617564E-13   4.712190636906443E-13    0.25                     5.0E10                   2700                     6332.175332730802        3655.8831329080367       2502.294445801098
1.80434                  3.54                     0.2824858757062147       4.1506127920387503E-13   4.697579452656711E-13    0.25                     5.0E10                   2700                     6332.175332730802        3655.8831329080367       2502.294445801098
1.80434                  3.56                     0.28089887640449435      4.143036275684292E-13    4.683231225499802E-13    0.25                     5.0E10                   2700                     6332.175332730802        3655.8831329080367       2502.294445801098
1.80434                  3.58                     0.2793296089385475       4.1356975026516897E-13   4.669172195189039E-13    0.25                     5.0E10                   2700                     6332.175332730802        3655.8831329080367       2502.294445801098
1.80434                  3.6                      0.2777777777777778       4.128616935128005E-13    4.655425700746913E-13    0.25                     5.0E10                   2700                     6332.175332730802        3655.8831329080367       2502.294445801098
1.80434                  3.62                     0.27624309392265195      4.121812681581939E-13    4.642012345639775E-13    0.25                     5.0E10                   2700                     6332.175332730802        3655.8831329080367       2502.294445801098
1.80434                  3.64                     0.2747252747252747       4.1153006325598285E-13   4.628950162250114E-13    0.25                     5.0E10                   2700                     6332.175332730802        3655.8831329080367       2502.294445801098
1.80434                  3.66                     0.27322404371584696      4.109094595561388E-13    4.616254774543616E-13    0.25                     5.0E10                   2700                     6332.175332730802        3655.8831329080367       2502.294445801098
1.80434                  3.68                     0.2717391304347826       4.1032064279549545E-13   4.603939557518198E-13    0.25                     5.0E10                   2700                     6332.175332730802        3655.8831329080367       2502.294445801098
1.80434                  3.7                      0.2702702702702703       4.09764616671153E-13     4.592015792149171E-13    0.25                     5.0E10                   2700                     6332.175332730802        3655.8831329080367       2502.294445801098
1.80434                  3.72                     0.26881720430107525      4.0924221546123697E-13   4.580492815528212E-13    0.25                     5.0E10                   2700                     6332.175332730802        3655.8831329080367       2502.294445801098
1.80434                  3.74                     0.267379679144385        4.087541161988706E-13    4.569378165309416E-13    0.25                     5.0E10                   2700                     6332.175332730802        3655.8831329080367       2502.294445801098
1.80434                  3.7600000000000002       0.26595744680851063      4.083008503711904E-13    4.558677717816349E-13    0.25                     5.0E10                   2700                     6332.175332730802        3655.8831329080367       2502.294445801098
1.80434                  3.7800000000000002       0.26455026455026454      4.078828151104005E-13    4.548395819974898E-13    0.25                     5.0E10                   2700                     6332.175332730802        3655.8831329080367       2502.294445801098
1.80434                  3.8000000000000003       0.2631578947368421       4.0750028385470056E-13   4.538535414482678E-13    0.25                     5.0E10                   2700                     6332.175332730802        3655.8831329080367       2502.294445801098
1.80434                  3.8200000000000003       0.26178010471204183      4.0715341646510787E-13   4.5290981583036024E-13   0.25                     5.0E10                   2700                     6332.175332730802        3655.8831329080367       2502.294445801098
1.80434                  3.8400000000000003       0.26041666666666663      4.068422688003323E-13    4.5200845344918955E-13   0.25                     5.0E10                   2700                     6332.175332730802        3655.8831329080367       2502.294445801098
1.80434                  3.8600000000000003       0.25906735751295334      4.065668017410494E-13    4.5114939572958367E-13   0.25                     5.0E10                   2700                     6332.175332730802        3655.8831329080367       2502.294445801098
1.80434                  3.8800000000000003       0.25773195876288657      4.063268896795284E-13    4.5033248708256266E-13   0.25                     5.0E10                   2700                     6332.175332730802        3655.8831329080367       2502.294445801098
1.80434                  3.9000000000000004       0.2564102564102564       4.061223284920894E-13    4.4955748413842465E-13   0.25                     5.0E10                   2700                     6332.175332730802        3655.8831329080367       2502.294445801098
1.80434                  3.9200000000000004       0.25510204081632654      4.059528429859806E-13    4.488240643564214E-13    0.25                     5.0E10                   2700                     6332.175332730802        3655.8831329080367       2502.294445801098
1.80434                  3.94                     0.25380710659898476      4.058180938659019E-13    4.4813183405642447E-13   0.25                     5.0E10                   2700                     6332.175332730802        3655.8831329080367       2502.294445801098
1.80434                  3.96                     0.2525252525252525       4.057176842247315E-13    4.474803358789047E-13    0.25                     5.0E10                   2700                     6332.175332730802        3655.8831329080367       2502.294445801098
1.80434                  3.98                     0.25125628140703515      4.05651165572585E-13     4.4686905570179857E-13   0.25                     5.0E10                   2700                     6332.175332730802        3655.8831329080367       2502.294445801098
1.80434                  4                        0.25                     4.0561804345062375E-13   4.462974290569983E-13    0.25                     5.0E10                   2700                     6332.175332730802        3655.8831329080367       2502.294445801098
1.80434                  4.02                     0.24875621890547264      4.0561778262292244E-13   4.4576484705594766E-13   0.25                     5.0E10                   2700                     6332.175332730802        3655.8831329080367       2502.294445801098
1.80434                  4.04                     0.24752475247524755      4.056498118826681E-13    4.452706618549575E-13    0.25                     5.0E10                   2700                     6332.175332730802        3655.8831329080367       2502.294445801098
1.80434                  4.06                     0.24630541871921185      4.057135284991204E-13    4.448141917019658E-13    0.25                     5.0E10                   2700                     6332.175332730802        3655.8831329080367       2502.294445801098
1.80434                  4.08                     0.2450980392156863       4.0580830231921915E-13   4.443947255654084E-13    0.25                     5.0E10                   2700                     6332.175332730802        3655.8831329080367       2502.294445801098
1.80434                  4.1                      0.24390243902439027      4.059334795402416E-13    4.440115273958992E-13    0.25                     5.0E10                   2700                     6332.175332730802        3655.8831329080367       2502.294445801098
1.80434                  4.12                     0.24271844660194172      4.060883861943512E-13    4.4366384003887846E-13   0.25                     5.0E10                   2700                     6332.175332730802        3655.8831329080367       2502.294445801098
1.80434                  4.14                     0.2415458937198068       4.062723313363245E-13    4.4335088880507086E-13   0.25                     5.0E10                   2700                     6332.175332730802        3655.8831329080367       2502.294445801098
1.80434                  4.16                     0.24038461538461536      4.064846099802797E-13    4.430718847438895E-13    0.25                     5.0E10                   2700                     6332.175332730802        3655.8831329080367       2502.294445801098
1.80434                  4.18                     0.2392344497607656       4.0672450578328953E-13   4.4282602763590283E-13   0.25                     5.0E10                   2700                     6332.175332730802        3655.8831329080367       2502.294445801098
1.80434                  4.199999999999999        0.23809523809523814      4.069912935064851E-13    4.426125087077091E-13    0.25                     5.0E10                   2700                     6332.175332730802        3655.8831329080367       2502.294445801098
1.80434                  4.22                     0.23696682464454977      4.0728424126193097E-13   4.424305131229494E-13    0.25                     5.0E10                   2700                     6332.175332730802        3655.8831329080367       2502.294445801098
1.80434                  4.239999999999999        0.23584905660377362      4.076026125660188E-13    4.422792222222803E-13    0.25                     5.0E10                   2700                     6332.175332730802        3655.8831329080367       2502.294445801098
1.80434                  4.26                     0.2347417840375587       4.0794566820829476E-13   4.4215781558411626E-13   0.25                     5.0E10                   2700                     6332.175332730802        3655.8831329080367       2502.294445801098
1.80434                  4.279999999999999        0.23364485981308417      4.083126679484054E-13    4.4206547285357543E-13   0.25                     5.0E10                   2700                     6332.175332730802        3655.8831329080367       2502.294445801098
1.80434                  4.3                      0.23255813953488372      4.087028720718386E-13    4.4200137544234894E-13   0.25                     5.0E10                   2700                     6332.175332730802        3655.8831329080367       2502.294445801098
1.80434                  4.319999999999999        0.23148148148148148      4.0911554278460316E-13   4.4196470801109873E-13   0.25                     5.0E10                   2700                     6332.175332730802        3655.8831329080367       2502.294445801098
1.80434                  4.34                     0.2304147465437788       4.095499454849165E-13    4.419546598451401E-13    0.25                     5.0E10                   2700                     6332.175332730802        3655.8831329080367       2502.294445801098
1.80434                  4.359999999999999        0.22935779816513763      4.1000534991506856E-13   4.419704260735841E-13    0.25                     5.0E10                   2700                     6332.175332730802        3655.8831329080367       2502.294445801098
1.80434                  4.38                     0.228310502283105        4.104813015966765E-13    4.4201142812743097E-13   0.25                     5.0E10                   2700                     6332.175332730802        3655.8831329080367       2502.294445801098
1.80434                  4.3999999999999995       0.22727272727272732      4.1097654468066397E-13   4.420764405392502E-13    0.25                     5.0E10                   2700                     6332.175332730802        3655.8831329080367       2502.294445801098
1.80434                  4.42                     0.22624434389140272      4.114906346023359E-13    4.421648980964494E-13    0.25                     5.0E10                   2700                     6332.175332730802        3655.8831329080367       2502.294445801098
1.80434                  4.4399999999999995       0.22522522522522526      4.1202286782080014E-13   4.422760290782602E-13    0.25                     5.0E10                   2700                     6332.175332730802        3655.8831329080367       2502.294445801098
1.80434                  4.46                     0.2242152466367713       4.1257254935748593E-13   4.4240907198541033E-13   0.25                     5.0E10                   2700                     6332.175332730802        3655.8831329080367       2502.294445801098
1.80434                  4.4799999999999995       0.2232142857142857       4.131389933803498E-13    4.425632761398271E-13    0.25                     5.0E10                   2700                     6332.175332730802        3655.8831329080367       2502.294445801098
1.80434                  4.5                      0.22222222222222224      4.137215237411338E-13    4.427379021974226E-13    0.25                     5.0E10                   2700                     6332.175332730802        3655.8831329080367       2502.294445801098
1.80434                  4.52                     0.22123893805309736      4.1431947442276515E-13   4.429322226034691E-13    0.25                     5.0E10                   2700                     6332.175332730802        3655.8831329080367       2502.294445801098
1.80434                  4.54                     0.22026431718061676      4.149321899564123E-13    4.4314552198000764E-13   0.25                     5.0E10                   2700                     6332.175332730802        3655.8831329080367       2502.294445801098
1.80434                  4.56                     0.21929824561403513      4.155590257609915E-13    4.4337709745710606E-13   0.25                     5.0E10                   2700                     6332.175332730802        3655.8831329080367       2502.294445801098
1.80434                  4.58                     0.21834061135371177      4.1619934846147113E-13   4.4362625894776723E-13   0.25                     5.0E10                   2700                     6332.175332730802        3655.8831329080367       2502.294445801098
1.80434                  4.6                      0.2173913043478261       4.168525361325284E-13    4.4389232937414953E-13   0.25                     5.0E10                   2700                     6332.175332730802        3655.8831329080367       2502.294445801098
1.80434                  4.62                     0.21645021645021645      4.175179785265872E-13    4.441746448646043E-13    0.25                     5.0E10                   2700                     6332.175332730802        3655.8831329080367       2502.294445801098
1.80434                  4.64                     0.21551724137931036      4.1819507725221274E-13   4.4447255488732837E-13   0.25                     5.0E10                   2700                     6332.175332730802        3655.8831329080367       2502.294445801098
1.80434                  4.66                     0.2145922746781116       4.188832459198442E-13    4.4478542236660044E-13   0.25                     5.0E10                   2700                     6332.175332730802        3655.8831329080367       2502.294445801098
1.80434                  4.68                     0.21367521367521367      4.195819102506722E-13    4.4511262374716843E-13   0.25                     5.0E10                   2700                     6332.175332730802        3655.8831329080367       2502.294445801098
1.80434                  4.7                      0.2127659574468085       4.2029050817910107E-13   4.454535490613924E-13    0.25                     5.0E10                   2700                     6332.175332730802        3655.8831329080367       2502.294445801098
1.80434                  4.72                     0.211864406779661        4.2100848989761034E-13   4.4580760192768673E-13   0.25                     5.0E10                   2700                     6332.175332730802        3655.8831329080367       2502.294445801098
1.80434                  4.739999999999999        0.21097046413502113      4.2173531790541805E-13   4.4617419956039547E-13   0.25                     5.0E10                   2700                     6332.175332730802        3655.8831329080367       2502.294445801098
1.80434                  4.76                     0.21008403361344538      4.224704670113702E-13    4.465527727230876E-13    0.25                     5.0E10                   2700                     6332.175332730802        3655.8831329080367       2502.294445801098
1.80434                  4.779999999999999        0.20920502092050208      4.232134243332666E-13    4.469427656954957E-13    0.25                     5.0E10                   2700                     6332.175332730802        3655.8831329080367       2502.294445801098
1.80434                  4.8                      0.20833333333333334      4.2396368928246926E-13   4.473436362053401E-13    0.25                     5.0E10                   2700                     6332.175332730802        3655.8831329080367       2502.294445801098
1.80434                  4.819999999999999        0.2074688796680498       4.2472077350538896E-13   4.477548553337461E-13    0.25                     5.0E10                   2700                     6332.175332730802        3655.8831329080367       2502.294445801098
1.80434                  4.84                     0.20661157024793386      4.254842008434009E-13    4.4817590742665596E-13   0.25                     5.0E10                   2700                     6332.175332730802        3655.8831329080367       2502.294445801098
1.80434                  4.859999999999999        0.20576131687242802      4.262535072562994E-13    4.486062899775406E-13    0.25                     5.0E10                   2700                     6332.175332730802        3655.8831329080367       2502.294445801098
1.80434                  4.88                     0.20491803278688525      4.27028240744339E-13     4.490455135069034E-13    0.25                     5.0E10                   2700                     6332.175332730802        3655.8831329080367       2502.294445801098
1.80434                  4.8999999999999995       0.20408163265306126      4.278079612461955E-13    4.4949310142521933E-13   0.25                     5.0E10                   2700                     6332.175332730802        3655.8831329080367       2502.294445801098
1.80434                  4.92                     0.2032520325203252       4.2859224053978523E-13   4.4994858988345733E-13   0.25                     5.0E10                   2700                     6332.175332730802        3655.8831329080367       2502.294445801098
1.80434                  4.9399999999999995       0.20242914979757085      4.2938066212850464E-13   4.504115276349894E-13    0.25                     5.0E10                   2700                     6332.175332730802        3655.8831329080367       2502.294445801098
1.80434                  4.96                     0.20161290322580644      4.3017282112103263E-13   4.508814758525813E-13    0.25                     5.0E10                   2700                     6332.175332730802        3655.8831329080367       2502.294445801098
1.80434                  4.9799999999999995       0.20080321285140565      4.3096832409979765E-13   4.5135800798208356E-13   0.25                     5.0E10                   2700                     6332.175332730802        3655.8831329080367       2502.294445801098
1.80434                  5                        0.2                      4.318533553760622E-13    4.5195520108055964E-13   0.25                     5.0E10                   2700                     6332.175332730802        3655.8831329080367       2502.294445801098
1.80434                  5.02                     0.19920318725099603      4.3265490916605575E-13   4.5244414551988147E-13   0.25                     5.0E10                   2700                     6332.175332730802        3655.8831329080367       2502.294445801098
1.80434                  5.04                     0.1984126984126984       4.3345862609735153E-13   4.529383889214601E-13    0.25                     5.0E10                   2700                     6332.175332730802        3655.8831329080367       2502.294445801098
1.80434                  5.06                     0.19762845849802374      4.3426415970060067E-13   4.534375551402435E-13    0.25                     5.0E10                   2700                     6332.175332730802        3655.8831329080367       2502.294445801098
1.80434                  5.08                     0.19685039370078738      4.3507117416116177E-13   4.5394127926974634E-13   0.25                     5.0E10                   2700                     6332.175332730802        3655.8831329080367       2502.294445801098
1.80434                  5.1                      0.19607843137254904      4.3587934415999374E-13   4.544492074600179E-13    0.25                     5.0E10                   2700                     6332.175332730802        3655.8831329080367       2502.294445801098
1.80434                  5.12                     0.19531249999999997      4.366883547147767E-13    4.54960996717763E-13     0.25                     5.0E10                   2700                     6332.175332730802        3655.8831329080367       2502.294445801098
1.80434                  5.14                     0.1945525291828794       4.3749790101476205E-13   4.554763147220386E-13    0.25                     5.0E10                   2700                     6332.175332730802        3655.8831329080367       2502.294445801098
1.80434                  5.16                     0.19379844961240308      4.3830768823277934E-13   4.559948396161733E-13    0.25                     5.0E10                   2700                     6332.175332730802        3655.8831329080367       2502.294445801098
1.80434                  5.18                     0.19305019305019305      4.3911743139100005E-13   4.565162598212571E-13    0.25                     5.0E10                   2700                     6332.175332730802        3655.8831329080367       2502.294445801098
1.80434                  5.2                      0.1923076923076923       4.3992685513861376E-13   4.570402738378176E-13    0.25                     5.0E10                   2700                     6332.175332730802        3655.8831329080367       2502.294445801098
1.80434                  5.22                     0.19157088122605365      4.4073569362228025E-13   4.57566590036994E-13     0.25                     5.0E10                   2700                     6332.175332730802        3655.8831329080367       2502.294445801098
1.80434                  5.239999999999999        0.19083969465648856      4.4154369028718685E-13   4.580949264770145E-13    0.25                     5.0E10                   2700                     6332.175332730802        3655.8831329080367       2502.294445801098
1.80434                  5.26                     0.19011406844106465      4.4235059769706053E-13   4.586250106999603E-13    0.25                     5.0E10                   2700                     6332.175332730802        3655.8831329080367       2502.294445801098
1.80434                  5.279999999999999        0.18939393939393942      4.4315617736826274E-13   4.591565795230264E-13    0.25                     5.0E10                   2700                     6332.175332730802        3655.8831329080367       2502.294445801098
1.80434                  5.3                      0.18867924528301888      4.439601995861278E-13    4.596893788640955E-13    0.25                     5.0E10                   2700                     6332.175332730802        3655.8831329080367       2502.294445801098
1.80434                  5.319999999999999        0.1879699248120301       4.4476244322789E-13      4.602231635203123E-13    0.25                     5.0E10                   2700                     6332.175332730802        3655.8831329080367       2502.294445801098
1.80434                  5.34                     0.18726591760299627      4.4556269558281485E-13   4.607576969961345E-13    0.25                     5.0E10                   2700                     6332.175332730802        3655.8831329080367       2502.294445801098
1.80434                  5.359999999999999        0.1865671641791045       4.4636075216987186E-13   4.612927512891813E-13    0.25                     5.0E10                   2700                     6332.175332730802        3655.8831329080367       2502.294445801098
1.80434                  5.38                     0.1858736059479554       4.4715641657829984E-13   4.61828106712919E-13     0.25                     5.0E10                   2700                     6332.175332730802        3655.8831329080367       2502.294445801098
1.80434                  5.3999999999999995       0.1851851851851852       4.4794950026085344E-13   4.623635516940041E-13    0.25                     5.0E10                   2700                     6332.175332730802        3655.8831329080367       2502.294445801098
1.80434                  5.42                     0.18450184501845018      4.487398223853399E-13    4.628988825915977E-13    0.25                     5.0E10                   2700                     6332.175332730802        3655.8831329080367       2502.294445801098
1.80434                  5.4399999999999995       0.18382352941176472      4.495272096503252E-13    4.634339035029055E-13    0.25                     5.0E10                   2700                     6332.175332730802        3655.8831329080367       2502.294445801098
1.80434                  5.46                     0.18315018315018314      4.503114960981298E-13    4.639684260827935E-13    0.25                     5.0E10                   2700                     6332.175332730802        3655.8831329080367       2502.294445801098
1.80434                  5.4799999999999995       0.18248175182481755      4.5109252295680774E-13   4.645022693488445E-13    0.25                     5.0E10                   2700                     6332.175332730802        3655.8831329080367       2502.294445801098
1.80434                  5.5                      0.18181818181818182      4.5187013847122197E-13   4.650352595158344E-13    0.25                     5.0E10                   2700                     6332.175332730802        3655.8831329080367       2502.294445801098
1.80434                  5.52                     0.1811594202898551       4.5264419771333955E-13   4.655672297993671E-13    0.25                     5.0E10                   2700                     6332.175332730802        3655.8831329080367       2502.294445801098
1.80434                  5.54                     0.18050541516245486      4.534145624337869E-13    4.660980202509091E-13    0.25                     5.0E10                   2700                     6332.175332730802        3655.8831329080367       2502.294445801098
1.80434                  5.56                     0.1798561151079137       4.5418110088407596E-13   4.666274775734518E-13    0.25                     5.0E10                   2700                     6332.175332730802        3655.8831329080367       2502.294445801098
1.80434                  5.58                     0.17921146953405018      4.549436876493433E-13    4.671554549515846E-13    0.25                     5.0E10                   2700                     6332.175332730802        3655.8831329080367       2502.294445801098
1.80434                  5.6                      0.17857142857142858      4.557022034971445E-13    4.67681811882955E-13     0.25                     5.0E10                   2700                     6332.175332730802        3655.8831329080367       2502.294445801098
1.80434                  5.62                     0.17793594306049823      4.564565351991866E-13    4.68206414009754E-13     0.25                     5.0E10                   2700                     6332.175332730802        3655.8831329080367       2502.294445801098
1.80434                  5.64                     0.1773049645390071       4.572065753859536E-13    4.687291329453995E-13    0.25                     5.0E10                   2700                     6332.175332730802        3655.8831329080367       2502.294445801098
1.80434                  5.66                     0.17667844522968196      4.579522223764872E-13    4.692498461241429E-13    0.25                     5.0E10                   2700                     6332.175332730802        3655.8831329080367       2502.294445801098
1.80434                  5.68                     0.17605633802816903      4.586933800373549E-13    4.697684366276779E-13    0.25                     5.0E10                   2700                     6332.175332730802        3655.8831329080367       2502.294445801098
1.80434                  5.7                      0.17543859649122806      4.594299576184298E-13    4.702847930416165E-13    0.25                     5.0E10                   2700                     6332.175332730802        3655.8831329080367       2502.294445801098
1.80434                  5.72                     0.17482517482517484      4.601618695946755E-13    4.707988092800656E-13    0.25                     5.0E10                   2700                     6332.175332730802        3655.8831329080367       2502.294445801098
1.80434                  5.739999999999999        0.17421602787456447      4.608890355387564E-13    4.713103844556749E-13    0.25                     5.0E10                   2700                     6332.175332730802        3655.8831329080367       2502.294445801098
1.80434                  5.76                     0.1736111111111111       4.616113799505715E-13    4.718194227089302E-13    0.25                     5.0E10                   2700                     6332.175332730802        3655.8831329080367       2502.294445801098
1.80434                  5.779999999999999        0.17301038062283738      4.623288321428834E-13    4.723258330843371E-13    0.25                     5.0E10                   2700                     6332.175332730802        3655.8831329080367       2502.294445801098
1.80434                  5.8                      0.1724137931034483       4.630413260654931E-13    4.728295293566292E-13    0.25                     5.0E10                   2700                     6332.175332730802        3655.8831329080367       2502.294445801098
1.80434                  5.819999999999999        0.17182130584192443      4.637488001806794E-13    4.733304299144547E-13    0.25                     5.0E10                   2700                     6332.175332730802        3655.8831329080367       2502.294445801098
1.80434                  5.84                     0.17123287671232879      4.644517118257078E-13    4.738288978474058E-13    0.25                     5.0E10                   2700                     6332.175332730802        3655.8831329080367       2502.294445801098
1.80434                  5.859999999999999        0.17064846416382254      4.651489858496273E-13    4.743239854849902E-13    0.25                     5.0E10                   2700                     6332.175332730802        3655.8831329080367       2502.294445801098
1.80434                  5.88                     0.17006802721088435      4.658410812779896E-13    4.748160588990392E-13    0.25                     5.0E10                   2700                     6332.175332730802        3655.8831329080367       2502.294445801098
1.80434                  5.8999999999999995       0.16949152542372883      4.665279532746999E-13    4.753050535239377E-13    0.25                     5.0E10                   2700                     6332.175332730802        3655.8831329080367       2502.294445801098
1.80434                  5.92                     0.16891891891891891      4.672095608650535E-13    4.757909087373816E-13    0.25                     5.0E10                   2700                     6332.175332730802        3655.8831329080367       2502.294445801098
1.80434                  5.9399999999999995       0.16835016835016836      4.678858667969825E-13    4.762735677243695E-13    0.25                     5.0E10                   2700                     6332.175332730802        3655.8831329080367       2502.294445801098
1.80434                  5.96                     0.16778523489932884      4.685568374122214E-13    4.767529773543259E-13    0.25                     5.0E10                   2700                     6332.175332730802        3655.8831329080367       2502.294445801098
1.80434                  5.9799999999999995       0.16722408026755856      4.692224425510343E-13    4.772290880668072E-13    0.25                     5.0E10                   2700                     6332.175332730802        3655.8831329080367       2502.294445801098
1.80434                  6                        0.16666666666666666      4.698826554057812E-13    4.777018537492703E-13    0.25                     5.0E10                   2700                     6332.175332730802        3655.8831329080367       2502.294445801098
1.80434                  6.02                     0.16611295681063123      4.705374524261763E-13    4.781712316225608E-13    0.25                     5.0E10                   2700                     6332.175332730802        3655.8831329080367       2502.294445801098
1.80434                  6.04                     0.16556291390728478      4.711868132024873E-13    4.786371821337802E-13    0.25                     5.0E10                   2700                     6332.175332730802        3655.8831329080367       2502.294445801098
1.80434                  6.06                     0.16501650165016504      4.7183072034755E-13      4.790996688392884E-13    0.25                     5.0E10                   2700                     6332.175332730802        3655.8831329080367       2502.294445801098
1.80434                  6.08                     0.16447368421052633      4.724691593945809E-13    4.795586582984173E-13    0.25                     5.0E10                   2700                     6332.175332730802        3655.8831329080367       2502.294445801098
1.80434                  6.1                      0.16393442622950818      4.731021187010805E-13    4.800141199805102E-13    0.25                     5.0E10                   2700                     6332.175332730802        3655.8831329080367       2502.294445801098
1.80434                  6.12                     0.16339869281045752      4.737295893231709E-13    4.804660261413634E-13    0.25                     5.0E10                   2700                     6332.175332730802        3655.8831329080367       2502.294445801098
1.80434                  6.14                     0.16286644951140067      4.743515649310211E-13    4.809143517437346E-13    0.25                     5.0E10                   2700                     6332.175332730802        3655.8831329080367       2502.294445801098
1.80434                  6.16                     0.16233766233766234      4.749680417189659E-13    4.813590743504302E-13    0.25                     5.0E10                   2700                     6332.175332730802        3655.8831329080367       2502.294445801098
1.80434                  6.18                     0.16181229773462782      4.755790182916862E-13    4.818001740292092E-13    0.25                     5.0E10                   2700                     6332.175332730802        3655.8831329080367       2502.294445801098
1.80434                  6.2                      0.16129032258064518      4.761844955753424E-13    4.822376332650269E-13    0.25                     5.0E10                   2700                     6332.175332730802        3655.8831329080367       2502.294445801098
1.80434                  6.22                     0.16077170418006428      4.767844767309142E-13    4.826714368657962E-13    0.25                     5.0E10                   2700                     6332.175332730802        3655.8831329080367       2502.294445801098
1.80434                  6.24                     0.16025641025641027      4.773789670635967E-13    4.831015718751678E-13    0.25                     5.0E10                   2700                     6332.175332730802        3655.8831329080367       2502.294445801098
1.80434                  6.26                     0.1597444089456869       4.779679739396912E-13    4.835280274907101E-13    0.25                     5.0E10                   2700                     6332.175332730802        3655.8831329080367       2502.294445801098
1.80434                  6.279999999999999        0.15923566878980894      4.785515066980623E-13    4.839507949795709E-13    0.25                     5.0E10                   2700                     6332.175332730802        3655.8831329080367       2502.294445801098
1.80434                  6.3                      0.15873015873015872      4.791295765646318E-13    4.84369867591821E-13     0.25                     5.0E10                   2700                     6332.175332730802        3655.8831329080367       2502.294445801098
1.80434                  6.319999999999999        0.15822784810126583      4.797021965728625E-13    4.847852404876782E-13    0.25                     5.0E10                   2700                     6332.175332730802        3655.8831329080367       2502.294445801098
1.80434                  6.34                     0.1577287066246057       4.802693815059552E-13    4.851969106661237E-13    0.25                     5.0E10                   2700                     6332.175332730802        3655.8831329080367       2502.294445801098
1.80434                  6.359999999999999        0.15723270440251574      4.808311477851917E-13    4.856048768719055E-13    0.25                     5.0E10                   2700                     6332.175332730802        3655.8831329080367       2502.294445801098
1.80434                  6.38                     0.15673981191222572      4.81387513422887E-13     4.860091395426287E-13    0.25                     5.0E10                   2700                     6332.175332730802        3655.8831329080367       2502.294445801098
1.80434                  6.3999999999999995       0.15625                  4.819384979482384E-13    4.864097007314256E-13    0.25                     5.0E10                   2700                     6332.175332730802        3655.8831329080367       2502.294445801098
1.80434                  6.42                     0.1557632398753894       4.82484122332404E-13     4.868065640374605E-13    0.25                     5.0E10                   2700                     6332.175332730802        3655.8831329080367       2502.294445801098
1.80434                  6.4399999999999995       0.15527950310559008      4.830244089107283E-13    4.871997345355572E-13    0.25                     5.0E10                   2700                     6332.175332730802        3655.8831329080367       2502.294445801098
1.80434                  6.46                     0.15479876160990713      4.835593813412326E-13    4.875892187231457E-13    0.25                     5.0E10                   2700                     6332.175332730802        3655.8831329080367       2502.294445801098
1.80434                  6.4799999999999995       0.154320987654321        4.840890645210989E-13    4.879750244470103E-13    0.25                     5.0E10                   2700                     6332.175332730802        3655.8831329080367       2502.294445801098
1.80434                  6.5                      0.15384615384615383      4.846134845281611E-13    4.883571608456032E-13    0.25                     5.0E10                   2700                     6332.175332730802        3655.8831329080367       2502.294445801098
1.80434                  6.52                     0.15337423312883436      4.851326685751757E-13    4.887356382993722E-13    0.25                     5.0E10                   2700                     6332.175332730802        3655.8831329080367       2502.294445801098
1.80434                  6.54                     0.15290519877675843      4.856466449190136E-13    4.891104683499522E-13    0.25                     5.0E10                   2700                     6332.175332730802        3655.8831329080367       2502.294445801098
1.80434                  6.56                     0.15243902439024393      4.861554428535617E-13    4.894816636793257E-13    0.25                     5.0E10                   2700                     6332.175332730802        3655.8831329080367       2502.294445801098
1.80434                  6.58                     0.1519756838905775       4.866590926076006E-13    4.898492380238613E-13    0.25                     5.0E10                   2700                     6332.175332730802        3655.8831329080367       2502.294445801098
1.80434                  6.6                      0.15151515151515152      4.871576253129194E-13    4.902132061389551E-13    0.25                     5.0E10                   2700                     6332.175332730802        3655.8831329080367       2502.294445801098
1.80434                  6.62                     0.1510574018126888       4.876510729521669E-13    4.905735837466125E-13    0.25                     5.0E10                   2700                     6332.175332730802        3655.8831329080367       2502.294445801098
1.80434                  6.64                     0.1506024096385542       4.881394683193398E-13    4.909303874891732E-13    0.25                     5.0E10                   2700                     6332.175332730802        3655.8831329080367       2502.294445801098
1.80434                  6.66                     0.15015015015015015      4.886228449468414E-13    4.91283634873546E-13     0.25                     5.0E10                   2700                     6332.175332730802        3655.8831329080367       2502.294445801098
1.80434                  6.68                     0.14970059880239522      4.89101237074822E-13     4.916333442300488E-13    0.25                     5.0E10                   2700                     6332.175332730802        3655.8831329080367       2502.294445801098
1.80434                  6.7                      0.1492537313432836       4.895746796116778E-13    4.919795346748553E-13    0.25                     5.0E10                   2700                     6332.175332730802        3655.8831329080367       2502.294445801098
1.80434                  6.72                     0.1488095238095238       4.900432080755676E-13    4.923222260561353E-13    0.25                     5.0E10                   2700                     6332.175332730802        3655.8831329080367       2502.294445801098
1.80434                  6.74                     0.14836795252225518      4.905068585598965E-13    4.926614389188282E-13    0.25                     5.0E10                   2700                     6332.175332730802        3655.8831329080367       2502.294445801098
1.80434                  6.76                     0.14792899408284024      4.909656676998214E-13    4.92997194468223E-13     0.25                     5.0E10                   2700                     6332.175332730802        3655.8831329080367       2502.294445801098
1.80434                  6.779999999999999        0.14749262536873156      4.914196726178287E-13    4.933295145203053E-13    0.25                     5.0E10                   2700                     6332.175332730802        3655.8831329080367       2502.294445801098
1.80434                  6.8                      0.14705882352941177      4.918689108942771E-13    4.936584214757642E-13    0.25                     5.0E10                   2700                     6332.175332730802        3655.8831329080367       2502.294445801098
1.80434                  6.819999999999999        0.1466275659824047       4.923134205360027E-13    4.939839382806934E-13    0.25                     5.0E10                   2700                     6332.175332730802        3655.8831329080367       2502.294445801098
1.80434                  6.84                     0.14619883040935674      4.927532399365311E-13    4.943060883903798E-13    0.25                     5.0E10                   2700                     6332.175332730802        3655.8831329080367       2502.294445801098
1.80434                  6.859999999999999        0.1457725947521866       4.931884078266132E-13    4.946248957301174E-13    0.25                     5.0E10                   2700                     6332.175332730802        3655.8831329080367       2502.294445801098
1.80434                  6.88                     0.14534883720930233      4.936189632772358E-13    4.949403846795897E-13    0.25                     5.0E10                   2700                     6332.175332730802        3655.8831329080367       2502.294445801098
1.80434                  6.8999999999999995       0.14492753623188406      4.940449456284682E-13    4.952525800218971E-13    0.25                     5.0E10                   2700                     6332.175332730802        3655.8831329080367       2502.294445801098
1.80434                  6.92                     0.1445086705202312       4.944663944900378E-13    4.955615069305535E-13    0.25                     5.0E10                   2700                     6332.175332730802        3655.8831329080367       2502.294445801098
1.80434                  6.9399999999999995       0.1440922190201729       4.948833496944318E-13    4.958671909294774E-13    0.25                     5.0E10                   2700                     6332.175332730802        3655.8831329080367       2502.294445801098
1.80434                  6.96                     0.14367816091954022      4.952958512736148E-13    4.961696578686516E-13    0.25                     5.0E10                   2700                     6332.175332730802        3655.8831329080367       2502.294445801098
1.80434                  6.9799999999999995       0.14326647564469916      4.957039394303945E-13    4.964689338959198E-13    0.25                     5.0E10                   2700                     6332.175332730802        3655.8831329080367       2502.294445801098
1.80434                  7                        0.14285714285714285      4.961076545267734E-13    4.967650454391222E-13    0.25                     5.0E10                   2700                     6332.175332730802        3655.8831329080367       2502.294445801098
1.80434                  7.02                     0.14245014245014245      4.965070370231065E-13    4.970580191640091E-13    0.25                     5.0E10                   2700                     6332.175332730802        3655.8831329080367       2502.294445801098
1.80434                  7.04                     0.14204545454545456      4.969021275061903E-13    4.973478819742147E-13    0.25                     5.0E10                   2700                     6332.175332730802        3655.8831329080367       2502.294445801098
1.80434                  7.06                     0.141643059490085        4.972929666134756E-13    4.976346609649505E-13    0.25                     5.0E10                   2700                     6332.175332730802        3655.8831329080367       2502.294445801098
1.80434                  7.08                     0.14124293785310735      4.976795950560747E-13    4.97918383418894E-13     0.25                     5.0E10                   2700                     6332.175332730802        3655.8831329080367       2502.294445801098
1.80434                  7.1                      0.14084507042253522      4.980620535477444E-13    4.981990767659431E-13    0.25                     5.0E10                   2700                     6332.175332730802        3655.8831329080367       2502.294445801098
1.80434                  7.12                     0.14044943820224717      4.984403828553222E-13    4.984767685944104E-13    0.25                     5.0E10                   2700                     6332.175332730802        3655.8831329080367       2502.294445801098
1.80434                  7.14                     0.1400560224089636       4.988146237002254E-13    4.987514865903891E-13    0.25                     5.0E10                   2700                     6332.175332730802        3655.8831329080367       2502.294445801098
1.80434                  7.16                     0.13966480446927376      4.991848167957483E-13    4.99023258552311E-13     0.25                     5.0E10                   2700                     6332.175332730802        3655.8831329080367       2502.294445801098
1.80434                  7.18                     0.1392757660167131       4.995510028068683E-13    4.992921123571153E-13    0.25                     5.0E10                   2700                     6332.175332730802        3655.8831329080367       2502.294445801098
1.80434                  7.2                      0.1388888888888889       4.999132223400094E-13    4.995580759492986E-13    0.25                     5.0E10                   2700                     6332.175332730802        3655.8831329080367       2502.294445801098
1.80434                  7.22                     0.13850415512465375      5.002715159202959E-13    4.998211773194104E-13    0.25                     5.0E10                   2700                     6332.175332730802        3655.8831329080367       2502.294445801098
1.80434                  7.24                     0.13812154696132597      5.006259239827893E-13    5.000814444922955E-13    0.25                     5.0E10                   2700                     6332.175332730802        3655.8831329080367       2502.294445801098
1.80434                  7.26                     0.13774104683195593      5.009764868541786E-13    5.003389055105676E-13    0.25                     5.0E10                   2700                     6332.175332730802        3655.8831329080367       2502.294445801098
1.80434                  7.279999999999999        0.13736263736263737      5.013232447372799E-13    5.005935884186671E-13    0.25                     5.0E10                   2700                     6332.175332730802        3655.8831329080367       2502.294445801098
1.80434                  7.3                      0.13698630136986303      5.016662377075634E-13    5.008455212540515E-13    0.25                     5.0E10                   2700                     6332.175332730802        3655.8831329080367       2502.294445801098
1.80434                  7.319999999999999        0.1366120218579235       5.020055056813047E-13    5.01094732027498E-13     0.25                     5.0E10                   2700                     6332.175332730802        3655.8831329080367       2502.294445801098
1.80434                  7.34                     0.1362397820163488       5.023410884298395E-13    5.013412487166333E-13    0.25                     5.0E10                   2700                     6332.175332730802        3655.8831329080367       2502.294445801098
1.80434                  7.359999999999999        0.13586956521739132      5.02673025529315E-13     5.015850992457544E-13    0.25                     5.0E10                   2700                     6332.175332730802        3655.8831329080367       2502.294445801098
1.80434                  7.38                     0.13550135501355012      5.030013564005804E-13    5.01826311486122E-13     0.25                     5.0E10                   2700                     6332.175332730802        3655.8831329080367       2502.294445801098
1.80434                  7.3999999999999995       0.13513513513513514      5.033261202559234E-13    5.02064913234716E-13     0.25                     5.0E10                   2700                     6332.175332730802        3655.8831329080367       2502.294445801098
1.80434                  7.42                     0.1347708894878706       5.036473561019245E-13    5.023009322054782E-13    0.25                     5.0E10                   2700                     6332.175332730802        3655.8831329080367       2502.294445801098
1.80434                  7.4399999999999995       0.13440860215053765      5.039651027529058E-13    5.0253439603224E-13      0.25                     5.0E10                   2700                     6332.175332730802        3655.8831329080367       2502.294445801098
1.80434                  7.46                     0.13404825737265413      5.042793987811889E-13    5.027653322375973E-13    0.25                     5.0E10                   2700                     6332.175332730802        3655.8831329080367       2502.294445801098
1.80434                  7.4799999999999995       0.1336898395721925       5.045902825393193E-13    5.029937682387293E-13    0.25                     5.0E10                   2700                     6332.175332730802        3655.8831329080367       2502.294445801098
1.80434                  7.5                      0.13333333333333333      5.048977921450124E-13    5.032197313377765E-13    0.25                     5.0E10                   2700                     6332.175332730802        3655.8831329080367       2502.294445801098
1.80434                  7.52                     0.13297872340425532      5.052019654628929E-13    5.034432487072478E-13    0.25                     5.0E10                   2700                     6332.175332730802        3655.8831329080367       2502.294445801098
1.80434                  7.54                     0.13262599469496023      5.055028401265418E-13    5.036643473946146E-13    0.25                     5.0E10                   2700                     6332.175332730802        3655.8831329080367       2502.294445801098
1.80434                  7.56                     0.13227513227513227      5.058004534837525E-13    5.038830542980515E-13    0.25                     5.0E10                   2700                     6332.175332730802        3655.8831329080367       2502.294445801098
1.80434                  7.58                     0.13192612137203166      5.060948426483224E-13    5.040993961785063E-13    0.25                     5.0E10                   2700                     6332.175332730802        3655.8831329080367       2502.294445801098
1.80434                  7.6                      0.13157894736842105      5.063860444405921E-13    5.043133996335798E-13    0.25                     5.0E10                   2700                     6332.175332730802        3655.8831329080367       2502.294445801098
1.80434                  7.62                     0.13123359580052493      5.066740954223365E-13    5.04525091110222E-13     0.25                     5.0E10                   2700                     6332.175332730802        3655.8831329080367       2502.294445801098
1.80434                  7.64                     0.13089005235602094      5.069590318627044E-13    5.04734496884716E-13     0.25                     5.0E10                   2700                     6332.175332730802        3655.8831329080367       2502.294445801098
1.80434                  7.66                     0.13054830287206268      5.072408897700001E-13    5.049416430697653E-13    0.25                     5.0E10                   2700                     6332.175332730802        3655.8831329080367       2502.294445801098
1.80434                  7.68                     0.13020833333333334      5.075197048353835E-13    5.051465555980619E-13    0.25                     5.0E10                   2700                     6332.175332730802        3655.8831329080367       2502.294445801098
1.80434                  7.7                      0.12987012987012989      5.077955124781426E-13    5.053492602202242E-13    0.25                     5.0E10                   2700                     6332.175332730802        3655.8831329080367       2502.294445801098
1.80434                  7.72                     0.1295336787564767       5.080683478161569E-13    5.055497825105681E-13    0.25                     5.0E10                   2700                     6332.175332730802        3655.8831329080367       2502.294445801098
1.80434                  7.74                     0.12919896640826872      5.083382456731097E-13    5.057481478507211E-13    0.25                     5.0E10                   2700                     6332.175332730802        3655.8831329080367       2502.294445801098
1.80434                  7.76                     0.1288659793814433       5.086052405613048E-13    5.059443814285425E-13    0.25                     5.0E10                   2700                     6332.175332730802        3655.8831329080367       2502.294445801098
1.80434                  7.779999999999999        0.12853470437017997      5.088693666979951E-13    5.061385082400687E-13    0.25                     5.0E10                   2700                     6332.175332730802        3655.8831329080367       2502.294445801098
1.80434                  7.8                      0.12820512820512822      5.091306579954343E-13    5.063305530829087E-13    0.25                     5.0E10                   2700                     6332.175332730802        3655.8831329080367       2502.294445801098
1.80434                  7.819999999999999        0.1278772378516624       5.093891480419215E-13    5.06520540547172E-13     0.25                     5.0E10                   2700                     6332.175332730802        3655.8831329080367       2502.294445801098
1.80434                  7.84                     0.12755102040816327      5.09644870135017E-13     5.067084950265498E-13    0.25                     5.0E10                   2700                     6332.175332730802        3655.8831329080367       2502.294445801098
1.80434                  7.859999999999999        0.1272264631043257       5.098978572434998E-13    5.068944406993727E-13    0.25                     5.0E10                   2700                     6332.175332730802        3655.8831329080367       2502.294445801098
1.80434                  7.88                     0.12690355329949238      5.101481420299264E-13    5.070784015412771E-13    0.25                     5.0E10                   2700                     6332.175332730802        3655.8831329080367       2502.294445801098
1.80434                  7.8999999999999995       0.12658227848101267      5.103957568450091E-13    5.072604013146974E-13    0.25                     5.0E10                   2700                     6332.175332730802        3655.8831329080367       2502.294445801098
1.80434                  7.92                     0.12626262626262624      5.106407337321679E-13    5.074404635740508E-13    0.25                     5.0E10                   2700                     6332.175332730802        3655.8831329080367       2502.294445801098
1.80434                  7.9399999999999995       0.12594458438287154      5.108831043828909E-13    5.076186116421071E-13    0.25                     5.0E10                   2700                     6332.175332730802        3655.8831329080367       2502.294445801098
1.80434                  7.96                     0.12562814070351758      5.111229002104752E-13    5.077948686452817E-13    0.25                     5.0E10                   2700                     6332.175332730802        3655.8831329080367       2502.294445801098
1.80434                  7.9799999999999995       0.12531328320802007      5.113601522919096E-13    5.079692574798874E-13    0.25                     5.0E10                   2700                     6332.175332730802        3655.8831329080367       2502.294445801098
1.80434                  8                        0.125                    5.11594891392266E-13     5.081418008289205E-13    0.25                     5.0E10                   2700                     6332.175332730802        3655.8831329080367       2502.294445801098
1.80434                  8.02                     0.12468827930174564      5.118271479529137E-13    5.083125211512412E-13    0.25                     5.0E10                   2700                     6332.175332730802        3655.8831329080367       2502.294445801098
1.80434                  8.040000000000001        0.1243781094527363       5.120569520995234E-13    5.084814406863391E-13    0.25                     5.0E10                   2700                     6332.175332730802        3655.8831329080367       2502.294445801098
1.80434                  8.06                     0.12406947890818859      5.122843336457322E-13    5.086485814572118E-13    0.25                     5.0E10                   2700                     6332.175332730802        3655.8831329080367       2502.294445801098
1.80434                  8.08                     0.12376237623762378      5.125093220790254E-13    5.088139652568606E-13    0.25                     5.0E10                   2700                     6332.175332730802        3655.8831329080367       2502.294445801098
1.80434                  8.1                      0.1234567901234568       5.12731946576842E-13     5.089776136616813E-13    0.25                     5.0E10                   2700                     6332.175332730802        3655.8831329080367       2502.294445801098
1.80434                  8.12                     0.12315270935960593      5.129522359983223E-13    5.091395480230659E-13    0.25                     5.0E10                   2700                     6332.175332730802        3655.8831329080367       2502.294445801098
1.80434                  8.14                     0.12285012285012284      5.131702188913646E-13    5.092997894725042E-13    0.25                     5.0E10                   2700                     6332.175332730802        3655.8831329080367       2502.294445801098
1.80434                  8.16                     0.12254901960784315      5.133859234870017E-13    5.094583589180212E-13    0.25                     5.0E10                   2700                     6332.175332730802        3655.8831329080367       2502.294445801098
1.80434                  8.18                     0.12224938875305624      5.135993776955653E-13    5.096152770387823E-13    0.25                     5.0E10                   2700                     6332.175332730802        3655.8831329080367       2502.294445801098
1.80434                  8.2                      0.12195121951219513      5.138106091308451E-13    5.097705643030481E-13    0.25                     5.0E10                   2700                     6332.175332730802        3655.8831329080367       2502.294445801098
1.80434                  8.22                     0.121654501216545        5.140196450855193E-13    5.099242409481683E-13    0.25                     5.0E10                   2700                     6332.175332730802        3655.8831329080367       2502.294445801098
1.80434                  8.24                     0.12135922330097086      5.142265125420294E-13    5.10076326992678E-13     0.25                     5.0E10                   2700                     6332.175332730802        3655.8831329080367       2502.294445801098
1.80434                  8.26                     0.12106537530266344      5.144312381728432E-13    5.10226842232473E-13     0.25                     5.0E10                   2700                     6332.175332730802        3655.8831329080367       2502.294445801098
1.80434                  8.28                     0.1207729468599034       5.146338483603669E-13    5.103758062465545E-13    0.25                     5.0E10                   2700                     6332.175332730802        3655.8831329080367       2502.294445801098
1.80434                  8.299999999999999        0.1204819277108434       5.148343691617673E-13    5.105232383914324E-13    0.25                     5.0E10                   2700                     6332.175332730802        3655.8831329080367       2502.294445801098
1.80434                  8.32                     0.12019230769230768      5.150328263508763E-13    5.106691578089248E-13    0.25                     5.0E10                   2700                     6332.175332730802        3655.8831329080367       2502.294445801098
1.80434                  8.34                     0.11990407673860912      5.152292453780079E-13    5.108135834142858E-13    0.25                     5.0E10                   2700                     6332.175332730802        3655.8831329080367       2502.294445801098
1.80434                  8.36                     0.1196172248803828       5.154236514111452E-13    5.109565339123213E-13    0.25                     5.0E10                   2700                     6332.175332730802        3655.8831329080367       2502.294445801098
1.80434                  8.379999999999999        0.11933174224343678      5.156160693150399E-13    5.110980277906259E-13    0.25                     5.0E10                   2700                     6332.175332730802        3655.8831329080367       2502.294445801098
1.80434                  8.4                      0.11904761904761904      5.158065236554555E-13    5.112380833192797E-13    0.25                     5.0E10                   2700                     6332.175332730802        3655.8831329080367       2502.294445801098
1.80434                  8.42                     0.11876484560570072      5.159950387054154E-13    5.113767185530811E-13    0.25                     5.0E10                   2700                     6332.175332730802        3655.8831329080367       2502.294445801098
1.80434                  8.44                     0.11848341232227488      5.161816384607254E-13    5.115139513446285E-13    0.25                     5.0E10                   2700                     6332.175332730802        3655.8831329080367       2502.294445801098
1.80434                  8.459999999999999        0.11820330969267141      5.163663466091911E-13    5.116497993228682E-13    0.25                     5.0E10                   2700                     6332.175332730802        3655.8831329080367       2502.294445801098
1.80434                  8.48                     0.1179245283018868       5.165491865501926E-13    5.117842799062712E-13    0.25                     5.0E10                   2700                     6332.175332730802        3655.8831329080367       2502.294445801098
1.80434                  8.5                      0.11764705882352941      5.167301814113376E-13    5.11917410310525E-13     0.25                     5.0E10                   2700                     6332.175332730802        3655.8831329080367       2502.294445801098
1.80434                  8.52                     0.11737089201877934      5.169093540367256E-13    5.120492075459048E-13    0.25                     5.0E10                   2700                     6332.175332730802        3655.8831329080367       2502.294445801098
1.80434                  8.54                     0.117096018735363        5.170867269816895E-13    5.121796884080214E-13    0.25                     5.0E10                   2700                     6332.175332730802        3655.8831329080367       2502.294445801098
1.80434                  8.56                     0.11682242990654204      5.172623225249497E-13    5.123088694932845E-13    0.25                     5.0E10                   2700                     6332.175332730802        3655.8831329080367       2502.294445801098
1.80434                  8.58                     0.11655011655011656      5.174361626698571E-13    5.124367671921122E-13    0.25                     5.0E10                   2700                     6332.175332730802        3655.8831329080367       2502.294445801098
1.80434                  8.6                      0.11627906976744186      5.176082691473647E-13    5.125633976931514E-13    0.25                     5.0E10                   2700                     6332.175332730802        3655.8831329080367       2502.294445801098
1.80434                  8.62                     0.1160092807424594       5.17778663427341E-13     5.126887769921632E-13    0.25                     5.0E10                   2700                     6332.175332730802        3655.8831329080367       2502.294445801098
1.80434                  8.64                     0.11574074074074073      5.179473666893645E-13    5.12812920871403E-13     0.25                     5.0E10                   2700                     6332.175332730802        3655.8831329080367       2502.294445801098
1.80434                  8.66                     0.11547344110854503      5.181143998644698E-13    5.129358449330213E-13    0.25                     5.0E10                   2700                     6332.175332730802        3655.8831329080367       2502.294445801098
1.80434                  8.68                     0.1152073732718894       5.182797836159644E-13    5.130575645737081E-13    0.25                     5.0E10                   2700                     6332.175332730802        3655.8831329080367       2502.294445801098
1.80434                  8.7                      0.11494252873563218      5.184435383361508E-13    5.131780949925188E-13    0.25                     5.0E10                   2700                     6332.175332730802        3655.8831329080367       2502.294445801098
1.80434                  8.72                     0.1146788990825688       5.186056841745885E-13    5.13297451209623E-13     0.25                     5.0E10                   2700                     6332.175332730802        3655.8831329080367       2502.294445801098
1.80434                  8.74                     0.11441647597254004      5.187662410103552E-13    5.134156480428224E-13    0.25                     5.0E10                   2700                     6332.175332730802        3655.8831329080367       2502.294445801098
1.80434                  8.76                     0.1141552511415525       5.189269364679935E-13    5.135342489441723E-13    0.25                     5.0E10                   2700                     6332.175332730802        3655.8831329080367       2502.294445801098
1.80434                  8.78                     0.11389521640091117      5.190843821130117E-13    5.136501789310186E-13    0.25                     5.0E10                   2700                     6332.175332730802        3655.8831329080367       2502.294445801098
1.80434                  8.8                      0.11363636363636362      5.192402969054338E-13    5.137649928830419E-13    0.25                     5.0E10                   2700                     6332.175332730802        3655.8831329080367       2502.294445801098
1.80434                  8.82                     0.11337868480725624      5.193946997139275E-13    5.138787048666712E-13    0.25                     5.0E10                   2700                     6332.175332730802        3655.8831329080367       2502.294445801098
1.80434                  8.84                     0.11312217194570136      5.195476091914936E-13    5.13991328785804E-13     0.25                     5.0E10                   2700                     6332.175332730802        3655.8831329080367       2502.294445801098
1.80434                  8.86                     0.11286681715575621      5.196990437329822E-13    5.141028783573162E-13    0.25                     5.0E10                   2700                     6332.175332730802        3655.8831329080367       2502.294445801098
1.80434                  8.879999999999999        0.11261261261261263      5.198490215134204E-13    5.142133671236153E-13    0.25                     5.0E10                   2700                     6332.175332730802        3655.8831329080367       2502.294445801098
1.80434                  8.9                      0.11235955056179775      5.199975604410159E-13    5.14322808438273E-13     0.25                     5.0E10                   2700                     6332.175332730802        3655.8831329080367       2502.294445801098
1.80434                  8.92                     0.11210762331838565      5.201446782232814E-13    5.144312155000484E-13    0.25                     5.0E10                   2700                     6332.175332730802        3655.8831329080367       2502.294445801098
1.80434                  8.94                     0.11185682326621925      5.20290392323423E-13     5.145386013238327E-13    0.25                     5.0E10                   2700                     6332.175332730802        3655.8831329080367       2502.294445801098
1.80434                  8.959999999999999        0.11160714285714285      5.204347199801178E-13    5.146449787567886E-13    0.25                     5.0E10                   2700                     6332.175332730802        3655.8831329080367       2502.294445801098
1.80434                  8.98                     0.11135857461024498      5.205776781931417E-13    5.147503604719703E-13    0.25                     5.0E10                   2700                     6332.175332730802        3655.8831329080367       2502.294445801098
1.80434                  9                        0.11111111111111112      5.207192837574748E-13    5.148547589832089E-13    0.25                     5.0E10                   2700                     6332.175332730802        3655.8831329080367       2502.294445801098
1.80434                  9.02                     0.11086474501108647      5.208595532354815E-13    5.149581866342284E-13    0.25                     5.0E10                   2700                     6332.175332730802        3655.8831329080367       2502.294445801098
1.80434                  9.04                     0.11061946902654868      5.209985029794824E-13    5.150606556066288E-13    0.25                     5.0E10                   2700                     6332.175332730802        3655.8831329080367       2502.294445801098
1.80434                  9.06                     0.11037527593818983      5.211361491223887E-13    5.151621779210902E-13    0.25                     5.0E10                   2700                     6332.175332730802        3655.8831329080367       2502.294445801098
1.80434                  9.08                     0.11013215859030838      5.212725075760181E-13    5.152627654338794E-13    0.25                     5.0E10                   2700                     6332.175332730802        3655.8831329080367       2502.294445801098
1.80434                  9.1                      0.1098901098901099       5.21407594056304E-13     5.153624298485243E-13    0.25                     5.0E10                   2700                     6332.175332730802        3655.8831329080367       2502.294445801098
1.80434                  9.12                     0.10964912280701757      5.215414240654556E-13    5.154611827132994E-13    0.25                     5.0E10                   2700                     6332.175332730802        3655.8831329080367       2502.294445801098
1.80434                  9.14                     0.10940919037199125      5.216740128944932E-13    5.155590354169168E-13    0.25                     5.0E10                   2700                     6332.175332730802        3655.8831329080367       2502.294445801098
1.80434                  9.16                     0.10917030567685589      5.218053756403476E-13    5.156559991984918E-13    0.25                     5.0E10                   2700                     6332.175332730802        3655.8831329080367       2502.294445801098
1.80434                  9.18                     0.10893246187363835      5.21935527189339E-13     5.157520851433213E-13    0.25                     5.0E10                   2700                     6332.175332730802        3655.8831329080367       2502.294445801098
1.80434                  9.2                      0.10869565217391305      5.22064482237627E-13     5.158473041916068E-13    0.25                     5.0E10                   2700                     6332.175332730802        3655.8831329080367       2502.294445801098
1.80434                  9.22                     0.10845986984815618      5.221922552919631E-13    5.159416671402001E-13    0.25                     5.0E10                   2700                     6332.175332730802        3655.8831329080367       2502.294445801098
1.80434                  9.24                     0.10822510822510822      5.223188606395435E-13    5.160351846234836E-13    0.25                     5.0E10                   2700                     6332.175332730802        3655.8831329080367       2502.294445801098
1.80434                  9.26                     0.1079913606911447       5.224443124048427E-13    5.161278671513455E-13    0.25                     5.0E10                   2700                     6332.175332730802        3655.8831329080367       2502.294445801098
1.80434                  9.28                     0.10775862068965518      5.225686245066478E-13    5.162197250795337E-13    0.25                     5.0E10                   2700                     6332.175332730802        3655.8831329080367       2502.294445801098
1.80434                  9.3                      0.10752688172043011      5.226918106894297E-13    5.163107686300899E-13    0.25                     5.0E10                   2700                     6332.175332730802        3655.8831329080367       2502.294445801098
1.80434                  9.32                     0.1072961373390558       5.228138845090594E-13    5.164010078886898E-13    0.25                     5.0E10                   2700                     6332.175332730802        3655.8831329080367       2502.294445801098
1.80434                  9.34                     0.10706638115631692      5.22934859322018E-13     5.164904527853186E-13    0.25                     5.0E10                   2700                     6332.175332730802        3655.8831329080367       2502.294445801098
1.80434                  9.36                     0.10683760683760683      5.230547483366281E-13    5.165791131394422E-13    0.25                     5.0E10                   2700                     6332.175332730802        3655.8831329080367       2502.294445801098
1.80434                  9.379999999999999        0.10660980810234544      5.231735645608811E-13    5.166669986239732E-13    0.25                     5.0E10                   2700                     6332.175332730802        3655.8831329080367       2502.294445801098
1.80434                  9.4                      0.10638297872340426      5.232913208358176E-13    5.167541187798587E-13    0.25                     5.0E10                   2700                     6332.175332730802        3655.8831329080367       2502.294445801098
1.80434                  9.42                     0.10615711252653928      5.234080298387687E-13    5.168404830229418E-13    0.25                     5.0E10                   2700                     6332.175332730802        3655.8831329080367       2502.294445801098
1.80434                  9.44                     0.1059322033898305       5.23523704060817E-13     5.169261006406371E-13    0.25                     5.0E10                   2700                     6332.175332730802        3655.8831329080367       2502.294445801098
1.80434                  9.459999999999999        0.10570824524312897      5.236383558305595E-13    5.170109807835559E-13    0.25                     5.0E10                   2700                     6332.175332730802        3655.8831329080367       2502.294445801098
1.80434                  9.48                     0.10548523206751054      5.237519972995376E-13    5.170951324820382E-13    0.25                     5.0E10                   2700                     6332.175332730802        3655.8831329080367       2502.294445801098
1.80434                  9.5                      0.10526315789473685      5.238646404883536E-13    5.171785646537854E-13    0.25                     5.0E10                   2700                     6332.175332730802        3655.8831329080367       2502.294445801098
1.80434                  9.52                     0.10504201680672269      5.23976297224612E-13     5.1726128608144E-13      0.25                     5.0E10                   2700                     6332.175332730802        3655.8831329080367       2502.294445801098
1.80434                  9.54                     0.10482180293501049      5.240869791805549E-13    5.173433054266787E-13    0.25                     5.0E10                   2700                     6332.175332730802        3655.8831329080367       2502.294445801098
1.80434                  9.56                     0.10460251046025104      5.241966978827992E-13    5.174246312416329E-13    0.25                     5.0E10                   2700                     6332.175332730802        3655.8831329080367       2502.294445801098
1.80434                  9.58                     0.10438413361169102      5.243054646962952E-13    5.175052719547427E-13    0.25                     5.0E10                   2700                     6332.175332730802        3655.8831329080367       2502.294445801098
1.80434                  9.6                      0.10416666666666667      5.24413290829589E-13     5.175852358799917E-13    0.25                     5.0E10                   2700                     6332.175332730802        3655.8831329080367       2502.294445801098
1.80434                  9.62                     0.10395010395010396      5.245201873414657E-13    5.176645312148486E-13    0.25                     5.0E10                   2700                     6332.175332730802        3655.8831329080367       2502.294445801098
1.80434                  9.64                     0.10373443983402489      5.246261651450698E-13    5.177431660477678E-13    0.25                     5.0E10                   2700                     6332.175332730802        3655.8831329080367       2502.294445801098
1.80434                  9.66                     0.10351966873706003      5.247312350024835E-13    5.178211483566067E-13    0.25                     5.0E10                   2700                     6332.175332730802        3655.8831329080367       2502.294445801098
1.80434                  9.68                     0.10330578512396693      5.248354075214498E-13    5.178984859972835E-13    0.25                     5.0E10                   2700                     6332.175332730802        3655.8831329080367       2502.294445801098
1.80434                  9.7                      0.10309278350515465      5.249386931923744E-13    5.179751867391039E-13    0.25                     5.0E10                   2700                     6332.175332730802        3655.8831329080367       2502.294445801098
1.80434                  9.72                     0.102880658436214        5.250411023393485E-13    5.180512582267936E-13    0.25                     5.0E10                   2700                     6332.175332730802        3655.8831329080367       2502.294445801098
1.80434                  9.74                     0.1026694045174538       5.25142645149523E-13     5.181267080017291E-13    0.25                     5.0E10                   2700                     6332.175332730802        3655.8831329080367       2502.294445801098
1.80434                  9.76                     0.10245901639344263      5.252433316968939E-13    5.18201543517807E-13     0.25                     5.0E10                   2700                     6332.175332730802        3655.8831329080367       2502.294445801098
1.80434                  9.78                     0.10224948875255623      5.25343171871373E-13     5.182757720942441E-13    0.25                     5.0E10                   2700                     6332.175332730802        3655.8831329080367       2502.294445801098
1.80434                  9.8                      0.10204081632653059      5.254421754782157E-13    5.183494009814402E-13    0.25                     5.0E10                   2700                     6332.175332730802        3655.8831329080367       2502.294445801098
1.80434                  9.82                     0.10183299389002037      5.255403521620486E-13    5.18422437311815E-13     0.25                     5.0E10                   2700                     6332.175332730802        3655.8831329080367       2502.294445801098
1.80434                  9.84                     0.1016260162601626       5.256377114396549E-13    5.18494888118874E-13     0.25                     5.0E10                   2700                     6332.175332730802        3655.8831329080367       2502.294445801098
1.80434                  9.86                     0.10141987829614604      5.257342627252407E-13    5.185667603591278E-13    0.25                     5.0E10                   2700                     6332.175332730802        3655.8831329080367       2502.294445801098
1.80434                  9.879999999999999        0.10121457489878542      5.258300152639126E-13    5.18638060862785E-13     0.25                     5.0E10                   2700                     6332.175332730802        3655.8831329080367       2502.294445801098
1.80434                  9.9                      0.101010101010101        5.259249782040713E-13    5.187087963882928E-13    0.25                     5.0E10                   2700                     6332.175332730802        3655.8831329080367       2502.294445801098
1.80434                  9.92                     0.10080645161290322      5.260191605608158E-13    5.187789735891826E-13    0.25                     5.0E10                   2700                     6332.175332730802        3655.8831329080367       2502.294445801098
1.80434                  9.94                     0.1006036217303823       5.26112571235774E-13     5.188485990375201E-13    0.25                     5.0E10                   2700                     6332.175332730802        3655.8831329080367       2502.294445801098
1.80434                  9.959999999999999        0.10040160642570282      5.262052190028688E-13    5.189176792057951E-13    0.25                     5.0E10                   2700                     6332.175332730802        3655.8831329080367       2502.294445801098
1.80434                  9.98                     0.1002004008016032       5.262971125182939E-13    5.189862204768925E-13    0.25                     5.0E10                   2700                     6332.175332730802        3655.8831329080367       2502.294445801098
1.80434                  10                       0.1                      5.263563943764055E-13    5.189952738598079E-13    0.25                     5.0E10                   2700                     6332.175332730802        3655.8831329080367       2502.294445801098
