1.28647                  0.1                      10                       5.331210322922322E-13    5.331240381545928E-13    0.25                     5.0E10                   2700                     5346.795509669528        3086.973826809584        2502.294445801098
1.28647                  0.12000000000000001      8.333333333333332        5.362912986286137E-13    5.363414982609768E-13    0.25                     5.0E10                   2700                     5346.795509669528        3086.973826809584        2502.294445801098
1.28647                  0.14                     7.1428571428571415       5.341383803680625E-13    5.339627084607746E-13    0.25                     5.0E10                   2700                     5346.795509669528        3086.973826809584        2502.294445801098
1.28647                  0.16                     6.249999999999999        5.33062031063319E-13     5.331697604531904E-13    0.25                     5.0E10                   2700                     5346.795509669528        3086.973826809584        2502.294445801098
1.28647                  0.18                     5.555555555555555        5.371919197685503E-13    5.372973673884099E-13    0.25                     5.0E10                   2700                     5346.795509669528        3086.973826809584        2502.294445801098
1.28647                  0.2                      5                        5.33211645025326E-13     5.331247779335138E-13    0.25                     5.0E10                   2700                     5346.795509669528        3086.973826809584        2502.294445801098
1.28647                  0.22                     4.545454545454546        5.362991179284972E-13    5.366719827683235E-13    0.25                     5.0E10                   2700                     5346.795509669528        3086.973826809584        2502.294445801098
1.28647                  0.24000000000000002      4.166666666666666        5.35655739623341E-13     5.362893043320264E-13    0.25                     5.0E10                   2700                     5346.795509669528        3086.973826809584        2502.294445801098
1.28647                  0.26                     3.846153846153846        5.342840343631634E-13    5.349109939662858E-13    0.25                     5.0E10                   2700                     5346.795509669528        3086.973826809584        2502.294445801098
1.28647                  0.28                     3.5714285714285707       5.366500729962111E-13    5.372082461559926E-13    0.25                     5.0E10                   2700                     5346.795509669528        3086.973826809584        2502.294445801098
1.28647                  0.30000000000000004      3.3333333333333326       5.365040583534131E-13    5.36543900407644E-13     0.25                     5.0E10                   2700                     5346.795509669528        3086.973826809584        2502.294445801098
1.28647                  0.32                     3.1249999999999996       5.344562426409761E-13    5.334350124295493E-13    0.25                     5.0E10                   2700                     5346.795509669528        3086.973826809584        2502.294445801098
1.28647                  0.33999999999999997      2.9411764705882355       5.396812439794921E-13    5.384469215135828E-13    0.25                     5.0E10                   2700                     5346.795509669528        3086.973826809584        2502.294445801098
1.28647                  0.36                     2.7777777777777777       5.388411947252243E-13    5.360114630197611E-13    0.25                     5.0E10                   2700                     5346.795509669528        3086.973826809584        2502.294445801098
1.28647                  0.38                     2.6315789473684212       5.413979367026016E-13    5.358442420854727E-13    0.25                     5.0E10                   2700                     5346.795509669528        3086.973826809584        2502.294445801098
1.28647                  0.4                      2.5                      5.429161681585428E-13    5.35639641404375E-13     0.25                     5.0E10                   2700                     5346.795509669528        3086.973826809584        2502.294445801098
1.28647                  0.42000000000000004      2.3809523809523805       5.477229351164321E-13    5.369112450535408E-13    0.25                     5.0E10                   2700                     5346.795509669528        3086.973826809584        2502.294445801098
1.28647                  0.44000000000000006      2.272727272727273        5.520031374433969E-13    5.397451428922774E-13    0.25                     5.0E10                   2700                     5346.795509669528        3086.973826809584        2502.294445801098
1.28647                  0.45999999999999996      2.173913043478261        5.579853917216694E-13    5.431214440656099E-13    0.25                     5.0E10                   2700                     5346.795509669528        3086.973826809584        2502.294445801098
1.28647                  0.48                     2.0833333333333335       5.605952280983207E-13    5.429175373625331E-13    0.25                     5.0E10                   2700                     5346.795509669528        3086.973826809584        2502.294445801098
1.28647                  0.5                      2                        5.618824254134317E-13    5.425887119860607E-13    0.25                     5.0E10                   2700                     5346.795509669528        3086.973826809584        2502.294445801098
1.28647                  0.52                     1.923076923076923        5.684108163184735E-13    5.476315839810955E-13    0.25                     5.0E10                   2700                     5346.795509669528        3086.973826809584        2502.294445801098
1.28647                  0.54                     1.8518518518518516       5.673684125323016E-13    5.444898813902777E-13    0.25                     5.0E10                   2700                     5346.795509669528        3086.973826809584        2502.294445801098
1.28647                  0.56                     1.7857142857142854       5.748070332468314E-13    5.485534138466277E-13    0.25                     5.0E10                   2700                     5346.795509669528        3086.973826809584        2502.294445801098
1.28647                  0.58                     1.7241379310344829       5.796654156315343E-13    5.510135079694866E-13    0.25                     5.0E10                   2700                     5346.795509669528        3086.973826809584        2502.294445801098
1.28647                  0.6                      1.6666666666666667       5.828840088261154E-13    5.526169767145319E-13    0.25                     5.0E10                   2700                     5346.795509669528        3086.973826809584        2502.294445801098
1.28647                  0.62                     1.6129032258064515       5.837948102375508E-13    5.513447087228329E-13    0.25                     5.0E10                   2700                     5346.795509669528        3086.973826809584        2502.294445801098
1.28647                  0.64                     1.5624999999999998       5.931196056022508E-13    5.5711996032636E-13      0.25                     5.0E10                   2700                     5346.795509669528        3086.973826809584        2502.294445801098
1.28647                  0.66                     1.515151515151515        5.924367545477706E-13    5.531143940577933E-13    0.25                     5.0E10                   2700                     5346.795509669528        3086.973826809584        2502.294445801098
1.28647                  0.6799999999999999       1.4705882352941178       5.95933420245284E-13     5.535611936352037E-13    0.25                     5.0E10                   2700                     5346.795509669528        3086.973826809584        2502.294445801098
1.28647                  0.7                      1.4285714285714286       6.017017517034737E-13    5.565797988797504E-13    0.25                     5.0E10                   2700                     5346.795509669528        3086.973826809584        2502.294445801098
1.28647                  0.72                     1.3888888888888888       6.063801948689381E-13    5.581384144470536E-13    0.25                     5.0E10                   2700                     5346.795509669528        3086.973826809584        2502.294445801098
1.28647                  0.74                     1.3513513513513513       6.177269691023527E-13    5.654454549801819E-13    0.25                     5.0E10                   2700                     5346.795509669528        3086.973826809584        2502.294445801098
1.28647                  0.76                     1.3157894736842106       6.266688789348078E-13    5.702633821452966E-13    0.25                     5.0E10                   2700                     5346.795509669528        3086.973826809584        2502.294445801098
1.28647                  0.78                     1.2820512820512822       6.250331097190234E-13    5.653796788577287E-13    0.25                     5.0E10                   2700                     5346.795509669528        3086.973826809584        2502.294445801098
1.28647                  0.8                      1.25                     6.218885932497555E-13    5.596026541121985E-13    0.25                     5.0E10                   2700                     5346.795509669528        3086.973826809584        2502.294445801098
1.28647                  0.82                     1.2195121951219514       6.239637801287348E-13    5.593404844851085E-13    0.25                     5.0E10                   2700                     5346.795509669528        3086.973826809584        2502.294445801098
1.28647                  0.84                     1.1904761904761905       6.268133430006382E-13    5.606464047140363E-13    0.25                     5.0E10                   2700                     5346.795509669528        3086.973826809584        2502.294445801098
1.28647                  0.86                     1.1627906976744187       6.28029071156685E-13     5.606340848378577E-13    0.25                     5.0E10                   2700                     5346.795509669528        3086.973826809584        2502.294445801098
1.28647                  0.88                     1.1363636363636365       6.298608472320988E-13    5.610269442251742E-13    0.25                     5.0E10                   2700                     5346.795509669528        3086.973826809584        2502.294445801098
1.28647                  0.9                      1.1111111111111112       6.343928753370543E-13    5.635618379288334E-13    0.25                     5.0E10                   2700                     5346.795509669528        3086.973826809584        2502.294445801098
1.28647                  0.92                     1.0869565217391304       6.391987718372075E-13    5.66134695397388E-13     0.25                     5.0E10                   2700                     5346.795509669528        3086.973826809584        2502.294445801098
1.28647                  0.94                     1.0638297872340425       6.409814503302332E-13    5.660363531697929E-13    0.25                     5.0E10                   2700                     5346.795509669528        3086.973826809584        2502.294445801098
1.28647                  0.96                     1.0416666666666667       6.400623968963177E-13    5.637715369798524E-13    0.25                     5.0E10                   2700                     5346.795509669528        3086.973826809584        2502.294445801098
1.28647                  0.98                     1.0204081632653061       6.396630688823121E-13    5.623617334777307E-13    0.25                     5.0E10                   2700                     5346.795509669528        3086.973826809584        2502.294445801098
1.28647                  1                        1                        6.420861052967601E-13    5.639019444110237E-13    0.25                     5.0E10                   2700                     5346.795509669528        3086.973826809584        2502.294445801098
1.28647                  1.02                     0.9803921568627452       6.469136490626037E-13    5.684355204930658E-13    0.25                     5.0E10                   2700                     5346.795509669528        3086.973826809584        2502.294445801098
1.28647                  1.04                     0.9615384615384615       6.509450931268405E-13    5.729837912353853E-13    0.25                     5.0E10                   2700                     5346.795509669528        3086.973826809584        2502.294445801098
1.28647                  1.06                     0.9433962264150944       6.511141821981178E-13    5.746555245029973E-13    0.25                     5.0E10                   2700                     5346.795509669528        3086.973826809584        2502.294445801098
1.28647                  1.08                     0.9259259259259258       6.463589983083563E-13    5.722003695779119E-13    0.25                     5.0E10                   2700                     5346.795509669528        3086.973826809584        2502.294445801098
1.28647                  1.1                      0.909090909090909        6.378999568818589E-13    5.663808316585293E-13    0.25                     5.0E10                   2700                     5346.795509669528        3086.973826809584        2502.294445801098
1.28647                  1.12                     0.8928571428571427       6.279519535048024E-13    5.589853162602502E-13    0.25                     5.0E10                   2700                     5346.795509669528        3086.973826809584        2502.294445801098
1.28647                  1.1400000000000001       0.8771929824561403       6.186490221043648E-13    5.517109273072483E-13    0.25                     5.0E10                   2700                     5346.795509669528        3086.973826809584        2502.294445801098
1.28647                  1.1600000000000001       0.8620689655172412       6.109060025121354E-13    5.45475102660677E-13     0.25                     5.0E10                   2700                     5346.795509669528        3086.973826809584        2502.294445801098
1.28647                  1.1800000000000002       0.8474576271186439       6.049400817578331E-13    5.405636194736477E-13    0.25                     5.0E10                   2700                     5346.795509669528        3086.973826809584        2502.294445801098
1.28647                  1.2000000000000002       0.8333333333333331       6.005924835545526E-13    5.369525011906204E-13    0.25                     5.0E10                   2700                     5346.795509669528        3086.973826809584        2502.294445801098
1.28647                  1.2200000000000002       0.8196721311475409       5.976842360953512E-13    5.346029306724153E-13    0.25                     5.0E10                   2700                     5346.795509669528        3086.973826809584        2502.294445801098
1.28647                  1.2400000000000002       0.8064516129032256       5.961653276458396E-13    5.335822893176357E-13    0.25                     5.0E10                   2700                     5346.795509669528        3086.973826809584        2502.294445801098
1.28647                  1.26                     0.7936507936507936       5.960946359806723E-13    5.340565637778664E-13    0.25                     5.0E10                   2700                     5346.795509669528        3086.973826809584        2502.294445801098
1.28647                  1.28                     0.7812499999999999       5.97449875316367E-13     5.360688469958261E-13    0.25                     5.0E10                   2700                     5346.795509669528        3086.973826809584        2502.294445801098
1.28647                  1.3                      0.7692307692307692       6.000321593717198E-13    5.395075153119575E-13    0.25                     5.0E10                   2700                     5346.795509669528        3086.973826809584        2502.294445801098
1.28647                  1.32                     0.7575757575757575       6.033837455566983E-13    5.440086347515371E-13    0.25                     5.0E10                   2700                     5346.795509669528        3086.973826809584        2502.294445801098
1.28647                  1.34                     0.7462686567164178       6.068247324698037E-13    5.489833796472799E-13    0.25                     5.0E10                   2700                     5346.795509669528        3086.973826809584        2502.294445801098
1.28647                  1.36                     0.7352941176470588       6.095524400110956E-13    5.537010120888416E-13    0.25                     5.0E10                   2700                     5346.795509669528        3086.973826809584        2502.294445801098
1.28647                  1.3800000000000001       0.7246376811594203       6.107923171806999E-13    5.574212034709889E-13    0.25                     5.0E10                   2700                     5346.795509669528        3086.973826809584        2502.294445801098
1.28647                  1.4000000000000001       0.7142857142857142       6.099570577893823E-13    5.59539950082905E-13     0.25                     5.0E10                   2700                     5346.795509669528        3086.973826809584        2502.294445801098
1.28647                  1.4200000000000002       0.704225352112676        6.06767675849732E-13     5.597085946847209E-13    0.25                     5.0E10                   2700                     5346.795509669528        3086.973826809584        2502.294445801098
1.28647                  1.4400000000000002       0.6944444444444444       6.013582905150424E-13    5.579002777684798E-13    0.25                     5.0E10                   2700                     5346.795509669528        3086.973826809584        2502.294445801098
1.28647                  1.4600000000000002       0.6849315068493149       5.940005476206851E-13    5.543476096259993E-13    0.25                     5.0E10                   2700                     5346.795509669528        3086.973826809584        2502.294445801098
1.28647                  1.4800000000000002       0.6756756756756755       5.853181925122672E-13    5.495010970733716E-13    0.25                     5.0E10                   2700                     5346.795509669528        3086.973826809584        2502.294445801098
1.28647                  1.5000000000000002       0.6666666666666665       5.759669588191397E-13    5.439042101720866E-13    0.25                     5.0E10                   2700                     5346.795509669528        3086.973826809584        2502.294445801098
1.28647                  1.52                     0.6578947368421053       5.665652332533631E-13    5.380931196205427E-13    0.25                     5.0E10                   2700                     5346.795509669528        3086.973826809584        2502.294445801098
1.28647                  1.54                     0.6493506493506493       5.576186988635567E-13    5.325237536589234E-13    0.25                     5.0E10                   2700                     5346.795509669528        3086.973826809584        2502.294445801098
1.28647                  1.56                     0.6410256410256411       5.494855214891535E-13    5.275335160144893E-13    0.25                     5.0E10                   2700                     5346.795509669528        3086.973826809584        2502.294445801098
1.28647                  1.58                     0.6329113924050632       5.423736394695867E-13    5.233320657577115E-13    0.25                     5.0E10                   2700                     5346.795509669528        3086.973826809584        2502.294445801098
1.28647                  1.6                      0.625                    5.363579909269468E-13    5.200113169415228E-13    0.25                     5.0E10                   2700                     5346.795509669528        3086.973826809584        2502.294445801098
1.28647                  1.62                     0.6172839506172839       5.314077559379564E-13    5.175662344689714E-13    0.25                     5.0E10                   2700                     5346.795509669528        3086.973826809584        2502.294445801098
1.28647                  1.6400000000000001       0.6097560975609756       5.274149120543206E-13    5.159181415152857E-13    0.25                     5.0E10                   2700                     5346.795509669528        3086.973826809584        2502.294445801098
1.28647                  1.6600000000000001       0.6024096385542168       5.242221690395315E-13    5.149389708729124E-13    0.25                     5.0E10                   2700                     5346.795509669528        3086.973826809584        2502.294445801098
1.28647                  1.6800000000000002       0.5952380952380951       5.217385420005452E-13    5.145821172653474E-13    0.25                     5.0E10                   2700                     5346.795509669528        3086.973826809584        2502.294445801098
1.28647                  1.7000000000000002       0.588235294117647        5.196027919023551E-13    5.144735098468956E-13    0.25                     5.0E10                   2700                     5346.795509669528        3086.973826809584        2502.294445801098
1.28647                  1.7200000000000002       0.5813953488372092       5.177154910993675E-13    5.14549506169427E-13     0.25                     5.0E10                   2700                     5346.795509669528        3086.973826809584        2502.294445801098
1.28647                  1.7400000000000002       0.5747126436781609       5.159204703406703E-13    5.146672398032617E-13    0.25                     5.0E10                   2700                     5346.795509669528        3086.973826809584        2502.294445801098
1.28647                  1.7600000000000002       0.5681818181818182       5.140911226514557E-13    5.147091639737874E-13    0.25                     5.0E10                   2700                     5346.795509669528        3086.973826809584        2502.294445801098
1.28647                  1.78                     0.5617977528089887       5.121342727459739E-13    5.145872067912715E-13    0.25                     5.0E10                   2700                     5346.795509669528        3086.973826809584        2502.294445801098
1.28647                  1.8                      0.5555555555555556       5.09989589722979E-13     5.142434831010913E-13    0.25                     5.0E10                   2700                     5346.795509669528        3086.973826809584        2502.294445801098
1.28647                  1.82                     0.5494505494505494       5.07627348171582E-13     5.136484910498013E-13    0.25                     5.0E10                   2700                     5346.795509669528        3086.973826809584        2502.294445801098
1.28647                  1.84                     0.5434782608695652       5.05043761057363E-13     5.127972514779099E-13    0.25                     5.0E10                   2700                     5346.795509669528        3086.973826809584        2502.294445801098
1.28647                  1.86                     0.5376344086021505       5.022553633452137E-13    5.117042961157079E-13    0.25                     5.0E10                   2700                     5346.795509669528        3086.973826809584        2502.294445801098
1.28647                  1.8800000000000001       0.5319148936170213       4.992931192997684E-13    5.103982391891712E-13    0.25                     5.0E10                   2700                     5346.795509669528        3086.973826809584        2502.294445801098
1.28647                  1.9000000000000001       0.5263157894736842       4.961968764947195E-13    5.089165547735182E-13    0.25                     5.0E10                   2700                     5346.795509669528        3086.973826809584        2502.294445801098
1.28647                  1.9200000000000002       0.5208333333333333       4.930105918813918E-13    5.073010011522834E-13    0.25                     5.0E10                   2700                     5346.795509669528        3086.973826809584        2502.294445801098
1.28647                  1.9400000000000002       0.5154639175257731       4.897785545061377E-13    5.05593942593452E-13     0.25                     5.0E10                   2700                     5346.795509669528        3086.973826809584        2502.294445801098
1.28647                  1.9600000000000002       0.5102040816326531       4.865425060495565E-13    5.038356057613681E-13    0.25                     5.0E10                   2700                     5346.795509669528        3086.973826809584        2502.294445801098
1.28647                  1.9800000000000002       0.505050505050505        4.833404994263575E-13    5.020624947177702E-13    0.25                     5.0E10                   2700                     5346.795509669528        3086.973826809584        2502.294445801098
1.28647                  2                        0.5                      4.80226985692718E-13     5.003142820448992E-13    0.25                     5.0E10                   2700                     5346.795509669528        3086.973826809584        2502.294445801098
1.28647                  2.02                     0.4950495049504951       4.771847784392153E-13    4.986007998499178E-13    0.25                     5.0E10                   2700                     5346.795509669528        3086.973826809584        2502.294445801098
1.28647                  2.04                     0.4901960784313726       4.74258671928602E-13     4.969520885171131E-13    0.25                     5.0E10                   2700                     5346.795509669528        3086.973826809584        2502.294445801098
1.28647                  2.06                     0.48543689320388345      4.714661656870546E-13    4.95385105269116E-13     0.25                     5.0E10                   2700                     5346.795509669528        3086.973826809584        2502.294445801098
1.28647                  2.08                     0.4807692307692307       4.688207102094358E-13    4.939128995429837E-13    0.25                     5.0E10                   2700                     5346.795509669528        3086.973826809584        2502.294445801098
1.28647                  2.1                      0.47619047619047616      4.663323939877568E-13    4.925452989891779E-13    0.25                     5.0E10                   2700                     5346.795509669528        3086.973826809584        2502.294445801098
1.28647                  2.12                     0.4716981132075472       4.640086084893561E-13    4.912895813521416E-13    0.25                     5.0E10                   2700                     5346.795509669528        3086.973826809584        2502.294445801098
1.28647                  2.14                     0.46728971962616817      4.618546439764599E-13    4.901510816702153E-13    0.25                     5.0E10                   2700                     5346.795509669528        3086.973826809584        2502.294445801098
1.28647                  2.16                     0.4629629629629629       4.59874190649359E-13     4.891337058724065E-13    0.25                     5.0E10                   2700                     5346.795509669528        3086.973826809584        2502.294445801098
1.28647                  2.18                     0.4587155963302752       4.580697358081692E-13    4.882403386038156E-13    0.25                     5.0E10                   2700                     5346.795509669528        3086.973826809584        2502.294445801098
1.28647                  2.2                      0.4545454545454545       4.564428228997965E-13    4.874731464344125E-13    0.25                     5.0E10                   2700                     5346.795509669528        3086.973826809584        2502.294445801098
1.28647                  2.22                     0.45045045045045035      4.549943975849424E-13    4.868337777988373E-13    0.25                     5.0E10                   2700                     5346.795509669528        3086.973826809584        2502.294445801098
1.28647                  2.24                     0.44642857142857134      4.537247220438541E-13    4.863234899486155E-13    0.25                     5.0E10                   2700                     5346.795509669528        3086.973826809584        2502.294445801098
1.28647                  2.2600000000000002       0.44247787610619466      4.5263357508520077E-13   4.8594319628783E-13      0.25                     5.0E10                   2700                     5346.795509669528        3086.973826809584        2502.294445801098
1.28647                  2.2800000000000002       0.43859649122807015      4.517202328373175E-13    4.856934661494319E-13    0.25                     5.0E10                   2700                     5346.795509669528        3086.973826809584        2502.294445801098
1.28647                  2.3000000000000003       0.43478260869565216      4.5098345058170395E-13   4.855744863881384E-13    0.25                     5.0E10                   2700                     5346.795509669528        3086.973826809584        2502.294445801098
1.28647                  2.3200000000000003       0.4310344827586206       4.504214243243928E-13    4.855859994592929E-13    0.25                     5.0E10                   2700                     5346.795509669528        3086.973826809584        2502.294445801098
1.28647                  2.3400000000000003       0.4273504273504273       4.500317426029633E-13    4.857272296936868E-13    0.25                     5.0E10                   2700                     5346.795509669528        3086.973826809584        2502.294445801098
1.28647                  2.3600000000000003       0.42372881355932196      4.4981133689277344E-13   4.859968072925981E-13    0.25                     5.0E10                   2700                     5346.795509669528        3086.973826809584        2502.294445801098
1.28647                  2.3800000000000003       0.4201680672268907       4.4975643684748683E-13   4.863926973743363E-13    0.25                     5.0E10                   2700                     5346.795509669528        3086.973826809584        2502.294445801098
1.28647                  2.4000000000000004       0.4166666666666666       4.498625348659769E-13    4.869121394663357E-13    0.25                     5.0E10                   2700                     5346.795509669528        3086.973826809584        2502.294445801098
1.28647                  2.42                     0.4132231404958677       4.501243628555615E-13    4.87551601068466E-13     0.25                     5.0E10                   2700                     5346.795509669528        3086.973826809584        2502.294445801098
1.28647                  2.44                     0.4098360655737705       4.505358828608093E-13    4.883067474982359E-13    0.25                     5.0E10                   2700                     5346.795509669528        3086.973826809584        2502.294445801098
1.28647                  2.46                     0.4065040650406504       4.5109029221648496E-13   4.891724290515499E-13    0.25                     5.0E10                   2700                     5346.795509669528        3086.973826809584        2502.294445801098
1.28647                  2.48                     0.4032258064516129       4.5178004315587893E-13   4.901426856242871E-13    0.25                     5.0E10                   2700                     5346.795509669528        3086.973826809584        2502.294445801098
1.28647                  2.5                      0.4                      4.528043959157988E-13    4.91348364340554E-13     0.25                     5.0E10                   2700                     5346.795509669528        3086.973826809584        2502.294445801098
1.28647                  2.52                     0.3968253968253968       4.537387394001479E-13    4.92506555951897E-13     0.25                     5.0E10                   2700                     5346.795509669528        3086.973826809584        2502.294445801098
1.28647                  2.54                     0.39370078740157477      4.547809363276902E-13    4.93746199739671E-13     0.25                     5.0E10                   2700                     5346.795509669528        3086.973826809584        2502.294445801098
1.28647                  2.56                     0.39062499999999994      4.559207873307385E-13    4.95058331790515E-13     0.25                     5.0E10                   2700                     5346.795509669528        3086.973826809584        2502.294445801098
1.28647                  2.58                     0.38759689922480617      4.571477824126439E-13    4.964335708791205E-13    0.25                     5.0E10                   2700                     5346.795509669528        3086.973826809584        2502.294445801098
1.28647                  2.6                      0.3846153846153846       4.584510494267291E-13    4.978620797376981E-13    0.25                     5.0E10                   2700                     5346.795509669528        3086.973826809584        2502.294445801098
1.28647                  2.62                     0.3816793893129771       4.598194429251985E-13    4.99333657113757E-13     0.25                     5.0E10                   2700                     5346.795509669528        3086.973826809584        2502.294445801098
1.28647                  2.64                     0.37878787878787873      4.612416373997275E-13    5.008378357283142E-13    0.25                     5.0E10                   2700                     5346.795509669528        3086.973826809584        2502.294445801098
1.28647                  2.66                     0.37593984962406013      4.627062234331742E-13    5.02363984365064E-13     0.25                     5.0E10                   2700                     5346.795509669528        3086.973826809584        2502.294445801098
1.28647                  2.68                     0.3731343283582089       4.642018052673988E-13    5.039014123204632E-13    0.25                     5.0E10                   2700                     5346.795509669528        3086.973826809584        2502.294445801098
1.28647                  2.7                      0.37037037037037035      4.657170982710038E-13    5.054394744434766E-13    0.25                     5.0E10                   2700                     5346.795509669528        3086.973826809584        2502.294445801098
1.28647                  2.72                     0.3676470588235294       4.672410248564554E-13    5.069676750528316E-13    0.25                     5.0E10                   2700                     5346.795509669528        3086.973826809584        2502.294445801098
1.28647                  2.74                     0.36496350364963503      4.687628074024082E-13    5.084757690738845E-13    0.25                     5.0E10                   2700                     5346.795509669528        3086.973826809584        2502.294445801098
1.28647                  2.7600000000000002       0.36231884057971014      4.702720567819659E-13    5.099538587833772E-13    0.25                     5.0E10                   2700                     5346.795509669528        3086.973826809584        2502.294445801098
1.28647                  2.7800000000000002       0.35971223021582727      4.717588552097357E-13    5.113924846945709E-13    0.25                     5.0E10                   2700                     5346.795509669528        3086.973826809584        2502.294445801098
1.28647                  2.8000000000000003       0.3571428571428571       4.732138322120079E-13    5.127827092269447E-13    0.25                     5.0E10                   2700                     5346.795509669528        3086.973826809584        2502.294445801098
1.28647                  2.8200000000000003       0.35460992907801414      4.746282326511171E-13    5.141161919501867E-13    0.25                     5.0E10                   2700                     5346.795509669528        3086.973826809584        2502.294445801098
1.28647                  2.8400000000000003       0.352112676056338        4.759939758964955E-13    5.153852553981073E-13    0.25                     5.0E10                   2700                     5346.795509669528        3086.973826809584        2502.294445801098
1.28647                  2.8600000000000003       0.3496503496503496       4.773037054293228E-13    5.165829406343666E-13    0.25                     5.0E10                   2700                     5346.795509669528        3086.973826809584        2502.294445801098
1.28647                  2.8800000000000003       0.3472222222222222       4.785508283392568E-13    5.177030519780063E-13    0.25                     5.0E10                   2700                     5346.795509669528        3086.973826809584        2502.294445801098
1.28647                  2.9000000000000004       0.3448275862068965       4.797295443991564E-13    5.187401905281072E-13    0.25                     5.0E10                   2700                     5346.795509669528        3086.973826809584        2502.294445801098
1.28647                  2.92                     0.34246575342465757      4.808348613268038E-13    5.19689774019867E-13     0.25                     5.0E10                   2700                     5346.795509669528        3086.973826809584        2502.294445801098
1.28647                  2.94                     0.3401360544217687       4.818626234822387E-13    5.205480633672846E-13    0.25                     5.0E10                   2700                     5346.795509669528        3086.973826809584        2502.294445801098
1.28647                  2.96                     0.33783783783783783      4.82809467653352E-13     5.213121298714223E-13    0.25                     5.0E10                   2700                     5346.795509669528        3086.973826809584        2502.294445801098
1.28647                  2.98                     0.3355704697986577       4.836728472337227E-13    5.219798733479268E-13    0.25                     5.0E10                   2700                     5346.795509669528        3086.973826809584        2502.294445801098
1.28647                  3                        0.3333333333333333       4.844510008044213E-13    5.22549993477456E-13     0.25                     5.0E10                   2700                     5346.795509669528        3086.973826809584        2502.294445801098
1.28647                  3.02                     0.33112582781456956      4.851429234361095E-13    5.230219611290708E-13    0.25                     5.0E10                   2700                     5346.795509669528        3086.973826809584        2502.294445801098
1.28647                  3.04                     0.32894736842105265      4.857483307909981E-13    5.233959819132396E-13    0.25                     5.0E10                   2700                     5346.795509669528        3086.973826809584        2502.294445801098
1.28647                  3.06                     0.32679738562091504      4.862676170232421E-13    5.236729530474433E-13    0.25                     5.0E10                   2700                     5346.795509669528        3086.973826809584        2502.294445801098
1.28647                  3.08                     0.3246753246753247       4.86701807552471E-13     5.238544146759643E-13    0.25                     5.0E10                   2700                     5346.795509669528        3086.973826809584        2502.294445801098
1.28647                  3.1                      0.32258064516129037      4.870525078030409E-13    5.239424968232854E-13    0.25                     5.0E10                   2700                     5346.795509669528        3086.973826809584        2502.294445801098
1.28647                  3.12                     0.32051282051282054      4.873218489675099E-13    5.239398631174771E-13    0.25                     5.0E10                   2700                     5346.795509669528        3086.973826809584        2502.294445801098
1.28647                  3.14                     0.3184713375796178       4.875124318721023E-13    5.238496524291445E-13    0.25                     5.0E10                   2700                     5346.795509669528        3086.973826809584        2502.294445801098
1.28647                  3.16                     0.3164556962025316       4.876272699173618E-13    5.23675419472014E-13     0.25                     5.0E10                   2700                     5346.795509669528        3086.973826809584        2502.294445801098
1.28647                  3.18                     0.31446540880503143      4.876697320242779E-13    5.234210753598614E-13    0.25                     5.0E10                   2700                     5346.795509669528        3086.973826809584        2502.294445801098
1.28647                  3.2                      0.3125                   4.876434864104852E-13    5.230908290003557E-13    0.25                     5.0E10                   2700                     5346.795509669528        3086.973826809584        2502.294445801098
1.28647                  3.22                     0.31055900621118004      4.875524459368601E-13    5.226891301172892E-13    0.25                     5.0E10                   2700                     5346.795509669528        3086.973826809584        2502.294445801098
1.28647                  3.24                     0.30864197530864196      4.874007156402497E-13    5.22220614552931E-13     0.25                     5.0E10                   2700                     5346.795509669528        3086.973826809584        2502.294445801098
1.28647                  3.2600000000000002       0.3067484662576687       4.871925429769922E-13    5.216900524208753E-13    0.25                     5.0E10                   2700                     5346.795509669528        3086.973826809584        2502.294445801098
1.28647                  3.2800000000000002       0.3048780487804878       4.869322711950521E-13    5.211022995402282E-13    0.25                     5.0E10                   2700                     5346.795509669528        3086.973826809584        2502.294445801098
1.28647                  3.3000000000000003       0.30303030303030304      4.866242961325518E-13    5.204622524881244E-13    0.25                     5.0E10                   2700                     5346.795509669528        3086.973826809584        2502.294445801098
1.28647                  3.3200000000000003       0.3012048192771084       4.862730266634325E-13    5.19774807477189E-13     0.25                     5.0E10                   2700                     5346.795509669528        3086.973826809584        2502.294445801098
1.28647                  3.3400000000000003       0.29940119760479045      4.858875452771015E-13    5.190535421229245E-13    0.25                     5.0E10                   2700                     5346.795509669528        3086.973826809584        2502.294445801098
1.28647                  3.3600000000000003       0.29761904761904756      4.85462136320873E-13     5.182846430765465E-13    0.25                     5.0E10                   2700                     5346.795509669528        3086.973826809584        2502.294445801098
1.28647                  3.3800000000000003       0.29585798816568043      4.850063649582841E-13    5.174826417722301E-13    0.25                     5.0E10                   2700                     5346.795509669528        3086.973826809584        2502.294445801098
1.28647                  3.4000000000000004       0.2941176470588235       4.845243788230334E-13    5.166521095806786E-13    0.25                     5.0E10                   2700                     5346.795509669528        3086.973826809584        2502.294445801098
1.28647                  3.4200000000000004       0.29239766081871343      4.840201972629843E-13    5.157974713480738E-13    0.25                     5.0E10                   2700                     5346.795509669528        3086.973826809584        2502.294445801098
1.28647                  3.44                     0.29069767441860467      4.834976937631772E-13    5.149229874094193E-13    0.25                     5.0E10                   2700                     5346.795509669528        3086.973826809584        2502.294445801098
1.28647                  3.46                     0.2890173410404624       4.829605815610077E-13    5.140327389919293E-13    0.25                     5.0E10                   2700                     5346.795509669528        3086.973826809584        2502.294445801098
1.28647                  3.48                     0.28735632183908044      4.824124022780956E-13    5.131306167601616E-13    0.25                     5.0E10                   2700                     5346.795509669528        3086.973826809584        2502.294445801098
1.28647                  3.5                      0.2857142857142857       4.818565172798802E-13    5.122203122409539E-13    0.25                     5.0E10                   2700                     5346.795509669528        3086.973826809584        2502.294445801098
1.28647                  3.52                     0.2840909090909091       4.812962046020778E-13    5.113053945935245E-13    0.25                     5.0E10                   2700                     5346.795509669528        3086.973826809584        2502.294445801098
1.28647                  3.54                     0.2824858757062147       4.807342444174183E-13    5.103889757706235E-13    0.25                     5.0E10                   2700                     5346.795509669528        3086.973826809584        2502.294445801098
1.28647                  3.56                     0.28089887640449435      4.801735309685632E-13    5.094742066659615E-13    0.25                     5.0E10                   2700                     5346.795509669528        3086.973826809584        2502.294445801098
1.28647                  3.58                     0.2793296089385475       4.796166647759678E-13    5.085639452203261E-13    0.25                     5.0E10                   2700                     5346.795509669528        3086.973826809584        2502.294445801098
1.28647                  3.6                      0.2777777777777778       4.790660556910171E-13    5.076608416292678E-13    0.25                     5.0E10                   2700                     5346.795509669528        3086.973826809584        2502.294445801098
1.28647                  3.62                     0.27624309392265195      4.785239256765012E-13    5.067673417264571E-13    0.25                     5.0E10                   2700                     5346.795509669528        3086.973826809584        2502.294445801098
1.28647                  3.64                     0.2747252747252747       4.779923127845663E-13    5.0588569153847E-13      0.25                     5.0E10                   2700                     5346.795509669528        3086.973826809584        2502.294445801098
1.28647                  3.66                     0.27322404371584696      4.774730760269712E-13    5.050179428232551E-13    0.25                     5.0E10                   2700                     5346.795509669528        3086.973826809584        2502.294445801098
1.28647                  3.68                     0.2717391304347826       4.769679010560093E-13    5.041659594059461E-13    0.25                     5.0E10                   2700                     5346.795509669528        3086.973826809584        2502.294445801098
1.28647                  3.7                      0.2702702702702703       4.764783064395119E-13    5.033314241292751E-13    0.25                     5.0E10                   2700                     5346.795509669528        3086.973826809584        2502.294445801098
1.28647                  3.72                     0.26881720430107525      4.760056504409189E-13    5.025158463138309E-13    0.25                     5.0E10                   2700                     5346.795509669528        3086.973826809584        2502.294445801098
1.28647                  3.74                     0.267379679144385        4.755511381389989E-13    5.01720569566408E-13     0.25                     5.0E10                   2700                     5346.795509669528        3086.973826809584        2502.294445801098
1.28647                  3.7600000000000002       0.26595744680851063      4.751158287968026E-13    5.009467798144939E-13    0.25                     5.0E10                   2700                     5346.795509669528        3086.973826809584        2502.294445801098
1.28647                  3.7800000000000002       0.26455026455026454      4.747006433849075E-13    5.001955134968354E-13    0.25                     5.0E10                   2700                     5346.795509669528        3086.973826809584        2502.294445801098
1.28647                  3.8000000000000003       0.2631578947368421       4.743063721647253E-13    4.994676657945951E-13    0.25                     5.0E10                   2700                     5346.795509669528        3086.973826809584        2502.294445801098
1.28647                  3.8200000000000003       0.26178010471204183      4.739336822691668E-13    4.98763998842571E-13     0.25                     5.0E10                   2700                     5346.795509669528        3086.973826809584        2502.294445801098
1.28647                  3.8400000000000003       0.26041666666666663      4.735831252170463E-13    4.980851498516374E-13    0.25                     5.0E10                   2700                     5346.795509669528        3086.973826809584        2502.294445801098
1.28647                  3.8600000000000003       0.25906735751295334      4.732551443006535E-13    4.974316390850046E-13    0.25                     5.0E10                   2700                     5346.795509669528        3086.973826809584        2502.294445801098
1.28647                  3.8800000000000003       0.25773195876288657      4.729500818224601E-13    4.968038776581843E-13    0.25                     5.0E10                   2700                     5346.795509669528        3086.973826809584        2502.294445801098
1.28647                  3.9000000000000004       0.2564102564102564       4.726681861305821E-13    4.96202175112467E-13     0.25                     5.0E10                   2700                     5346.795509669528        3086.973826809584        2502.294445801098
1.28647                  3.9200000000000004       0.25510204081632654      4.724096184314506E-13    4.95626746741311E-13     0.25                     5.0E10                   2700                     5346.795509669528        3086.973826809584        2502.294445801098
1.28647                  3.94                     0.25380710659898476      4.721744593597562E-13    4.950777206477351E-13    0.25                     5.0E10                   2700                     5346.795509669528        3086.973826809584        2502.294445801098
1.28647                  3.96                     0.2525252525252525       4.719627152905124E-13    4.945551445167767E-13    0.25                     5.0E10                   2700                     5346.795509669528        3086.973826809584        2502.294445801098
1.28647                  3.98                     0.25125628140703515      4.71774324367747E-13     4.940589920830976E-13    0.25                     5.0E10                   2700                     5346.795509669528        3086.973826809584        2502.294445801098
1.28647                  4                        0.25                     4.716091622783503E-13    4.935891693108234E-13    0.25                     5.0E10                   2700                     5346.795509669528        3086.973826809584        2502.294445801098
1.28647                  4.02                     0.24875621890547264      4.714670477244226E-13    4.931455202586655E-13    0.25                     5.0E10                   2700                     5346.795509669528        3086.973826809584        2502.294445801098
1.28647                  4.04                     0.24752475247524755      4.713477476173538E-13    4.927278326328294E-13    0.25                     5.0E10                   2700                     5346.795509669528        3086.973826809584        2502.294445801098
1.28647                  4.06                     0.24630541871921185      4.712509820001077E-13    4.923358430547284E-13    0.25                     5.0E10                   2700                     5346.795509669528        3086.973826809584        2502.294445801098
1.28647                  4.08                     0.2450980392156863       4.711764286887915E-13    4.919692420100065E-13    0.25                     5.0E10                   2700                     5346.795509669528        3086.973826809584        2502.294445801098
1.28647                  4.1                      0.24390243902439027      4.711237276364607E-13    4.916276785213725E-13    0.25                     5.0E10                   2700                     5346.795509669528        3086.973826809584        2502.294445801098
1.28647                  4.12                     0.24271844660194172      4.710924850495242E-13    4.913107645348812E-13    0.25                     5.0E10                   2700                     5346.795509669528        3086.973826809584        2502.294445801098
1.28647                  4.14                     0.2415458937198068       4.710822772319327E-13    4.910180790260425E-13    0.25                     5.0E10                   2700                     5346.795509669528        3086.973826809584        2502.294445801098
1.28647                  4.16                     0.24038461538461536      4.710926541952321E-13    4.90749171843475E-13     0.25                     5.0E10                   2700                     5346.795509669528        3086.973826809584        2502.294445801098
1.28647                  4.18                     0.2392344497607656       4.711231430229496E-13    4.905035673074685E-13    0.25                     5.0E10                   2700                     5346.795509669528        3086.973826809584        2502.294445801098
1.28647                  4.199999999999999        0.23809523809523814      4.71173251012271E-13     4.902807675448233E-13    0.25                     5.0E10                   2700                     5346.795509669528        3086.973826809584        2502.294445801098
1.28647                  4.22                     0.23696682464454977      4.712424685965673E-13    4.90080255617287E-13     0.25                     5.0E10                   2700                     5346.795509669528        3086.973826809584        2502.294445801098
1.28647                  4.239999999999999        0.23584905660377362      4.713302720612806E-13    4.899014983999849E-13    0.25                     5.0E10                   2700                     5346.795509669528        3086.973826809584        2502.294445801098
1.28647                  4.26                     0.2347417840375587       4.714361260619858E-13    4.897439492813684E-13    0.25                     5.0E10                   2700                     5346.795509669528        3086.973826809584        2502.294445801098
1.28647                  4.279999999999999        0.23364485981308417      4.715594859489955E-13    4.896070506234149E-13    0.25                     5.0E10                   2700                     5346.795509669528        3086.973826809584        2502.294445801098
1.28647                  4.3                      0.23255813953488372      4.716997999316823E-13    4.894902360836948E-13    0.25                     5.0E10                   2700                     5346.795509669528        3086.973826809584        2502.294445801098
1.28647                  4.319999999999999        0.23148148148148148      4.718565110541551E-13    4.893929327012233E-13    0.25                     5.0E10                   2700                     5346.795509669528        3086.973826809584        2502.294445801098
1.28647                  4.34                     0.2304147465437788       4.720290590245348E-13    4.893145628626548E-13    0.25                     5.0E10                   2700                     5346.795509669528        3086.973826809584        2502.294445801098
1.28647                  4.359999999999999        0.22935779816513763      4.722168818988703E-13    4.892545460930342E-13    0.25                     5.0E10                   2700                     5346.795509669528        3086.973826809584        2502.294445801098
1.28647                  4.38                     0.228310502283105        4.724196372132067E-13    4.89212470487809E-13     0.25                     5.0E10                   2700                     5346.795509669528        3086.973826809584        2502.294445801098
1.28647                  4.3999999999999995       0.22727272727272732      4.726363288373936E-13    4.891874189205048E-13    0.25                     5.0E10                   2700                     5346.795509669528        3086.973826809584        2502.294445801098
1.28647                  4.42                     0.22624434389140272      4.728666143153501E-13    4.891789775050011E-13    0.25                     5.0E10                   2700                     5346.795509669528        3086.973826809584        2502.294445801098
1.28647                  4.4399999999999995       0.22522522522522526      4.731099391674418E-13    4.891865693354988E-13    0.25                     5.0E10                   2700                     5346.795509669528        3086.973826809584        2502.294445801098
1.28647                  4.46                     0.2242152466367713       4.733657537082399E-13    4.892096215255645E-13    0.25                     5.0E10                   2700                     5346.795509669528        3086.973826809584        2502.294445801098
1.28647                  4.4799999999999995       0.2232142857142857       4.736335139929461E-13    4.892475662366855E-13    0.25                     5.0E10                   2700                     5346.795509669528        3086.973826809584        2502.294445801098
1.28647                  4.5                      0.22222222222222224      4.739126826894251E-13    4.892998415947333E-13    0.25                     5.0E10                   2700                     5346.795509669528        3086.973826809584        2502.294445801098
1.28647                  4.52                     0.22123893805309736      4.742027298330361E-13    4.893658925229442E-13    0.25                     5.0E10                   2700                     5346.795509669528        3086.973826809584        2502.294445801098
1.28647                  4.54                     0.22026431718061676      4.745031335293292E-13    4.894451714863669E-13    0.25                     5.0E10                   2700                     5346.795509669528        3086.973826809584        2502.294445801098
1.28647                  4.56                     0.21929824561403513      4.748133805514714E-13    4.895371391516076E-13    0.25                     5.0E10                   2700                     5346.795509669528        3086.973826809584        2502.294445801098
1.28647                  4.58                     0.21834061135371177      4.751329668938666E-13    4.89641264972383E-13     0.25                     5.0E10                   2700                     5346.795509669528        3086.973826809584        2502.294445801098
1.28647                  4.6                      0.2173913043478261       4.754613982303096E-13    4.897570277005779E-13    0.25                     5.0E10                   2700                     5346.795509669528        3086.973826809584        2502.294445801098
1.28647                  4.62                     0.21645021645021645      4.757981903314555E-13    4.898839158505319E-13    0.25                     5.0E10                   2700                     5346.795509669528        3086.973826809584        2502.294445801098
1.28647                  4.64                     0.21551724137931036      4.761428694167882E-13    4.900214280741047E-13    0.25                     5.0E10                   2700                     5346.795509669528        3086.973826809584        2502.294445801098
1.28647                  4.66                     0.2145922746781116       4.76494972451603E-13     4.901690735033835E-13    0.25                     5.0E10                   2700                     5346.795509669528        3086.973826809584        2502.294445801098
1.28647                  4.68                     0.21367521367521367      4.768540473892993E-13    4.903263720185626E-13    0.25                     5.0E10                   2700                     5346.795509669528        3086.973826809584        2502.294445801098
1.28647                  4.7                      0.2127659574468085       4.772196533905107E-13    4.904928545073664E-13    0.25                     5.0E10                   2700                     5346.795509669528        3086.973826809584        2502.294445801098
1.28647                  4.72                     0.211864406779661        4.775913609685647E-13    4.906680630287958E-13    0.25                     5.0E10                   2700                     5346.795509669528        3086.973826809584        2502.294445801098
1.28647                  4.739999999999999        0.21097046413502113      4.779687521259373E-13    4.90851550982586E-13     0.25                     5.0E10                   2700                     5346.795509669528        3086.973826809584        2502.294445801098
1.28647                  4.76                     0.21008403361344538      4.783514204234936E-13    4.910428831973601E-13    0.25                     5.0E10                   2700                     5346.795509669528        3086.973826809584        2502.294445801098
1.28647                  4.779999999999999        0.20920502092050208      4.787389710418174E-13    4.912416360257577E-13    0.25                     5.0E10                   2700                     5346.795509669528        3086.973826809584        2502.294445801098
1.28647                  4.8                      0.20833333333333334      4.791310208086956E-13    4.914473973858812E-13    0.25                     5.0E10                   2700                     5346.795509669528        3086.973826809584        2502.294445801098
1.28647                  4.819999999999999        0.2074688796680498       4.795271981842077E-13    4.916597667676338E-13    0.25                     5.0E10                   2700                     5346.795509669528        3086.973826809584        2502.294445801098
1.28647                  4.84                     0.20661157024793386      4.799271432313047E-13    4.918783552275408E-13    0.25                     5.0E10                   2700                     5346.795509669528        3086.973826809584        2502.294445801098
1.28647                  4.859999999999999        0.20576131687242802      4.803305075639067E-13    4.921027853503928E-13    0.25                     5.0E10                   2700                     5346.795509669528        3086.973826809584        2502.294445801098
1.28647                  4.88                     0.20491803278688525      4.807369542745531E-13    4.923326911939838E-13    0.25                     5.0E10                   2700                     5346.795509669528        3086.973826809584        2502.294445801098
1.28647                  4.8999999999999995       0.20408163265306126      4.811461578268083E-13    4.925677182082092E-13    0.25                     5.0E10                   2700                     5346.795509669528        3086.973826809584        2502.294445801098
1.28647                  4.92                     0.2032520325203252       4.815578039522029E-13    4.928075231312578E-13    0.25                     5.0E10                   2700                     5346.795509669528        3086.973826809584        2502.294445801098
1.28647                  4.9399999999999995       0.20242914979757085      4.81971589517451E-13     4.930517738942559E-13    0.25                     5.0E10                   2700                     5346.795509669528        3086.973826809584        2502.294445801098
1.28647                  4.96                     0.20161290322580644      4.823872223845937E-13    4.933001494669308E-13    0.25                     5.0E10                   2700                     5346.795509669528        3086.973826809584        2502.294445801098
1.28647                  4.9799999999999995       0.20080321285140565      4.828044212590047E-13    4.935523397397781E-13    0.25                     5.0E10                   2700                     5346.795509669528        3086.973826809584        2502.294445801098
1.28647                  5                        0.2                      4.83314935535717E-13     4.939226230420195E-13    0.25                     5.0E10                   2700                     5346.795509669528        3086.973826809584        2502.294445801098
1.28647                  5.02                     0.19920318725099603      4.837338889622238E-13    4.941809973666806E-13    0.25                     5.0E10                   2700                     5346.795509669528        3086.973826809584        2502.294445801098
1.28647                  5.04                     0.1984126984126984       4.841535980779999E-13    4.94442283329202E-13     0.25                     5.0E10                   2700                     5346.795509669528        3086.973826809584        2502.294445801098
1.28647                  5.06                     0.19762845849802374      4.845738247343546E-13    4.947062148589301E-13    0.25                     5.0E10                   2700                     5346.795509669528        3086.973826809584        2502.294445801098
1.28647                  5.08                     0.19685039370078738      4.849943406400209E-13    4.949725358433899E-13    0.25                     5.0E10                   2700                     5346.795509669528        3086.973826809584        2502.294445801098
1.28647                  5.1                      0.19607843137254904      4.854149271525381E-13    4.952409999442202E-13    0.25                     5.0E10                   2700                     5346.795509669528        3086.973826809584        2502.294445801098
1.28647                  5.12                     0.19531249999999997      4.858353750758123E-13    4.955113703865708E-13    0.25                     5.0E10                   2700                     5346.795509669528        3086.973826809584        2502.294445801098
1.28647                  5.14                     0.1945525291828794       4.862554844474814E-13    4.957834197678628E-13    0.25                     5.0E10                   2700                     5346.795509669528        3086.973826809584        2502.294445801098
1.28647                  5.16                     0.19379844961240308      4.866750643016187E-13    4.960569298349548E-13    0.25                     5.0E10                   2700                     5346.795509669528        3086.973826809584        2502.294445801098
1.28647                  5.18                     0.19305019305019305      4.87093932485477E-13     4.963316912842292E-13    0.25                     5.0E10                   2700                     5346.795509669528        3086.973826809584        2502.294445801098
1.28647                  5.2                      0.1923076923076923       4.87511915389396E-13     4.966075035482075E-13    0.25                     5.0E10                   2700                     5346.795509669528        3086.973826809584        2502.294445801098
1.28647                  5.22                     0.19157088122605365      4.879288477695275E-13    4.968841745683536E-13    0.25                     5.0E10                   2700                     5346.795509669528        3086.973826809584        2502.294445801098
1.28647                  5.239999999999999        0.19083969465648856      4.883445725018475E-13    4.971615205949313E-13    0.25                     5.0E10                   2700                     5346.795509669528        3086.973826809584        2502.294445801098
1.28647                  5.26                     0.19011406844106465      4.88758940350799E-13     4.974393659663579E-13    0.25                     5.0E10                   2700                     5346.795509669528        3086.973826809584        2502.294445801098
1.28647                  5.279999999999999        0.18939393939393942      4.89171809764798E-13     4.977175428769661E-13    0.25                     5.0E10                   2700                     5346.795509669528        3086.973826809584        2502.294445801098
1.28647                  5.3                      0.18867924528301888      4.89583046642489E-13     4.979958911899453E-13    0.25                     5.0E10                   2700                     5346.795509669528        3086.973826809584        2502.294445801098
1.28647                  5.319999999999999        0.1879699248120301       4.899925241126281E-13    4.982742581921936E-13    0.25                     5.0E10                   2700                     5346.795509669528        3086.973826809584        2502.294445801098
1.28647                  5.34                     0.18726591760299627      4.904001223158162E-13    4.985524984058032E-13    0.25                     5.0E10                   2700                     5346.795509669528        3086.973826809584        2502.294445801098
1.28647                  5.359999999999999        0.1865671641791045       4.908057281782831E-13    4.988304733546912E-13    0.25                     5.0E10                   2700                     5346.795509669528        3086.973826809584        2502.294445801098
1.28647                  5.38                     0.1858736059479554       4.912092352172011E-13    4.991080513694485E-13    0.25                     5.0E10                   2700                     5346.795509669528        3086.973826809584        2502.294445801098
1.28647                  5.3999999999999995       0.1851851851851852       4.916105432937347E-13    4.993851073676331E-13    0.25                     5.0E10                   2700                     5346.795509669528        3086.973826809584        2502.294445801098
1.28647                  5.42                     0.18450184501845018      4.920095584349001E-13    4.996615226567533E-13    0.25                     5.0E10                   2700                     5346.795509669528        3086.973826809584        2502.294445801098
1.28647                  5.4399999999999995       0.18382352941176472      4.924061926107455E-13    4.999371847240517E-13    0.25                     5.0E10                   2700                     5346.795509669528        3086.973826809584        2502.294445801098
1.28647                  5.46                     0.18315018315018314      4.928003635218639E-13    5.002119870412598E-13    0.25                     5.0E10                   2700                     5346.795509669528        3086.973826809584        2502.294445801098
1.28647                  5.4799999999999995       0.18248175182481755      4.931919944111358E-13    5.004858288570174E-13    0.25                     5.0E10                   2700                     5346.795509669528        3086.973826809584        2502.294445801098
1.28647                  5.5                      0.18181818181818182      4.935810138701908E-13    5.007586150179382E-13    0.25                     5.0E10                   2700                     5346.795509669528        3086.973826809584        2502.294445801098
1.28647                  5.52                     0.1811594202898551       4.939673556184544E-13    5.010302557618214E-13    0.25                     5.0E10                   2700                     5346.795509669528        3086.973826809584        2502.294445801098
1.28647                  5.54                     0.18050541516245486      4.943509583444065E-13    5.013006665426863E-13    0.25                     5.0E10                   2700                     5346.795509669528        3086.973826809584        2502.294445801098
1.28647                  5.56                     0.1798561151079137       4.947317655005711E-13    5.015697678376852E-13    0.25                     5.0E10                   2700                     5346.795509669528        3086.973826809584        2502.294445801098
1.28647                  5.58                     0.17921146953405018      4.951097251196969E-13    5.018374849695064E-13    0.25                     5.0E10                   2700                     5346.795509669528        3086.973826809584        2502.294445801098
1.28647                  5.6                      0.17857142857142858      4.954847896478997E-13    5.021037479323366E-13    0.25                     5.0E10                   2700                     5346.795509669528        3086.973826809584        2502.294445801098
1.28647                  5.62                     0.17793594306049823      4.958569157588841E-13    5.023684912189736E-13    0.25                     5.0E10                   2700                     5346.795509669528        3086.973826809584        2502.294445801098
1.28647                  5.64                     0.1773049645390071       4.962260641888695E-13    5.026316536429715E-13    0.25                     5.0E10                   2700                     5346.795509669528        3086.973826809584        2502.294445801098
1.28647                  5.66                     0.17667844522968196      4.965921995634579E-13    5.028931781881889E-13    0.25                     5.0E10                   2700                     5346.795509669528        3086.973826809584        2502.294445801098
1.28647                  5.68                     0.17605633802816903      4.969552902486532E-13    5.031530118327035E-13    0.25                     5.0E10                   2700                     5346.795509669528        3086.973826809584        2502.294445801098
1.28647                  5.7                      0.17543859649122806      4.97315308183746E-13     5.034111054089728E-13    0.25                     5.0E10                   2700                     5346.795509669528        3086.973826809584        2502.294445801098
1.28647                  5.72                     0.17482517482517484      4.976722287135578E-13    5.036674134268388E-13    0.25                     5.0E10                   2700                     5346.795509669528        3086.973826809584        2502.294445801098
1.28647                  5.739999999999999        0.17421602787456447      4.980260304697853E-13    5.039218939506877E-13    0.25                     5.0E10                   2700                     5346.795509669528        3086.973826809584        2502.294445801098
1.28647                  5.76                     0.1736111111111111       4.983766951922835E-13    5.041745084299088E-13    0.25                     5.0E10                   2700                     5346.795509669528        3086.973826809584        2502.294445801098
1.28647                  5.779999999999999        0.17301038062283738      4.987242076285826E-13    5.044252215860358E-13    0.25                     5.0E10                   2700                     5346.795509669528        3086.973826809584        2502.294445801098
1.28647                  5.8                      0.1724137931034483       4.990685553480067E-13    5.046740012390269E-13    0.25                     5.0E10                   2700                     5346.795509669528        3086.973826809584        2502.294445801098
1.28647                  5.819999999999999        0.17182130584192443      4.994097286389955E-13    5.049208182065564E-13    0.25                     5.0E10                   2700                     5346.795509669528        3086.973826809584        2502.294445801098
1.28647                  5.84                     0.17123287671232879      4.997482074726651E-13    5.05166084416147E-13     0.25                     5.0E10                   2700                     5346.795509669528        3086.973826809584        2502.294445801098
1.28647                  5.859999999999999        0.17064846416382254      5.000830201450831E-13    5.054089059390729E-13    0.25                     5.0E10                   2700                     5346.795509669528        3086.973826809584        2502.294445801098
1.28647                  5.88                     0.17006802721088435      5.004146443621509E-13    5.056496939358668E-13    0.25                     5.0E10                   2700                     5346.795509669528        3086.973826809584        2502.294445801098
1.28647                  5.8999999999999995       0.16949152542372883      5.007430800060027E-13    5.0588842989886E-13      0.25                     5.0E10                   2700                     5346.795509669528        3086.973826809584        2502.294445801098
1.28647                  5.92                     0.16891891891891891      5.010683290740054E-13    5.061250977016529E-13    0.25                     5.0E10                   2700                     5346.795509669528        3086.973826809584        2502.294445801098
1.28647                  5.9399999999999995       0.16835016835016836      5.013903955556902E-13    5.063596834797068E-13    0.25                     5.0E10                   2700                     5346.795509669528        3086.973826809584        2502.294445801098
1.28647                  5.96                     0.16778523489932884      5.017092853215239E-13    5.065921755224173E-13    0.25                     5.0E10                   2700                     5346.795509669528        3086.973826809584        2502.294445801098
1.28647                  5.9799999999999995       0.16722408026755856      5.020250060456281E-13    5.068225641760806E-13    0.25                     5.0E10                   2700                     5346.795509669528        3086.973826809584        2502.294445801098
1.28647                  6                        0.16666666666666666      5.023375670772816E-13    5.070508417380532E-13    0.25                     5.0E10                   2700                     5346.795509669528        3086.973826809584        2502.294445801098
1.28647                  6.02                     0.16611295681063123      5.026469793640499E-13    5.072770023598488E-13    0.25                     5.0E10                   2700                     5346.795509669528        3086.973826809584        2502.294445801098
1.28647                  6.04                     0.16556291390728478      5.029532553607724E-13    5.075010419611985E-13    0.25                     5.0E10                   2700                     5346.795509669528        3086.973826809584        2502.294445801098
1.28647                  6.06                     0.16501650165016504      5.032564089288071E-13    5.077229581305577E-13    0.25                     5.0E10                   2700                     5346.795509669528        3086.973826809584        2502.294445801098
1.28647                  6.08                     0.16447368421052633      5.035564552577414E-13    5.079427500383571E-13    0.25                     5.0E10                   2700                     5346.795509669528        3086.973826809584        2502.294445801098
1.28647                  6.1                      0.16393442622950818      5.038534107953327E-13    5.081604183675312E-13    0.25                     5.0E10                   2700                     5346.795509669528        3086.973826809584        2502.294445801098
1.28647                  6.12                     0.16339869281045752      5.041472931417862E-13    5.083759652085552E-13    0.25                     5.0E10                   2700                     5346.795509669528        3086.973826809584        2502.294445801098
1.28647                  6.14                     0.16286644951140067      5.044381209925748E-13    5.085893940028597E-13    0.25                     5.0E10                   2700                     5346.795509669528        3086.973826809584        2502.294445801098
1.28647                  6.16                     0.16233766233766234      5.047259140763018E-13    5.088007094593985E-13    0.25                     5.0E10                   2700                     5346.795509669528        3086.973826809584        2502.294445801098
1.28647                  6.18                     0.16181229773462782      5.050106930561412E-13    5.09009917477573E-13     0.25                     5.0E10                   2700                     5346.795509669528        3086.973826809584        2502.294445801098
1.28647                  6.2                      0.16129032258064518      5.052924794821164E-13    5.092170250885355E-13    0.25                     5.0E10                   2700                     5346.795509669528        3086.973826809584        2502.294445801098
1.28647                  6.22                     0.16077170418006428      5.055712957243757E-13    5.094220403808335E-13    0.25                     5.0E10                   2700                     5346.795509669528        3086.973826809584        2502.294445801098
1.28647                  6.24                     0.16025641025641027      5.058471649055219E-13    5.096249724363692E-13    0.25                     5.0E10                   2700                     5346.795509669528        3086.973826809584        2502.294445801098
1.28647                  6.26                     0.1597444089456869       5.061201108529847E-13    5.098258312742327E-13    0.25                     5.0E10                   2700                     5346.795509669528        3086.973826809584        2502.294445801098
1.28647                  6.279999999999999        0.15923566878980894      5.06390158035555E-13     5.100246277905048E-13    0.25                     5.0E10                   2700                     5346.795509669528        3086.973826809584        2502.294445801098
1.28647                  6.3                      0.15873015873015872      5.066573315028772E-13    5.102213736933224E-13    0.25                     5.0E10                   2700                     5346.795509669528        3086.973826809584        2502.294445801098
1.28647                  6.319999999999999        0.15822784810126583      5.069216568391125E-13    5.104160814573105E-13    0.25                     5.0E10                   2700                     5346.795509669528        3086.973826809584        2502.294445801098
1.28647                  6.34                     0.1577287066246057       5.071831601316136E-13    5.106087642763779E-13    0.25                     5.0E10                   2700                     5346.795509669528        3086.973826809584        2502.294445801098
1.28647                  6.359999999999999        0.15723270440251574      5.074418678851679E-13    5.107994359922982E-13    0.25                     5.0E10                   2700                     5346.795509669528        3086.973826809584        2502.294445801098
1.28647                  6.38                     0.15673981191222572      5.076978070105072E-13    5.109881110711171E-13    0.25                     5.0E10                   2700                     5346.795509669528        3086.973826809584        2502.294445801098
1.28647                  6.3999999999999995       0.15625                  5.079510047723632E-13    5.111748045477314E-13    0.25                     5.0E10                   2700                     5346.795509669528        3086.973826809584        2502.294445801098
1.28647                  6.42                     0.1557632398753894       5.082014887459805E-13    5.113595319799014E-13    0.25                     5.0E10                   2700                     5346.795509669528        3086.973826809584        2502.294445801098
1.28647                  6.4399999999999995       0.15527950310559008      5.084492867683543E-13    5.115423094055216E-13    0.25                     5.0E10                   2700                     5346.795509669528        3086.973826809584        2502.294445801098
1.28647                  6.46                     0.15479876160990713      5.086944269252862E-13    5.117231533124199E-13    0.25                     5.0E10                   2700                     5346.795509669528        3086.973826809584        2502.294445801098
1.28647                  6.4799999999999995       0.154320987654321        5.089369374963808E-13    5.119020805896926E-13    0.25                     5.0E10                   2700                     5346.795509669528        3086.973826809584        2502.294445801098
1.28647                  6.5                      0.15384615384615383      5.091768469232161E-13    5.120791084942586E-13    0.25                     5.0E10                   2700                     5346.795509669528        3086.973826809584        2502.294445801098
1.28647                  6.52                     0.15337423312883436      5.094141837955043E-13    5.122542546263436E-13    0.25                     5.0E10                   2700                     5346.795509669528        3086.973826809584        2502.294445801098
1.28647                  6.54                     0.15290519877675843      5.096489767857916E-13    5.124275368712975E-13    0.25                     5.0E10                   2700                     5346.795509669528        3086.973826809584        2502.294445801098
1.28647                  6.56                     0.15243902439024393      5.098812546692455E-13    5.125989734036857E-13    0.25                     5.0E10                   2700                     5346.795509669528        3086.973826809584        2502.294445801098
1.28647                  6.58                     0.1519756838905775       5.101110462541045E-13    5.1276858262492E-13      0.25                     5.0E10                   2700                     5346.795509669528        3086.973826809584        2502.294445801098
1.28647                  6.6                      0.15151515151515152      5.10338380370848E-13     5.129363831510908E-13    0.25                     5.0E10                   2700                     5346.795509669528        3086.973826809584        2502.294445801098
1.28647                  6.62                     0.1510574018126888       5.105632858538521E-13    5.131023937846274E-13    0.25                     5.0E10                   2700                     5346.795509669528        3086.973826809584        2502.294445801098
1.28647                  6.64                     0.1506024096385542       5.107857915224641E-13    5.132666334894514E-13    0.25                     5.0E10                   2700                     5346.795509669528        3086.973826809584        2502.294445801098
1.28647                  6.66                     0.15015015015015015      5.11005926137379E-13     5.13429121358411E-13     0.25                     5.0E10                   2700                     5346.795509669528        3086.973826809584        2502.294445801098
1.28647                  6.68                     0.14970059880239522      5.112237183998634E-13    5.135898765975247E-13    0.25                     5.0E10                   2700                     5346.795509669528        3086.973826809584        2502.294445801098
1.28647                  6.7                      0.1492537313432836       5.114391969296028E-13    5.137489185053164E-13    0.25                     5.0E10                   2700                     5346.795509669528        3086.973826809584        2502.294445801098
1.28647                  6.72                     0.1488095238095238       5.116523902408921E-13    5.139062664454929E-13    0.25                     5.0E10                   2700                     5346.795509669528        3086.973826809584        2502.294445801098
1.28647                  6.74                     0.14836795252225518      5.118633267294351E-13    5.1406193983242E-13      0.25                     5.0E10                   2700                     5346.795509669528        3086.973826809584        2502.294445801098
1.28647                  6.76                     0.14792899408284024      5.120720346609335E-13    5.142159581134318E-13    0.25                     5.0E10                   2700                     5346.795509669528        3086.973826809584        2502.294445801098
1.28647                  6.779999999999999        0.14749262536873156      5.122785421445619E-13    5.143683407425677E-13    0.25                     5.0E10                   2700                     5346.795509669528        3086.973826809584        2502.294445801098
1.28647                  6.8                      0.14705882352941177      5.124828771283887E-13    5.145191071756253E-13    0.25                     5.0E10                   2700                     5346.795509669528        3086.973826809584        2502.294445801098
1.28647                  6.819999999999999        0.1466275659824047       5.12685067389E-13        5.146682768493658E-13    0.25                     5.0E10                   2700                     5346.795509669528        3086.973826809584        2502.294445801098
1.28647                  6.84                     0.14619883040935674      5.12885140513941E-13     5.148158691655404E-13    0.25                     5.0E10                   2700                     5346.795509669528        3086.973826809584        2502.294445801098
1.28647                  6.859999999999999        0.1457725947521866       5.130831238813882E-13    5.149619034740941E-13    0.25                     5.0E10                   2700                     5346.795509669528        3086.973826809584        2502.294445801098
1.28647                  6.88                     0.14534883720930233      5.132790446772437E-13    5.151063990725131E-13    0.25                     5.0E10                   2700                     5346.795509669528        3086.973826809584        2502.294445801098
1.28647                  6.8999999999999995       0.14492753623188406      5.134729298523671E-13    5.152493751772865E-13    0.25                     5.0E10                   2700                     5346.795509669528        3086.973826809584        2502.294445801098
1.28647                  6.92                     0.1445086705202312       5.136648061408433E-13    5.153908509275091E-13    0.25                     5.0E10                   2700                     5346.795509669528        3086.973826809584        2502.294445801098
1.28647                  6.9399999999999995       0.1440922190201729       5.13854700037617E-13     5.155308453645417E-13    0.25                     5.0E10                   2700                     5346.795509669528        3086.973826809584        2502.294445801098
1.28647                  6.96                     0.14367816091954022      5.140426377916088E-13    5.156693774241469E-13    0.25                     5.0E10                   2700                     5346.795509669528        3086.973826809584        2502.294445801098
1.28647                  6.9799999999999995       0.14326647564469916      5.142286453991645E-13    5.158064659255127E-13    0.25                     5.0E10                   2700                     5346.795509669528        3086.973826809584        2502.294445801098
1.28647                  7                        0.14285714285714285      5.144127486155163E-13    5.159421295729695E-13    0.25                     5.0E10                   2700                     5346.795509669528        3086.973826809584        2502.294445801098
1.28647                  7.02                     0.14245014245014245      5.145949729104762E-13    5.160763869295181E-13    0.25                     5.0E10                   2700                     5346.795509669528        3086.973826809584        2502.294445801098
1.28647                  7.04                     0.14204545454545456      5.147753435112065E-13    5.162092564301328E-13    0.25                     5.0E10                   2700                     5346.795509669528        3086.973826809584        2502.294445801098
1.28647                  7.06                     0.141643059490085        5.149538853527173E-13    5.163407563557617E-13    0.25                     5.0E10                   2700                     5346.795509669528        3086.973826809584        2502.294445801098
1.28647                  7.08                     0.14124293785310735      5.151306231133986E-13    5.164709048428939E-13    0.25                     5.0E10                   2700                     5346.795509669528        3086.973826809584        2502.294445801098
1.28647                  7.1                      0.14084507042253522      5.153055811662055E-13    5.16599719859989E-13     0.25                     5.0E10                   2700                     5346.795509669528        3086.973826809584        2502.294445801098
1.28647                  7.12                     0.14044943820224717      5.154787836387919E-13    5.167272192296939E-13    0.25                     5.0E10                   2700                     5346.795509669528        3086.973826809584        2502.294445801098
1.28647                  7.14                     0.1400560224089636       5.156502543412922E-13    5.168534205887299E-13    0.25                     5.0E10                   2700                     5346.795509669528        3086.973826809584        2502.294445801098
1.28647                  7.16                     0.13966480446927376      5.158200168128226E-13    5.169783414120106E-13    0.25                     5.0E10                   2700                     5346.795509669528        3086.973826809584        2502.294445801098
1.28647                  7.18                     0.1392757660167131       5.159880942993789E-13    5.171019989940496E-13    0.25                     5.0E10                   2700                     5346.795509669528        3086.973826809584        2502.294445801098
1.28647                  7.2                      0.1388888888888889       5.161545097593416E-13    5.172244104518376E-13    0.25                     5.0E10                   2700                     5346.795509669528        3086.973826809584        2502.294445801098
1.28647                  7.22                     0.13850415512465375      5.163192858571852E-13    5.173455927171633E-13    0.25                     5.0E10                   2700                     5346.795509669528        3086.973826809584        2502.294445801098
1.28647                  7.24                     0.13812154696132597      5.164824449634573E-13    5.174655625349273E-13    0.25                     5.0E10                   2700                     5346.795509669528        3086.973826809584        2502.294445801098
1.28647                  7.26                     0.13774104683195593      5.166440091663765E-13    5.175843364660797E-13    0.25                     5.0E10                   2700                     5346.795509669528        3086.973826809584        2502.294445801098
1.28647                  7.279999999999999        0.13736263736263737      5.168040002273656E-13    5.177019308636779E-13    0.25                     5.0E10                   2700                     5346.795509669528        3086.973826809584        2502.294445801098
1.28647                  7.3                      0.13698630136986303      5.169624396776641E-13    5.178183619174701E-13    0.25                     5.0E10                   2700                     5346.795509669528        3086.973826809584        2502.294445801098
1.28647                  7.319999999999999        0.1366120218579235       5.171193486944202E-13    5.179336455958147E-13    0.25                     5.0E10                   2700                     5346.795509669528        3086.973826809584        2502.294445801098
1.28647                  7.34                     0.1362397820163488       5.172747481917873E-13    5.180477976797097E-13    0.25                     5.0E10                   2700                     5346.795509669528        3086.973826809584        2502.294445801098
1.28647                  7.359999999999999        0.13586956521739132      5.174286587794365E-13    5.181608337530386E-13    0.25                     5.0E10                   2700                     5346.795509669528        3086.973826809584        2502.294445801098
1.28647                  7.38                     0.13550135501355012      5.1758110079263E-13      5.182727692023681E-13    0.25                     5.0E10                   2700                     5346.795509669528        3086.973826809584        2502.294445801098
1.28647                  7.3999999999999995       0.13513513513513514      5.17732094264387E-13     5.183836192127452E-13    0.25                     5.0E10                   2700                     5346.795509669528        3086.973826809584        2502.294445801098
1.28647                  7.42                     0.1347708894878706       5.178816589392867E-13    5.184933987684803E-13    0.25                     5.0E10                   2700                     5346.795509669528        3086.973826809584        2502.294445801098
1.28647                  7.4399999999999995       0.13440860215053765      5.180298142886972E-13    5.186021226621864E-13    0.25                     5.0E10                   2700                     5346.795509669528        3086.973826809584        2502.294445801098
1.28647                  7.46                     0.13404825737265413      5.181765794841965E-13    5.187098054776083E-13    0.25                     5.0E10                   2700                     5346.795509669528        3086.973826809584        2502.294445801098
1.28647                  7.4799999999999995       0.1336898395721925       5.183219734205437E-13    5.188164616016331E-13    0.25                     5.0E10                   2700                     5346.795509669528        3086.973826809584        2502.294445801098
1.28647                  7.5                      0.13333333333333333      5.184660147124495E-13    5.189221052226579E-13    0.25                     5.0E10                   2700                     5346.795509669528        3086.973826809584        2502.294445801098
1.28647                  7.52                     0.13297872340425532      5.186087216882741E-13    5.190267503273487E-13    0.25                     5.0E10                   2700                     5346.795509669528        3086.973826809584        2502.294445801098
1.28647                  7.54                     0.13262599469496023      5.187501124173365E-13    5.191304107100852E-13    0.25                     5.0E10                   2700                     5346.795509669528        3086.973826809584        2502.294445801098
1.28647                  7.56                     0.13227513227513227      5.188902046698475E-13    5.19233099960267E-13     0.25                     5.0E10                   2700                     5346.795509669528        3086.973826809584        2502.294445801098
1.28647                  7.58                     0.13192612137203166      5.19029015969339E-13     5.193348314781718E-13    0.25                     5.0E10                   2700                     5346.795509669528        3086.973826809584        2502.294445801098
1.28647                  7.6                      0.13157894736842105      5.191665635474062E-13    5.194356184587246E-13    0.25                     5.0E10                   2700                     5346.795509669528        3086.973826809584        2502.294445801098
1.28647                  7.62                     0.13123359580052493      5.193028643859512E-13    5.195354739116013E-13    0.25                     5.0E10                   2700                     5346.795509669528        3086.973826809584        2502.294445801098
1.28647                  7.64                     0.13089005235602094      5.194379351866522E-13    5.196344106454339E-13    0.25                     5.0E10                   2700                     5346.795509669528        3086.973826809584        2502.294445801098
1.28647                  7.66                     0.13054830287206268      5.195717924139494E-13    5.197324412841907E-13    0.25                     5.0E10                   2700                     5346.795509669528        3086.973826809584        2502.294445801098
1.28647                  7.68                     0.13020833333333334      5.197044522477101E-13    5.1982957825754E-13      0.25                     5.0E10                   2700                     5346.795509669528        3086.973826809584        2502.294445801098
1.28647                  7.7                      0.12987012987012989      5.198359306255661E-13    5.199258338004049E-13    0.25                     5.0E10                   2700                     5346.795509669528        3086.973826809584        2502.294445801098
1.28647                  7.72                     0.1295336787564767       5.199662432317051E-13    5.200212199704355E-13    0.25                     5.0E10                   2700                     5346.795509669528        3086.973826809584        2502.294445801098
1.28647                  7.74                     0.12919896640826872      5.200954055017339E-13    5.201157486333172E-13    0.25                     5.0E10                   2700                     5346.795509669528        3086.973826809584        2502.294445801098
1.28647                  7.76                     0.1288659793814433       5.202234326191609E-13    5.202094314704302E-13    0.25                     5.0E10                   2700                     5346.795509669528        3086.973826809584        2502.294445801098
1.28647                  7.779999999999999        0.12853470437017997      5.203503395279517E-13    5.203022799822109E-13    0.25                     5.0E10                   2700                     5346.795509669528        3086.973826809584        2502.294445801098
1.28647                  7.8                      0.12820512820512822      5.204761409353717E-13    5.203943054896096E-13    0.25                     5.0E10                   2700                     5346.795509669528        3086.973826809584        2502.294445801098
1.28647                  7.819999999999999        0.1278772378516624       5.206008512982341E-13    5.204855191300644E-13    0.25                     5.0E10                   2700                     5346.795509669528        3086.973826809584        2502.294445801098
1.28647                  7.84                     0.12755102040816327      5.207244848534666E-13    5.205759318691283E-13    0.25                     5.0E10                   2700                     5346.795509669528        3086.973826809584        2502.294445801098
1.28647                  7.859999999999999        0.1272264631043257       5.208470555984698E-13    5.206655544942115E-13    0.25                     5.0E10                   2700                     5346.795509669528        3086.973826809584        2502.294445801098
1.28647                  7.88                     0.12690355329949238      5.209685773037687E-13    5.207543976220693E-13    0.25                     5.0E10                   2700                     5346.795509669528        3086.973826809584        2502.294445801098
1.28647                  7.8999999999999995       0.12658227848101267      5.210890635196405E-13    5.208424716981068E-13    0.25                     5.0E10                   2700                     5346.795509669528        3086.973826809584        2502.294445801098
1.28647                  7.92                     0.12626262626262624      5.212085275799322E-13    5.209297870021362E-13    0.25                     5.0E10                   2700                     5346.795509669528        3086.973826809584        2502.294445801098
1.28647                  7.9399999999999995       0.12594458438287154      5.21326982575434E-13     5.210163536365627E-13    0.25                     5.0E10                   2700                     5346.795509669528        3086.973826809584        2502.294445801098
1.28647                  7.96                     0.12562814070351758      5.214444414101048E-13    5.211021815534971E-13    0.25                     5.0E10                   2700                     5346.795509669528        3086.973826809584        2502.294445801098
1.28647                  7.9799999999999995       0.12531328320802007      5.21560916761323E-13     5.211872805324417E-13    0.25                     5.0E10                   2700                     5346.795509669528        3086.973826809584        2502.294445801098
1.28647                  8                        0.125                    5.216764211028145E-13    5.212716601979021E-13    0.25                     5.0E10                   2700                     5346.795509669528        3086.973826809584        2502.294445801098
1.28647                  8.02                     0.12468827930174564      5.217909666983369E-13    5.213553300127805E-13    0.25                     5.0E10                   2700                     5346.795509669528        3086.973826809584        2502.294445801098
1.28647                  8.040000000000001        0.1243781094527363       5.219045656096442E-13    5.214382992845341E-13    0.25                     5.0E10                   2700                     5346.795509669528        3086.973826809584        2502.294445801098
1.28647                  8.06                     0.12406947890818859      5.220172297040053E-13    5.215205771714644E-13    0.25                     5.0E10                   2700                     5346.795509669528        3086.973826809584        2502.294445801098
1.28647                  8.08                     0.12376237623762378      5.22128970645325E-13     5.216021726729941E-13    0.25                     5.0E10                   2700                     5346.795509669528        3086.973826809584        2502.294445801098
1.28647                  8.1                      0.1234567901234568       5.222397999119965E-13    5.216830946461452E-13    0.25                     5.0E10                   2700                     5346.795509669528        3086.973826809584        2502.294445801098
1.28647                  8.12                     0.12315270935960593      5.223497287849978E-13    5.217633517946822E-13    0.25                     5.0E10                   2700                     5346.795509669528        3086.973826809584        2502.294445801098
1.28647                  8.14                     0.12285012285012284      5.224587683668578E-13    5.218429526830985E-13    0.25                     5.0E10                   2700                     5346.795509669528        3086.973826809584        2502.294445801098
1.28647                  8.16                     0.12254901960784315      5.225669295707511E-13    5.219219057308164E-13    0.25                     5.0E10                   2700                     5346.795509669528        3086.973826809584        2502.294445801098
1.28647                  8.18                     0.12224938875305624      5.226742231231964E-13    5.220002192111067E-13    0.25                     5.0E10                   2700                     5346.795509669528        3086.973826809584        2502.294445801098
1.28647                  8.2                      0.12195121951219513      5.227806595854881E-13    5.220779012685198E-13    0.25                     5.0E10                   2700                     5346.795509669528        3086.973826809584        2502.294445801098
1.28647                  8.22                     0.121654501216545        5.228862493369808E-13    5.221549599047694E-13    0.25                     5.0E10                   2700                     5346.795509669528        3086.973826809584        2502.294445801098
1.28647                  8.24                     0.12135922330097086      5.229910025828199E-13    5.22231402988788E-13     0.25                     5.0E10                   2700                     5346.795509669528        3086.973826809584        2502.294445801098
1.28647                  8.26                     0.12106537530266344      5.230949293553266E-13    5.223072382555262E-13    0.25                     5.0E10                   2700                     5346.795509669528        3086.973826809584        2502.294445801098
1.28647                  8.28                     0.1207729468599034       5.23198039540093E-13     5.223824733148078E-13    0.25                     5.0E10                   2700                     5346.795509669528        3086.973826809584        2502.294445801098
1.28647                  8.299999999999999        0.1204819277108434       5.23300342834794E-13     5.224571156439562E-13    0.25                     5.0E10                   2700                     5346.795509669528        3086.973826809584        2502.294445801098
1.28647                  8.32                     0.12019230769230768      5.23401848799095E-13     5.225311726000709E-13    0.25                     5.0E10                   2700                     5346.795509669528        3086.973826809584        2502.294445801098
1.28647                  8.34                     0.11990407673860912      5.235025668121091E-13    5.226046514081841E-13    0.25                     5.0E10                   2700                     5346.795509669528        3086.973826809584        2502.294445801098
1.28647                  8.36                     0.1196172248803828       5.236025061152528E-13    5.226775591785863E-13    0.25                     5.0E10                   2700                     5346.795509669528        3086.973826809584        2502.294445801098
1.28647                  8.379999999999999        0.11933174224343678      5.237016757907077E-13    5.227499028995949E-13    0.25                     5.0E10                   2700                     5346.795509669528        3086.973826809584        2502.294445801098
1.28647                  8.4                      0.11904761904761904      5.238000847707918E-13    5.228216894424732E-13    0.25                     5.0E10                   2700                     5346.795509669528        3086.973826809584        2502.294445801098
1.28647                  8.42                     0.11876484560570072      5.238977418367795E-13    5.228929255580353E-13    0.25                     5.0E10                   2700                     5346.795509669528        3086.973826809584        2502.294445801098
1.28647                  8.44                     0.11848341232227488      5.239946556424044E-13    5.229636178958163E-13    0.25                     5.0E10                   2700                     5346.795509669528        3086.973826809584        2502.294445801098
1.28647                  8.459999999999999        0.11820330969267141      5.240908346824695E-13    5.230337729827788E-13    0.25                     5.0E10                   2700                     5346.795509669528        3086.973826809584        2502.294445801098
1.28647                  8.48                     0.1179245283018868       5.241862873082658E-13    5.231033972338583E-13    0.25                     5.0E10                   2700                     5346.795509669528        3086.973826809584        2502.294445801098
1.28647                  8.5                      0.11764705882352941      5.242810217520519E-13    5.231724969655824E-13    0.25                     5.0E10                   2700                     5346.795509669528        3086.973826809584        2502.294445801098
1.28647                  8.52                     0.11737089201877934      5.243750461051554E-13    5.232410783868252E-13    0.25                     5.0E10                   2700                     5346.795509669528        3086.973826809584        2502.294445801098
1.28647                  8.54                     0.117096018735363        5.244683683220155E-13    5.233091475963527E-13    0.25                     5.0E10                   2700                     5346.795509669528        3086.973826809584        2502.294445801098
1.28647                  8.56                     0.11682242990654204      5.245609962303913E-13    5.233767105964245E-13    0.25                     5.0E10                   2700                     5346.795509669528        3086.973826809584        2502.294445801098
1.28647                  8.58                     0.11655011655011656      5.246529375281609E-13    5.234437732850974E-13    0.25                     5.0E10                   2700                     5346.795509669528        3086.973826809584        2502.294445801098
1.28647                  8.6                      0.11627906976744186      5.247441997923297E-13    5.235103414628733E-13    0.25                     5.0E10                   2700                     5346.795509669528        3086.973826809584        2502.294445801098
1.28647                  8.62                     0.1160092807424594       5.248347904855283E-13    5.235764208399923E-13    0.25                     5.0E10                   2700                     5346.795509669528        3086.973826809584        2502.294445801098
1.28647                  8.64                     0.11574074074074073      5.249247169273961E-13    5.236420170160397E-13    0.25                     5.0E10                   2700                     5346.795509669528        3086.973826809584        2502.294445801098
1.28647                  8.66                     0.11547344110854503      5.250139863419399E-13    5.237071355167461E-13    0.25                     5.0E10                   2700                     5346.795509669528        3086.973826809584        2502.294445801098
1.28647                  8.68                     0.1152073732718894       5.251026058286058E-13    5.237717817636966E-13    0.25                     5.0E10                   2700                     5346.795509669528        3086.973826809584        2502.294445801098
1.28647                  8.7                      0.11494252873563218      5.251905823642139E-13    5.238359610848358E-13    0.25                     5.0E10                   2700                     5346.795509669528        3086.973826809584        2502.294445801098
1.28647                  8.72                     0.1146788990825688       5.252779228306874E-13    5.238996787332472E-13    0.25                     5.0E10                   2700                     5346.795509669528        3086.973826809584        2502.294445801098
1.28647                  8.74                     0.11441647597254004      5.253646339870604E-13    5.239629398639759E-13    0.25                     5.0E10                   2700                     5346.795509669528        3086.973826809584        2502.294445801098
1.28647                  8.76                     0.1141552511415525       5.254524889906076E-13    5.240273705933129E-13    0.25                     5.0E10                   2700                     5346.795509669528        3086.973826809584        2502.294445801098
1.28647                  8.78                     0.11389521640091117      5.255379701626966E-13    5.240897425498469E-13    0.25                     5.0E10                   2700                     5346.795509669528        3086.973826809584        2502.294445801098
1.28647                  8.8                      0.11363636363636362      5.256228416818253E-13    5.241516729661642E-13    0.25                     5.0E10                   2700                     5346.795509669528        3086.973826809584        2502.294445801098
1.28647                  8.82                     0.11337868480725624      5.257071098786099E-13    5.242131666588868E-13    0.25                     5.0E10                   2700                     5346.795509669528        3086.973826809584        2502.294445801098
1.28647                  8.84                     0.11312217194570136      5.257907810116865E-13    5.242742283845908E-13    0.25                     5.0E10                   2700                     5346.795509669528        3086.973826809584        2502.294445801098
1.28647                  8.86                     0.11286681715575621      5.258738612206165E-13    5.243348628128684E-13    0.25                     5.0E10                   2700                     5346.795509669528        3086.973826809584        2502.294445801098
1.28647                  8.879999999999999        0.11261261261261263      5.259563565701928E-13    5.243950745423544E-13    0.25                     5.0E10                   2700                     5346.795509669528        3086.973826809584        2502.294445801098
1.28647                  8.9                      0.11235955056179775      5.26038273002327E-13     5.244548680854307E-13    0.25                     5.0E10                   2700                     5346.795509669528        3086.973826809584        2502.294445801098
1.28647                  8.92                     0.11210762331838565      5.261196163949105E-13    5.245142478987733E-13    0.25                     5.0E10                   2700                     5346.795509669528        3086.973826809584        2502.294445801098
1.28647                  8.94                     0.11185682326621925      5.262003925229279E-13    5.245732183563394E-13    0.25                     5.0E10                   2700                     5346.795509669528        3086.973826809584        2502.294445801098
1.28647                  8.959999999999999        0.11160714285714285      5.262806070751404E-13    5.246317837645006E-13    0.25                     5.0E10                   2700                     5346.795509669528        3086.973826809584        2502.294445801098
1.28647                  8.98                     0.11135857461024498      5.263602656449233E-13    5.246899483577182E-13    0.25                     5.0E10                   2700                     5346.795509669528        3086.973826809584        2502.294445801098
1.28647                  9                        0.11111111111111112      5.264393737514055E-13    5.247477163071045E-13    0.25                     5.0E10                   2700                     5346.795509669528        3086.973826809584        2502.294445801098
1.28647                  9.02                     0.11086474501108647      5.26517936822467E-13     5.248050917147723E-13    0.25                     5.0E10                   2700                     5346.795509669528        3086.973826809584        2502.294445801098
1.28647                  9.04                     0.11061946902654868      5.265959602087898E-13    5.24862078617301E-13     0.25                     5.0E10                   2700                     5346.795509669528        3086.973826809584        2502.294445801098
1.28647                  9.06                     0.11037527593818983      5.266734491791112E-13    5.249186809902339E-13    0.25                     5.0E10                   2700                     5346.795509669528        3086.973826809584        2502.294445801098
1.28647                  9.08                     0.11013215859030838      5.26750408912398E-13     5.24974902739404E-13     0.25                     5.0E10                   2700                     5346.795509669528        3086.973826809584        2502.294445801098
1.28647                  9.1                      0.1098901098901099       5.268268445247848E-13    5.250307477153258E-13    0.25                     5.0E10                   2700                     5346.795509669528        3086.973826809584        2502.294445801098
1.28647                  9.12                     0.10964912280701757      5.26902761051945E-13     5.25086219709616E-13     0.25                     5.0E10                   2700                     5346.795509669528        3086.973826809584        2502.294445801098
1.28647                  9.14                     0.10940919037199125      5.269781634484311E-13    5.251413224490486E-13    0.25                     5.0E10                   2700                     5346.795509669528        3086.973826809584        2502.294445801098
1.28647                  9.16                     0.10917030567685589      5.270530566041401E-13    5.251960596056073E-13    0.25                     5.0E10                   2700                     5346.795509669528        3086.973826809584        2502.294445801098
1.28647                  9.18                     0.10893246187363835      5.271274453252409E-13    5.252504347900991E-13    0.25                     5.0E10                   2700                     5346.795509669528        3086.973826809584        2502.294445801098
1.28647                  9.2                      0.10869565217391305      5.272013343597661E-13    5.25304451563729E-13     0.25                     5.0E10                   2700                     5346.795509669528        3086.973826809584        2502.294445801098
1.28647                  9.22                     0.10845986984815618      5.272747283889817E-13    5.25358113435213E-13     0.25                     5.0E10                   2700                     5346.795509669528        3086.973826809584        2502.294445801098
1.28647                  9.24                     0.10822510822510822      5.273476320011067E-13    5.254114238426333E-13    0.25                     5.0E10                   2700                     5346.795509669528        3086.973826809584        2502.294445801098
1.28647                  9.26                     0.1079913606911447       5.274200497480093E-13    5.2546438619235E-13      0.25                     5.0E10                   2700                     5346.795509669528        3086.973826809584        2502.294445801098
1.28647                  9.28                     0.10775862068965518      5.274919860949441E-13    5.255170038239345E-13    0.25                     5.0E10                   2700                     5346.795509669528        3086.973826809584        2502.294445801098
1.28647                  9.3                      0.10752688172043011      5.275634454589865E-13    5.255692800360107E-13    0.25                     5.0E10                   2700                     5346.795509669528        3086.973826809584        2502.294445801098
1.28647                  9.32                     0.1072961373390558       5.276344321870044E-13    5.256212180773541E-13    0.25                     5.0E10                   2700                     5346.795509669528        3086.973826809584        2502.294445801098
1.28647                  9.34                     0.10706638115631692      5.277049505479731E-13    5.256728211305874E-13    0.25                     5.0E10                   2700                     5346.795509669528        3086.973826809584        2502.294445801098
1.28647                  9.36                     0.10683760683760683      5.277750047818039E-13    5.257240923552773E-13    0.25                     5.0E10                   2700                     5346.795509669528        3086.973826809584        2502.294445801098
1.28647                  9.379999999999999        0.10660980810234544      5.278445990424993E-13    5.257750348489656E-13    0.25                     5.0E10                   2700                     5346.795509669528        3086.973826809584        2502.294445801098
1.28647                  9.4                      0.10638297872340426      5.279137374382406E-13    5.258256516661127E-13    0.25                     5.0E10                   2700                     5346.795509669528        3086.973826809584        2502.294445801098
1.28647                  9.42                     0.10615711252653928      5.27982424027083E-13     5.258759458202294E-13    0.25                     5.0E10                   2700                     5346.795509669528        3086.973826809584        2502.294445801098
1.28647                  9.44                     0.1059322033898305       5.280506627927293E-13    5.259259202784074E-13    0.25                     5.0E10                   2700                     5346.795509669528        3086.973826809584        2502.294445801098
1.28647                  9.459999999999999        0.10570824524312897      5.281184576729188E-13    5.259755779573636E-13    0.25                     5.0E10                   2700                     5346.795509669528        3086.973826809584        2502.294445801098
1.28647                  9.48                     0.10548523206751054      5.281858125388134E-13    5.260249217345772E-13    0.25                     5.0E10                   2700                     5346.795509669528        3086.973826809584        2502.294445801098
1.28647                  9.5                      0.10526315789473685      5.282527312404306E-13    5.260739544572817E-13    0.25                     5.0E10                   2700                     5346.795509669528        3086.973826809584        2502.294445801098
1.28647                  9.52                     0.10504201680672269      5.283192175461728E-13    5.261226789186705E-13    0.25                     5.0E10                   2700                     5346.795509669528        3086.973826809584        2502.294445801098
1.28647                  9.54                     0.10482180293501049      5.283852751790642E-13    5.261710978728027E-13    0.25                     5.0E10                   2700                     5346.795509669528        3086.973826809584        2502.294445801098
1.28647                  9.56                     0.10460251046025104      5.284509078181499E-13    5.262192140400256E-13    0.25                     5.0E10                   2700                     5346.795509669528        3086.973826809584        2502.294445801098
1.28647                  9.58                     0.10438413361169102      5.285161190917342E-13    5.262670300985783E-13    0.25                     5.0E10                   2700                     5346.795509669528        3086.973826809584        2502.294445801098
1.28647                  9.6                      0.10416666666666667      5.285809125789793E-13    5.263145486918329E-13    0.25                     5.0E10                   2700                     5346.795509669528        3086.973826809584        2502.294445801098
1.28647                  9.62                     0.10395010395010396      5.286452918067453E-13    5.26361772419069E-13     0.25                     5.0E10                   2700                     5346.795509669528        3086.973826809584        2502.294445801098
1.28647                  9.64                     0.10373443983402489      5.287092602626024E-13    5.264087038493399E-13    0.25                     5.0E10                   2700                     5346.795509669528        3086.973826809584        2502.294445801098
1.28647                  9.66                     0.10351966873706003      5.28772821386589E-13     5.264553455181309E-13    0.25                     5.0E10                   2700                     5346.795509669528        3086.973826809584        2502.294445801098
1.28647                  9.68                     0.10330578512396693      5.288359785616506E-13    5.265016999111287E-13    0.25                     5.0E10                   2700                     5346.795509669528        3086.973826809584        2502.294445801098
1.28647                  9.7                      0.10309278350515465      5.288987351540856E-13    5.265477695023211E-13    0.25                     5.0E10                   2700                     5346.795509669528        3086.973826809584        2502.294445801098
1.28647                  9.72                     0.102880658436214        5.289610944633021E-13    5.265935567148454E-13    0.25                     5.0E10                   2700                     5346.795509669528        3086.973826809584        2502.294445801098
1.28647                  9.74                     0.1026694045174538       5.290230597468333E-13    5.266390639394511E-13    0.25                     5.0E10                   2700                     5346.795509669528        3086.973826809584        2502.294445801098
1.28647                  9.76                     0.10245901639344263      5.290846342463988E-13    5.26684293552005E-13     0.25                     5.0E10                   2700                     5346.795509669528        3086.973826809584        2502.294445801098
1.28647                  9.78                     0.10224948875255623      5.29145821117066E-13     5.267292478652489E-13    0.25                     5.0E10                   2700                     5346.795509669528        3086.973826809584        2502.294445801098
1.28647                  9.8                      0.10204081632653059      5.2920662351562E-13      5.267739291889189E-13    0.25                     5.0E10                   2700                     5346.795509669528        3086.973826809584        2502.294445801098
1.28647                  9.82                     0.10183299389002037      5.29267044542264E-13     5.268183397908855E-13    0.25                     5.0E10                   2700                     5346.795509669528        3086.973826809584        2502.294445801098
1.28647                  9.84                     0.1016260162601626       5.293270872517353E-13    5.268624819025405E-13    0.25                     5.0E10                   2700                     5346.795509669528        3086.973826809584        2502.294445801098
1.28647                  9.86                     0.10141987829614604      5.293867546859862E-13    5.269063577450748E-13    0.25                     5.0E10                   2700                     5346.795509669528        3086.973826809584        2502.294445801098
1.28647                  9.879999999999999        0.10121457489878542      5.294460498175003E-13    5.269499694872084E-13    0.25                     5.0E10                   2700                     5346.795509669528        3086.973826809584        2502.294445801098
1.28647                  9.9                      0.101010101010101        5.295049756020306E-13    5.269933192856875E-13    0.25                     5.0E10                   2700                     5346.795509669528        3086.973826809584        2502.294445801098
1.28647                  9.92                     0.10080645161290322      5.295635349515866E-13    5.270364092597792E-13    0.25                     5.0E10                   2700                     5346.795509669528        3086.973826809584        2502.294445801098
1.28647                  9.94                     0.1006036217303823       5.296217307509904E-13    5.270792415112219E-13    0.25                     5.0E10                   2700                     5346.795509669528        3086.973826809584        2502.294445801098
1.28647                  9.959999999999999        0.10040160642570282      5.296795658424691E-13    5.271218181058711E-13    0.25                     5.0E10                   2700                     5346.795509669528        3086.973826809584        2502.294445801098
1.28647                  9.98                     0.1002004008016032       5.297370430374309E-13    5.271641410843704E-13    0.25                     5.0E10                   2700                     5346.795509669528        3086.973826809584        2502.294445801098
1.28647                  10                       0.1                      5.29750916139506E-13     5.271387251715263E-13    0.25                     5.0E10                   2700                     5346.795509669528        3086.973826809584        2502.294445801098
