1.25625                  0.1                      10                       5.331204233037381E-13    5.331226324056211E-13    0.25                     5.0E10                   2700                     5283.622494715786        3050.5008696205214       2502.294445801098
1.25625                  0.12000000000000001      8.333333333333332        5.362899786503923E-13    5.363408358619092E-13    0.25                     5.0E10                   2700                     5283.622494715786        3050.5008696205214       2502.294445801098
1.25625                  0.14                     7.1428571428571415       5.341347199151861E-13    5.339599262156156E-13    0.25                     5.0E10                   2700                     5283.622494715786        3050.5008696205214       2502.294445801098
1.25625                  0.16                     6.249999999999999        5.33063446242474E-13     5.331695569594882E-13    0.25                     5.0E10                   2700                     5283.622494715786        3050.5008696205214       2502.294445801098
1.25625                  0.18                     5.555555555555555        5.372000206113036E-13    5.3729504634069E-13      0.25                     5.0E10                   2700                     5283.622494715786        3050.5008696205214       2502.294445801098
1.25625                  0.2                      5                        5.332407802577713E-13    5.33125184936667E-13     0.25                     5.0E10                   2700                     5283.622494715786        3050.5008696205214       2502.294445801098
1.25625                  0.22                     4.545454545454546        5.363501501891553E-13    5.36674256169825E-13     0.25                     5.0E10                   2700                     5283.622494715786        3050.5008696205214       2502.294445801098
1.25625                  0.24000000000000002      4.166666666666666        5.357226569540775E-13    5.362989828872632E-13    0.25                     5.0E10                   2700                     5283.622494715786        3050.5008696205214       2502.294445801098
1.25625                  0.26                     3.846153846153846        5.343471012298095E-13    5.349272792983259E-13    0.25                     5.0E10                   2700                     5283.622494715786        3050.5008696205214       2502.294445801098
1.25625                  0.28                     3.5714285714285707       5.36685948172404E-13     5.372309421189947E-13    0.25                     5.0E10                   2700                     5283.622494715786        3050.5008696205214       2502.294445801098
1.25625                  0.30000000000000004      3.3333333333333326       5.364849549900495E-13    5.365708904617275E-13    0.25                     5.0E10                   2700                     5283.622494715786        3050.5008696205214       2502.294445801098
1.25625                  0.32                     3.1249999999999996       5.343349040385543E-13    5.334907983149687E-13    0.25                     5.0E10                   2700                     5283.622494715786        3050.5008696205214       2502.294445801098
1.25625                  0.33999999999999997      2.9411764705882355       5.393959127280143E-13    5.384784171781233E-13    0.25                     5.0E10                   2700                     5283.622494715786        3050.5008696205214       2502.294445801098
1.25625                  0.36                     2.7777777777777777       5.38386367805735E-13     5.361124829162995E-13    0.25                     5.0E10                   2700                     5283.622494715786        3050.5008696205214       2502.294445801098
1.25625                  0.38                     2.6315789473684212       5.40590381796402E-13     5.358027556269615E-13    0.25                     5.0E10                   2700                     5283.622494715786        3050.5008696205214       2502.294445801098
1.25625                  0.4                      2.5                      5.418724785257185E-13    5.357006880667715E-13    0.25                     5.0E10                   2700                     5283.622494715786        3050.5008696205214       2502.294445801098
1.25625                  0.42000000000000004      2.3809523809523805       5.463494707531372E-13    5.369040103092424E-13    0.25                     5.0E10                   2700                     5283.622494715786        3050.5008696205214       2502.294445801098
1.25625                  0.44000000000000006      2.272727272727273        5.503067306689078E-13    5.396234176800331E-13    0.25                     5.0E10                   2700                     5283.622494715786        3050.5008696205214       2502.294445801098
1.25625                  0.45999999999999996      2.173913043478261        5.560918106944181E-13    5.429864775826124E-13    0.25                     5.0E10                   2700                     5283.622494715786        3050.5008696205214       2502.294445801098
1.25625                  0.48                     2.0833333333333335       5.584183618273533E-13    5.428099856456892E-13    0.25                     5.0E10                   2700                     5283.622494715786        3050.5008696205214       2502.294445801098
1.25625                  0.5                      2                        5.592252809391402E-13    5.421462592958587E-13    0.25                     5.0E10                   2700                     5283.622494715786        3050.5008696205214       2502.294445801098
1.25625                  0.52                     1.923076923076923        5.656515494580226E-13    5.472727643698707E-13    0.25                     5.0E10                   2700                     5283.622494715786        3050.5008696205214       2502.294445801098
1.25625                  0.54                     1.8518518518518516       5.642550653994045E-13    5.440578517203908E-13    0.25                     5.0E10                   2700                     5283.622494715786        3050.5008696205214       2502.294445801098
1.25625                  0.56                     1.7857142857142854       5.711344422498569E-13    5.478192711303125E-13    0.25                     5.0E10                   2700                     5283.622494715786        3050.5008696205214       2502.294445801098
1.25625                  0.58                     1.7241379310344829       5.757703049980555E-13    5.502317433418576E-13    0.25                     5.0E10                   2700                     5283.622494715786        3050.5008696205214       2502.294445801098
1.25625                  0.6                      1.6666666666666667       5.787259884974326E-13    5.518104929991334E-13    0.25                     5.0E10                   2700                     5283.622494715786        3050.5008696205214       2502.294445801098
1.25625                  0.62                     1.6129032258064515       5.789163708430414E-13    5.500912412307742E-13    0.25                     5.0E10                   2700                     5283.622494715786        3050.5008696205214       2502.294445801098
1.25625                  0.64                     1.5624999999999998       5.87870022237503E-13     5.557539350968797E-13    0.25                     5.0E10                   2700                     5283.622494715786        3050.5008696205214       2502.294445801098
1.25625                  0.66                     1.515151515151515        5.873464547406405E-13    5.520700184606514E-13    0.25                     5.0E10                   2700                     5283.622494715786        3050.5008696205214       2502.294445801098
1.25625                  0.6799999999999999       1.4705882352941178       5.906735568764509E-13    5.526124159635534E-13    0.25                     5.0E10                   2700                     5283.622494715786        3050.5008696205214       2502.294445801098
1.25625                  0.7                      1.4285714285714286       5.956851985544016E-13    5.552683402698776E-13    0.25                     5.0E10                   2700                     5283.622494715786        3050.5008696205214       2502.294445801098
1.25625                  0.72                     1.3888888888888888       5.992399250515297E-13    5.561291906005256E-13    0.25                     5.0E10                   2700                     5283.622494715786        3050.5008696205214       2502.294445801098
1.25625                  0.74                     1.3513513513513513       6.096629141287873E-13    5.62938467173199E-13     0.25                     5.0E10                   2700                     5283.622494715786        3050.5008696205214       2502.294445801098
1.25625                  0.76                     1.3157894736842106       6.183390092976797E-13    5.678249794494387E-13    0.25                     5.0E10                   2700                     5283.622494715786        3050.5008696205214       2502.294445801098
1.25625                  0.78                     1.2820512820512822       6.168214285480101E-13    5.632719535053488E-13    0.25                     5.0E10                   2700                     5283.622494715786        3050.5008696205214       2502.294445801098
1.25625                  0.8                      1.25                     6.136044976618181E-13    5.576288825057666E-13    0.25                     5.0E10                   2700                     5283.622494715786        3050.5008696205214       2502.294445801098
1.25625                  0.82                     1.2195121951219514       6.153616314088228E-13    5.573048544130689E-13    0.25                     5.0E10                   2700                     5283.622494715786        3050.5008696205214       2502.294445801098
1.25625                  0.84                     1.1904761904761905       6.178680107044309E-13    5.585148380719146E-13    0.25                     5.0E10                   2700                     5283.622494715786        3050.5008696205214       2502.294445801098
1.25625                  0.86                     1.1627906976744187       6.187805945920423E-13    5.584046856386984E-13    0.25                     5.0E10                   2700                     5283.622494715786        3050.5008696205214       2502.294445801098
1.25625                  0.88                     1.1363636363636365       6.203250473697955E-13    5.586966219932219E-13    0.25                     5.0E10                   2700                     5283.622494715786        3050.5008696205214       2502.294445801098
1.25625                  0.9                      1.1111111111111112       6.246478659040437E-13    5.612028038642895E-13    0.25                     5.0E10                   2700                     5283.622494715786        3050.5008696205214       2502.294445801098
1.25625                  0.92                     1.0869565217391304       6.294013322882572E-13    5.638664134299072E-13    0.25                     5.0E10                   2700                     5283.622494715786        3050.5008696205214       2502.294445801098
1.25625                  0.94                     1.0638297872340425       6.312113831719866E-13    5.638732366362865E-13    0.25                     5.0E10                   2700                     5283.622494715786        3050.5008696205214       2502.294445801098
1.25625                  0.96                     1.0416666666666667       6.301876321319522E-13    5.615360705001205E-13    0.25                     5.0E10                   2700                     5283.622494715786        3050.5008696205214       2502.294445801098
1.25625                  0.98                     1.0204081632653061       6.29434228652348E-13     5.597979728606222E-13    0.25                     5.0E10                   2700                     5283.622494715786        3050.5008696205214       2502.294445801098
1.25625                  1                        1                        6.313391398742208E-13    5.608503584607332E-13    0.25                     5.0E10                   2700                     5283.622494715786        3050.5008696205214       2502.294445801098
1.25625                  1.02                     0.9803921568627452       6.357229721967457E-13    5.649470511123564E-13    0.25                     5.0E10                   2700                     5283.622494715786        3050.5008696205214       2502.294445801098
1.25625                  1.04                     0.9615384615384615       6.396213336556902E-13    5.69300976693833E-13     0.25                     5.0E10                   2700                     5283.622494715786        3050.5008696205214       2502.294445801098
1.25625                  1.06                     0.9433962264150944       6.400839388882075E-13    5.711139840017715E-13    0.25                     5.0E10                   2700                     5283.622494715786        3050.5008696205214       2502.294445801098
1.25625                  1.08                     0.9259259259259258       6.359939655579722E-13    5.690963291089683E-13    0.25                     5.0E10                   2700                     5283.622494715786        3050.5008696205214       2502.294445801098
1.25625                  1.1                      0.909090909090909        6.284138565866662E-13    5.638928022968425E-13    0.25                     5.0E10                   2700                     5283.622494715786        3050.5008696205214       2502.294445801098
1.25625                  1.12                     0.8928571428571427       6.193997455023214E-13    5.571754808580693E-13    0.25                     5.0E10                   2700                     5283.622494715786        3050.5008696205214       2502.294445801098
1.25625                  1.1400000000000001       0.8771929824561403       6.109946520999015E-13    5.50565863216733E-13     0.25                     5.0E10                   2700                     5283.622494715786        3050.5008696205214       2502.294445801098
1.25625                  1.1600000000000001       0.8620689655172412       6.040555243885653E-13    5.449320495101157E-13    0.25                     5.0E10                   2700                     5283.622494715786        3050.5008696205214       2502.294445801098
1.25625                  1.1800000000000002       0.8474576271186439       5.987589094793205E-13    5.40516100965336E-13     0.25                     5.0E10                   2700                     5283.622494715786        3050.5008696205214       2502.294445801098
1.25625                  1.2000000000000002       0.8333333333333331       5.949069098601481E-13    5.372495295543611E-13    0.25                     5.0E10                   2700                     5283.622494715786        3050.5008696205214       2502.294445801098
1.25625                  1.2200000000000002       0.8196721311475409       5.922896309660125E-13    5.350577235651227E-13    0.25                     5.0E10                   2700                     5283.622494715786        3050.5008696205214       2502.294445801098
1.25625                  1.2400000000000002       0.8064516129032256       5.908484924575027E-13    5.339948152318396E-13    0.25                     5.0E10                   2700                     5283.622494715786        3050.5008696205214       2502.294445801098
1.25625                  1.26                     0.7936507936507936       5.906577468227652E-13    5.342372847664527E-13    0.25                     5.0E10                   2700                     5283.622494715786        3050.5008696205214       2502.294445801098
1.25625                  1.28                     0.7812499999999999       5.917615068678287E-13    5.358841059248376E-13    0.25                     5.0E10                   2700                     5283.622494715786        3050.5008696205214       2502.294445801098
1.25625                  1.3                      0.7692307692307692       5.940323667405426E-13    5.388842125774399E-13    0.25                     5.0E10                   2700                     5283.622494715786        3050.5008696205214       2502.294445801098
1.25625                  1.32                     0.7575757575757575       5.970986565816458E-13    5.429468888095502E-13    0.25                     5.0E10                   2700                     5283.622494715786        3050.5008696205214       2502.294445801098
1.25625                  1.34                     0.7462686567164178       6.003642637257581E-13    5.475552869197803E-13    0.25                     5.0E10                   2700                     5283.622494715786        3050.5008696205214       2502.294445801098
1.25625                  1.36                     0.7352941176470588       6.030949724381745E-13    5.520390577970177E-13    0.25                     5.0E10                   2700                     5283.622494715786        3050.5008696205214       2502.294445801098
1.25625                  1.3800000000000001       0.7246376811594203       6.045572719968708E-13    5.556968390125108E-13    0.25                     5.0E10                   2700                     5283.622494715786        3050.5008696205214       2502.294445801098
1.25625                  1.4000000000000001       0.7142857142857142       6.041695055532765E-13    5.579351838708394E-13    0.25                     5.0E10                   2700                     5283.622494715786        3050.5008696205214       2502.294445801098
1.25625                  1.4200000000000002       0.704225352112676        6.01622778353908E-13     5.58386520733357E-13     0.25                     5.0E10                   2700                     5283.622494715786        3050.5008696205214       2502.294445801098
1.25625                  1.4400000000000002       0.6944444444444444       5.96991405691139E-13     5.569803439284852E-13    0.25                     5.0E10                   2700                     5283.622494715786        3050.5008696205214       2502.294445801098
1.25625                  1.4600000000000002       0.6849315068493149       5.904846227389821E-13    5.53898287748645E-13     0.25                     5.0E10                   2700                     5283.622494715786        3050.5008696205214       2502.294445801098
1.25625                  1.4800000000000002       0.6756756756756755       5.826574904970062E-13    5.495364543338649E-13    0.25                     5.0E10                   2700                     5283.622494715786        3050.5008696205214       2502.294445801098
1.25625                  1.5000000000000002       0.6666666666666665       5.741139794761365E-13    5.443951602998067E-13    0.25                     5.0E10                   2700                     5283.622494715786        3050.5008696205214       2502.294445801098
1.25625                  1.52                     0.6578947368421053       5.654394088495665E-13    5.389819142898489E-13    0.25                     5.0E10                   2700                     5283.622494715786        3050.5008696205214       2502.294445801098
1.25625                  1.54                     0.6493506493506493       5.571243202280194E-13    5.337383623378018E-13    0.25                     5.0E10                   2700                     5283.622494715786        3050.5008696205214       2502.294445801098
1.25625                  1.56                     0.6410256410256411       5.495258004143562E-13    5.289992044393253E-13    0.25                     5.0E10                   2700                     5283.622494715786        3050.5008696205214       2502.294445801098
1.25625                  1.58                     0.6329113924050632       5.428600617772072E-13    5.249793327600261E-13    0.25                     5.0E10                   2700                     5283.622494715786        3050.5008696205214       2502.294445801098
1.25625                  1.6                      0.625                    5.372155225209903E-13    5.217805483876802E-13    0.25                     5.0E10                   2700                     5283.622494715786        3050.5008696205214       2502.294445801098
1.25625                  1.62                     0.6172839506172839       5.325769934303117E-13    5.194099182716214E-13    0.25                     5.0E10                   2700                     5283.622494715786        3050.5008696205214       2502.294445801098
1.25625                  1.6400000000000001       0.6097560975609756       5.288522737796367E-13    5.178014954283689E-13    0.25                     5.0E10                   2700                     5283.622494715786        3050.5008696205214       2502.294445801098
1.25625                  1.6600000000000001       0.6024096385542168       5.258989295092874E-13    5.168396272060074E-13    0.25                     5.0E10                   2700                     5283.622494715786        3050.5008696205214       2502.294445801098
1.25625                  1.6800000000000002       0.5952380952380951       5.236388103095836E-13    5.164896256365226E-13    0.25                     5.0E10                   2700                     5283.622494715786        3050.5008696205214       2502.294445801098
1.25625                  1.7000000000000002       0.588235294117647        5.217232884995825E-13    5.163873716505826E-13    0.25                     5.0E10                   2700                     5283.622494715786        3050.5008696205214       2502.294445801098
1.25625                  1.7200000000000002       0.5813953488372092       5.200615003020015E-13    5.164783619120812E-13    0.25                     5.0E10                   2700                     5283.622494715786        3050.5008696205214       2502.294445801098
1.25625                  1.7400000000000002       0.5747126436781609       5.185043178143522E-13    5.166270430825856E-13    0.25                     5.0E10                   2700                     5283.622494715786        3050.5008696205214       2502.294445801098
1.25625                  1.7600000000000002       0.5681818181818182       5.169300113230185E-13    5.16721454636612E-13     0.25                     5.0E10                   2700                     5283.622494715786        3050.5008696205214       2502.294445801098
1.25625                  1.78                     0.5617977528089887       5.152481772761388E-13    5.166773154961786E-13    0.25                     5.0E10                   2700                     5283.622494715786        3050.5008696205214       2502.294445801098
1.25625                  1.8                      0.5555555555555556       5.133993057608473E-13    5.164387328797425E-13    0.25                     5.0E10                   2700                     5283.622494715786        3050.5008696205214       2502.294445801098
1.25625                  1.82                     0.5494505494505494       5.113527562658309E-13    5.159764996433143E-13    0.25                     5.0E10                   2700                     5283.622494715786        3050.5008696205214       2502.294445801098
1.25625                  1.84                     0.5434782608695652       5.091023760135593E-13    5.152844106330166E-13    0.25                     5.0E10                   2700                     5283.622494715786        3050.5008696205214       2502.294445801098
1.25625                  1.86                     0.5376344086021505       5.066612054433251E-13    5.143744931563302E-13    0.25                     5.0E10                   2700                     5283.622494715786        3050.5008696205214       2502.294445801098
1.25625                  1.8800000000000001       0.5319148936170213       5.040559171034476E-13    5.132718577350481E-13    0.25                     5.0E10                   2700                     5283.622494715786        3050.5008696205214       2502.294445801098
1.25625                  1.9000000000000001       0.5263157894736842       5.013215852285829E-13    5.120097636094743E-13    0.25                     5.0E10                   2700                     5283.622494715786        3050.5008696205214       2502.294445801098
1.25625                  1.9200000000000002       0.5208333333333333       4.984971918675819E-13    5.106253168191898E-13    0.25                     5.0E10                   2700                     5283.622494715786        3050.5008696205214       2502.294445801098
1.25625                  1.9400000000000002       0.5154639175257731       4.956220832887887E-13    5.091560351935568E-13    0.25                     5.0E10                   2700                     5283.622494715786        3050.5008696205214       2502.294445801098
1.25625                  1.9600000000000002       0.5102040816326531       4.927332768004879E-13    5.076373090931888E-13    0.25                     5.0E10                   2700                     5283.622494715786        3050.5008696205214       2502.294445801098
1.25625                  1.9800000000000002       0.505050505050505        4.898644478583809E-13    5.061009805710316E-13    0.25                     5.0E10                   2700                     5283.622494715786        3050.5008696205214       2502.294445801098
1.25625                  2                        0.5                      4.870661547480941E-13    5.045824437784467E-13    0.25                     5.0E10                   2700                     5283.622494715786        3050.5008696205214       2502.294445801098
1.25625                  2.02                     0.4950495049504951       4.843177991360689E-13    5.030873925772684E-13    0.25                     5.0E10                   2700                     5283.622494715786        3050.5008696205214       2502.294445801098
1.25625                  2.04                     0.4901960784313726       4.816612857691344E-13    5.016424384864452E-13    0.25                     5.0E10                   2700                     5283.622494715786        3050.5008696205214       2502.294445801098
1.25625                  2.06                     0.48543689320388345      4.791118176434032E-13    5.00261523683369E-13     0.25                     5.0E10                   2700                     5283.622494715786        3050.5008696205214       2502.294445801098
1.25625                  2.08                     0.4807692307692307       4.766811130430626E-13    4.989552041208805E-13    0.25                     5.0E10                   2700                     5283.622494715786        3050.5008696205214       2502.294445801098
1.25625                  2.1                      0.47619047619047616      4.743780791484226E-13    4.977313430755867E-13    0.25                     5.0E10                   2700                     5283.622494715786        3050.5008696205214       2502.294445801098
1.25625                  2.12                     0.4716981132075472       4.722094528817003E-13    4.965957772442614E-13    0.25                     5.0E10                   2700                     5283.622494715786        3050.5008696205214       2502.294445801098
1.25625                  2.14                     0.46728971962616817      4.701803635644772E-13    4.955529066077547E-13    0.25                     5.0E10                   2700                     5283.622494715786        3050.5008696205214       2502.294445801098
1.25625                  2.16                     0.4629629629629629       4.68294793364299E-13     4.946061806926862E-13    0.25                     5.0E10                   2700                     5283.622494715786        3050.5008696205214       2502.294445801098
1.25625                  2.18                     0.4587155963302752       4.66555927694435E-13     4.93758470609394E-13     0.25                     5.0E10                   2700                     5283.622494715786        3050.5008696205214       2502.294445801098
1.25625                  2.2                      0.4545454545454545       4.649663699715257E-13    4.930123335496876E-13    0.25                     5.0E10                   2700                     5283.622494715786        3050.5008696205214       2502.294445801098
1.25625                  2.22                     0.45045045045045035      4.63528405930067E-13     4.923701500595247E-13    0.25                     5.0E10                   2700                     5283.622494715786        3050.5008696205214       2502.294445801098
1.25625                  2.24                     0.44642857142857134      4.622439037461954E-13    4.918342222384096E-13    0.25                     5.0E10                   2700                     5283.622494715786        3050.5008696205214       2502.294445801098
1.25625                  2.2600000000000002       0.44247787610619466      4.611144327344995E-13    4.914067549690519E-13    0.25                     5.0E10                   2700                     5283.622494715786        3050.5008696205214       2502.294445801098
1.25625                  2.2800000000000002       0.43859649122807015      4.601411983772731E-13    4.910898077067438E-13    0.25                     5.0E10                   2700                     5283.622494715786        3050.5008696205214       2502.294445801098
1.25625                  2.3000000000000003       0.43478260869565216      4.593249754824526E-13    4.908852067796509E-13    0.25                     5.0E10                   2700                     5283.622494715786        3050.5008696205214       2502.294445801098
1.25625                  2.3200000000000003       0.4310344827586206       4.586660256610122E-13    4.907944375864854E-13    0.25                     5.0E10                   2700                     5283.622494715786        3050.5008696205214       2502.294445801098
1.25625                  2.3400000000000003       0.4273504273504273       4.581640104218999E-13    4.908185293789379E-13    0.25                     5.0E10                   2700                     5283.622494715786        3050.5008696205214       2502.294445801098
1.25625                  2.3600000000000003       0.42372881355932196      4.578179086048539E-13    4.909579427892959E-13    0.25                     5.0E10                   2700                     5283.622494715786        3050.5008696205214       2502.294445801098
1.25625                  2.3800000000000003       0.4201680672268907       4.576259444648733E-13    4.912124677409782E-13    0.25                     5.0E10                   2700                     5283.622494715786        3050.5008696205214       2502.294445801098
1.25625                  2.4000000000000004       0.4166666666666666       4.575855307668122E-13    4.915811371766888E-13    0.25                     5.0E10                   2700                     5283.622494715786        3050.5008696205214       2502.294445801098
1.25625                  2.42                     0.4132231404958677       4.576932293424128E-13    4.920621600017251E-13    0.25                     5.0E10                   2700                     5283.622494715786        3050.5008696205214       2502.294445801098
1.25625                  2.44                     0.4098360655737705       4.579447302551155E-13    4.926528750647409E-13    0.25                     5.0E10                   2700                     5283.622494715786        3050.5008696205214       2502.294445801098
1.25625                  2.46                     0.4065040650406504       4.583348496236103E-13    4.933497266930647E-13    0.25                     5.0E10                   2700                     5283.622494715786        3050.5008696205214       2502.294445801098
1.25625                  2.48                     0.4032258064516129       4.588575453478691E-13    4.941482613322127E-13    0.25                     5.0E10                   2700                     5283.622494715786        3050.5008696205214       2502.294445801098
1.25625                  2.5                      0.4                      4.597060611097079E-13    4.951716294357477E-13    0.25                     5.0E10                   2700                     5283.622494715786        3050.5008696205214       2502.294445801098
1.25625                  2.52                     0.3968253968253968       4.604722256803114E-13    4.961567947359101E-13    0.25                     5.0E10                   2700                     5283.622494715786        3050.5008696205214       2502.294445801098
1.25625                  2.54                     0.39370078740157477      4.613473387794496E-13    4.972245148873763E-13    0.25                     5.0E10                   2700                     5283.622494715786        3050.5008696205214       2502.294445801098
1.25625                  2.56                     0.39062499999999994      4.62322260356308E-13     4.983669507619534E-13    0.25                     5.0E10                   2700                     5283.622494715786        3050.5008696205214       2502.294445801098
1.25625                  2.58                     0.38759689922480617      4.63387434494049E-13     4.995757507315341E-13    0.25                     5.0E10                   2700                     5283.622494715786        3050.5008696205214       2502.294445801098
1.25625                  2.6                      0.3846153846153846       4.64532846116932E-13     5.008420165823103E-13    0.25                     5.0E10                   2700                     5283.622494715786        3050.5008696205214       2502.294445801098
1.25625                  2.62                     0.3816793893129771       4.657481144808649E-13    5.021563979719995E-13    0.25                     5.0E10                   2700                     5283.622494715786        3050.5008696205214       2502.294445801098
1.25625                  2.64                     0.37878787878787873      4.670225909191609E-13    5.035091928782572E-13    0.25                     5.0E10                   2700                     5283.622494715786        3050.5008696205214       2502.294445801098
1.25625                  2.66                     0.37593984962406013      4.683454592546914E-13    5.048904521336578E-13    0.25                     5.0E10                   2700                     5283.622494715786        3050.5008696205214       2502.294445801098
1.25625                  2.68                     0.3731343283582089       4.697058373079378E-13    5.062900862009655E-13    0.25                     5.0E10                   2700                     5283.622494715786        3050.5008696205214       2502.294445801098
1.25625                  2.7                      0.37037037037037035      4.710928779919469E-13    5.076979723943399E-13    0.25                     5.0E10                   2700                     5283.622494715786        3050.5008696205214       2502.294445801098
1.25625                  2.72                     0.3676470588235294       4.72495868540019E-13     5.091040608411437E-13    0.25                     5.0E10                   2700                     5283.622494715786        3050.5008696205214       2502.294445801098
1.25625                  2.74                     0.36496350364963503      4.739043264878109E-13    5.104984775692874E-13    0.25                     5.0E10                   2700                     5283.622494715786        3050.5008696205214       2502.294445801098
1.25625                  2.7600000000000002       0.36231884057971014      4.75308091059725E-13     5.118716231658912E-13    0.25                     5.0E10                   2700                     5283.622494715786        3050.5008696205214       2502.294445801098
1.25625                  2.7800000000000002       0.35971223021582727      4.766974087646792E-13    5.132142656148091E-13    0.25                     5.0E10                   2700                     5283.622494715786        3050.5008696205214       2502.294445801098
1.25625                  2.8000000000000003       0.3571428571428571       4.780630120718626E-13    5.145176260279564E-13    0.25                     5.0E10                   2700                     5283.622494715786        3050.5008696205214       2502.294445801098
1.25625                  2.8200000000000003       0.35460992907801414      4.793961901739927E-13    5.157734561341511E-13    0.25                     5.0E10                   2700                     5283.622494715786        3050.5008696205214       2502.294445801098
1.25625                  2.8400000000000003       0.352112676056338        4.806888510022156E-13    5.169741065825701E-13    0.25                     5.0E10                   2700                     5283.622494715786        3050.5008696205214       2502.294445801098
1.25625                  2.8600000000000003       0.3496503496503496       4.819335738298754E-13    5.181125852945003E-13    0.25                     5.0E10                   2700                     5283.622494715786        3050.5008696205214       2502.294445801098
1.25625                  2.8800000000000003       0.3472222222222222       4.831236519628892E-13    5.191826053017183E-13    0.25                     5.0E10                   2700                     5283.622494715786        3050.5008696205214       2502.294445801098
1.25625                  2.9000000000000004       0.3448275862068965       4.842531252278777E-13    5.201786217323916E-13    0.25                     5.0E10                   2700                     5283.622494715786        3050.5008696205214       2502.294445801098
1.25625                  2.92                     0.34246575342465757      4.853167948698264E-13    5.210958532860313E-13    0.25                     5.0E10                   2700                     5283.622494715786        3050.5008696205214       2502.294445801098
1.25625                  2.94                     0.3401360544217687       4.863102721445907E-13    5.219303217276466E-13    0.25                     5.0E10                   2700                     5283.622494715786        3050.5008696205214       2502.294445801098
1.25625                  2.96                     0.33783783783783783      4.872299140801131E-13    5.226788101695301E-13    0.25                     5.0E10                   2700                     5283.622494715786        3050.5008696205214       2502.294445801098
1.25625                  2.98                     0.3355704697986577       4.880728679004303E-13    5.233388948129225E-13    0.25                     5.0E10                   2700                     5283.622494715786        3050.5008696205214       2502.294445801098
1.25625                  3                        0.3333333333333333       4.888370399151427E-13    5.239089188937877E-13    0.25                     5.0E10                   2700                     5283.622494715786        3050.5008696205214       2502.294445801098
1.25625                  3.02                     0.33112582781456956      4.895210711913384E-13    5.243879689552969E-13    0.25                     5.0E10                   2700                     5283.622494715786        3050.5008696205214       2502.294445801098
1.25625                  3.04                     0.32894736842105265      4.901243060211737E-13    5.24775843397313E-13     0.25                     5.0E10                   2700                     5283.622494715786        3050.5008696205214       2502.294445801098
1.25625                  3.06                     0.32679738562091504      4.906467541234445E-13    5.250730143014407E-13    0.25                     5.0E10                   2700                     5283.622494715786        3050.5008696205214       2502.294445801098
1.25625                  3.08                     0.3246753246753247       4.910890475983189E-13    5.252805836108052E-13    0.25                     5.0E10                   2700                     5283.622494715786        3050.5008696205214       2502.294445801098
1.25625                  3.1                      0.32258064516129037      4.914523936676883E-13    5.254002347614358E-13    0.25                     5.0E10                   2700                     5283.622494715786        3050.5008696205214       2502.294445801098
1.25625                  3.12                     0.32051282051282054      4.917385242171684E-13    5.254341808608919E-13    0.25                     5.0E10                   2700                     5283.622494715786        3050.5008696205214       2502.294445801098
1.25625                  3.14                     0.3184713375796178       4.919496431683967E-13    5.253851104870366E-13    0.25                     5.0E10                   2700                     5283.622494715786        3050.5008696205214       2502.294445801098
1.25625                  3.16                     0.3164556962025316       4.920883726202146E-13    5.252561321218184E-13    0.25                     5.0E10                   2700                     5283.622494715786        3050.5008696205214       2502.294445801098
1.25625                  3.18                     0.31446540880503143      4.921576986741539E-13    5.250507181766747E-13    0.25                     5.0E10                   2700                     5283.622494715786        3050.5008696205214       2502.294445801098
1.25625                  3.2                      0.3125                   4.92160917734202E-13     5.247726494676376E-13    0.25                     5.0E10                   2700                     5283.622494715786        3050.5008696205214       2502.294445801098
1.25625                  3.22                     0.31055900621118004      4.921015840274803E-13    5.244259609186841E-13    0.25                     5.0E10                   2700                     5283.622494715786        3050.5008696205214       2502.294445801098
1.25625                  3.24                     0.30864197530864196      4.919834589552915E-13    5.240148891421122E-13    0.25                     5.0E10                   2700                     5283.622494715786        3050.5008696205214       2502.294445801098
1.25625                  3.2600000000000002       0.3067484662576687       4.918104628042014E-13    5.235438224697325E-13    0.25                     5.0E10                   2700                     5283.622494715786        3050.5008696205214       2502.294445801098
1.25625                  3.2800000000000002       0.3048780487804878       4.915866292539239E-13    5.230172538803936E-13    0.25                     5.0E10                   2700                     5283.622494715786        3050.5008696205214       2502.294445801098
1.25625                  3.3000000000000003       0.30303030303030304      4.913160629929919E-13    5.224397371771099E-13    0.25                     5.0E10                   2700                     5283.622494715786        3050.5008696205214       2502.294445801098
1.25625                  3.3200000000000003       0.3012048192771084       4.910029006873693E-13    5.218158466464461E-13    0.25                     5.0E10                   2700                     5283.622494715786        3050.5008696205214       2502.294445801098
1.25625                  3.3400000000000003       0.29940119760479045      4.906568780164427E-13    5.211597763408926E-13    0.25                     5.0E10                   2700                     5283.622494715786        3050.5008696205214       2502.294445801098
1.25625                  3.3600000000000003       0.29761904761904756      4.902702302721351E-13    5.204556061531829E-13    0.25                     5.0E10                   2700                     5283.622494715786        3050.5008696205214       2502.294445801098
1.25625                  3.3800000000000003       0.29585798816568043      4.898532139901274E-13    5.19718517008451E-13     0.25                     5.0E10                   2700                     5283.622494715786        3050.5008696205214       2502.294445801098
1.25625                  3.4000000000000004       0.2941176470588235       4.894097807847845E-13    5.189528438098293E-13    0.25                     5.0E10                   2700                     5283.622494715786        3050.5008696205214       2502.294445801098
1.25625                  3.4200000000000004       0.29239766081871343      4.889437721042435E-13    5.181627956032471E-13    0.25                     5.0E10                   2700                     5283.622494715786        3050.5008696205214       2502.294445801098
1.25625                  3.44                     0.29069767441860467      4.884589009924725E-13    5.173524369475328E-13    0.25                     5.0E10                   2700                     5283.622494715786        3050.5008696205214       2502.294445801098
1.25625                  3.46                     0.2890173410404624       4.879587369386017E-13    5.165256725459741E-13    0.25                     5.0E10                   2700                     5283.622494715786        3050.5008696205214       2502.294445801098
1.25625                  3.48                     0.28735632183908044      4.874466936689308E-13    5.156862349198864E-13    0.25                     5.0E10                   2700                     5283.622494715786        3050.5008696205214       2502.294445801098
1.25625                  3.5                      0.2857142857142857       4.869260196113135E-13    5.148376748856022E-13    0.25                     5.0E10                   2700                     5283.622494715786        3050.5008696205214       2502.294445801098
1.25625                  3.52                     0.2840909090909091       4.863998928682473E-13    5.139834370688677E-13    0.25                     5.0E10                   2700                     5283.622494715786        3050.5008696205214       2502.294445801098
1.25625                  3.54                     0.2824858757062147       4.858710096965079E-13    5.131265248882942E-13    0.25                     5.0E10                   2700                     5283.622494715786        3050.5008696205214       2502.294445801098
1.25625                  3.56                     0.28089887640449435      4.853421897313501E-13    5.122699946259166E-13    0.25                     5.0E10                   2700                     5283.622494715786        3050.5008696205214       2502.294445801098
1.25625                  3.58                     0.2793296089385475       4.848159709717009E-13    5.114166230110325E-13    0.25                     5.0E10                   2700                     5283.622494715786        3050.5008696205214       2502.294445801098
1.25625                  3.6                      0.2777777777777778       4.842947109958526E-13    5.105689913051484E-13    0.25                     5.0E10                   2700                     5283.622494715786        3050.5008696205214       2502.294445801098
1.25625                  3.62                     0.27624309392265195      4.837805888804007E-13    5.097294876827828E-13    0.25                     5.0E10                   2700                     5283.622494715786        3050.5008696205214       2502.294445801098
1.25625                  3.64                     0.2747252747252747       4.832756082840603E-13    5.089003108059752E-13    0.25                     5.0E10                   2700                     5283.622494715786        3050.5008696205214       2502.294445801098
1.25625                  3.66                     0.27322404371584696      4.827816015273849E-13    5.080834744362544E-13    0.25                     5.0E10                   2700                     5283.622494715786        3050.5008696205214       2502.294445801098
1.25625                  3.68                     0.2717391304347826       4.823002344861968E-13    5.072808128772432E-13    0.25                     5.0E10                   2700                     5283.622494715786        3050.5008696205214       2502.294445801098
1.25625                  3.7                      0.2702702702702703       4.818330121517239E-13    5.064939870900648E-13    0.25                     5.0E10                   2700                     5283.622494715786        3050.5008696205214       2502.294445801098
1.25625                  3.72                     0.26881720430107525      4.813812847250292E-13    5.057244913605473E-13    0.25                     5.0E10                   2700                     5283.622494715786        3050.5008696205214       2502.294445801098
1.25625                  3.74                     0.267379679144385        4.809462541125914E-13    5.049736603730842E-13    0.25                     5.0E10                   2700                     5283.622494715786        3050.5008696205214       2502.294445801098
1.25625                  3.7600000000000002       0.26595744680851063      4.805289807173416E-13    5.042426765615153E-13    0.25                     5.0E10                   2700                     5283.622494715786        3050.5008696205214       2502.294445801098
1.25625                  3.7800000000000002       0.26455026455026454      4.801303904256089E-13    5.035325776657581E-13    0.25                     5.0E10                   2700                     5283.622494715786        3050.5008696205214       2502.294445801098
1.25625                  3.8000000000000003       0.2631578947368421       4.797512817087494E-13    5.028442643825902E-13    0.25                     5.0E10                   2700                     5283.622494715786        3050.5008696205214       2502.294445801098
1.25625                  3.8200000000000003       0.26178010471204183      4.793923327565124E-13    5.021785080440597E-13    0.25                     5.0E10                   2700                     5283.622494715786        3050.5008696205214       2502.294445801098
1.25625                  3.8400000000000003       0.26041666666666663      4.790541085980737E-13    5.01535958255235E-13     0.25                     5.0E10                   2700                     5283.622494715786        3050.5008696205214       2502.294445801098
1.25625                  3.8600000000000003       0.25906735751295334      4.787370681253473E-13    5.009171504292019E-13    0.25                     5.0E10                   2700                     5283.622494715786        3050.5008696205214       2502.294445801098
1.25625                  3.8800000000000003       0.25773195876288657      4.784415710102135E-13    5.003225131918457E-13    0.25                     5.0E10                   2700                     5283.622494715786        3050.5008696205214       2502.294445801098
1.25625                  3.9000000000000004       0.2564102564102564       4.781678844495501E-13    4.997523755941271E-13    0.25                     5.0E10                   2700                     5283.622494715786        3050.5008696205214       2502.294445801098
1.25625                  3.9200000000000004       0.25510204081632654      4.779161897261124E-13    4.992069741211387E-13    0.25                     5.0E10                   2700                     5283.622494715786        3050.5008696205214       2502.294445801098
1.25625                  3.94                     0.25380710659898476      4.776865885499008E-13    4.986864594616657E-13    0.25                     5.0E10                   2700                     5283.622494715786        3050.5008696205214       2502.294445801098
1.25625                  3.96                     0.2525252525252525       4.774791091711638E-13    4.981909030270137E-13    0.25                     5.0E10                   2700                     5283.622494715786        3050.5008696205214       2502.294445801098
1.25625                  3.98                     0.25125628140703515      4.772937122492722E-13    4.977203031969184E-13    0.25                     5.0E10                   2700                     5283.622494715786        3050.5008696205214       2502.294445801098
1.25625                  4                        0.25                     4.77130296450187E-13     4.972745912965018E-13    0.25                     5.0E10                   2700                     5283.622494715786        3050.5008696205214       2502.294445801098
1.25625                  4.02                     0.24875621890547264      4.769887038135053E-13    4.968536372935747E-13    0.25                     5.0E10                   2700                     5283.622494715786        3050.5008696205214       2502.294445801098
1.25625                  4.04                     0.24752475247524755      4.768687248239708E-13    4.964572551986313E-13    0.25                     5.0E10                   2700                     5283.622494715786        3050.5008696205214       2502.294445801098
1.25625                  4.06                     0.24630541871921185      4.767701032396162E-13    4.960852082021413E-13    0.25                     5.0E10                   2700                     5283.622494715786        3050.5008696205214       2502.294445801098
1.25625                  4.08                     0.2450980392156863       4.766925406541986E-13    4.957372135119228E-13    0.25                     5.0E10                   2700                     5283.622494715786        3050.5008696205214       2502.294445801098
1.25625                  4.1                      0.24390243902439027      4.766357007937477E-13    4.954129469295332E-13    0.25                     5.0E10                   2700                     5283.622494715786        3050.5008696205214       2502.294445801098
1.25625                  4.12                     0.24271844660194172      4.765992135772836E-13    4.951120471553635E-13    0.25                     5.0E10                   2700                     5283.622494715786        3050.5008696205214       2502.294445801098
1.25625                  4.14                     0.2415458937198068       4.765826789158289E-13    4.948341198259195E-13    0.25                     5.0E10                   2700                     5283.622494715786        3050.5008696205214       2502.294445801098
1.25625                  4.16                     0.24038461538461536      4.765856702846294E-13    4.945787413005159E-13    0.25                     5.0E10                   2700                     5283.622494715786        3050.5008696205214       2502.294445801098
1.25625                  4.18                     0.2392344497607656       4.766077380607456E-13    4.943454622135471E-13    0.25                     5.0E10                   2700                     5283.622494715786        3050.5008696205214       2502.294445801098
1.25625                  4.199999999999999        0.23809523809523814      4.766484126411814E-13    4.941338107703827E-13    0.25                     5.0E10                   2700                     5283.622494715786        3050.5008696205214       2502.294445801098
1.25625                  4.22                     0.23696682464454977      4.767072073489569E-13    4.939432958458394E-13    0.25                     5.0E10                   2700                     5283.622494715786        3050.5008696205214       2502.294445801098
1.25625                  4.239999999999999        0.23584905660377362      4.767836211372386E-13    4.9377340983905E-13      0.25                     5.0E10                   2700                     5283.622494715786        3050.5008696205214       2502.294445801098
1.25625                  4.26                     0.2347417840375587       4.768771411004957E-13    4.936236313556721E-13    0.25                     5.0E10                   2700                     5283.622494715786        3050.5008696205214       2502.294445801098
1.25625                  4.279999999999999        0.23364485981308417      4.769872447937641E-13    4.934934276553077E-13    0.25                     5.0E10                   2700                     5283.622494715786        3050.5008696205214       2502.294445801098
1.25625                  4.3                      0.23255813953488372      4.771134023965333E-13    4.933822569647925E-13    0.25                     5.0E10                   2700                     5283.622494715786        3050.5008696205214       2502.294445801098
1.25625                  4.319999999999999        0.23148148148148148      4.77255078688167E-13     4.932895705592493E-13    0.25                     5.0E10                   2700                     5283.622494715786        3050.5008696205214       2502.294445801098
1.25625                  4.34                     0.2304147465437788       4.774117348803723E-13    4.932148147259578E-13    0.25                     5.0E10                   2700                     5283.622494715786        3050.5008696205214       2502.294445801098
1.25625                  4.359999999999999        0.22935779816513763      4.775828303047219E-13    4.931574325559E-13       0.25                     5.0E10                   2700                     5283.622494715786        3050.5008696205214       2502.294445801098
1.25625                  4.38                     0.228310502283105        4.777680406148641E-13    4.931170324957033E-13    0.25                     5.0E10                   2700                     5283.622494715786        3050.5008696205214       2502.294445801098
1.25625                  4.3999999999999995       0.22727272727272732      4.779663964230857E-13    4.930927261463415E-13    0.25                     5.0E10                   2700                     5283.622494715786        3050.5008696205214       2502.294445801098
1.25625                  4.42                     0.22624434389140272      4.781775729252872E-13    4.930841192662648E-13    0.25                     5.0E10                   2700                     5283.622494715786        3050.5008696205214       2502.294445801098
1.25625                  4.4399999999999995       0.22522522522522526      4.784010360602381E-13    4.930906572145688E-13    0.25                     5.0E10                   2700                     5283.622494715786        3050.5008696205214       2502.294445801098
1.25625                  4.46                     0.2242152466367713       4.786362563609568E-13    4.931117890591518E-13    0.25                     5.0E10                   2700                     5283.622494715786        3050.5008696205214       2502.294445801098
1.25625                  4.4799999999999995       0.2232142857142857       4.788827099085635E-13    4.931469686133011E-13    0.25                     5.0E10                   2700                     5283.622494715786        3050.5008696205214       2502.294445801098
1.25625                  4.5                      0.22222222222222224      4.791398792096282E-13    4.931956553591905E-13    0.25                     5.0E10                   2700                     5283.622494715786        3050.5008696205214       2502.294445801098
1.25625                  4.52                     0.22123893805309736      4.794072539559526E-13    4.932573152879797E-13    0.25                     5.0E10                   2700                     5283.622494715786        3050.5008696205214       2502.294445801098
1.25625                  4.54                     0.22026431718061676      4.79684331733073E-13     4.933314216527627E-13    0.25                     5.0E10                   2700                     5283.622494715786        3050.5008696205214       2502.294445801098
1.25625                  4.56                     0.21929824561403513      4.799706186215564E-13    4.93417455634647E-13     0.25                     5.0E10                   2700                     5283.622494715786        3050.5008696205214       2502.294445801098
1.25625                  4.58                     0.21834061135371177      4.802656297548576E-13    4.93514906935948E-13     0.25                     5.0E10                   2700                     5283.622494715786        3050.5008696205214       2502.294445801098
1.25625                  4.6                      0.2173913043478261       4.805688897804271E-13    4.936232742972988E-13    0.25                     5.0E10                   2700                     5283.622494715786        3050.5008696205214       2502.294445801098
1.25625                  4.62                     0.21645021645021645      4.808799332797536E-13    4.937420659687394E-13    0.25                     5.0E10                   2700                     5283.622494715786        3050.5008696205214       2502.294445801098
1.25625                  4.64                     0.21551724137931036      4.811983051231846E-13    4.938708000901963E-13    0.25                     5.0E10                   2700                     5283.622494715786        3050.5008696205214       2502.294445801098
1.25625                  4.66                     0.2145922746781116       4.81523560767471E-13     4.940090050397491E-13    0.25                     5.0E10                   2700                     5283.622494715786        3050.5008696205214       2502.294445801098
1.25625                  4.68                     0.21367521367521367      4.818552664987982E-13    4.941562197058043E-13    0.25                     5.0E10                   2700                     5283.622494715786        3050.5008696205214       2502.294445801098
1.25625                  4.7                      0.2127659574468085       4.821929996536959E-13    4.943119937509736E-13    0.25                     5.0E10                   2700                     5283.622494715786        3050.5008696205214       2502.294445801098
1.25625                  4.72                     0.211864406779661        4.82536348761361E-13     4.944758877803319E-13    0.25                     5.0E10                   2700                     5283.622494715786        3050.5008696205214       2502.294445801098
1.25625                  4.739999999999999        0.21097046413502113      4.828849136830963E-13    4.946474735133202E-13    0.25                     5.0E10                   2700                     5283.622494715786        3050.5008696205214       2502.294445801098
1.25625                  4.76                     0.21008403361344538      4.832383056755671E-13    4.948263338741656E-13    0.25                     5.0E10                   2700                     5283.622494715786        3050.5008696205214       2502.294445801098
1.25625                  4.779999999999999        0.20920502092050208      4.835961474554072E-13    4.95012063090389E-13     0.25                     5.0E10                   2700                     5283.622494715786        3050.5008696205214       2502.294445801098
1.25625                  4.8                      0.20833333333333334      4.839580732219674E-13    4.952042667361173E-13    0.25                     5.0E10                   2700                     5283.622494715786        3050.5008696205214       2502.294445801098
1.25625                  4.819999999999999        0.2074688796680498       4.843237286348866E-13    4.954025617381358E-13    0.25                     5.0E10                   2700                     5283.622494715786        3050.5008696205214       2502.294445801098
1.25625                  4.84                     0.20661157024793386      4.846927707931348E-13    4.956065763740035E-13    0.25                     5.0E10                   2700                     5283.622494715786        3050.5008696205214       2502.294445801098
1.25625                  4.859999999999999        0.20576131687242802      4.850648681696961E-13    4.958159502324288E-13    0.25                     5.0E10                   2700                     5283.622494715786        3050.5008696205214       2502.294445801098
1.25625                  4.88                     0.20491803278688525      4.854397005408759E-13    4.960303341596359E-13    0.25                     5.0E10                   2700                     5283.622494715786        3050.5008696205214       2502.294445801098
1.25625                  4.8999999999999995       0.20408163265306126      4.858169588711706E-13    4.962493901768479E-13    0.25                     5.0E10                   2700                     5283.622494715786        3050.5008696205214       2502.294445801098
1.25625                  4.92                     0.2032520325203252       4.861963452099923E-13    4.964727913773018E-13    0.25                     5.0E10                   2700                     5283.622494715786        3050.5008696205214       2502.294445801098
1.25625                  4.9399999999999995       0.20242914979757085      4.865775725541243E-13    4.96700221830467E-13     0.25                     5.0E10                   2700                     5283.622494715786        3050.5008696205214       2502.294445801098
1.25625                  4.96                     0.20161290322580644      4.86960364700678E-13     4.96931376425828E-13     0.25                     5.0E10                   2700                     5283.622494715786        3050.5008696205214       2502.294445801098
1.25625                  4.9799999999999995       0.20080321285140565      4.873444560951944E-13    4.971659607547612E-13    0.25                     5.0E10                   2700                     5283.622494715786        3050.5008696205214       2502.294445801098
1.25625                  5                        0.2                      4.878223897532379E-13    4.975186359833518E-13    0.25                     5.0E10                   2700                     5283.622494715786        3050.5008696205214       2502.294445801098
1.25625                  5.02                     0.19920318725099603      4.882076272801521E-13    4.977585641866564E-13    0.25                     5.0E10                   2700                     5283.622494715786        3050.5008696205214       2502.294445801098
1.25625                  5.04                     0.1984126984126984       4.885934041795692E-13    4.980010693645291E-13    0.25                     5.0E10                   2700                     5283.622494715786        3050.5008696205214       2502.294445801098
1.25625                  5.06                     0.19762845849802374      4.889794971009097E-13    4.982459001388494E-13    0.25                     5.0E10                   2700                     5283.622494715786        3050.5008696205214       2502.294445801098
1.25625                  5.08                     0.19685039370078738      4.893656923343084E-13    4.984928148661846E-13    0.25                     5.0E10                   2700                     5283.622494715786        3050.5008696205214       2502.294445801098
1.25625                  5.1                      0.19607843137254904      4.897517855981221E-13    4.98741581452256E-13     0.25                     5.0E10                   2700                     5283.622494715786        3050.5008696205214       2502.294445801098
1.25625                  5.12                     0.19531249999999997      4.901375818318406E-13    4.989919771386761E-13    0.25                     5.0E10                   2700                     5283.622494715786        3050.5008696205214       2502.294445801098
1.25625                  5.14                     0.1945525291828794       4.905228949801605E-13    4.992437883108128E-13    0.25                     5.0E10                   2700                     5283.622494715786        3050.5008696205214       2502.294445801098
1.25625                  5.16                     0.19379844961240308      4.90907547750981E-13     4.994968102727532E-13    0.25                     5.0E10                   2700                     5283.622494715786        3050.5008696205214       2502.294445801098
1.25625                  5.18                     0.19305019305019305      4.912913714302634E-13    4.997508470466791E-13    0.25                     5.0E10                   2700                     5283.622494715786        3050.5008696205214       2502.294445801098
1.25625                  5.2                      0.1923076923076923       4.916742056068199E-13    5.000057111572057E-13    0.25                     5.0E10                   2700                     5283.622494715786        3050.5008696205214       2502.294445801098
1.25625                  5.22                     0.19157088122605365      4.92055897992906E-13     5.002612234032626E-13    0.25                     5.0E10                   2700                     5283.622494715786        3050.5008696205214       2502.294445801098
1.25625                  5.239999999999999        0.19083969465648856      4.924363041764895E-13    5.005172126560819E-13    0.25                     5.0E10                   2700                     5283.622494715786        3050.5008696205214       2502.294445801098
1.25625                  5.26                     0.19011406844106465      4.928152873838775E-13    5.007735156386213E-13    0.25                     5.0E10                   2700                     5283.622494715786        3050.5008696205214       2502.294445801098
1.25625                  5.279999999999999        0.18939393939393942      4.931927182759995E-13    5.01029976690784E-13     0.25                     5.0E10                   2700                     5283.622494715786        3050.5008696205214       2502.294445801098
1.25625                  5.3                      0.18867924528301888      4.935684747112451E-13    5.012864475826107E-13    0.25                     5.0E10                   2700                     5283.622494715786        3050.5008696205214       2502.294445801098
1.25625                  5.319999999999999        0.1879699248120301       4.939424415234585E-13    5.015427872675209E-13    0.25                     5.0E10                   2700                     5283.622494715786        3050.5008696205214       2502.294445801098
1.25625                  5.34                     0.18726591760299627      4.943145103018377E-13    5.017988616938093E-13    0.25                     5.0E10                   2700                     5283.622494715786        3050.5008696205214       2502.294445801098
1.25625                  5.359999999999999        0.1865671641791045       4.946845791633232E-13    5.020545435702249E-13    0.25                     5.0E10                   2700                     5283.622494715786        3050.5008696205214       2502.294445801098
1.25625                  5.38                     0.1858736059479554       4.950525525572117E-13    5.023097121713895E-13    0.25                     5.0E10                   2700                     5283.622494715786        3050.5008696205214       2502.294445801098
1.25625                  5.3999999999999995       0.1851851851851852       4.954183410163042E-13    5.025642531167158E-13    0.25                     5.0E10                   2700                     5283.622494715786        3050.5008696205214       2502.294445801098
1.25625                  5.42                     0.18450184501845018      4.957818609791677E-13    5.028180581745499E-13    0.25                     5.0E10                   2700                     5283.622494715786        3050.5008696205214       2502.294445801098
1.25625                  5.4399999999999995       0.18382352941176472      4.961430345660575E-13    5.030710250514275E-13    0.25                     5.0E10                   2700                     5283.622494715786        3050.5008696205214       2502.294445801098
1.25625                  5.46                     0.18315018315018314      4.965017893667277E-13    5.033230571975867E-13    0.25                     5.0E10                   2700                     5283.622494715786        3050.5008696205214       2502.294445801098
1.25625                  5.4799999999999995       0.18248175182481755      4.968580582519163E-13    5.035740635994546E-13    0.25                     5.0E10                   2700                     5283.622494715786        3050.5008696205214       2502.294445801098
1.25625                  5.5                      0.18181818181818182      4.972117791806791E-13    5.038239586019883E-13    0.25                     5.0E10                   2700                     5283.622494715786        3050.5008696205214       2502.294445801098
1.25625                  5.52                     0.1811594202898551       4.975628949788653E-13    5.040726617021952E-13    0.25                     5.0E10                   2700                     5283.622494715786        3050.5008696205214       2502.294445801098
1.25625                  5.54                     0.18050541516245486      4.979113531823953E-13    5.043200973754982E-13    0.25                     5.0E10                   2700                     5283.622494715786        3050.5008696205214       2502.294445801098
1.25625                  5.56                     0.1798561151079137       4.982571058328634E-13    5.045661948836453E-13    0.25                     5.0E10                   2700                     5283.622494715786        3050.5008696205214       2502.294445801098
1.25625                  5.58                     0.17921146953405018      4.986001092938996E-13    5.048108880986165E-13    0.25                     5.0E10                   2700                     5283.622494715786        3050.5008696205214       2502.294445801098
1.25625                  5.6                      0.17857142857142858      4.989403240874096E-13    5.050541153297235E-13    0.25                     5.0E10                   2700                     5283.622494715786        3050.5008696205214       2502.294445801098
1.25625                  5.62                     0.17793594306049823      4.992777147083793E-13    5.052958191528309E-13    0.25                     5.0E10                   2700                     5283.622494715786        3050.5008696205214       2502.294445801098
1.25625                  5.64                     0.1773049645390071       4.996122494618454E-13    5.055359462341425E-13    0.25                     5.0E10                   2700                     5283.622494715786        3050.5008696205214       2502.294445801098
1.25625                  5.66                     0.17667844522968196      4.999439002916356E-13    5.057744471810373E-13    0.25                     5.0E10                   2700                     5283.622494715786        3050.5008696205214       2502.294445801098
1.25625                  5.68                     0.17605633802816903      5.002726426338819E-13    5.060112763690738E-13    0.25                     5.0E10                   2700                     5283.622494715786        3050.5008696205214       2502.294445801098
1.25625                  5.7                      0.17543859649122806      5.005984552522367E-13    5.062463918033918E-13    0.25                     5.0E10                   2700                     5283.622494715786        3050.5008696205214       2502.294445801098
1.25625                  5.72                     0.17482517482517484      5.009213200722488E-13    5.064797549446102E-13    0.25                     5.0E10                   2700                     5283.622494715786        3050.5008696205214       2502.294445801098
1.25625                  5.739999999999999        0.17421602787456447      5.012412220654003E-13    5.067113305883617E-13    0.25                     5.0E10                   2700                     5283.622494715786        3050.5008696205214       2502.294445801098
1.25625                  5.76                     0.1736111111111111       5.01558149074159E-13     5.069410866976161E-13    0.25                     5.0E10                   2700                     5283.622494715786        3050.5008696205214       2502.294445801098
1.25625                  5.779999999999999        0.17301038062283738      5.018720917132954E-13    5.071689942933506E-13    0.25                     5.0E10                   2700                     5283.622494715786        3050.5008696205214       2502.294445801098
1.25625                  5.8                      0.1724137931034483       5.021830431872685E-13    5.073950272830688E-13    0.25                     5.0E10                   2700                     5283.622494715786        3050.5008696205214       2502.294445801098
1.25625                  5.819999999999999        0.17182130584192443      5.024909991912945E-13    5.076191623627782E-13    0.25                     5.0E10                   2700                     5283.622494715786        3050.5008696205214       2502.294445801098
1.25625                  5.84                     0.17123287671232879      5.02796444676472E-13     5.078418193543743E-13    0.25                     5.0E10                   2700                     5283.622494715786        3050.5008696205214       2502.294445801098
1.25625                  5.859999999999999        0.17064846416382254      5.03098413326415E-13     5.080621054079611E-13    0.25                     5.0E10                   2700                     5283.622494715786        3050.5008696205214       2502.294445801098
1.25625                  5.88                     0.17006802721088435      5.033973873606973E-13    5.082804391215539E-13    0.25                     5.0E10                   2700                     5283.622494715786        3050.5008696205214       2502.294445801098
1.25625                  5.8999999999999995       0.16949152542372883      5.036933711911312E-13    5.084968070605065E-13    0.25                     5.0E10                   2700                     5283.622494715786        3050.5008696205214       2502.294445801098
1.25625                  5.92                     0.16891891891891891      5.039863711257646E-13    5.087111979760803E-13    0.25                     5.0E10                   2700                     5283.622494715786        3050.5008696205214       2502.294445801098
1.25625                  5.9399999999999995       0.16835016835016836      5.04276395262708E-13     5.089236026921415E-13    0.25                     5.0E10                   2700                     5283.622494715786        3050.5008696205214       2502.294445801098
1.25625                  5.96                     0.16778523489932884      5.045634533785254E-13    5.09134013999774E-13     0.25                     5.0E10                   2700                     5283.622494715786        3050.5008696205214       2502.294445801098
1.25625                  5.9799999999999995       0.16722408026755856      5.048475568496727E-13    5.09342426561946E-13     0.25                     5.0E10                   2700                     5283.622494715786        3050.5008696205214       2502.294445801098
1.25625                  6                        0.16666666666666666      5.051287185338958E-13    5.095488368126975E-13    0.25                     5.0E10                   2700                     5283.622494715786        3050.5008696205214       2502.294445801098
1.25625                  6.02                     0.16611295681063123      5.054069526962515E-13    5.097532428639156E-13    0.25                     5.0E10                   2700                     5283.622494715786        3050.5008696205214       2502.294445801098
1.25625                  6.04                     0.16556291390728478      5.056822749190876E-13    5.099556444208395E-13    0.25                     5.0E10                   2700                     5283.622494715786        3050.5008696205214       2502.294445801098
1.25625                  6.06                     0.16501650165016504      5.059547020089969E-13    5.10156042688412E-13     0.25                     5.0E10                   2700                     5283.622494715786        3050.5008696205214       2502.294445801098
1.25625                  6.08                     0.16447368421052633      5.062242519200017E-13    5.103544402864209E-13    0.25                     5.0E10                   2700                     5283.622494715786        3050.5008696205214       2502.294445801098
1.25625                  6.1                      0.16393442622950818      5.064909436889045E-13    5.105508411842909E-13    0.25                     5.0E10                   2700                     5283.622494715786        3050.5008696205214       2502.294445801098
1.25625                  6.12                     0.16339869281045752      5.067547973327873E-13    5.107452505990706E-13    0.25                     5.0E10                   2700                     5283.622494715786        3050.5008696205214       2502.294445801098
1.25625                  6.14                     0.16286644951140067      5.070158337972199E-13    5.109376749432716E-13    0.25                     5.0E10                   2700                     5283.622494715786        3050.5008696205214       2502.294445801098
1.25625                  6.16                     0.16233766233766234      5.072740748940752E-13    5.111281217430947E-13    0.25                     5.0E10                   2700                     5283.622494715786        3050.5008696205214       2502.294445801098
1.25625                  6.18                     0.16181229773462782      5.075295432161028E-13    5.113165995682775E-13    0.25                     5.0E10                   2700                     5283.622494715786        3050.5008696205214       2502.294445801098
1.25625                  6.2                      0.16129032258064518      5.077822620825308E-13    5.115031179732065E-13    0.25                     5.0E10                   2700                     5283.622494715786        3050.5008696205214       2502.294445801098
1.25625                  6.22                     0.16077170418006428      5.080322554808824E-13    5.116876874271497E-13    0.25                     5.0E10                   2700                     5283.622494715786        3050.5008696205214       2502.294445801098
1.25625                  6.24                     0.16025641025641027      5.082795480066177E-13    5.118703192556385E-13    0.25                     5.0E10                   2700                     5283.622494715786        3050.5008696205214       2502.294445801098
1.25625                  6.26                     0.1597444089456869       5.085241648158483E-13    5.120510255860815E-13    0.25                     5.0E10                   2700                     5283.622494715786        3050.5008696205214       2502.294445801098
1.25625                  6.279999999999999        0.15923566878980894      5.08766131564111E-13     5.122298192899575E-13    0.25                     5.0E10                   2700                     5283.622494715786        3050.5008696205214       2502.294445801098
1.25625                  6.3                      0.15873015873015872      5.090054743538835E-13    5.124067139235572E-13    0.25                     5.0E10                   2700                     5283.622494715786        3050.5008696205214       2502.294445801098
1.25625                  6.319999999999999        0.15822784810126583      5.092422196906372E-13    5.125817236848114E-13    0.25                     5.0E10                   2700                     5283.622494715786        3050.5008696205214       2502.294445801098
1.25625                  6.34                     0.1577287066246057       5.094763944546653E-13    5.127548633693748E-13    0.25                     5.0E10                   2700                     5283.622494715786        3050.5008696205214       2502.294445801098
1.25625                  6.359999999999999        0.15723270440251574      5.097080258192871E-13    5.129261483023043E-13    0.25                     5.0E10                   2700                     5283.622494715786        3050.5008696205214       2502.294445801098
1.25625                  6.38                     0.15673981191222572      5.099371412439437E-13    5.130955943186388E-13    0.25                     5.0E10                   2700                     5283.622494715786        3050.5008696205214       2502.294445801098
1.25625                  6.3999999999999995       0.15625                  5.101637684245547E-13    5.132632177095349E-13    0.25                     5.0E10                   2700                     5283.622494715786        3050.5008696205214       2502.294445801098
1.25625                  6.42                     0.1557632398753894       5.103879352561526E-13    5.134290351822346E-13    0.25                     5.0E10                   2700                     5283.622494715786        3050.5008696205214       2502.294445801098
1.25625                  6.4399999999999995       0.15527950310559008      5.106096697850641E-13    5.135930638178698E-13    0.25                     5.0E10                   2700                     5283.622494715786        3050.5008696205214       2502.294445801098
1.25625                  6.46                     0.15479876160990713      5.108290002009876E-13    5.137553210455708E-13    0.25                     5.0E10                   2700                     5283.622494715786        3050.5008696205214       2502.294445801098
1.25625                  6.4799999999999995       0.154320987654321        5.110459547854048E-13    5.139158245970986E-13    0.25                     5.0E10                   2700                     5283.622494715786        3050.5008696205214       2502.294445801098
1.25625                  6.5                      0.15384615384615383      5.112605618826816E-13    5.140745924755881E-13    0.25                     5.0E10                   2700                     5283.622494715786        3050.5008696205214       2502.294445801098
1.25625                  6.52                     0.15337423312883436      5.114728498904085E-13    5.142316429352562E-13    0.25                     5.0E10                   2700                     5283.622494715786        3050.5008696205214       2502.294445801098
1.25625                  6.54                     0.15290519877675843      5.116828471967787E-13    5.143869944249028E-13    0.25                     5.0E10                   2700                     5283.622494715786        3050.5008696205214       2502.294445801098
1.25625                  6.56                     0.15243902439024393      5.118905822040474E-13    5.145406655957847E-13    0.25                     5.0E10                   2700                     5283.622494715786        3050.5008696205214       2502.294445801098
1.25625                  6.58                     0.1519756838905775       5.120960832623549E-13    5.146926752419391E-13    0.25                     5.0E10                   2700                     5283.622494715786        3050.5008696205214       2502.294445801098
1.25625                  6.6                      0.15151515151515152      5.122993786612124E-13    5.1484304229027E-13      0.25                     5.0E10                   2700                     5283.622494715786        3050.5008696205214       2502.294445801098
1.25625                  6.62                     0.1510574018126888       5.125004966161072E-13    5.149917857760522E-13    0.25                     5.0E10                   2700                     5283.622494715786        3050.5008696205214       2502.294445801098
1.25625                  6.64                     0.1506024096385542       5.12699465249197E-13     5.151389248191895E-13    0.25                     5.0E10                   2700                     5283.622494715786        3050.5008696205214       2502.294445801098
1.25625                  6.66                     0.15015015015015015      5.128963125535922E-13    5.152844785963392E-13    0.25                     5.0E10                   2700                     5283.622494715786        3050.5008696205214       2502.294445801098
1.25625                  6.68                     0.14970059880239522      5.130910663910403E-13    5.154284663259648E-13    0.25                     5.0E10                   2700                     5283.622494715786        3050.5008696205214       2502.294445801098
1.25625                  6.7                      0.1492537313432836       5.132837544752376E-13    5.155709072513341E-13    0.25                     5.0E10                   2700                     5283.622494715786        3050.5008696205214       2502.294445801098
1.25625                  6.72                     0.1488095238095238       5.134744043496189E-13    5.157118206150282E-13    0.25                     5.0E10                   2700                     5283.622494715786        3050.5008696205214       2502.294445801098
1.25625                  6.74                     0.14836795252225518      5.136630433773443E-13    5.158512256472586E-13    0.25                     5.0E10                   2700                     5283.622494715786        3050.5008696205214       2502.294445801098
1.25625                  6.76                     0.14792899408284024      5.138496987323591E-13    5.159891415502568E-13    0.25                     5.0E10                   2700                     5283.622494715786        3050.5008696205214       2502.294445801098
1.25625                  6.779999999999999        0.14749262536873156      5.140343973763981E-13    5.161255874750219E-13    0.25                     5.0E10                   2700                     5283.622494715786        3050.5008696205214       2502.294445801098
1.25625                  6.8                      0.14705882352941177      5.142171660551604E-13    5.162605825176625E-13    0.25                     5.0E10                   2700                     5283.622494715786        3050.5008696205214       2502.294445801098
1.25625                  6.819999999999999        0.1466275659824047       5.143980312921806E-13    5.163941457016499E-13    0.25                     5.0E10                   2700                     5283.622494715786        3050.5008696205214       2502.294445801098
1.25625                  6.84                     0.14619883040935674      5.145770193724946E-13    5.165262959635058E-13    0.25                     5.0E10                   2700                     5283.622494715786        3050.5008696205214       2502.294445801098
1.25625                  6.859999999999999        0.1457725947521866       5.147541563256374E-13    5.166570521387155E-13    0.25                     5.0E10                   2700                     5283.622494715786        3050.5008696205214       2502.294445801098
1.25625                  6.88                     0.14534883720930233      5.149294679443658E-13    5.167864329624904E-13    0.25                     5.0E10                   2700                     5283.622494715786        3050.5008696205214       2502.294445801098
1.25625                  6.8999999999999995       0.14492753623188406      5.151029797442831E-13    5.169144570438245E-13    0.25                     5.0E10                   2700                     5283.622494715786        3050.5008696205214       2502.294445801098
1.25625                  6.92                     0.1445086705202312       5.152747169842615E-13    5.17041142870592E-13     0.25                     5.0E10                   2700                     5283.622494715786        3050.5008696205214       2502.294445801098
1.25625                  6.9399999999999995       0.1440922190201729       5.154447046466166E-13    5.171665087914924E-13    0.25                     5.0E10                   2700                     5283.622494715786        3050.5008696205214       2502.294445801098
1.25625                  6.96                     0.14367816091954022      5.156129674317476E-13    5.17290573010022E-13     0.25                     5.0E10                   2700                     5283.622494715786        3050.5008696205214       2502.294445801098
1.25625                  6.9799999999999995       0.14326647564469916      5.157795297537328E-13    5.174133535751216E-13    0.25                     5.0E10                   2700                     5283.622494715786        3050.5008696205214       2502.294445801098
1.25625                  7                        0.14285714285714285      5.159444157547831E-13    5.175348683851753E-13    0.25                     5.0E10                   2700                     5283.622494715786        3050.5008696205214       2502.294445801098
1.25625                  7.02                     0.14245014245014245      5.161076492586658E-13    5.176551351614971E-13    0.25                     5.0E10                   2700                     5283.622494715786        3050.5008696205214       2502.294445801098
1.25625                  7.04                     0.14204545454545456      5.16269253823385E-13     5.177741714668587E-13    0.25                     5.0E10                   2700                     5283.622494715786        3050.5008696205214       2502.294445801098
1.25625                  7.06                     0.141643059490085        5.164292526850889E-13    5.178919946775331E-13    0.25                     5.0E10                   2700                     5283.622494715786        3050.5008696205214       2502.294445801098
1.25625                  7.08                     0.14124293785310735      5.165876688000069E-13    5.180086219962618E-13    0.25                     5.0E10                   2700                     5283.622494715786        3050.5008696205214       2502.294445801098
1.25625                  7.1                      0.14084507042253522      5.167445247961945E-13    5.181240704299757E-13    0.25                     5.0E10                   2700                     5283.622494715786        3050.5008696205214       2502.294445801098
1.25625                  7.12                     0.14044943820224717      5.168998430347062E-13    5.182383568132753E-13    0.25                     5.0E10                   2700                     5283.622494715786        3050.5008696205214       2502.294445801098
1.25625                  7.14                     0.1400560224089636       5.170536455404824E-13    5.183514977698793E-13    0.25                     5.0E10                   2700                     5283.622494715786        3050.5008696205214       2502.294445801098
1.25625                  7.16                     0.13966480446927376      5.172059540483321E-13    5.184635097383902E-13    0.25                     5.0E10                   2700                     5283.622494715786        3050.5008696205214       2502.294445801098
1.25625                  7.18                     0.1392757660167131       5.173567899842194E-13    5.185744089546667E-13    0.25                     5.0E10                   2700                     5283.622494715786        3050.5008696205214       2502.294445801098
1.25625                  7.2                      0.1388888888888889       5.175061744708939E-13    5.186842114566739E-13    0.25                     5.0E10                   2700                     5283.622494715786        3050.5008696205214       2502.294445801098
1.25625                  7.22                     0.13850415512465375      5.176541283232421E-13    5.187929330762334E-13    0.25                     5.0E10                   2700                     5283.622494715786        3050.5008696205214       2502.294445801098
1.25625                  7.24                     0.13812154696132597      5.178006720490419E-13    5.189005894414726E-13    0.25                     5.0E10                   2700                     5283.622494715786        3050.5008696205214       2502.294445801098
1.25625                  7.26                     0.13774104683195593      5.179458258642906E-13    5.190071959787566E-13    0.25                     5.0E10                   2700                     5283.622494715786        3050.5008696205214       2502.294445801098
1.25625                  7.279999999999999        0.13736263736263737      5.18089609662728E-13     5.19112767898678E-13     0.25                     5.0E10                   2700                     5283.622494715786        3050.5008696205214       2502.294445801098
1.25625                  7.3                      0.13698630136986303      5.182320430529451E-13    5.192173202107085E-13    0.25                     5.0E10                   2700                     5283.622494715786        3050.5008696205214       2502.294445801098
1.25625                  7.319999999999999        0.1366120218579235       5.183731453342764E-13    5.193208677150444E-13    0.25                     5.0E10                   2700                     5283.622494715786        3050.5008696205214       2502.294445801098
1.25625                  7.34                     0.1362397820163488       5.185129355138234E-13    5.194234250000933E-13    0.25                     5.0E10                   2700                     5283.622494715786        3050.5008696205214       2502.294445801098
1.25625                  7.359999999999999        0.13586956521739132      5.186514322884313E-13    5.19525006446886E-13     0.25                     5.0E10                   2700                     5283.622494715786        3050.5008696205214       2502.294445801098
1.25625                  7.38                     0.13550135501355012      5.187886540790704E-13    5.19625626228015E-13     0.25                     5.0E10                   2700                     5283.622494715786        3050.5008696205214       2502.294445801098
1.25625                  7.3999999999999995       0.13513513513513514      5.18924618999811E-13     5.197252983054595E-13    0.25                     5.0E10                   2700                     5283.622494715786        3050.5008696205214       2502.294445801098
1.25625                  7.42                     0.1347708894878706       5.190593448754388E-13    5.198240364323256E-13    0.25                     5.0E10                   2700                     5283.622494715786        3050.5008696205214       2502.294445801098
1.25625                  7.4399999999999995       0.13440860215053765      5.191928492552198E-13    5.19921854161437E-13     0.25                     5.0E10                   2700                     5283.622494715786        3050.5008696205214       2502.294445801098
1.25625                  7.46                     0.13404825737265413      5.193251493882616E-13    5.200187648300115E-13    0.25                     5.0E10                   2700                     5283.622494715786        3050.5008696205214       2502.294445801098
1.25625                  7.4799999999999995       0.1336898395721925       5.1945626224749E-13      5.201147815726006E-13    0.25                     5.0E10                   2700                     5283.622494715786        3050.5008696205214       2502.294445801098
1.25625                  7.5                      0.13333333333333333      5.195862045266228E-13    5.202099173192831E-13    0.25                     5.0E10                   2700                     5283.622494715786        3050.5008696205214       2502.294445801098
1.25625                  7.52                     0.13297872340425532      5.197149926353343E-13    5.203041847945123E-13    0.25                     5.0E10                   2700                     5283.622494715786        3050.5008696205214       2502.294445801098
1.25625                  7.54                     0.13262599469496023      5.198426427266509E-13    5.203975965261372E-13    0.25                     5.0E10                   2700                     5283.622494715786        3050.5008696205214       2502.294445801098
1.25625                  7.56                     0.13227513227513227      5.199691706578484E-13    5.204901648340688E-13    0.25                     5.0E10                   2700                     5283.622494715786        3050.5008696205214       2502.294445801098
1.25625                  7.58                     0.13192612137203166      5.200945920438371E-13    5.205819018467574E-13    0.25                     5.0E10                   2700                     5283.622494715786        3050.5008696205214       2502.294445801098
1.25625                  7.6                      0.13157894736842105      5.202189222127847E-13    5.206728194855142E-13    0.25                     5.0E10                   2700                     5283.622494715786        3050.5008696205214       2502.294445801098
1.25625                  7.62                     0.13123359580052493      5.203421762475202E-13    5.207629294848586E-13    0.25                     5.0E10                   2700                     5283.622494715786        3050.5008696205214       2502.294445801098
1.25625                  7.64                     0.13089005235602094      5.204643689577333E-13    5.208522433783415E-13    0.25                     5.0E10                   2700                     5283.622494715786        3050.5008696205214       2502.294445801098
1.25625                  7.66                     0.13054830287206268      5.205855149220163E-13    5.209407725144671E-13    0.25                     5.0E10                   2700                     5283.622494715786        3050.5008696205214       2502.294445801098
1.25625                  7.68                     0.13020833333333334      5.207056284416771E-13    5.210285280483105E-13    0.25                     5.0E10                   2700                     5283.622494715786        3050.5008696205214       2502.294445801098
1.25625                  7.7                      0.12987012987012989      5.208247235832003E-13    5.211155209410411E-13    0.25                     5.0E10                   2700                     5283.622494715786        3050.5008696205214       2502.294445801098
1.25625                  7.72                     0.1295336787564767       5.209428141680995E-13    5.21201761978581E-13     0.25                     5.0E10                   2700                     5283.622494715786        3050.5008696205214       2502.294445801098
1.25625                  7.74                     0.12919896640826872      5.210599137778558E-13    5.212872617566475E-13    0.25                     5.0E10                   2700                     5283.622494715786        3050.5008696205214       2502.294445801098
1.25625                  7.76                     0.1288659793814433       5.21176035750931E-13     5.213720306895794E-13    0.25                     5.0E10                   2700                     5283.622494715786        3050.5008696205214       2502.294445801098
1.25625                  7.779999999999999        0.12853470437017997      5.212911931959487E-13    5.214560790137034E-13    0.25                     5.0E10                   2700                     5283.622494715786        3050.5008696205214       2502.294445801098
1.25625                  7.8                      0.12820512820512822      5.214053989945047E-13    5.215394167893075E-13    0.25                     5.0E10                   2700                     5283.622494715786        3050.5008696205214       2502.294445801098
1.25625                  7.819999999999999        0.1278772378516624       5.215186657887134E-13    5.216220538974031E-13    0.25                     5.0E10                   2700                     5283.622494715786        3050.5008696205214       2502.294445801098
1.25625                  7.84                     0.12755102040816327      5.216310060104288E-13    5.217040000508799E-13    0.25                     5.0E10                   2700                     5283.622494715786        3050.5008696205214       2502.294445801098
1.25625                  7.859999999999999        0.1272264631043257       5.217424318641693E-13    5.21785264789668E-13     0.25                     5.0E10                   2700                     5283.622494715786        3050.5008696205214       2502.294445801098
1.25625                  7.88                     0.12690355329949238      5.218529553383923E-13    5.218658574879153E-13    0.25                     5.0E10                   2700                     5283.622494715786        3050.5008696205214       2502.294445801098
1.25625                  7.8999999999999995       0.12658227848101267      5.219625882128787E-13    5.219457873535871E-13    0.25                     5.0E10                   2700                     5283.622494715786        3050.5008696205214       2502.294445801098
1.25625                  7.92                     0.12626262626262624      5.220713420633001E-13    5.220250634350775E-13    0.25                     5.0E10                   2700                     5283.622494715786        3050.5008696205214       2502.294445801098
1.25625                  7.9399999999999995       0.12594458438287154      5.221792282346411E-13    5.22103694609358E-13     0.25                     5.0E10                   2700                     5283.622494715786        3050.5008696205214       2502.294445801098
1.25625                  7.96                     0.12562814070351758      5.222862578970607E-13    5.221816896091582E-13    0.25                     5.0E10                   2700                     5283.622494715786        3050.5008696205214       2502.294445801098
1.25625                  7.9799999999999995       0.12531328320802007      5.223924420071739E-13    5.222590570013524E-13    0.25                     5.0E10                   2700                     5283.622494715786        3050.5008696205214       2502.294445801098
1.25625                  8                        0.125                    5.224977913310105E-13    5.223358052044956E-13    0.25                     5.0E10                   2700                     5283.622494715786        3050.5008696205214       2502.294445801098
1.25625                  8.02                     0.12468827930174564      5.226023164377496E-13    5.224119424831479E-13    0.25                     5.0E10                   2700                     5283.622494715786        3050.5008696205214       2502.294445801098
1.25625                  8.040000000000001        0.1243781094527363       5.227060277078035E-13    5.224874769529519E-13    0.25                     5.0E10                   2700                     5283.622494715786        3050.5008696205214       2502.294445801098
1.25625                  8.06                     0.12406947890818859      5.228089353409209E-13    5.225624165886118E-13    0.25                     5.0E10                   2700                     5283.622494715786        3050.5008696205214       2502.294445801098
1.25625                  8.08                     0.12376237623762378      5.229110493469802E-13    5.226367692133397E-13    0.25                     5.0E10                   2700                     5283.622494715786        3050.5008696205214       2502.294445801098
1.25625                  8.1                      0.1234567901234568       5.230123795645063E-13    5.22710542516192E-13     0.25                     5.0E10                   2700                     5283.622494715786        3050.5008696205214       2502.294445801098
1.25625                  8.12                     0.12315270935960593      5.231129356482204E-13    5.227837440407532E-13    0.25                     5.0E10                   2700                     5283.622494715786        3050.5008696205214       2502.294445801098
1.25625                  8.14                     0.12285012285012284      5.232127270891166E-13    5.228563811999799E-13    0.25                     5.0E10                   2700                     5283.622494715786        3050.5008696205214       2502.294445801098
1.25625                  8.16                     0.12254901960784315      5.233117632025327E-13    5.22928461270027E-13     0.25                     5.0E10                   2700                     5283.622494715786        3050.5008696205214       2502.294445801098
1.25625                  8.18                     0.12224938875305624      5.234100531316369E-13    5.229999913895172E-13    0.25                     5.0E10                   2700                     5283.622494715786        3050.5008696205214       2502.294445801098
1.25625                  8.2                      0.12195121951219513      5.235076058692966E-13    5.230709785772586E-13    0.25                     5.0E10                   2700                     5283.622494715786        3050.5008696205214       2502.294445801098
1.25625                  8.22                     0.121654501216545        5.236044302405959E-13    5.231414297181712E-13    0.25                     5.0E10                   2700                     5283.622494715786        3050.5008696205214       2502.294445801098
1.25625                  8.24                     0.12135922330097086      5.237005349109238E-13    5.232113515730625E-13    0.25                     5.0E10                   2700                     5283.622494715786        3050.5008696205214       2502.294445801098
1.25625                  8.26                     0.12106537530266344      5.23795928387764E-13     5.23280750778228E-13     0.25                     5.0E10                   2700                     5283.622494715786        3050.5008696205214       2502.294445801098
1.25625                  8.28                     0.1207729468599034       5.238906190466306E-13    5.233496338540453E-13    0.25                     5.0E10                   2700                     5283.622494715786        3050.5008696205214       2502.294445801098
1.25625                  8.299999999999999        0.1204819277108434       5.239846150896985E-13    5.234180071974988E-13    0.25                     5.0E10                   2700                     5283.622494715786        3050.5008696205214       2502.294445801098
1.25625                  8.32                     0.12019230769230768      5.240779245960317E-13    5.234858770949254E-13    0.25                     5.0E10                   2700                     5283.622494715786        3050.5008696205214       2502.294445801098
1.25625                  8.34                     0.11990407673860912      5.241705554794661E-13    5.235532497103105E-13    0.25                     5.0E10                   2700                     5283.622494715786        3050.5008696205214       2502.294445801098
1.25625                  8.36                     0.1196172248803828       5.242625155302884E-13    5.236201311021326E-13    0.25                     5.0E10                   2700                     5283.622494715786        3050.5008696205214       2502.294445801098
1.25625                  8.379999999999999        0.11933174224343678      5.243538123939131E-13    5.236865272159938E-13    0.25                     5.0E10                   2700                     5283.622494715786        3050.5008696205214       2502.294445801098
1.25625                  8.4                      0.11904761904761904      5.244444535825863E-13    5.237524438915325E-13    0.25                     5.0E10                   2700                     5283.622494715786        3050.5008696205214       2502.294445801098
1.25625                  8.42                     0.11876484560570072      5.24534446471477E-13     5.238178868568336E-13    0.25                     5.0E10                   2700                     5283.622494715786        3050.5008696205214       2502.294445801098
1.25625                  8.44                     0.11848341232227488      5.246237983222929E-13    5.238828617481914E-13    0.25                     5.0E10                   2700                     5283.622494715786        3050.5008696205214       2502.294445801098
1.25625                  8.459999999999999        0.11820330969267141      5.24712516253921E-13     5.239473740898537E-13    0.25                     5.0E10                   2700                     5283.622494715786        3050.5008696205214       2502.294445801098
1.25625                  8.48                     0.1179245283018868       5.24800607255671E-13     5.240114293032702E-13    0.25                     5.0E10                   2700                     5283.622494715786        3050.5008696205214       2502.294445801098
1.25625                  8.5                      0.11764705882352941      5.248880782134552E-13    5.240750327219376E-13    0.25                     5.0E10                   2700                     5283.622494715786        3050.5008696205214       2502.294445801098
1.25625                  8.52                     0.11737089201877934      5.249749358858861E-13    5.241381895807945E-13    0.25                     5.0E10                   2700                     5283.622494715786        3050.5008696205214       2502.294445801098
1.25625                  8.54                     0.117096018735363        5.250611869104131E-13    5.242009050154095E-13    0.25                     5.0E10                   2700                     5283.622494715786        3050.5008696205214       2502.294445801098
1.25625                  8.56                     0.11682242990654204      5.251468378125863E-13    5.242631840744473E-13    0.25                     5.0E10                   2700                     5283.622494715786        3050.5008696205214       2502.294445801098
1.25625                  8.58                     0.11655011655011656      5.252318950017487E-13    5.24325031712016E-13     0.25                     5.0E10                   2700                     5283.622494715786        3050.5008696205214       2502.294445801098
1.25625                  8.6                      0.11627906976744186      5.253163647819899E-13    5.243864527950402E-13    0.25                     5.0E10                   2700                     5283.622494715786        3050.5008696205214       2502.294445801098
1.25625                  8.62                     0.1160092807424594       5.254002533567824E-13    5.244474521097354E-13    0.25                     5.0E10                   2700                     5283.622494715786        3050.5008696205214       2502.294445801098
1.25625                  8.64                     0.11574074074074073      5.254835668016485E-13    5.245080343417071E-13    0.25                     5.0E10                   2700                     5283.622494715786        3050.5008696205214       2502.294445801098
1.25625                  8.66                     0.11547344110854503      5.255663111105156E-13    5.245682041126038E-13    0.25                     5.0E10                   2700                     5283.622494715786        3050.5008696205214       2502.294445801098
1.25625                  8.68                     0.1152073732718894       5.25648492167285E-13     5.246279659497931E-13    0.25                     5.0E10                   2700                     5283.622494715786        3050.5008696205214       2502.294445801098
1.25625                  8.7                      0.11494252873563218      5.257301157475859E-13    5.246873242968628E-13    0.25                     5.0E10                   2700                     5283.622494715786        3050.5008696205214       2502.294445801098
1.25625                  8.72                     0.1146788990825688       5.258111875457433E-13    5.247462835320458E-13    0.25                     5.0E10                   2700                     5283.622494715786        3050.5008696205214       2502.294445801098
1.25625                  8.74                     0.11441647597254004      5.258917131488188E-13    5.248048479463971E-13    0.25                     5.0E10                   2700                     5283.622494715786        3050.5008696205214       2502.294445801098
1.25625                  8.76                     0.1141552511415525       5.259734653960217E-13    5.248646484766138E-13    0.25                     5.0E10                   2700                     5283.622494715786        3050.5008696205214       2502.294445801098
1.25625                  8.78                     0.11389521640091117      5.260529237782566E-13    5.24922444570641E-13     0.25                     5.0E10                   2700                     5283.622494715786        3050.5008696205214       2502.294445801098
1.25625                  8.8                      0.11363636363636362      5.261318521866184E-13    5.249798582850356E-13    0.25                     5.0E10                   2700                     5283.622494715786        3050.5008696205214       2502.294445801098
1.25625                  8.82                     0.11337868480725624      5.262102558344304E-13    5.250368936105344E-13    0.25                     5.0E10                   2700                     5283.622494715786        3050.5008696205214       2502.294445801098
1.25625                  8.84                     0.11312217194570136      5.262881398769946E-13    5.25093554487693E-13     0.25                     5.0E10                   2700                     5283.622494715786        3050.5008696205214       2502.294445801098
1.25625                  8.86                     0.11286681715575621      5.26365509362819E-13     5.25149844778622E-13     0.25                     5.0E10                   2700                     5283.622494715786        3050.5008696205214       2502.294445801098
1.25625                  8.879999999999999        0.11261261261261263      5.26442369281368E-13     5.252057682857865E-13    0.25                     5.0E10                   2700                     5283.622494715786        3050.5008696205214       2502.294445801098
1.25625                  8.9                      0.11235955056179775      5.265187245103204E-13    5.252613287330603E-13    0.25                     5.0E10                   2700                     5283.622494715786        3050.5008696205214       2502.294445801098
1.25625                  8.92                     0.11210762331838565      5.265945798778725E-13    5.253165297989864E-13    0.25                     5.0E10                   2700                     5283.622494715786        3050.5008696205214       2502.294445801098
1.25625                  8.94                     0.11185682326621925      5.266699401224379E-13    5.25371375088616E-13     0.25                     5.0E10                   2700                     5283.622494715786        3050.5008696205214       2502.294445801098
1.25625                  8.959999999999999        0.11160714285714285      5.267448099086049E-13    5.254258681484398E-13    0.25                     5.0E10                   2700                     5283.622494715786        3050.5008696205214       2502.294445801098
1.25625                  8.98                     0.11135857461024498      5.268191938196381E-13    5.254800124627653E-13    0.25                     5.0E10                   2700                     5283.622494715786        3050.5008696205214       2502.294445801098
1.25625                  9                        0.11111111111111112      5.268930963761777E-13    5.255338114610286E-13    0.25                     5.0E10                   2700                     5283.622494715786        3050.5008696205214       2502.294445801098
1.25625                  9.02                     0.11086474501108647      5.26966522021372E-13     5.255872685135838E-13    0.25                     5.0E10                   2700                     5283.622494715786        3050.5008696205214       2502.294445801098
1.25625                  9.04                     0.11061946902654868      5.270394751334214E-13    5.256403869337308E-13    0.25                     5.0E10                   2700                     5283.622494715786        3050.5008696205214       2502.294445801098
1.25625                  9.06                     0.11037527593818983      5.271119600211985E-13    5.256931699831081E-13    0.25                     5.0E10                   2700                     5283.622494715786        3050.5008696205214       2502.294445801098
1.25625                  9.08                     0.11013215859030838      5.271839809161609E-13    5.25745620862312E-13     0.25                     5.0E10                   2700                     5283.622494715786        3050.5008696205214       2502.294445801098
1.25625                  9.1                      0.1098901098901099       5.27255541999131E-13     5.257977427254744E-13    0.25                     5.0E10                   2700                     5283.622494715786        3050.5008696205214       2502.294445801098
1.25625                  9.12                     0.10964912280701757      5.273266473826753E-13    5.258495386766528E-13    0.25                     5.0E10                   2700                     5283.622494715786        3050.5008696205214       2502.294445801098
1.25625                  9.14                     0.10940919037199125      5.273973011108069E-13    5.259010117639947E-13    0.25                     5.0E10                   2700                     5283.622494715786        3050.5008696205214       2502.294445801098
1.25625                  9.16                     0.10917030567685589      5.274675071743458E-13    5.259521649892486E-13    0.25                     5.0E10                   2700                     5283.622494715786        3050.5008696205214       2502.294445801098
1.25625                  9.18                     0.10893246187363835      5.275372694926307E-13    5.260030013019824E-13    0.25                     5.0E10                   2700                     5283.622494715786        3050.5008696205214       2502.294445801098
1.25625                  9.2                      0.10869565217391305      5.276065919380787E-13    5.260535236098801E-13    0.25                     5.0E10                   2700                     5283.622494715786        3050.5008696205214       2502.294445801098
1.25625                  9.22                     0.10845986984815618      5.276754783286543E-13    5.261037347776043E-13    0.25                     5.0E10                   2700                     5283.622494715786        3050.5008696205214       2502.294445801098
1.25625                  9.24                     0.10822510822510822      5.277439324008109E-13    5.261536376070963E-13    0.25                     5.0E10                   2700                     5283.622494715786        3050.5008696205214       2502.294445801098
1.25625                  9.26                     0.1079913606911447       5.278119578646943E-13    5.262032348761355E-13    0.25                     5.0E10                   2700                     5283.622494715786        3050.5008696205214       2502.294445801098
1.25625                  9.28                     0.10775862068965518      5.278795583568401E-13    5.262525293051049E-13    0.25                     5.0E10                   2700                     5283.622494715786        3050.5008696205214       2502.294445801098
1.25625                  9.3                      0.10752688172043011      5.279467374751797E-13    5.263015235805344E-13    0.25                     5.0E10                   2700                     5283.622494715786        3050.5008696205214       2502.294445801098
1.25625                  9.32                     0.1072961373390558       5.280134987600122E-13    5.263502203479906E-13    0.25                     5.0E10                   2700                     5283.622494715786        3050.5008696205214       2502.294445801098
1.25625                  9.34                     0.10706638115631692      5.280798456840566E-13    5.263986221947742E-13    0.25                     5.0E10                   2700                     5283.622494715786        3050.5008696205214       2502.294445801098
1.25625                  9.36                     0.10683760683760683      5.281457817014849E-13    5.264467316926015E-13    0.25                     5.0E10                   2700                     5283.622494715786        3050.5008696205214       2502.294445801098
1.25625                  9.379999999999999        0.10660980810234544      5.282113101918518E-13    5.264945513595594E-13    0.25                     5.0E10                   2700                     5283.622494715786        3050.5008696205214       2502.294445801098
1.25625                  9.4                      0.10638297872340426      5.282764344981868E-13    5.26542083677281E-13     0.25                     5.0E10                   2700                     5283.622494715786        3050.5008696205214       2502.294445801098
1.25625                  9.42                     0.10615711252653928      5.283411579260268E-13    5.265893310959423E-13    0.25                     5.0E10                   2700                     5283.622494715786        3050.5008696205214       2502.294445801098
1.25625                  9.44                     0.1059322033898305       5.284054837152627E-13    5.266362960256152E-13    0.25                     5.0E10                   2700                     5283.622494715786        3050.5008696205214       2502.294445801098
1.25625                  9.459999999999999        0.10570824524312897      5.284694150695518E-13    5.266829808331034E-13    0.25                     5.0E10                   2700                     5283.622494715786        3050.5008696205214       2502.294445801098
1.25625                  9.48                     0.10548523206751054      5.28532955138935E-13     5.267293878554176E-13    0.25                     5.0E10                   2700                     5283.622494715786        3050.5008696205214       2502.294445801098
1.25625                  9.5                      0.10526315789473685      5.285961070589577E-13    5.267755194044732E-13    0.25                     5.0E10                   2700                     5283.622494715786        3050.5008696205214       2502.294445801098
1.25625                  9.52                     0.10504201680672269      5.286588738954921E-13    5.268213777467706E-13    0.25                     5.0E10                   2700                     5283.622494715786        3050.5008696205214       2502.294445801098
1.25625                  9.54                     0.10482180293501049      5.287212586783003E-13    5.268669651166634E-13    0.25                     5.0E10                   2700                     5283.622494715786        3050.5008696205214       2502.294445801098
1.25625                  9.56                     0.10460251046025104      5.287832644026191E-13    5.269122837214836E-13    0.25                     5.0E10                   2700                     5283.622494715786        3050.5008696205214       2502.294445801098
1.25625                  9.58                     0.10438413361169102      5.288448940224585E-13    5.269573357337867E-13    0.25                     5.0E10                   2700                     5283.622494715786        3050.5008696205214       2502.294445801098
1.25625                  9.6                      0.10416666666666667      5.289061504526206E-13    5.270021232984253E-13    0.25                     5.0E10                   2700                     5283.622494715786        3050.5008696205214       2502.294445801098
1.25625                  9.62                     0.10395010395010396      5.289670365648882E-13    5.270466485232207E-13    0.25                     5.0E10                   2700                     5283.622494715786        3050.5008696205214       2502.294445801098
1.25625                  9.64                     0.10373443983402489      5.290275552006659E-13    5.270909134921287E-13    0.25                     5.0E10                   2700                     5283.622494715786        3050.5008696205214       2502.294445801098
1.25625                  9.66                     0.10351966873706003      5.290877091623276E-13    5.27134920261921E-13     0.25                     5.0E10                   2700                     5283.622494715786        3050.5008696205214       2502.294445801098
1.25625                  9.68                     0.10330578512396693      5.291475012057845E-13    5.271786708476142E-13    0.25                     5.0E10                   2700                     5283.622494715786        3050.5008696205214       2502.294445801098
1.25625                  9.7                      0.10309278350515465      5.292069340778446E-13    5.27222167257983E-13     0.25                     5.0E10                   2700                     5283.622494715786        3050.5008696205214       2502.294445801098
1.25625                  9.72                     0.102880658436214        5.292660104679067E-13    5.272654114579241E-13    0.25                     5.0E10                   2700                     5283.622494715786        3050.5008696205214       2502.294445801098
1.25625                  9.74                     0.1026694045174538       5.293247330317173E-13    5.273084053862378E-13    0.25                     5.0E10                   2700                     5283.622494715786        3050.5008696205214       2502.294445801098
1.25625                  9.76                     0.10245901639344263      5.293831044178896E-13    5.273511509732475E-13    0.25                     5.0E10                   2700                     5283.622494715786        3050.5008696205214       2502.294445801098
1.25625                  9.78                     0.10224948875255623      5.294411271974291E-13    5.273936500927188E-13    0.25                     5.0E10                   2700                     5283.622494715786        3050.5008696205214       2502.294445801098
1.25625                  9.8                      0.10204081632653059      5.29498803950353E-13     5.274359046210344E-13    0.25                     5.0E10                   2700                     5283.622494715786        3050.5008696205214       2502.294445801098
1.25625                  9.82                     0.10183299389002037      5.295561372093471E-13    5.274779163996455E-13    0.25                     5.0E10                   2700                     5283.622494715786        3050.5008696205214       2502.294445801098
1.25625                  9.84                     0.1016260162601626       5.296131294690556E-13    5.27519687238799E-13     0.25                     5.0E10                   2700                     5283.622494715786        3050.5008696205214       2502.294445801098
1.25625                  9.86                     0.10141987829614604      5.296697832208355E-13    5.2756121894608E-13      0.25                     5.0E10                   2700                     5283.622494715786        3050.5008696205214       2502.294445801098
1.25625                  9.879999999999999        0.10121457489878542      5.297261008922298E-13    5.276025132801845E-13    0.25                     5.0E10                   2700                     5283.622494715786        3050.5008696205214       2502.294445801098
1.25625                  9.9                      0.101010101010101        5.297820849033199E-13    5.276435719952918E-13    0.25                     5.0E10                   2700                     5283.622494715786        3050.5008696205214       2502.294445801098
1.25625                  9.92                     0.10080645161290322      5.298377376384255E-13    5.276843968138484E-13    0.25                     5.0E10                   2700                     5283.622494715786        3050.5008696205214       2502.294445801098
1.25625                  9.94                     0.1006036217303823       5.298930614608336E-13    5.277249894455513E-13    0.25                     5.0E10                   2700                     5283.622494715786        3050.5008696205214       2502.294445801098
1.25625                  9.959999999999999        0.10040160642570282      5.299480587010987E-13    5.277653515711325E-13    0.25                     5.0E10                   2700                     5283.622494715786        3050.5008696205214       2502.294445801098
1.25625                  9.98                     0.1002004008016032       5.30002731665005E-13     5.278054848514649E-13    0.25                     5.0E10                   2700                     5283.622494715786        3050.5008696205214       2502.294445801098
1.25625                  10                       0.1                      5.300132252987392E-13    5.277773356136002E-13    0.25                     5.0E10                   2700                     5283.622494715786        3050.5008696205214       2502.294445801098
