1.98011                  0.1                      10                       5.33123916882E-13        5.331295202152291E-13    0.25                     5.0E10                   2700                     6633.433835084545        3829.8148103376334       2502.294445801098
1.98011                  0.12000000000000001      8.333333333333332        5.362970277325277E-13    5.363445222920425E-13    0.25                     5.0E10                   2700                     6633.433835084545        3829.8148103376334       2502.294445801098
1.98011                  0.14                     7.1428571428571415       5.341416572110103E-13    5.33965005989012E-13     0.25                     5.0E10                   2700                     6633.433835084545        3829.8148103376334       2502.294445801098
1.98011                  0.16                     6.249999999999999        5.330271390594324E-13    5.331700569388564E-13    0.25                     5.0E10                   2700                     6633.433835084545        3829.8148103376334       2502.294445801098
1.98011                  0.18                     5.555555555555555        5.36983587906629E-13     5.372847359852255E-13    0.25                     5.0E10                   2700                     6633.433835084545        3829.8148103376334       2502.294445801098
1.98011                  0.2                      5                        5.327132857185105E-13    5.331346279273379E-13    0.25                     5.0E10                   2700                     6633.433835084545        3829.8148103376334       2502.294445801098
1.98011                  0.22                     4.545454545454546        5.355652483624637E-13    5.366727463523615E-13    0.25                     5.0E10                   2700                     6633.433835084545        3829.8148103376334       2502.294445801098
1.98011                  0.24000000000000002      4.166666666666666        5.347713793528191E-13    5.363433368663242E-13    0.25                     5.0E10                   2700                     6633.433835084545        3829.8148103376334       2502.294445801098
1.98011                  0.26                     3.846153846153846        5.337162179412061E-13    5.348952409277158E-13    0.25                     5.0E10                   2700                     6633.433835084545        3829.8148103376334       2502.294445801098
1.98011                  0.28                     3.5714285714285707       5.367450369357077E-13    5.373019716047227E-13    0.25                     5.0E10                   2700                     6633.433835084545        3829.8148103376334       2502.294445801098
1.98011                  0.30000000000000004      3.3333333333333326       5.379665680802264E-13    5.365634792841411E-13    0.25                     5.0E10                   2700                     6633.433835084545        3829.8148103376334       2502.294445801098
1.98011                  0.32                     3.1249999999999996       5.379305408873863E-13    5.329340301574473E-13    0.25                     5.0E10                   2700                     6633.433835084545        3829.8148103376334       2502.294445801098
1.98011                  0.33999999999999997      2.9411764705882355       5.460620531830171E-13    5.376637358330745E-13    0.25                     5.0E10                   2700                     6633.433835084545        3829.8148103376334       2502.294445801098
1.98011                  0.36                     2.7777777777777777       5.482954204795663E-13    5.33821689050279E-13     0.25                     5.0E10                   2700                     6633.433835084545        3829.8148103376334       2502.294445801098
1.98011                  0.38                     2.6315789473684212       5.569097785701224E-13    5.349356527585035E-13    0.25                     5.0E10                   2700                     6633.433835084545        3829.8148103376334       2502.294445801098
1.98011                  0.4                      2.5                      5.621448741279482E-13    5.319959523490883E-13    0.25                     5.0E10                   2700                     6633.433835084545        3829.8148103376334       2502.294445801098
1.98011                  0.42000000000000004      2.3809523809523805       5.712544455610181E-13    5.335220604351124E-13    0.25                     5.0E10                   2700                     6633.433835084545        3829.8148103376334       2502.294445801098
1.98011                  0.44000000000000006      2.272727272727273        5.808298847419158E-13    5.377460326250331E-13    0.25                     5.0E10                   2700                     6633.433835084545        3829.8148103376334       2502.294445801098
1.98011                  0.45999999999999996      2.173913043478261        5.886469848418481E-13    5.382447009354653E-13    0.25                     5.0E10                   2700                     6633.433835084545        3829.8148103376334       2502.294445801098
1.98011                  0.48                     2.0833333333333335       5.967577603071127E-13    5.395458113022006E-13    0.25                     5.0E10                   2700                     6633.433835084545        3829.8148103376334       2502.294445801098
1.98011                  0.5                      2                        6.027530068806592E-13    5.410229822202635E-13    0.25                     5.0E10                   2700                     6633.433835084545        3829.8148103376334       2502.294445801098
1.98011                  0.52                     1.923076923076923        6.12761068914707E-13     5.449762854725542E-13    0.25                     5.0E10                   2700                     6633.433835084545        3829.8148103376334       2502.294445801098
1.98011                  0.54                     1.8518518518518516       6.193561010894554E-13    5.453917654841887E-13    0.25                     5.0E10                   2700                     6633.433835084545        3829.8148103376334       2502.294445801098
1.98011                  0.56                     1.7857142857142854       6.286260308576809E-13    5.480125164776584E-13    0.25                     5.0E10                   2700                     6633.433835084545        3829.8148103376334       2502.294445801098
1.98011                  0.58                     1.7241379310344829       6.375276690612887E-13    5.504137902681944E-13    0.25                     5.0E10                   2700                     6633.433835084545        3829.8148103376334       2502.294445801098
1.98011                  0.6                      1.6666666666666667       6.516267065506525E-13    5.582296909204035E-13    0.25                     5.0E10                   2700                     6633.433835084545        3829.8148103376334       2502.294445801098
1.98011                  0.62                     1.6129032258064515       6.626863533438538E-13    5.634159114911014E-13    0.25                     5.0E10                   2700                     6633.433835084545        3829.8148103376334       2502.294445801098
1.98011                  0.64                     1.5624999999999998       6.709874249523923E-13    5.652292465315256E-13    0.25                     5.0E10                   2700                     6633.433835084545        3829.8148103376334       2502.294445801098
1.98011                  0.66                     1.515151515151515        6.671924727748249E-13    5.553552362742804E-13    0.25                     5.0E10                   2700                     6633.433835084545        3829.8148103376334       2502.294445801098
1.98011                  0.6799999999999999       1.4705882352941178       6.80583278633576E-13     5.592954595125999E-13    0.25                     5.0E10                   2700                     6633.433835084545        3829.8148103376334       2502.294445801098
1.98011                  0.7                      1.4285714285714286       7.044379775767721E-13    5.720128992095311E-13    0.25                     5.0E10                   2700                     6633.433835084545        3829.8148103376334       2502.294445801098
1.98011                  0.72                     1.3888888888888888       7.263086098172312E-13    5.829181958911211E-13    0.25                     5.0E10                   2700                     6633.433835084545        3829.8148103376334       2502.294445801098
1.98011                  0.74                     1.3513513513513513       7.485762261014591E-13    5.93852479369213E-13     0.25                     5.0E10                   2700                     6633.433835084545        3829.8148103376334       2502.294445801098
1.98011                  0.76                     1.3157894736842106       7.615118397610706E-13    5.968310409578875E-13    0.25                     5.0E10                   2700                     6633.433835084545        3829.8148103376334       2502.294445801098
1.98011                  0.78                     1.2820512820512822       7.644259131702115E-13    5.919112476174576E-13    0.25                     5.0E10                   2700                     6633.433835084545        3829.8148103376334       2502.294445801098
1.98011                  0.8                      1.25                     7.709238301197398E-13    5.907740497955961E-13    0.25                     5.0E10                   2700                     6633.433835084545        3829.8148103376334       2502.294445801098
1.98011                  0.82                     1.2195121951219514       7.823761931849441E-13    5.948473756838113E-13    0.25                     5.0E10                   2700                     6633.433835084545        3829.8148103376334       2502.294445801098
1.98011                  0.84                     1.1904761904761905       7.887797246282257E-13    5.962612180148697E-13    0.25                     5.0E10                   2700                     6633.433835084545        3829.8148103376334       2502.294445801098
1.98011                  0.86                     1.1627906976744187       7.894785795500265E-13    5.93681970406173E-13     0.25                     5.0E10                   2700                     6633.433835084545        3829.8148103376334       2502.294445801098
1.98011                  0.88                     1.1363636363636365       7.907038594708946E-13    5.915292858537735E-13    0.25                     5.0E10                   2700                     6633.433835084545        3829.8148103376334       2502.294445801098
1.98011                  0.9                      1.1111111111111112       7.958225106260404E-13    5.923517006248852E-13    0.25                     5.0E10                   2700                     6633.433835084545        3829.8148103376334       2502.294445801098
1.98011                  0.92                     1.0869565217391304       8.029359974392894E-13    5.948981162747886E-13    0.25                     5.0E10                   2700                     6633.433835084545        3829.8148103376334       2502.294445801098
1.98011                  0.94                     1.0638297872340425       8.106513432878353E-13    5.984246172838398E-13    0.25                     5.0E10                   2700                     6633.433835084545        3829.8148103376334       2502.294445801098
1.98011                  0.96                     1.0416666666666667       8.208758397238026E-13    6.045323581897953E-13    0.25                     5.0E10                   2700                     6633.433835084545        3829.8148103376334       2502.294445801098
1.98011                  0.98                     1.0204081632653061       8.352046251399525E-13    6.144531713267419E-13    0.25                     5.0E10                   2700                     6633.433835084545        3829.8148103376334       2502.294445801098
1.98011                  1                        1                        8.513336857408569E-13    6.263826287294633E-13    0.25                     5.0E10                   2700                     6633.433835084545        3829.8148103376334       2502.294445801098
1.98011                  1.02                     0.9803921568627452       8.632785914579242E-13    6.361086443854867E-13    0.25                     5.0E10                   2700                     6633.433835084545        3829.8148103376334       2502.294445801098
1.98011                  1.04                     0.9615384615384615       8.646187499667772E-13    6.38516572635599E-13     0.25                     5.0E10                   2700                     6633.433835084545        3829.8148103376334       2502.294445801098
1.98011                  1.06                     0.9433962264150944       8.528921002204805E-13    6.314588825547007E-13    0.25                     5.0E10                   2700                     6633.433835084545        3829.8148103376334       2502.294445801098
1.98011                  1.08                     0.9259259259259258       8.306721485541175E-13    6.165502287934623E-13    0.25                     5.0E10                   2700                     6633.433835084545        3829.8148103376334       2502.294445801098
1.98011                  1.1                      0.909090909090909        8.032098131230809E-13    5.975447195091475E-13    0.25                     5.0E10                   2700                     6633.433835084545        3829.8148103376334       2502.294445801098
1.98011                  1.12                     0.8928571428571427       7.754200440683214E-13    5.781297290894728E-13    0.25                     5.0E10                   2700                     6633.433835084545        3829.8148103376334       2502.294445801098
1.98011                  1.1400000000000001       0.8771929824561403       7.505272584567042E-13    5.608084746579351E-13    0.25                     5.0E10                   2700                     6633.433835084545        3829.8148103376334       2502.294445801098
1.98011                  1.1600000000000001       0.8620689655172412       7.29972689707717E-13     5.468960606801826E-13    0.25                     5.0E10                   2700                     6633.433835084545        3829.8148103376334       2502.294445801098
1.98011                  1.1800000000000002       0.8474576271186439       7.142263175711453E-13    5.369575289937264E-13    0.25                     5.0E10                   2700                     6633.433835084545        3829.8148103376334       2502.294445801098
1.98011                  1.2000000000000002       0.8333333333333331       7.032167620802261E-13    5.311436179792413E-13    0.25                     5.0E10                   2700                     6633.433835084545        3829.8148103376334       2502.294445801098
1.98011                  1.2200000000000002       0.8196721311475409       6.965338626541524E-13    5.293319298266285E-13    0.25                     5.0E10                   2700                     6633.433835084545        3829.8148103376334       2502.294445801098
1.98011                  1.2400000000000002       0.8064516129032256       6.934345829304142E-13    5.311221424606441E-13    0.25                     5.0E10                   2700                     6633.433835084545        3829.8148103376334       2502.294445801098
1.98011                  1.26                     0.7936507936507936       6.929853616533525E-13    5.359270905987776E-13    0.25                     5.0E10                   2700                     6633.433835084545        3829.8148103376334       2502.294445801098
1.98011                  1.28                     0.7812499999999999       6.93317735830048E-13     5.423909044462452E-13    0.25                     5.0E10                   2700                     6633.433835084545        3829.8148103376334       2502.294445801098
1.98011                  1.3                      0.7692307692307692       6.927791125723648E-13    5.491970872236241E-13    0.25                     5.0E10                   2700                     6633.433835084545        3829.8148103376334       2502.294445801098
1.98011                  1.32                     0.7575757575757575       6.896001854239137E-13    5.54826593484015E-13     0.25                     5.0E10                   2700                     6633.433835084545        3829.8148103376334       2502.294445801098
1.98011                  1.34                     0.7462686567164178       6.824168356215756E-13    5.579484669317964E-13    0.25                     5.0E10                   2700                     6633.433835084545        3829.8148103376334       2502.294445801098
1.98011                  1.36                     0.7352941176470588       6.706050480487266E-13    5.577205821501392E-13    0.25                     5.0E10                   2700                     6633.433835084545        3829.8148103376334       2502.294445801098
1.98011                  1.3800000000000001       0.7246376811594203       6.544234435847226E-13    5.539736647130973E-13    0.25                     5.0E10                   2700                     6633.433835084545        3829.8148103376334       2502.294445801098
1.98011                  1.4000000000000001       0.7142857142857142       6.348900776782793E-13    5.471939360088096E-13    0.25                     5.0E10                   2700                     6633.433835084545        3829.8148103376334       2502.294445801098
1.98011                  1.4200000000000002       0.704225352112676        6.13460346724955E-13     5.383247386257202E-13    0.25                     5.0E10                   2700                     6633.433835084545        3829.8148103376334       2502.294445801098
1.98011                  1.4400000000000002       0.6944444444444444       5.917621745618601E-13    5.285220721500573E-13    0.25                     5.0E10                   2700                     6633.433835084545        3829.8148103376334       2502.294445801098
1.98011                  1.4600000000000002       0.6849315068493149       5.708718758532992E-13    5.187697103315501E-13    0.25                     5.0E10                   2700                     6633.433835084545        3829.8148103376334       2502.294445801098
1.98011                  1.4800000000000002       0.6756756756756755       5.518219791026817E-13    5.099277802743193E-13    0.25                     5.0E10                   2700                     6633.433835084545        3829.8148103376334       2502.294445801098
1.98011                  1.5000000000000002       0.6666666666666665       5.351480643125284E-13    5.025461703555245E-13    0.25                     5.0E10                   2700                     6633.433835084545        3829.8148103376334       2502.294445801098
1.98011                  1.52                     0.6578947368421053       5.210391062458672E-13    4.968993931041035E-13    0.25                     5.0E10                   2700                     6633.433835084545        3829.8148103376334       2502.294445801098
1.98011                  1.54                     0.6493506493506493       5.094125795267102E-13    4.930248299938248E-13    0.25                     5.0E10                   2700                     6633.433835084545        3829.8148103376334       2502.294445801098
1.98011                  1.56                     0.6410256410256411       4.999902935591678E-13    4.907707398829421E-13    0.25                     5.0E10                   2700                     6633.433835084545        3829.8148103376334       2502.294445801098
1.98011                  1.58                     0.6329113924050632       4.923639563265933E-13    4.898431256417782E-13    0.25                     5.0E10                   2700                     6633.433835084545        3829.8148103376334       2502.294445801098
1.98011                  1.6                      0.625                    4.860496316558216E-13    4.898490912837891E-13    0.25                     5.0E10                   2700                     6633.433835084545        3829.8148103376334       2502.294445801098
1.98011                  1.62                     0.6172839506172839       4.80535590453958E-13     4.903388982837172E-13    0.25                     5.0E10                   2700                     6633.433835084545        3829.8148103376334       2502.294445801098
1.98011                  1.6400000000000001       0.6097560975609756       4.753238463919397E-13    4.908472564828099E-13    0.25                     5.0E10                   2700                     6633.433835084545        3829.8148103376334       2502.294445801098
1.98011                  1.6600000000000001       0.6024096385542168       4.699701181132564E-13    4.909358130458582E-13    0.25                     5.0E10                   2700                     6633.433835084545        3829.8148103376334       2502.294445801098
1.98011                  1.6800000000000002       0.5952380952380951       4.641841811501272E-13    4.903032936834311E-13    0.25                     5.0E10                   2700                     6633.433835084545        3829.8148103376334       2502.294445801098
1.98011                  1.7000000000000002       0.588235294117647        4.575731328975368E-13    4.885234557073307E-13    0.25                     5.0E10                   2700                     6633.433835084545        3829.8148103376334       2502.294445801098
1.98011                  1.7200000000000002       0.5813953488372092       4.5009488693646185E-13   4.855239883010838E-13    0.25                     5.0E10                   2700                     6633.433835084545        3829.8148103376334       2502.294445801098
1.98011                  1.7400000000000002       0.5747126436781609       4.417485070783015E-13    4.812760421413904E-13    0.25                     5.0E10                   2700                     6633.433835084545        3829.8148103376334       2502.294445801098
1.98011                  1.7600000000000002       0.5681818181818182       4.326358005106155E-13    4.758636531576233E-13    0.25                     5.0E10                   2700                     6633.433835084545        3829.8148103376334       2502.294445801098
1.98011                  1.78                     0.5617977528089887       4.2293476616175764E-13   4.694599979709605E-13    0.25                     5.0E10                   2700                     6633.433835084545        3829.8148103376334       2502.294445801098
1.98011                  1.8                      0.5555555555555556       4.128677265128071E-13    4.622971839058022E-13    0.25                     5.0E10                   2700                     6633.433835084545        3829.8148103376334       2502.294445801098
1.98011                  1.82                     0.5494505494505494       4.026721267074071E-13    4.546348944395743E-13    0.25                     5.0E10                   2700                     6633.433835084545        3829.8148103376334       2502.294445801098
1.98011                  1.84                     0.5434782608695652       3.925761824805773E-13    4.4673326498487466E-13   0.25                     5.0E10                   2700                     6633.433835084545        3829.8148103376334       2502.294445801098
1.98011                  1.86                     0.5376344086021505       3.8278204363700804E-13   4.3883255255323924E-13   0.25                     5.0E10                   2700                     6633.433835084545        3829.8148103376334       2502.294445801098
1.98011                  1.8800000000000001       0.5319148936170213       3.734564009149218E-13    4.311403701504828E-13    0.25                     5.0E10                   2700                     6633.433835084545        3829.8148103376334       2502.294445801098
1.98011                  1.9000000000000001       0.5263157894736842       3.647273328728736E-13    4.2382571049319594E-13   0.25                     5.0E10                   2700                     6633.433835084545        3829.8148103376334       2502.294445801098
1.98011                  1.9200000000000002       0.5208333333333333       3.566856435750681E-13    4.170181923521862E-13    0.25                     5.0E10                   2700                     6633.433835084545        3829.8148103376334       2502.294445801098
1.98011                  1.9400000000000002       0.5154639175257731       3.4938894114020123E-13   4.1081078047542027E-13   0.25                     5.0E10                   2700                     6633.433835084545        3829.8148103376334       2502.294445801098
1.98011                  1.9600000000000002       0.5102040816326531       3.428668636154124E-13    4.052643665181546E-13    0.25                     5.0E10                   2700                     6633.433835084545        3829.8148103376334       2502.294445801098
1.98011                  1.9800000000000002       0.505050505050505        3.3712733723280923E-13   4.0041343079077114E-13   0.25                     5.0E10                   2700                     6633.433835084545        3829.8148103376334       2502.294445801098
1.98011                  2                        0.5                      3.321730714340274E-13    3.962764287102045E-13    0.25                     5.0E10                   2700                     6633.433835084545        3829.8148103376334       2502.294445801098
1.98011                  2.02                     0.4950495049504951       3.279572398053038E-13    3.9283888701716804E-13   0.25                     5.0E10                   2700                     6633.433835084545        3829.8148103376334       2502.294445801098
1.98011                  2.04                     0.4901960784313726       3.2446298524676084E-13   3.9009124570151664E-13   0.25                     5.0E10                   2700                     6633.433835084545        3829.8148103376334       2502.294445801098
1.98011                  2.06                     0.48543689320388345      3.216547078337807E-13    3.8800936628029316E-13   0.25                     5.0E10                   2700                     6633.433835084545        3829.8148103376334       2502.294445801098
1.98011                  2.08                     0.4807692307692307       3.1949356035528276E-13   3.865631054574948E-13    0.25                     5.0E10                   2700                     6633.433835084545        3829.8148103376334       2502.294445801098
1.98011                  2.1                      0.47619047619047616      3.179391294537609E-13    3.85718418997705E-13     0.25                     5.0E10                   2700                     6633.433835084545        3829.8148103376334       2502.294445801098
1.98011                  2.12                     0.4716981132075472       3.169506351416162E-13    3.854389440359856E-13    0.25                     5.0E10                   2700                     6633.433835084545        3829.8148103376334       2502.294445801098
1.98011                  2.14                     0.46728971962616817      3.164877547006751E-13    3.856871605671448E-13    0.25                     5.0E10                   2700                     6633.433835084545        3829.8148103376334       2502.294445801098
1.98011                  2.16                     0.4629629629629629       3.1651116162188123E-13   3.864252226346997E-13    0.25                     5.0E10                   2700                     6633.433835084545        3829.8148103376334       2502.294445801098
1.98011                  2.18                     0.4587155963302752       3.169828536406929E-13    3.8761553603639187E-13   0.25                     5.0E10                   2700                     6633.433835084545        3829.8148103376334       2502.294445801098
1.98011                  2.2                      0.4545454545454545       3.178661952057195E-13    3.892210519323549E-13    0.25                     5.0E10                   2700                     6633.433835084545        3829.8148103376334       2502.294445801098
1.98011                  2.22                     0.45045045045045035      3.191265179273695E-13    3.912058845309959E-13    0.25                     5.0E10                   2700                     6633.433835084545        3829.8148103376334       2502.294445801098
1.98011                  2.24                     0.44642857142857134      3.2073032014486367E-13   3.9353490044477865E-13   0.25                     5.0E10                   2700                     6633.433835084545        3829.8148103376334       2502.294445801098
1.98011                  2.2600000000000002       0.44247787610619466      3.226457431217075E-13    3.961741566984357E-13    0.25                     5.0E10                   2700                     6633.433835084545        3829.8148103376334       2502.294445801098
1.98011                  2.2800000000000002       0.43859649122807015      3.248423582726818E-13    3.990908310848064E-13    0.25                     5.0E10                   2700                     6633.433835084545        3829.8148103376334       2502.294445801098
1.98011                  2.3000000000000003       0.43478260869565216      3.272910704527187E-13    4.0225321035507464E-13   0.25                     5.0E10                   2700                     6633.433835084545        3829.8148103376334       2502.294445801098
1.98011                  2.3200000000000003       0.4310344827586206       3.2996401561356683E-13   4.0563065809844745E-13   0.25                     5.0E10                   2700                     6633.433835084545        3829.8148103376334       2502.294445801098
1.98011                  2.3400000000000003       0.4273504273504273       3.3283445983079773E-13   4.091935718306692E-13    0.25                     5.0E10                   2700                     6633.433835084545        3829.8148103376334       2502.294445801098
1.98011                  2.3600000000000003       0.42372881355932196      3.3587670470243554E-13   4.12913336444228E-13     0.25                     5.0E10                   2700                     6633.433835084545        3829.8148103376334       2502.294445801098
1.98011                  2.3800000000000003       0.4201680672268907       3.3906600257895866E-13   4.1676227934968203E-13   0.25                     5.0E10                   2700                     6633.433835084545        3829.8148103376334       2502.294445801098
1.98011                  2.4000000000000004       0.4166666666666666       3.4237848409622406E-13   4.207136313307162E-13    0.25                     5.0E10                   2700                     6633.433835084545        3829.8148103376334       2502.294445801098
1.98011                  2.42                     0.4132231404958677       3.45791099544252E-13     4.2474149602307634E-13   0.25                     5.0E10                   2700                     6633.433835084545        3829.8148103376334       2502.294445801098
1.98011                  2.44                     0.4098360655737705       3.492815751086174E-13    4.288208301417671E-13    0.25                     5.0E10                   2700                     6633.433835084545        3829.8148103376334       2502.294445801098
1.98011                  2.46                     0.4065040650406504       3.528283843137039E-13    4.329274357683853E-13    0.25                     5.0E10                   2700                     6633.433835084545        3829.8148103376334       2502.294445801098
1.98011                  2.48                     0.4032258064516129       3.5641073472033974E-13   4.3703796546993843E-13   0.25                     5.0E10                   2700                     6633.433835084545        3829.8148103376334       2502.294445801098
1.98011                  2.5                      0.4                      3.6030835610955874E-13   4.414050155784778E-13    0.25                     5.0E10                   2700                     6633.433835084545        3829.8148103376334       2502.294445801098
1.98011                  2.52                     0.3968253968253968       3.63893644686571E-13     4.454469450490637E-13    0.25                     5.0E10                   2700                     6633.433835084545        3829.8148103376334       2502.294445801098
1.98011                  2.54                     0.39370078740157477      3.6745554991807467E-13   4.4942699907697213E-13   0.25                     5.0E10                   2700                     6633.433835084545        3829.8148103376334       2502.294445801098
1.98011                  2.56                     0.39062499999999994      3.709763492282025E-13    4.533255085187597E-13    0.25                     5.0E10                   2700                     6633.433835084545        3829.8148103376334       2502.294445801098
1.98011                  2.58                     0.38759689922480617      3.744392893335928E-13    4.571239877669978E-13    0.25                     5.0E10                   2700                     6633.433835084545        3829.8148103376334       2502.294445801098
1.98011                  2.6                      0.3846153846153846       3.778285483779795E-13    4.608050830641314E-13    0.25                     5.0E10                   2700                     6633.433835084545        3829.8148103376334       2502.294445801098
1.98011                  2.62                     0.3816793893129771       3.8112929443957637E-13   4.643526411145044E-13    0.25                     5.0E10                   2700                     6633.433835084545        3829.8148103376334       2502.294445801098
1.98011                  2.64                     0.37878787878787873      3.8432774592925685E-13   4.677517782995411E-13    0.25                     5.0E10                   2700                     6633.433835084545        3829.8148103376334       2502.294445801098
1.98011                  2.66                     0.37593984962406013      3.8741123133211324E-13   4.709889477260894E-13    0.25                     5.0E10                   2700                     6633.433835084545        3829.8148103376334       2502.294445801098
1.98011                  2.68                     0.3731343283582089       3.903682457760325E-13    4.740520013652395E-13    0.25                     5.0E10                   2700                     6633.433835084545        3829.8148103376334       2502.294445801098
1.98011                  2.7                      0.37037037037037035      3.9318850196926436E-13   4.769302446017727E-13    0.25                     5.0E10                   2700                     6633.433835084545        3829.8148103376334       2502.294445801098
1.98011                  2.72                     0.3676470588235294       3.958629733215192E-13    4.796144807963011E-13    0.25                     5.0E10                   2700                     6633.433835084545        3829.8148103376334       2502.294445801098
1.98011                  2.74                     0.36496350364963503      3.9838392724285995E-13   4.820970437113018E-13    0.25                     5.0E10                   2700                     6633.433835084545        3829.8148103376334       2502.294445801098
1.98011                  2.7600000000000002       0.36231884057971014      4.0074494701809946E-13   4.843718160775643E-13    0.25                     5.0E10                   2700                     6633.433835084545        3829.8148103376334       2502.294445801098
1.98011                  2.7800000000000002       0.35971223021582727      4.0294094100894195E-13   4.864342330129876E-13    0.25                     5.0E10                   2700                     6633.433835084545        3829.8148103376334       2502.294445801098
1.98011                  2.8000000000000003       0.3571428571428571       4.049681383784681E-13    4.882812695204268E-13    0.25                     5.0E10                   2700                     6633.433835084545        3829.8148103376334       2502.294445801098
1.98011                  2.8200000000000003       0.35460992907801414      4.0682407097260866E-13   4.899114117775837E-13    0.25                     5.0E10                   2700                     6633.433835084545        3829.8148103376334       2502.294445801098
1.98011                  2.8400000000000003       0.352112676056338        4.0850754142637356E-13   4.913246124672646E-13    0.25                     5.0E10                   2700                     6633.433835084545        3829.8148103376334       2502.294445801098
1.98011                  2.8600000000000003       0.3496503496503496       4.100185780051213E-13    4.925222308624478E-13    0.25                     5.0E10                   2700                     6633.433835084545        3829.8148103376334       2502.294445801098
1.98011                  2.8800000000000003       0.3472222222222222       4.1135837705184463E-13   4.935069588234058E-13    0.25                     5.0E10                   2700                     6633.433835084545        3829.8148103376334       2502.294445801098
1.98011                  2.9000000000000004       0.3448275862068965       4.125292342581833E-13    4.942827342366651E-13    0.25                     5.0E10                   2700                     6633.433835084545        3829.8148103376334       2502.294445801098
1.98011                  2.92                     0.34246575342465757      4.135345544453861E-13    4.948546770784095E-13    0.25                     5.0E10                   2700                     6633.433835084545        3829.8148103376334       2502.294445801098
1.98011                  2.94                     0.3401360544217687       4.143784161972903E-13    4.9522885229727E-13      0.25                     5.0E10                   2700                     6633.433835084545        3829.8148103376334       2502.294445801098
1.98011                  2.96                     0.33783783783783783      4.1506599660733117E-13   4.954123503579565E-13    0.25                     5.0E10                   2700                     6633.433835084545        3829.8148103376334       2502.294445801098
1.98011                  2.98                     0.3355704697986577       4.156031336448651E-13    4.954130443611364E-13    0.25                     5.0E10                   2700                     6633.433835084545        3829.8148103376334       2502.294445801098
1.98011                  3                        0.3333333333333333       4.159963108186392E-13    4.952395019672837E-13    0.25                     5.0E10                   2700                     6633.433835084545        3829.8148103376334       2502.294445801098
1.98011                  3.02                     0.33112582781456956      4.162525571157515E-13    4.949008664945268E-13    0.25                     5.0E10                   2700                     6633.433835084545        3829.8148103376334       2502.294445801098
1.98011                  3.04                     0.32894736842105265      4.163793479597999E-13    4.944067399537298E-13    0.25                     5.0E10                   2700                     6633.433835084545        3829.8148103376334       2502.294445801098
1.98011                  3.06                     0.32679738562091504      4.163845086924762E-13    4.937670697491537E-13    0.25                     5.0E10                   2700                     6633.433835084545        3829.8148103376334       2502.294445801098
1.98011                  3.08                     0.3246753246753247       4.1627612191637625E-13   4.929920405492114E-13    0.25                     5.0E10                   2700                     6633.433835084545        3829.8148103376334       2502.294445801098
1.98011                  3.1                      0.32258064516129037      4.1606243981248644E-13   4.920919725735443E-13    0.25                     5.0E10                   2700                     6633.433835084545        3829.8148103376334       2502.294445801098
1.98011                  3.12                     0.32051282051282054      4.157518023167565E-13    4.91077227286587E-13     0.25                     5.0E10                   2700                     6633.433835084545        3829.8148103376334       2502.294445801098
1.98011                  3.14                     0.3184713375796178       4.1535256186031025E-13   4.89958121220173E-13     0.25                     5.0E10                   2700                     6633.433835084545        3829.8148103376334       2502.294445801098
1.98011                  3.16                     0.3164556962025316       4.148730151152692E-13    4.887448484020144E-13    0.25                     5.0E10                   2700                     6633.433835084545        3829.8148103376334       2502.294445801098
1.98011                  3.18                     0.31446540880503143      4.143213420435197E-13    4.874474116394975E-13    0.25                     5.0E10                   2700                     6633.433835084545        3829.8148103376334       2502.294445801098
1.98011                  3.2                      0.3125                   4.137055523272585E-13    4.860755627111498E-13    0.25                     5.0E10                   2700                     6633.433835084545        3829.8148103376334       2502.294445801098
1.98011                  3.22                     0.31055900621118004      4.130334391324888E-13    4.846387513179753E-13    0.25                     5.0E10                   2700                     6633.433835084545        3829.8148103376334       2502.294445801098
1.98011                  3.24                     0.30864197530864196      4.1231253999943163E-13   4.831460825069246E-13    0.25                     5.0E10                   2700                     6633.433835084545        3829.8148103376334       2502.294445801098
1.98011                  3.2600000000000002       0.3067484662576687       4.1155010456566883E-13   4.816062821628951E-13    0.25                     5.0E10                   2700                     6633.433835084545        3829.8148103376334       2502.294445801098
1.98011                  3.2800000000000002       0.3048780487804878       4.1075306873488214E-13   4.800276700647602E-13    0.25                     5.0E10                   2700                     6633.433835084545        3829.8148103376334       2502.294445801098
1.98011                  3.3000000000000003       0.30303030303030304      4.0992803483106786E-13   4.78418139933254E-13     0.25                     5.0E10                   2700                     6633.433835084545        3829.8148103376334       2502.294445801098
1.98011                  3.3200000000000003       0.3012048192771084       4.0908125724671546E-13   4.767851458364096E-13    0.25                     5.0E10                   2700                     6633.433835084545        3829.8148103376334       2502.294445801098
1.98011                  3.3400000000000003       0.29940119760479045      4.082104793736709E-13    4.751293129982749E-13    0.25                     5.0E10                   2700                     6633.433835084545        3829.8148103376334       2502.294445801098
1.98011                  3.3600000000000003       0.29761904761904756      4.073371822943528E-13    4.734690458081233E-13    0.25                     5.0E10                   2700                     6633.433835084545        3829.8148103376334       2502.294445801098
1.98011                  3.3800000000000003       0.29585798816568043      4.064587406343862E-13    4.718049848670924E-13    0.25                     5.0E10                   2700                     6633.433835084545        3829.8148103376334       2502.294445801098
1.98011                  3.4000000000000004       0.2941176470588235       4.055799687699878E-13    4.701427997536227E-13    0.25                     5.0E10                   2700                     6633.433835084545        3829.8148103376334       2502.294445801098
1.98011                  3.4200000000000004       0.29239766081871343      4.0470532538808405E-13   4.684877255427205E-13    0.25                     5.0E10                   2700                     6633.433835084545        3829.8148103376334       2502.294445801098
1.98011                  3.44                     0.29069767441860467      4.0383892119426424E-13   4.668445742045494E-13    0.25                     5.0E10                   2700                     6633.433835084545        3829.8148103376334       2502.294445801098
1.98011                  3.46                     0.2890173410404624       4.0298452862914E-13      4.652177482313396E-13    0.25                     5.0E10                   2700                     6633.433835084545        3829.8148103376334       2502.294445801098
1.98011                  3.48                     0.28735632183908044      4.0214559324608236E-13   4.636112560057833E-13    0.25                     5.0E10                   2700                     6633.433835084545        3829.8148103376334       2502.294445801098
1.98011                  3.5                      0.2857142857142857       4.0132524635281033E-13   4.620287284972487E-13    0.25                     5.0E10                   2700                     6633.433835084545        3829.8148103376334       2502.294445801098
1.98011                  3.52                     0.2840909090909091       4.005264623323969E-13    4.604735422410478E-13    0.25                     5.0E10                   2700                     6633.433835084545        3829.8148103376334       2502.294445801098
1.98011                  3.54                     0.2824858757062147       3.9975150171132965E-13   4.589484192775506E-13    0.25                     5.0E10                   2700                     6633.433835084545        3829.8148103376334       2502.294445801098
1.98011                  3.56                     0.28089887640449435      3.9900277736365936E-13   4.574560690686788E-13    0.25                     5.0E10                   2700                     6633.433835084545        3829.8148103376334       2502.294445801098
1.98011                  3.58                     0.2793296089385475       3.9828230536428976E-13   4.55998794578195E-13     0.25                     5.0E10                   2700                     6633.433835084545        3829.8148103376334       2502.294445801098
1.98011                  3.6                      0.2777777777777778       3.97591860106937E-13     4.5457861341601314E-13   0.25                     5.0E10                   2700                     6633.433835084545        3829.8148103376334       2502.294445801098
1.98011                  3.62                     0.27624309392265195      3.969329891783633E-13    4.53197276267953E-13     0.25                     5.0E10                   2700                     6633.433835084545        3829.8148103376334       2502.294445801098
1.98011                  3.64                     0.2747252747252747       3.9630702797796436E-13   4.518562848884794E-13    0.25                     5.0E10                   2700                     6633.433835084545        3829.8148103376334       2502.294445801098
1.98011                  3.66                     0.27322404371584696      3.957151139983849E-13    4.50556909601669E-13     0.25                     5.0E10                   2700                     6633.433835084545        3829.8148103376334       2502.294445801098
1.98011                  3.68                     0.2717391304347826       3.95158200675648E-13     4.4930020619696626E-13   0.25                     5.0E10                   2700                     6633.433835084545        3829.8148103376334       2502.294445801098
1.98011                  3.7                      0.2702702702702703       3.9463707073808755E-13   4.48087032132346E-13     0.25                     5.0E10                   2700                     6633.433835084545        3829.8148103376334       2502.294445801098
1.98011                  3.72                     0.26881720430107525      3.94152349026631E-13     4.469180620420142E-13    0.25                     5.0E10                   2700                     6633.433835084545        3829.8148103376334       2502.294445801098
1.98011                  3.74                     0.267379679144385        3.937045147200521E-13    4.457938024863492E-13    0.25                     5.0E10                   2700                     6633.433835084545        3829.8148103376334       2502.294445801098
1.98011                  3.7600000000000002       0.26595744680851063      3.9329391299667846E-13   4.447146059279809E-13    0.25                     5.0E10                   2700                     6633.433835084545        3829.8148103376334       2502.294445801098
1.98011                  3.7800000000000002       0.26455026455026454      3.929207660455155E-13    4.436806839355494E-13    0.25                     5.0E10                   2700                     6633.433835084545        3829.8148103376334       2502.294445801098
1.98011                  3.8000000000000003       0.2631578947368421       3.9258518349496757E-13   4.426921196155983E-13    0.25                     5.0E10                   2700                     6633.433835084545        3829.8148103376334       2502.294445801098
1.98011                  3.8200000000000003       0.26178010471204183      3.9228717222238185E-13   4.417488792792257E-13    0.25                     5.0E10                   2700                     6633.433835084545        3829.8148103376334       2502.294445801098
1.98011                  3.8400000000000003       0.26041666666666663      3.920266455718603E-13    4.408508233686912E-13    0.25                     5.0E10                   2700                     6633.433835084545        3829.8148103376334       2502.294445801098
1.98011                  3.8600000000000003       0.25906735751295334      3.91803431975966E-13     4.399977166497219E-13    0.25                     5.0E10                   2700                     6633.433835084545        3829.8148103376334       2502.294445801098
1.98011                  3.8800000000000003       0.25773195876288657      3.916172830237055E-13    4.391892377155456E-13    0.25                     5.0E10                   2700                     6633.433835084545        3829.8148103376334       2502.294445801098
1.98011                  3.9000000000000004       0.2564102564102564       3.9146788097761745E-13   4.384249878196813E-13    0.25                     5.0E10                   2700                     6633.433835084545        3829.8148103376334       2502.294445801098
1.98011                  3.9200000000000004       0.25510204081632654      3.913548457658592E-13    4.3770449905996787E-13   0.25                     5.0E10                   2700                     6633.433835084545        3829.8148103376334       2502.294445801098
1.98011                  3.94                     0.25380710659898476      3.9127774147707866E-13   4.370272419661737E-13    0.25                     5.0E10                   2700                     6633.433835084545        3829.8148103376334       2502.294445801098
1.98011                  3.96                     0.2525252525252525       3.912360823847746E-13    4.3639263250544204E-13   0.25                     5.0E10                   2700                     6633.433835084545        3829.8148103376334       2502.294445801098
1.98011                  3.98                     0.25125628140703515      3.9122933851090696E-13   4.3580003853967227E-13   0.25                     5.0E10                   2700                     6633.433835084545        3829.8148103376334       2502.294445801098
1.98011                  4                        0.25                     3.9125694078300815E-13   4.3524878578233784E-13   0.25                     5.0E10                   2700                     6633.433835084545        3829.8148103376334       2502.294445801098
1.98011                  4.02                     0.24875621890547264      3.9131828577753346E-13   4.347381632684114E-13    0.25                     5.0E10                   2700                     6633.433835084545        3829.8148103376334       2502.294445801098
1.98011                  4.04                     0.24752475247524755      3.9141274009307173E-13   4.3426742837266255E-13   0.25                     5.0E10                   2700                     6633.433835084545        3829.8148103376334       2502.294445801098
1.98011                  4.06                     0.24630541871921185      3.9153964437555156E-13   4.338358114174014E-13    0.25                     5.0E10                   2700                     6633.433835084545        3829.8148103376334       2502.294445801098
1.98011                  4.08                     0.2450980392156863       3.916983170173864E-13    4.334425198764081E-13    0.25                     5.0E10                   2700                     6633.433835084545        3829.8148103376334       2502.294445801098
1.98011                  4.1                      0.24390243902439027      3.918880575408069E-13    4.330867422247913E-13    0.25                     5.0E10                   2700                     6633.433835084545        3829.8148103376334       2502.294445801098
1.98011                  4.12                     0.24271844660194172      3.921081497131031E-13    4.3276765145531083E-13   0.25                     5.0E10                   2700                     6633.433835084545        3829.8148103376334       2502.294445801098
1.98011                  4.14                     0.2415458937198068       3.9235786438272576E-13   4.324844082683261E-13    0.25                     5.0E10                   2700                     6633.433835084545        3829.8148103376334       2502.294445801098
1.98011                  4.16                     0.24038461538461536      3.9263646208072773E-13   4.322361639812733E-13    0.25                     5.0E10                   2700                     6633.433835084545        3829.8148103376334       2502.294445801098
1.98011                  4.18                     0.2392344497607656       3.9294319538907814E-13   4.3202206317371835E-13   0.25                     5.0E10                   2700                     6633.433835084545        3829.8148103376334       2502.294445801098
1.98011                  4.199999999999999        0.23809523809523814      3.932773111029136E-13    4.318412460733695E-13    0.25                     5.0E10                   2700                     6633.433835084545        3829.8148103376334       2502.294445801098
1.98011                  4.22                     0.23696682464454977      3.936380521966693E-13    4.316928507335152E-13    0.25                     5.0E10                   2700                     6633.433835084545        3829.8148103376334       2502.294445801098
1.98011                  4.239999999999999        0.23584905660377362      3.9402465961264967E-13   4.315760149765362E-13    0.25                     5.0E10                   2700                     6633.433835084545        3829.8148103376334       2502.294445801098
1.98011                  4.26                     0.2347417840375587       3.944363738846019E-13    4.3148987817600837E-13   0.25                     5.0E10                   2700                     6633.433835084545        3829.8148103376334       2502.294445801098
1.98011                  4.279999999999999        0.23364485981308417      3.9487243660146017E-13   4.3143358282272743E-13   0.25                     5.0E10                   2700                     6633.433835084545        3829.8148103376334       2502.294445801098
1.98011                  4.3                      0.23255813953488372      3.9533209174790933E-13   4.3140627597399815E-13   0.25                     5.0E10                   2700                     6633.433835084545        3829.8148103376334       2502.294445801098
1.98011                  4.319999999999999        0.23148148148148148      3.9581458689819604E-13   4.314071105073255E-13    0.25                     5.0E10                   2700                     6633.433835084545        3829.8148103376334       2502.294445801098
1.98011                  4.34                     0.2304147465437788       3.9631917430063056E-13   4.3143524627544583E-13   0.25                     5.0E10                   2700                     6633.433835084545        3829.8148103376334       2502.294445801098
1.98011                  4.359999999999999        0.22935779816513763      3.968451118563395E-13    4.3148985112247316E-13   0.25                     5.0E10                   2700                     6633.433835084545        3829.8148103376334       2502.294445801098
1.98011                  4.38                     0.228310502283105        3.9739194955230314E-13   4.3157033523259595E-13   0.25                     5.0E10                   2700                     6633.433835084545        3829.8148103376334       2502.294445801098
1.98011                  4.3999999999999995       0.22727272727272732      3.979583914886517E-13    4.3167542130234976E-13   0.25                     5.0E10                   2700                     6633.433835084545        3829.8148103376334       2502.294445801098
1.98011                  4.42                     0.22624434389140272      3.9854399947106457E-13   4.3180453638918023E-13   0.25                     5.0E10                   2700                     6633.433835084545        3829.8148103376334       2502.294445801098
1.98011                  4.4399999999999995       0.22522522522522526      3.991480618668365E-13    4.319568882984999E-13    0.25                     5.0E10                   2700                     6633.433835084545        3829.8148103376334       2502.294445801098
1.98011                  4.46                     0.2242152466367713       3.9976987622792493E-13   4.3213169637494985E-13   0.25                     5.0E10                   2700                     6633.433835084545        3829.8148103376334       2502.294445801098
1.98011                  4.4799999999999995       0.2232142857142857       4.004087497689328E-13    4.3232819196975056E-13   0.25                     5.0E10                   2700                     6633.433835084545        3829.8148103376334       2502.294445801098
1.98011                  4.5                      0.22222222222222224      4.0106399980916967E-13   4.3254561883109657E-13   0.25                     5.0E10                   2700                     6633.433835084545        3829.8148103376334       2502.294445801098
1.98011                  4.52                     0.22123893805309736      4.0173495413081177E-13   4.327832334466216E-13    0.25                     5.0E10                   2700                     6633.433835084545        3829.8148103376334       2502.294445801098
1.98011                  4.54                     0.22026431718061676      4.0242095131835556E-13   4.330403053266818E-13    0.25                     5.0E10                   2700                     6633.433835084545        3829.8148103376334       2502.294445801098
1.98011                  4.56                     0.21929824561403513      4.0312134102398855E-13   4.3331611723970174E-13   0.25                     5.0E10                   2700                     6633.433835084545        3829.8148103376334       2502.294445801098
1.98011                  4.58                     0.21834061135371177      4.038354842222533E-13    4.3360996539942146E-13   0.25                     5.0E10                   2700                     6633.433835084545        3829.8148103376334       2502.294445801098
1.98011                  4.6                      0.2173913043478261       4.0456275339565146E-13   4.339211596095183E-13    0.25                     5.0E10                   2700                     6633.433835084545        3829.8148103376334       2502.294445801098
1.98011                  4.62                     0.21645021645021645      4.0530253271035657E-13   4.342490233886998E-13    0.25                     5.0E10                   2700                     6633.433835084545        3829.8148103376334       2502.294445801098
1.98011                  4.64                     0.21551724137931036      4.0605421814712597E-13   4.3459289403541894E-13   0.25                     5.0E10                   2700                     6633.433835084545        3829.8148103376334       2502.294445801098
1.98011                  4.66                     0.2145922746781116       4.068172176091241E-13    4.34952122682268E-13     0.25                     5.0E10                   2700                     6633.433835084545        3829.8148103376334       2502.294445801098
1.98011                  4.68                     0.21367521367521367      4.07590950995176E-13     4.353260743092704E-13    0.25                     5.0E10                   2700                     6633.433835084545        3829.8148103376334       2502.294445801098
1.98011                  4.7                      0.2127659574468085       4.08374850265546E-13     4.3571412775397847E-13   0.25                     5.0E10                   2700                     6633.433835084545        3829.8148103376334       2502.294445801098
1.98011                  4.72                     0.211864406779661        4.0916835946748946E-13   4.361156756709628E-13    0.25                     5.0E10                   2700                     6633.433835084545        3829.8148103376334       2502.294445801098
1.98011                  4.739999999999999        0.21097046413502113      4.099709347590063E-13    4.3653012449668643E-13   0.25                     5.0E10                   2700                     6633.433835084545        3829.8148103376334       2502.294445801098
1.98011                  4.76                     0.21008403361344538      4.1078204438832566E-13   4.369568943705747E-13    0.25                     5.0E10                   2700                     6633.433835084545        3829.8148103376334       2502.294445801098
1.98011                  4.779999999999999        0.20920502092050208      4.1160116868555524E-13   4.3739541906460643E-13   0.25                     5.0E10                   2700                     6633.433835084545        3829.8148103376334       2502.294445801098
1.98011                  4.8                      0.20833333333333334      4.124278000297341E-13    4.3784514589082655E-13   0.25                     5.0E10                   2700                     6633.433835084545        3829.8148103376334       2502.294445801098
1.98011                  4.819999999999999        0.2074688796680498       4.1326144278295884E-13   4.3830553557989345E-13   0.25                     5.0E10                   2700                     6633.433835084545        3829.8148103376334       2502.294445801098
1.98011                  4.84                     0.20661157024793386      4.141016132430999E-13    4.3877606217064204E-13   0.25                     5.0E10                   2700                     6633.433835084545        3829.8148103376334       2502.294445801098
1.98011                  4.859999999999999        0.20576131687242802      4.149478395631785E-13    4.3925621287417217E-13   0.25                     5.0E10                   2700                     6633.433835084545        3829.8148103376334       2502.294445801098
1.98011                  4.88                     0.20491803278688525      4.1579966167321027E-13   4.3974548793708164E-13   0.25                     5.0E10                   2700                     6633.433835084545        3829.8148103376334       2502.294445801098
1.98011                  4.8999999999999995       0.20408163265306126      4.166566311758234E-13    4.402434004898409E-13    0.25                     5.0E10                   2700                     6633.433835084545        3829.8148103376334       2502.294445801098
1.98011                  4.92                     0.2032520325203252       4.175183112517294E-13    4.4074947638855924E-13   0.25                     5.0E10                   2700                     6633.433835084545        3829.8148103376334       2502.294445801098
1.98011                  4.9399999999999995       0.20242914979757085      4.1838427654747214E-13   4.41263254064507E-13     0.25                     5.0E10                   2700                     6633.433835084545        3829.8148103376334       2502.294445801098
1.98011                  4.96                     0.20161290322580644      4.1925411306215885E-13   4.4178428433578936E-13   0.25                     5.0E10                   2700                     6633.433835084545        3829.8148103376334       2502.294445801098
1.98011                  4.9799999999999995       0.20080321285140565      4.2012741802465163E-13   4.423121302565615E-13    0.25                     5.0E10                   2700                     6633.433835084545        3829.8148103376334       2502.294445801098
1.98011                  5                        0.2                      4.2108983645197664E-13   4.4296174649649203E-13   0.25                     5.0E10                   2700                     6633.433835084545        3829.8148103376334       2502.294445801098
1.98011                  5.02                     0.19920318725099603      4.219695656918371E-13    4.435025836145377E-13    0.25                     5.0E10                   2700                     6633.433835084545        3829.8148103376334       2502.294445801098
1.98011                  5.04                     0.1984126984126984       4.228515479189618E-13    4.4404891418336055E-13   0.25                     5.0E10                   2700                     6633.433835084545        3829.8148103376334       2502.294445801098
1.98011                  5.06                     0.19762845849802374      4.237354265255271E-13    4.446003516449041E-13    0.25                     5.0E10                   2700                     6633.433835084545        3829.8148103376334       2502.294445801098
1.98011                  5.08                     0.19685039370078738      4.246208553578767E-13    4.451565206306515E-13    0.25                     5.0E10                   2700                     6633.433835084545        3829.8148103376334       2502.294445801098
1.98011                  5.1                      0.19607843137254904      4.2550749857166365E-13   4.457170567830626E-13    0.25                     5.0E10                   2700                     6633.433835084545        3829.8148103376334       2502.294445801098
1.98011                  5.12                     0.19531249999999997      4.26395030485353E-13     4.462816065592752E-13    0.25                     5.0E10                   2700                     6633.433835084545        3829.8148103376334       2502.294445801098
1.98011                  5.14                     0.1945525291828794       4.272831354279568E-13    4.468498270513694E-13    0.25                     5.0E10                   2700                     6633.433835084545        3829.8148103376334       2502.294445801098
1.98011                  5.16                     0.19379844961240308      4.2817150756643683E-13   4.4742138578336483E-13   0.25                     5.0E10                   2700                     6633.433835084545        3829.8148103376334       2502.294445801098
1.98011                  5.18                     0.19305019305019305      4.290598507838086E-13    4.479959605299279E-13    0.25                     5.0E10                   2700                     6633.433835084545        3829.8148103376334       2502.294445801098
1.98011                  5.2                      0.1923076923076923       4.2994787847248653E-13   4.485732391247149E-13    0.25                     5.0E10                   2700                     6633.433835084545        3829.8148103376334       2502.294445801098
1.98011                  5.22                     0.19157088122605365      4.3083531341795796E-13   4.491529192585254E-13    0.25                     5.0E10                   2700                     6633.433835084545        3829.8148103376334       2502.294445801098
1.98011                  5.239999999999999        0.19083969465648856      4.317218876155762E-13    4.4973470830194544E-13   0.25                     5.0E10                   2700                     6633.433835084545        3829.8148103376334       2502.294445801098
1.98011                  5.26                     0.19011406844106465      4.3260734210403614E-13   4.503183231097901E-13    0.25                     5.0E10                   2700                     6633.433835084545        3829.8148103376334       2502.294445801098
1.98011                  5.279999999999999        0.18939393939393942      4.334914268143096E-13    4.509034898196699E-13    0.25                     5.0E10                   2700                     6633.433835084545        3829.8148103376334       2502.294445801098
1.98011                  5.3                      0.18867924528301888      4.3437390039973804E-13   4.5148994368624807E-13   0.25                     5.0E10                   2700                     6633.433835084545        3829.8148103376334       2502.294445801098
1.98011                  5.319999999999999        0.1879699248120301       4.3525453007461727E-13   4.520774288662583E-13    0.25                     5.0E10                   2700                     6633.433835084545        3829.8148103376334       2502.294445801098
1.98011                  5.34                     0.18726591760299627      4.361330914467498E-13    4.5266569825558067E-13   0.25                     5.0E10                   2700                     6633.433835084545        3829.8148103376334       2502.294445801098
1.98011                  5.359999999999999        0.1865671641791045       4.3700936834956417E-13   4.532545132824409E-13    0.25                     5.0E10                   2700                     6633.433835084545        3829.8148103376334       2502.294445801098
1.98011                  5.38                     0.1858736059479554       4.378831526963361E-13    4.5384364373833667E-13   0.25                     5.0E10                   2700                     6633.433835084545        3829.8148103376334       2502.294445801098
1.98011                  5.3999999999999995       0.1851851851851852       4.387542442865615E-13    4.5443286758297246E-13   0.25                     5.0E10                   2700                     6633.433835084545        3829.8148103376334       2502.294445801098
1.98011                  5.42                     0.18450184501845018      4.396224506702577E-13    4.550219707726216E-13    0.25                     5.0E10                   2700                     6633.433835084545        3829.8148103376334       2502.294445801098
1.98011                  5.4399999999999995       0.18382352941176472      4.4048758697712885E-13   4.556107470716164E-13    0.25                     5.0E10                   2700                     6633.433835084545        3829.8148103376334       2502.294445801098
1.98011                  5.46                     0.18315018315018314      4.413494757402558E-13    4.56198997881163E-13     0.25                     5.0E10                   2700                     6633.433835084545        3829.8148103376334       2502.294445801098
1.98011                  5.4799999999999995       0.18248175182481755      4.42207946751514E-13     4.567865320513496E-13    0.25                     5.0E10                   2700                     6633.433835084545        3829.8148103376334       2502.294445801098
1.98011                  5.5                      0.18181818181818182      4.4306283690252594E-13   4.573731657225009E-13    0.25                     5.0E10                   2700                     6633.433835084545        3829.8148103376334       2502.294445801098
1.98011                  5.52                     0.1811594202898551       4.439139900089174E-13    4.579587221372095E-13    0.25                     5.0E10                   2700                     6633.433835084545        3829.8148103376334       2502.294445801098
1.98011                  5.54                     0.18050541516245486      4.4476125666933875E-13   4.58543031480494E-13     0.25                     5.0E10                   2700                     6633.433835084545        3829.8148103376334       2502.294445801098
1.98011                  5.56                     0.1798561151079137       4.456044940989702E-13    4.591259307040861E-13    0.25                     5.0E10                   2700                     6633.433835084545        3829.8148103376334       2502.294445801098
1.98011                  5.58                     0.17921146953405018      4.4644356597333134E-13   4.597072633615361E-13    0.25                     5.0E10                   2700                     6633.433835084545        3829.8148103376334       2502.294445801098
1.98011                  5.6                      0.17857142857142858      4.4727834228552887E-13   4.602868794467907E-13    0.25                     5.0E10                   2700                     6633.433835084545        3829.8148103376334       2502.294445801098
1.98011                  5.62                     0.17793594306049823      4.4810869917589734E-13   4.60864635230835E-13     0.25                     5.0E10                   2700                     6633.433835084545        3829.8148103376334       2502.294445801098
1.98011                  5.64                     0.1773049645390071       4.4893451879738953E-13   4.614403930948705E-13    0.25                     5.0E10                   2700                     6633.433835084545        3829.8148103376334       2502.294445801098
1.98011                  5.66                     0.17667844522968196      4.4975568915180615E-13   4.620140213846686E-13    0.25                     5.0E10                   2700                     6633.433835084545        3829.8148103376334       2502.294445801098
1.98011                  5.68                     0.17605633802816903      4.505721039566266E-13    4.625853942430237E-13    0.25                     5.0E10                   2700                     6633.433835084545        3829.8148103376334       2502.294445801098
1.98011                  5.7                      0.17543859649122806      4.5138366248714955E-13   4.631543914699766E-13    0.25                     5.0E10                   2700                     6633.433835084545        3829.8148103376334       2502.294445801098
1.98011                  5.72                     0.17482517482517484      4.5219026942797505E-13   4.637208983533603E-13    0.25                     5.0E10                   2700                     6633.433835084545        3829.8148103376334       2502.294445801098
1.98011                  5.739999999999999        0.17421602787456447      4.529918347476352E-13    4.642848055415791E-13    0.25                     5.0E10                   2700                     6633.433835084545        3829.8148103376334       2502.294445801098
1.98011                  5.76                     0.1736111111111111       4.5378827353763004E-13   4.648460088784377E-13    0.25                     5.0E10                   2700                     6633.433835084545        3829.8148103376334       2502.294445801098
1.98011                  5.779999999999999        0.17301038062283738      4.54579505900449E-13     4.65404409281395E-13     0.25                     5.0E10                   2700                     6633.433835084545        3829.8148103376334       2502.294445801098
1.98011                  5.8                      0.1724137931034483       4.553654567827685E-13    4.659599125726646E-13    0.25                     5.0E10                   2700                     6633.433835084545        3829.8148103376334       2502.294445801098
1.98011                  5.819999999999999        0.17182130584192443      4.561460558484169E-13    4.665124293651752E-13    0.25                     5.0E10                   2700                     6633.433835084545        3829.8148103376334       2502.294445801098
1.98011                  5.84                     0.17123287671232879      4.569217647412685E-13    4.670623219214048E-13    0.25                     5.0E10                   2700                     6633.433835084545        3829.8148103376334       2502.294445801098
1.98011                  5.859999999999999        0.17064846416382254      4.576914740679144E-13    4.676086215234118E-13    0.25                     5.0E10                   2700                     6633.433835084545        3829.8148103376334       2502.294445801098
1.98011                  5.88                     0.17006802721088435      4.58455647695619E-13     4.681516938775061E-13    0.25                     5.0E10                   2700                     6633.433835084545        3829.8148103376334       2502.294445801098
1.98011                  5.8999999999999995       0.16949152542372883      4.592142328631749E-13    4.686914673743422E-13    0.25                     5.0E10                   2700                     6633.433835084545        3829.8148103376334       2502.294445801098
1.98011                  5.92                     0.16891891891891891      4.599671809014793E-13    4.692278745375664E-13    0.25                     5.0E10                   2700                     6633.433835084545        3829.8148103376334       2502.294445801098
1.98011                  5.9399999999999995       0.16835016835016836      4.607144470919616E-13    4.697608518875956E-13    0.25                     5.0E10                   2700                     6633.433835084545        3829.8148103376334       2502.294445801098
1.98011                  5.96                     0.16778523489932884      4.614559905363801E-13    4.702903398196313E-13    0.25                     5.0E10                   2700                     6633.433835084545        3829.8148103376334       2502.294445801098
1.98011                  5.9799999999999995       0.16722408026755856      4.621917740690629E-13    4.708162824914557E-13    0.25                     5.0E10                   2700                     6633.433835084545        3829.8148103376334       2502.294445801098
1.98011                  6                        0.16666666666666666      4.629217641080992E-13    4.713386277008565E-13    0.25                     5.0E10                   2700                     6633.433835084545        3829.8148103376334       2502.294445801098
1.98011                  6.02                     0.16611295681063123      4.636459305638731E-13    4.718573267725896E-13    0.25                     5.0E10                   2700                     6633.433835084545        3829.8148103376334       2502.294445801098
1.98011                  6.04                     0.16556291390728478      4.643642467197051E-13    4.723723344503045E-13    0.25                     5.0E10                   2700                     6633.433835084545        3829.8148103376334       2502.294445801098
1.98011                  6.06                     0.16501650165016504      4.650766891158145E-13    4.728836087804699E-13    0.25                     5.0E10                   2700                     6633.433835084545        3829.8148103376334       2502.294445801098
1.98011                  6.08                     0.16447368421052633      4.657832374489984E-13    4.733911110061817E-13    0.25                     5.0E10                   2700                     6633.433835084545        3829.8148103376334       2502.294445801098
1.98011                  6.1                      0.16393442622950818      4.664838744724129E-13    4.738948054724866E-13    0.25                     5.0E10                   2700                     6633.433835084545        3829.8148103376334       2502.294445801098
1.98011                  6.12                     0.16339869281045752      4.671785858723477E-13    4.7439465950341E-13      0.25                     5.0E10                   2700                     6633.433835084545        3829.8148103376334       2502.294445801098
1.98011                  6.14                     0.16286644951140067      4.678673601812356E-13    4.748906433214474E-13    0.25                     5.0E10                   2700                     6633.433835084545        3829.8148103376334       2502.294445801098
1.98011                  6.16                     0.16233766233766234      4.685501886875792E-13    4.753827299392646E-13    0.25                     5.0E10                   2700                     6633.433835084545        3829.8148103376334       2502.294445801098
1.98011                  6.18                     0.16181229773462782      4.692270653213455E-13    4.758708950642474E-13    0.25                     5.0E10                   2700                     6633.433835084545        3829.8148103376334       2502.294445801098
1.98011                  6.2                      0.16129032258064518      4.698979865589147E-13    4.763551170080069E-13    0.25                     5.0E10                   2700                     6633.433835084545        3829.8148103376334       2502.294445801098
1.98011                  6.22                     0.16077170418006428      4.705629513440262E-13    4.768353765929692E-13    0.25                     5.0E10                   2700                     6633.433835084545        3829.8148103376334       2502.294445801098
1.98011                  6.24                     0.16025641025641027      4.712219609867029E-13    4.77311657061368E-13     0.25                     5.0E10                   2700                     6633.433835084545        3829.8148103376334       2502.294445801098
1.98011                  6.26                     0.1597444089456869       4.718750190815555E-13    4.777839439929219E-13    0.25                     5.0E10                   2700                     6633.433835084545        3829.8148103376334       2502.294445801098
1.98011                  6.279999999999999        0.15923566878980894      4.725221314161452E-13    4.782522252179741E-13    0.25                     5.0E10                   2700                     6633.433835084545        3829.8148103376334       2502.294445801098
1.98011                  6.3                      0.15873015873015872      4.731633058847995E-13    4.787164907298488E-13    0.25                     5.0E10                   2700                     6633.433835084545        3829.8148103376334       2502.294445801098
1.98011                  6.319999999999999        0.15822784810126583      4.73798552402834E-13     4.791767326079055E-13    0.25                     5.0E10                   2700                     6633.433835084545        3829.8148103376334       2502.294445801098
1.98011                  6.34                     0.1577287066246057       4.744278828506992E-13    4.796329449467782E-13    0.25                     5.0E10                   2700                     6633.433835084545        3829.8148103376334       2502.294445801098
1.98011                  6.359999999999999        0.15723270440251574      4.750513109560102E-13    4.800851237587442E-13    0.25                     5.0E10                   2700                     6633.433835084545        3829.8148103376334       2502.294445801098
1.98011                  6.38                     0.15673981191222572      4.756688522444798E-13    4.805332669192118E-13    0.25                     5.0E10                   2700                     6633.433835084545        3829.8148103376334       2502.294445801098
1.98011                  6.3999999999999995       0.15625                  4.762805239637036E-13    4.809773740877539E-13    0.25                     5.0E10                   2700                     6633.433835084545        3829.8148103376334       2502.294445801098
1.98011                  6.42                     0.1557632398753894       4.768863450027145E-13    4.814174466338063E-13    0.25                     5.0E10                   2700                     6633.433835084545        3829.8148103376334       2502.294445801098
1.98011                  6.4399999999999995       0.15527950310559008      4.774863358129569E-13    4.818534875655305E-13    0.25                     5.0E10                   2700                     6633.433835084545        3829.8148103376334       2502.294445801098
1.98011                  6.46                     0.15479876160990713      4.780805183631203E-13    4.822855014739578E-13    0.25                     5.0E10                   2700                     6633.433835084545        3829.8148103376334       2502.294445801098
1.98011                  6.4799999999999995       0.154320987654321        4.786689160507077E-13    4.827134944556835E-13    0.25                     5.0E10                   2700                     6633.433835084545        3829.8148103376334       2502.294445801098
1.98011                  6.5                      0.15384615384615383      4.792515536422925E-13    4.831374740537232E-13    0.25                     5.0E10                   2700                     6633.433835084545        3829.8148103376334       2502.294445801098
1.98011                  6.52                     0.15337423312883436      4.798284572217767E-13    4.835574492037371E-13    0.25                     5.0E10                   2700                     6633.433835084545        3829.8148103376334       2502.294445801098
1.98011                  6.54                     0.15290519877675843      4.803996540972705E-13    4.839734301511418E-13    0.25                     5.0E10                   2700                     6633.433835084545        3829.8148103376334       2502.294445801098
1.98011                  6.56                     0.15243902439024393      4.809651727907248E-13    4.843854284271405E-13    0.25                     5.0E10                   2700                     6633.433835084545        3829.8148103376334       2502.294445801098
1.98011                  6.58                     0.1519756838905775       4.815250429301473E-13    4.847934567591181E-13    0.25                     5.0E10                   2700                     6633.433835084545        3829.8148103376334       2502.294445801098
1.98011                  6.6                      0.15151515151515152      4.82079295216356E-13     4.851975290332154E-13    0.25                     5.0E10                   2700                     6633.433835084545        3829.8148103376334       2502.294445801098
1.98011                  6.62                     0.1510574018126888       4.82627961363965E-13     4.855976602374952E-13    0.25                     5.0E10                   2700                     6633.433835084545        3829.8148103376334       2502.294445801098
1.98011                  6.64                     0.1506024096385542       4.831710740620498E-13    4.859938664144475E-13    0.25                     5.0E10                   2700                     6633.433835084545        3829.8148103376334       2502.294445801098
1.98011                  6.66                     0.15015015015015015      4.837086668935359E-13    4.863861646003735E-13    0.25                     5.0E10                   2700                     6633.433835084545        3829.8148103376334       2502.294445801098
1.98011                  6.68                     0.14970059880239522      4.84240774302084E-13     4.867745727817795E-13    0.25                     5.0E10                   2700                     6633.433835084545        3829.8148103376334       2502.294445801098
1.98011                  6.7                      0.1492537313432836       4.847674315500605E-13    4.871591098550726E-13    0.25                     5.0E10                   2700                     6633.433835084545        3829.8148103376334       2502.294445801098
1.98011                  6.72                     0.1488095238095238       4.852886746540143E-13    4.875397955691507E-13    0.25                     5.0E10                   2700                     6633.433835084545        3829.8148103376334       2502.294445801098
1.98011                  6.74                     0.14836795252225518      4.858045403460735E-13    4.879166504863699E-13    0.25                     5.0E10                   2700                     6633.433835084545        3829.8148103376334       2502.294445801098
1.98011                  6.76                     0.14792899408284024      4.86315066040201E-13     4.882896959449675E-13    0.25                     5.0E10                   2700                     6633.433835084545        3829.8148103376334       2502.294445801098
1.98011                  6.779999999999999        0.14749262536873156      4.868202897691847E-13    4.886589540042751E-13    0.25                     5.0E10                   2700                     6633.433835084545        3829.8148103376334       2502.294445801098
1.98011                  6.8                      0.14705882352941177      4.873202501540943E-13    4.890244474164995E-13    0.25                     5.0E10                   2700                     6633.433835084545        3829.8148103376334       2502.294445801098
1.98011                  6.819999999999999        0.1466275659824047       4.878149863686708E-13    4.893861995846367E-13    0.25                     5.0E10                   2700                     6633.433835084545        3829.8148103376334       2502.294445801098
1.98011                  6.84                     0.14619883040935674      4.883045380951928E-13    4.897442345223487E-13    0.25                     5.0E10                   2700                     6633.433835084545        3829.8148103376334       2502.294445801098
1.98011                  6.859999999999999        0.1457725947521866       4.887889454713305E-13    4.90098576812602E-13     0.25                     5.0E10                   2700                     6633.433835084545        3829.8148103376334       2502.294445801098
1.98011                  6.88                     0.14534883720930233      4.892682490901243E-13    4.904492515886576E-13    0.25                     5.0E10                   2700                     6633.433835084545        3829.8148103376334       2502.294445801098
1.98011                  6.8999999999999995       0.14492753623188406      4.897424899236859E-13    4.907962844796666E-13    0.25                     5.0E10                   2700                     6633.433835084545        3829.8148103376334       2502.294445801098
1.98011                  6.92                     0.1445086705202312       4.902117093218779E-13    4.911397015956873E-13    0.25                     5.0E10                   2700                     6633.433835084545        3829.8148103376334       2502.294445801098
1.98011                  6.9399999999999995       0.1440922190201729       4.906759489595984E-13    4.914795294835983E-13    0.25                     5.0E10                   2700                     6633.433835084545        3829.8148103376334       2502.294445801098
1.98011                  6.96                     0.14367816091954022      4.911352508120576E-13    4.918157951008169E-13    0.25                     5.0E10                   2700                     6633.433835084545        3829.8148103376334       2502.294445801098
1.98011                  6.9799999999999995       0.14326647564469916      4.915896571217099E-13    4.921485257839798E-13    0.25                     5.0E10                   2700                     6633.433835084545        3829.8148103376334       2502.294445801098
1.98011                  7                        0.14285714285714285      4.92039210382148E-13     4.924777492277244E-13    0.25                     5.0E10                   2700                     6633.433835084545        3829.8148103376334       2502.294445801098
1.98011                  7.02                     0.14245014245014245      4.92483953274969E-13     4.928034934401493E-13    0.25                     5.0E10                   2700                     6633.433835084545        3829.8148103376334       2502.294445801098
1.98011                  7.04                     0.14204545454545456      4.929239286938753E-13    4.931257867404286E-13    0.25                     5.0E10                   2700                     6633.433835084545        3829.8148103376334       2502.294445801098
1.98011                  7.06                     0.141643059490085        4.933591796665161E-13    4.934446577091815E-13    0.25                     5.0E10                   2700                     6633.433835084545        3829.8148103376334       2502.294445801098
1.98011                  7.08                     0.14124293785310735      4.937897493724739E-13    4.937601351820002E-13    0.25                     5.0E10                   2700                     6633.433835084545        3829.8148103376334       2502.294445801098
1.98011                  7.1                      0.14084507042253522      4.94215681069404E-13     4.940722482060614E-13    0.25                     5.0E10                   2700                     6633.433835084545        3829.8148103376334       2502.294445801098
1.98011                  7.12                     0.14044943820224717      4.946370181423453E-13    4.943810260499485E-13    0.25                     5.0E10                   2700                     6633.433835084545        3829.8148103376334       2502.294445801098
1.98011                  7.14                     0.1400560224089636       4.950538039990772E-13    4.946864981391391E-13    0.25                     5.0E10                   2700                     6633.433835084545        3829.8148103376334       2502.294445801098
1.98011                  7.16                     0.13966480446927376      4.954660821057606E-13    4.949886940684784E-13    0.25                     5.0E10                   2700                     6633.433835084545        3829.8148103376334       2502.294445801098
1.98011                  7.18                     0.1392757660167131       4.958738959445011E-13    4.952876435665435E-13    0.25                     5.0E10                   2700                     6633.433835084545        3829.8148103376334       2502.294445801098
1.98011                  7.2                      0.1388888888888889       4.962772889962692E-13    4.955833764802456E-13    0.25                     5.0E10                   2700                     6633.433835084545        3829.8148103376334       2502.294445801098
1.98011                  7.22                     0.13850415512465375      4.966763047253436E-13    4.958759227559759E-13    0.25                     5.0E10                   2700                     6633.433835084545        3829.8148103376334       2502.294445801098
1.98011                  7.24                     0.13812154696132597      4.970709865439799E-13    4.961653124141978E-13    0.25                     5.0E10                   2700                     6633.433835084545        3829.8148103376334       2502.294445801098
1.98011                  7.26                     0.13774104683195593      4.974613778359324E-13    4.964515755512608E-13    0.25                     5.0E10                   2700                     6633.433835084545        3829.8148103376334       2502.294445801098
1.98011                  7.279999999999999        0.13736263736263737      4.978475218830871E-13    4.967347422963637E-13    0.25                     5.0E10                   2700                     6633.433835084545        3829.8148103376334       2502.294445801098
1.98011                  7.3                      0.13698630136986303      4.982294618917629E-13    4.970148428150324E-13    0.25                     5.0E10                   2700                     6633.433835084545        3829.8148103376334       2502.294445801098
1.98011                  7.319999999999999        0.1366120218579235       4.986072409701625E-13    4.972919072929787E-13    0.25                     5.0E10                   2700                     6633.433835084545        3829.8148103376334       2502.294445801098
1.98011                  7.34                     0.1362397820163488       4.989809021006462E-13    4.975659659088836E-13    0.25                     5.0E10                   2700                     6633.433835084545        3829.8148103376334       2502.294445801098
1.98011                  7.359999999999999        0.13586956521739132      4.993504881194671E-13    4.978370488279888E-13    0.25                     5.0E10                   2700                     6633.433835084545        3829.8148103376334       2502.294445801098
1.98011                  7.38                     0.13550135501355012      4.997160417431359E-13    4.981051861948194E-13    0.25                     5.0E10                   2700                     6633.433835084545        3829.8148103376334       2502.294445801098
1.98011                  7.3999999999999995       0.13513513513513514      5.000776055123659E-13    4.983704081098743E-13    0.25                     5.0E10                   2700                     6633.433835084545        3829.8148103376334       2502.294445801098
1.98011                  7.42                     0.1347708894878706       5.004352217926893E-13    4.986327446188424E-13    0.25                     5.0E10                   2700                     6633.433835084545        3829.8148103376334       2502.294445801098
1.98011                  7.4399999999999995       0.13440860215053765      5.007889327881317E-13    4.988922257154042E-13    0.25                     5.0E10                   2700                     6633.433835084545        3829.8148103376334       2502.294445801098
1.98011                  7.46                     0.13404825737265413      5.011387804857958E-13    4.991488813060069E-13    0.25                     5.0E10                   2700                     6633.433835084545        3829.8148103376334       2502.294445801098
1.98011                  7.4799999999999995       0.1336898395721925       5.014848066783963E-13    4.994027412155403E-13    0.25                     5.0E10                   2700                     6633.433835084545        3829.8148103376334       2502.294445801098
1.98011                  7.5                      0.13333333333333333      5.018270529466411E-13    4.996538351755332E-13    0.25                     5.0E10                   2700                     6633.433835084545        3829.8148103376334       2502.294445801098
1.98011                  7.52                     0.13297872340425532      5.02165560638023E-13     4.99902192807753E-13     0.25                     5.0E10                   2700                     6633.433835084545        3829.8148103376334       2502.294445801098
1.98011                  7.54                     0.13262599469496023      5.025003708886549E-13    5.001478436279087E-13    0.25                     5.0E10                   2700                     6633.433835084545        3829.8148103376334       2502.294445801098
1.98011                  7.56                     0.13227513227513227      5.028315245634977E-13    5.003908170178343E-13    0.25                     5.0E10                   2700                     6633.433835084545        3829.8148103376334       2502.294445801098
1.98011                  7.58                     0.13192612137203166      5.031590623100593E-13    5.006311422387735E-13    0.25                     5.0E10                   2700                     6633.433835084545        3829.8148103376334       2502.294445801098
1.98011                  7.6                      0.13157894736842105      5.034830244950817E-13    5.008688484024333E-13    0.25                     5.0E10                   2700                     6633.433835084545        3829.8148103376334       2502.294445801098
1.98011                  7.62                     0.13123359580052493      5.038034512362862E-13    5.011039644806906E-13    0.25                     5.0E10                   2700                     6633.433835084545        3829.8148103376334       2502.294445801098
1.98011                  7.64                     0.13089005235602094      5.041203823698751E-13    5.013365192873674E-13    0.25                     5.0E10                   2700                     6633.433835084545        3829.8148103376334       2502.294445801098
1.98011                  7.66                     0.13054830287206268      5.04433857478156E-13     5.015665414814686E-13    0.25                     5.0E10                   2700                     6633.433835084545        3829.8148103376334       2502.294445801098
1.98011                  7.68                     0.13020833333333334      5.047439158318155E-13    5.017940595500084E-13    0.25                     5.0E10                   2700                     6633.433835084545        3829.8148103376334       2502.294445801098
1.98011                  7.7                      0.12987012987012989      5.050505964361927E-13    5.020191018060324E-13    0.25                     5.0E10                   2700                     6633.433835084545        3829.8148103376334       2502.294445801098
1.98011                  7.72                     0.1295336787564767       5.05353937996187E-13     5.022416963908649E-13    0.25                     5.0E10                   2700                     6633.433835084545        3829.8148103376334       2502.294445801098
1.98011                  7.74                     0.12919896640826872      5.056539789255803E-13    5.024618712584816E-13    0.25                     5.0E10                   2700                     6633.433835084545        3829.8148103376334       2502.294445801098
1.98011                  7.76                     0.1288659793814433       5.059507573254575E-13    5.026796541717769E-13    0.25                     5.0E10                   2700                     6633.433835084545        3829.8148103376334       2502.294445801098
1.98011                  7.779999999999999        0.12853470437017997      5.062443110021189E-13    5.028950727047772E-13    0.25                     5.0E10                   2700                     6633.433835084545        3829.8148103376334       2502.294445801098
1.98011                  7.8                      0.12820512820512822      5.065346774539796E-13    5.031081542340697E-13    0.25                     5.0E10                   2700                     6633.433835084545        3829.8148103376334       2502.294445801098
1.98011                  7.819999999999999        0.1278772378516624       5.068218938508998E-13    5.033189259285474E-13    0.25                     5.0E10                   2700                     6633.433835084545        3829.8148103376334       2502.294445801098
1.98011                  7.84                     0.12755102040816327      5.071059970682355E-13    5.035274147605186E-13    0.25                     5.0E10                   2700                     6633.433835084545        3829.8148103376334       2502.294445801098
1.98011                  7.859999999999999        0.1272264631043257       5.07387023644898E-13     5.037336474840816E-13    0.25                     5.0E10                   2700                     6633.433835084545        3829.8148103376334       2502.294445801098
1.98011                  7.88                     0.12690355329949238      5.076650098073518E-13    5.039376506487073E-13    0.25                     5.0E10                   2700                     6633.433835084545        3829.8148103376334       2502.294445801098
1.98011                  7.8999999999999995       0.12658227848101267      5.07939991461853E-13     5.041394505867893E-13    0.25                     5.0E10                   2700                     6633.433835084545        3829.8148103376334       2502.294445801098
1.98011                  7.92                     0.12626262626262624      5.082120041987493E-13    5.043390734188071E-13    0.25                     5.0E10                   2700                     6633.433835084545        3829.8148103376334       2502.294445801098
1.98011                  7.9399999999999995       0.12594458438287154      5.084810832427332E-13    5.045365450263525E-13    0.25                     5.0E10                   2700                     6633.433835084545        3829.8148103376334       2502.294445801098
1.98011                  7.96                     0.12562814070351758      5.087472635321765E-13    5.047318910902626E-13    0.25                     5.0E10                   2700                     6633.433835084545        3829.8148103376334       2502.294445801098
1.98011                  7.9799999999999995       0.12531328320802007      5.090105796554161E-13    5.04925137053576E-13     0.25                     5.0E10                   2700                     6633.433835084545        3829.8148103376334       2502.294445801098
1.98011                  8                        0.125                    5.092710658759825E-13    5.05116308138703E-13     0.25                     5.0E10                   2700                     6633.433835084545        3829.8148103376334       2502.294445801098
1.98011                  8.02                     0.12468827930174564      5.095287561190066E-13    5.053054293348447E-13    0.25                     5.0E10                   2700                     6633.433835084545        3829.8148103376334       2502.294445801098
1.98011                  8.040000000000001        0.1243781094527363       5.097836839794856E-13    5.054925254032485E-13    0.25                     5.0E10                   2700                     6633.433835084545        3829.8148103376334       2502.294445801098
1.98011                  8.06                     0.12406947890818859      5.10035882724669E-13     5.056776208788929E-13    0.25                     5.0E10                   2700                     6633.433835084545        3829.8148103376334       2502.294445801098
1.98011                  8.08                     0.12376237623762378      5.102853852788578E-13    5.058607400561215E-13    0.25                     5.0E10                   2700                     6633.433835084545        3829.8148103376334       2502.294445801098
1.98011                  8.1                      0.1234567901234568       5.105322242387607E-13    5.060419070014847E-13    0.25                     5.0E10                   2700                     6633.433835084545        3829.8148103376334       2502.294445801098
1.98011                  8.12                     0.12315270935960593      5.107764318661762E-13    5.062211455457161E-13    0.25                     5.0E10                   2700                     6633.433835084545        3829.8148103376334       2502.294445801098
1.98011                  8.14                     0.12285012285012284      5.11018040091629E-13     5.063984792867089E-13    0.25                     5.0E10                   2700                     6633.433835084545        3829.8148103376334       2502.294445801098
1.98011                  8.16                     0.12254901960784315      5.112570805108369E-13    5.065739315868814E-13    0.25                     5.0E10                   2700                     6633.433835084545        3829.8148103376334       2502.294445801098
1.98011                  8.18                     0.12224938875305624      5.114935843781752E-13    5.067475255661616E-13    0.25                     5.0E10                   2700                     6633.433835084545        3829.8148103376334       2502.294445801098
1.98011                  8.2                      0.12195121951219513      5.117275826322536E-13    5.069192841205722E-13    0.25                     5.0E10                   2700                     6633.433835084545        3829.8148103376334       2502.294445801098
1.98011                  8.22                     0.121654501216545        5.119591058684018E-13    5.07089229900381E-13     0.25                     5.0E10                   2700                     6633.433835084545        3829.8148103376334       2502.294445801098
1.98011                  8.24                     0.12135922330097086      5.121881843509003E-13    5.072573853229739E-13    0.25                     5.0E10                   2700                     6633.433835084545        3829.8148103376334       2502.294445801098
1.98011                  8.26                     0.12106537530266344      5.124148480126792E-13    5.074237725681471E-13    0.25                     5.0E10                   2700                     6633.433835084545        3829.8148103376334       2502.294445801098
1.98011                  8.28                     0.1207729468599034       5.126391264736251E-13    5.075884135834492E-13    0.25                     5.0E10                   2700                     6633.433835084545        3829.8148103376334       2502.294445801098
1.98011                  8.299999999999999        0.1204819277108434       5.128610490066052E-13    5.077513300785524E-13    0.25                     5.0E10                   2700                     6633.433835084545        3829.8148103376334       2502.294445801098
1.98011                  8.32                     0.12019230769230768      5.13080644577045E-13     5.079125435318498E-13    0.25                     5.0E10                   2700                     6633.433835084545        3829.8148103376334       2502.294445801098
1.98011                  8.34                     0.11990407673860912      5.132979418041891E-13    5.080720751795406E-13    0.25                     5.0E10                   2700                     6633.433835084545        3829.8148103376334       2502.294445801098
1.98011                  8.36                     0.1196172248803828       5.135129690008025E-13    5.082299460302292E-13    0.25                     5.0E10                   2700                     6633.433835084545        3829.8148103376334       2502.294445801098
1.98011                  8.379999999999999        0.11933174224343678      5.137257541522159E-13    5.083861768587089E-13    0.25                     5.0E10                   2700                     6633.433835084545        3829.8148103376334       2502.294445801098
1.98011                  8.4                      0.11904761904761904      5.139363249199207E-13    5.085407882043626E-13    0.25                     5.0E10                   2700                     6633.433835084545        3829.8148103376334       2502.294445801098
1.98011                  8.42                     0.11876484560570072      5.141447086494773E-13    5.086938003751602E-13    0.25                     5.0E10                   2700                     6633.433835084545        3829.8148103376334       2502.294445801098
1.98011                  8.44                     0.11848341232227488      5.143509323827427E-13    5.088452334581628E-13    0.25                     5.0E10                   2700                     6633.433835084545        3829.8148103376334       2502.294445801098
1.98011                  8.459999999999999        0.11820330969267141      5.145550228285689E-13    5.089951072989428E-13    0.25                     5.0E10                   2700                     6633.433835084545        3829.8148103376334       2502.294445801098
1.98011                  8.48                     0.1179245283018868       5.147570063826694E-13    5.091434415150188E-13    0.25                     5.0E10                   2700                     6633.433835084545        3829.8148103376334       2502.294445801098
1.98011                  8.5                      0.11764705882352941      5.14956909141941E-13     5.092902555020088E-13    0.25                     5.0E10                   2700                     6633.433835084545        3829.8148103376334       2502.294445801098
1.98011                  8.52                     0.11737089201877934      5.1515475689578E-13      5.094355684327321E-13    0.25                     5.0E10                   2700                     6633.433835084545        3829.8148103376334       2502.294445801098
1.98011                  8.54                     0.117096018735363        5.153505751177626E-13    5.095793992460247E-13    0.25                     5.0E10                   2700                     6633.433835084545        3829.8148103376334       2502.294445801098
1.98011                  8.56                     0.11682242990654204      5.155443889780914E-13    5.097217666625672E-13    0.25                     5.0E10                   2700                     6633.433835084545        3829.8148103376334       2502.294445801098
1.98011                  8.58                     0.11655011655011656      5.157362233469578E-13    5.09862689179063E-13     0.25                     5.0E10                   2700                     6633.433835084545        3829.8148103376334       2502.294445801098
1.98011                  8.6                      0.11627906976744186      5.159261027938439E-13    5.100021850702629E-13    0.25                     5.0E10                   2700                     6633.433835084545        3829.8148103376334       2502.294445801098
1.98011                  8.62                     0.1160092807424594       5.161140516022107E-13    5.101402723998058E-13    0.25                     5.0E10                   2700                     6633.433835084545        3829.8148103376334       2502.294445801098
1.98011                  8.64                     0.11574074074074073      5.16300093738277E-13     5.10276968998465E-13     0.25                     5.0E10                   2700                     6633.433835084545        3829.8148103376334       2502.294445801098
1.98011                  8.66                     0.11547344110854503      5.164842528917703E-13    5.104122924969458E-13    0.25                     5.0E10                   2700                     6633.433835084545        3829.8148103376334       2502.294445801098
1.98011                  8.68                     0.1152073732718894       5.166665524595333E-13    5.105462603019035E-13    0.25                     5.0E10                   2700                     6633.433835084545        3829.8148103376334       2502.294445801098
1.98011                  8.7                      0.11494252873563218      5.168470155402422E-13    5.106788896027729E-13    0.25                     5.0E10                   2700                     6633.433835084545        3829.8148103376334       2502.294445801098
1.98011                  8.72                     0.1146788990825688       5.170256649626405E-13    5.108101973904529E-13    0.25                     5.0E10                   2700                     6633.433835084545        3829.8148103376334       2502.294445801098
1.98011                  8.74                     0.11441647597254004      5.17202523258189E-13     5.109402004339064E-13    0.25                     5.0E10                   2700                     6633.433835084545        3829.8148103376334       2502.294445801098
1.98011                  8.76                     0.1141552511415525       5.173792944651064E-13    5.11070446352662E-13     0.25                     5.0E10                   2700                     6633.433835084545        3829.8148103376334       2502.294445801098
1.98011                  8.78                     0.11389521640091117      5.175526448487305E-13    5.111978973989888E-13    0.25                     5.0E10                   2700                     6633.433835084545        3829.8148103376334       2502.294445801098
1.98011                  8.8                      0.11363636363636362      5.177242700535792E-13    5.113240927872051E-13    0.25                     5.0E10                   2700                     6633.433835084545        3829.8148103376334       2502.294445801098
1.98011                  8.82                     0.11337868480725624      5.178941914930217E-13    5.114490484564626E-13    0.25                     5.0E10                   2700                     6633.433835084545        3829.8148103376334       2502.294445801098
1.98011                  8.84                     0.11312217194570136      5.180624303379147E-13    5.115727801637994E-13    0.25                     5.0E10                   2700                     6633.433835084545        3829.8148103376334       2502.294445801098
1.98011                  8.86                     0.11286681715575621      5.182290074758343E-13    5.116953034605827E-13    0.25                     5.0E10                   2700                     6633.433835084545        3829.8148103376334       2502.294445801098
1.98011                  8.879999999999999        0.11261261261261263      5.183939435465427E-13    5.118166337032163E-13    0.25                     5.0E10                   2700                     6633.433835084545        3829.8148103376334       2502.294445801098
1.98011                  8.9                      0.11235955056179775      5.185572588960622E-13    5.119367860400398E-13    0.25                     5.0E10                   2700                     6633.433835084545        3829.8148103376334       2502.294445801098
1.98011                  8.92                     0.11210762331838565      5.187189736447467E-13    5.120557754454047E-13    0.25                     5.0E10                   2700                     6633.433835084545        3829.8148103376334       2502.294445801098
1.98011                  8.94                     0.11185682326621925      5.188791076411833E-13    5.121736166904015E-13    0.25                     5.0E10                   2700                     6633.433835084545        3829.8148103376334       2502.294445801098
1.98011                  8.959999999999999        0.11160714285714285      5.190376804834878E-13    5.122903243586969E-13    0.25                     5.0E10                   2700                     6633.433835084545        3829.8148103376334       2502.294445801098
1.98011                  8.98                     0.11135857461024498      5.191947115038458E-13    5.124059128407336E-13    0.25                     5.0E10                   2700                     6633.433835084545        3829.8148103376334       2502.294445801098
1.98011                  9                        0.11111111111111112      5.193502198042626E-13    5.125203963482649E-13    0.25                     5.0E10                   2700                     6633.433835084545        3829.8148103376334       2502.294445801098
1.98011                  9.02                     0.11086474501108647      5.1950422422754E-13      5.126337889038958E-13    0.25                     5.0E10                   2700                     6633.433835084545        3829.8148103376334       2502.294445801098
1.98011                  9.04                     0.11061946902654868      5.196567433811658E-13    5.12746104349206E-13     0.25                     5.0E10                   2700                     6633.433835084545        3829.8148103376334       2502.294445801098
1.98011                  9.06                     0.11037527593818983      5.198077956262941E-13    5.128573563451525E-13    0.25                     5.0E10                   2700                     6633.433835084545        3829.8148103376334       2502.294445801098
1.98011                  9.08                     0.11013215859030838      5.199573990786274E-13    5.129675583702805E-13    0.25                     5.0E10                   2700                     6633.433835084545        3829.8148103376334       2502.294445801098
1.98011                  9.1                      0.1098901098901099       5.201055716316421E-13    5.130767237308294E-13    0.25                     5.0E10                   2700                     6633.433835084545        3829.8148103376334       2502.294445801098
1.98011                  9.12                     0.10964912280701757      5.202523309397159E-13    5.131848655592177E-13    0.25                     5.0E10                   2700                     6633.433835084545        3829.8148103376334       2502.294445801098
1.98011                  9.14                     0.10940919037199125      5.203976944204328E-13    5.132919968094384E-13    0.25                     5.0E10                   2700                     6633.433835084545        3829.8148103376334       2502.294445801098
1.98011                  9.16                     0.10917030567685589      5.205416792729683E-13    5.133981302675179E-13    0.25                     5.0E10                   2700                     6633.433835084545        3829.8148103376334       2502.294445801098
1.98011                  9.18                     0.10893246187363835      5.206843024617747E-13    5.135032785485068E-13    0.25                     5.0E10                   2700                     6633.433835084545        3829.8148103376334       2502.294445801098
1.98011                  9.2                      0.10869565217391305      5.208255807321329E-13    5.136074541002293E-13    0.25                     5.0E10                   2700                     6633.433835084545        3829.8148103376334       2502.294445801098
1.98011                  9.22                     0.10845986984815618      5.209655306210122E-13    5.137106692134387E-13    0.25                     5.0E10                   2700                     6633.433835084545        3829.8148103376334       2502.294445801098
1.98011                  9.24                     0.10822510822510822      5.211041684177165E-13    5.138129359956937E-13    0.25                     5.0E10                   2700                     6633.433835084545        3829.8148103376334       2502.294445801098
1.98011                  9.26                     0.1079913606911447       5.212415102240097E-13    5.139142664115796E-13    0.25                     5.0E10                   2700                     6633.433835084545        3829.8148103376334       2502.294445801098
1.98011                  9.28                     0.10775862068965518      5.213775719151369E-13    5.140146722561066E-13    0.25                     5.0E10                   2700                     6633.433835084545        3829.8148103376334       2502.294445801098
1.98011                  9.3                      0.10752688172043011      5.215123691643142E-13    5.14114165169898E-13     0.25                     5.0E10                   2700                     6633.433835084545        3829.8148103376334       2502.294445801098
1.98011                  9.32                     0.1072961373390558       5.21645917435186E-13     5.142127566419598E-13    0.25                     5.0E10                   2700                     6633.433835084545        3829.8148103376334       2502.294445801098
1.98011                  9.34                     0.10706638115631692      5.2177823196742E-13      5.143104579871618E-13    0.25                     5.0E10                   2700                     6633.433835084545        3829.8148103376334       2502.294445801098
1.98011                  9.36                     0.10683760683760683      5.219093278280618E-13    5.144072803917639E-13    0.25                     5.0E10                   2700                     6633.433835084545        3829.8148103376334       2502.294445801098
1.98011                  9.379999999999999        0.10660980810234544      5.220392198624546E-13    5.145032348795614E-13    0.25                     5.0E10                   2700                     6633.433835084545        3829.8148103376334       2502.294445801098
1.98011                  9.4                      0.10638297872340426      5.221679227246101E-13    5.14598332324357E-13     0.25                     5.0E10                   2700                     6633.433835084545        3829.8148103376334       2502.294445801098
1.98011                  9.42                     0.10615711252653928      5.222954508822064E-13    5.14692583457953E-13     0.25                     5.0E10                   2700                     6633.433835084545        3829.8148103376334       2502.294445801098
1.98011                  9.44                     0.1059322033898305       5.224218185948873E-13    5.147859988675469E-13    0.25                     5.0E10                   2700                     6633.433835084545        3829.8148103376334       2502.294445801098
1.98011                  9.459999999999999        0.10570824524312897      5.225470399356075E-13    5.148785889855761E-13    0.25                     5.0E10                   2700                     6633.433835084545        3829.8148103376334       2502.294445801098
1.98011                  9.48                     0.10548523206751054      5.22671128778713E-13     5.149703641084091E-13    0.25                     5.0E10                   2700                     6633.433835084545        3829.8148103376334       2502.294445801098
1.98011                  9.5                      0.10526315789473685      5.227940988473574E-13    5.150613344043997E-13    0.25                     5.0E10                   2700                     6633.433835084545        3829.8148103376334       2502.294445801098
1.98011                  9.52                     0.10504201680672269      5.229159636472971E-13    5.151515098886923E-13    0.25                     5.0E10                   2700                     6633.433835084545        3829.8148103376334       2502.294445801098
1.98011                  9.54                     0.10482180293501049      5.230367365080331E-13    5.152409004401695E-13    0.25                     5.0E10                   2700                     6633.433835084545        3829.8148103376334       2502.294445801098
1.98011                  9.56                     0.10460251046025104      5.231564305926518E-13    5.153295158124861E-13    0.25                     5.0E10                   2700                     6633.433835084545        3829.8148103376334       2502.294445801098
1.98011                  9.58                     0.10438413361169102      5.232750588809377E-13    5.154173656195883E-13    0.25                     5.0E10                   2700                     6633.433835084545        3829.8148103376334       2502.294445801098
1.98011                  9.6                      0.10416666666666667      5.233926341739192E-13    5.155044593444146E-13    0.25                     5.0E10                   2700                     6633.433835084545        3829.8148103376334       2502.294445801098
1.98011                  9.62                     0.10395010395010396      5.235091691039848E-13    5.15590806339201E-13     0.25                     5.0E10                   2700                     6633.433835084545        3829.8148103376334       2502.294445801098
1.98011                  9.64                     0.10373443983402489      5.236246761365831E-13    5.156764158313686E-13    0.25                     5.0E10                   2700                     6633.433835084545        3829.8148103376334       2502.294445801098
1.98011                  9.66                     0.10351966873706003      5.237391675646198E-13    5.157612969217429E-13    0.25                     5.0E10                   2700                     6633.433835084545        3829.8148103376334       2502.294445801098
1.98011                  9.68                     0.10330578512396693      5.238526555072592E-13    5.158454585749373E-13    0.25                     5.0E10                   2700                     6633.433835084545        3829.8148103376334       2502.294445801098
1.98011                  9.7                      0.10309278350515465      5.239651519466432E-13    5.159289096538586E-13    0.25                     5.0E10                   2700                     6633.433835084545        3829.8148103376334       2502.294445801098
1.98011                  9.72                     0.102880658436214        5.240766686776631E-13    5.160116588816515E-13    0.25                     5.0E10                   2700                     6633.433835084545        3829.8148103376334       2502.294445801098
1.98011                  9.74                     0.1026694045174538       5.241872173397408E-13    5.160937148640951E-13    0.25                     5.0E10                   2700                     6633.433835084545        3829.8148103376334       2502.294445801098
1.98011                  9.76                     0.10245901639344263      5.242968094391212E-13    5.161750861046816E-13    0.25                     5.0E10                   2700                     6633.433835084545        3829.8148103376334       2502.294445801098
1.98011                  9.78                     0.10224948875255623      5.244054562778827E-13    5.162557809572595E-13    0.25                     5.0E10                   2700                     6633.433835084545        3829.8148103376334       2502.294445801098
1.98011                  9.8                      0.10204081632653059      5.245131690571513E-13    5.16335807694522E-13     0.25                     5.0E10                   2700                     6633.433835084545        3829.8148103376334       2502.294445801098
1.98011                  9.82                     0.10183299389002037      5.246199587939442E-13    5.164151744540055E-13    0.25                     5.0E10                   2700                     6633.433835084545        3829.8148103376334       2502.294445801098
1.98011                  9.84                     0.1016260162601626       5.247258363638208E-13    5.164938892639287E-13    0.25                     5.0E10                   2700                     6633.433835084545        3829.8148103376334       2502.294445801098
1.98011                  9.86                     0.10141987829614604      5.248308125190518E-13    5.165719600599624E-13    0.25                     5.0E10                   2700                     6633.433835084545        3829.8148103376334       2502.294445801098
1.98011                  9.879999999999999        0.10121457489878542      5.24934897823644E-13     5.166493946377188E-13    0.25                     5.0E10                   2700                     6633.433835084545        3829.8148103376334       2502.294445801098
1.98011                  9.9                      0.101010101010101        5.250381027283779E-13    5.167262007082938E-13    0.25                     5.0E10                   2700                     6633.433835084545        3829.8148103376334       2502.294445801098
1.98011                  9.92                     0.10080645161290322      5.251404375317825E-13    5.168023858637345E-13    0.25                     5.0E10                   2700                     6633.433835084545        3829.8148103376334       2502.294445801098
1.98011                  9.94                     0.1006036217303823       5.252419124029573E-13    5.168779576028158E-13    0.25                     5.0E10                   2700                     6633.433835084545        3829.8148103376334       2502.294445801098
1.98011                  9.959999999999999        0.10040160642570282      5.253425373641845E-13    5.169529233106542E-13    0.25                     5.0E10                   2700                     6633.433835084545        3829.8148103376334       2502.294445801098
1.98011                  9.98                     0.1002004008016032       5.254423223030592E-13    5.17027290269942E-13     0.25                     5.0E10                   2700                     6633.433835084545        3829.8148103376334       2502.294445801098
1.98011                  10                       0.1                      5.255129535407951E-13    5.170444880165054E-13    0.25                     5.0E10                   2700                     6633.433835084545        3829.8148103376334       2502.294445801098
