1.25663                  0.1                      10                       5.331204162235861E-13    5.331226386465416E-13    0.25                     5.0E10                   2700                     5284.421549338311        3050.962204021933        2502.294445801098
1.25663                  0.12000000000000001      8.333333333333332        5.362899876498006E-13    5.363408342284399E-13    0.25                     5.0E10                   2700                     5284.421549338311        3050.962204021933        2502.294445801098
1.25663                  0.14                     7.1428571428571415       5.341347699422356E-13    5.339599616326789E-13    0.25                     5.0E10                   2700                     5284.421549338311        3050.962204021933        2502.294445801098
1.25663                  0.16                     6.249999999999999        5.330634264889729E-13    5.331695564094906E-13    0.25                     5.0E10                   2700                     5284.421549338311        3050.962204021933        2502.294445801098
1.25663                  0.18                     5.555555555555555        5.371999163123793E-13    5.372950751641269E-13    0.25                     5.0E10                   2700                     5284.421549338311        3050.962204021933        2502.294445801098
1.25663                  0.2                      5                        5.332404181286284E-13    5.331251785621553E-13    0.25                     5.0E10                   2700                     5284.421549338311        3050.962204021933        2502.294445801098
1.25663                  0.22                     4.545454545454546        5.363495003381807E-13    5.366742153153571E-13    0.25                     5.0E10                   2700                     5284.421549338311        3050.962204021933        2502.294445801098
1.25663                  0.24000000000000002      4.166666666666666        5.35721790862909E-13     5.362988477570997E-13    0.25                     5.0E10                   2700                     5284.421549338311        3050.962204021933        2502.294445801098
1.25663                  0.26                     3.846153846153846        5.343462788124713E-13    5.349270513799495E-13    0.25                     5.0E10                   2700                     5284.421549338311        3050.962204021933        2502.294445801098
1.25663                  0.28                     3.5714285714285707       5.366854528910917E-13    5.372306391554285E-13    0.25                     5.0E10                   2700                     5284.421549338311        3050.962204021933        2502.294445801098
1.25663                  0.30000000000000004      3.3333333333333326       5.364851470767572E-13    5.365705545818252E-13    0.25                     5.0E10                   2700                     5284.421549338311        3050.962204021933        2502.294445801098
1.25663                  0.32                     3.1249999999999996       5.343363828106587E-13    5.334901234060909E-13    0.25                     5.0E10                   2700                     5284.421549338311        3050.962204021933        2502.294445801098
1.25663                  0.33999999999999997      2.9411764705882355       5.39399461066159E-13     5.384780896841481E-13    0.25                     5.0E10                   2700                     5284.421549338311        3050.962204021933        2502.294445801098
1.25663                  0.36                     2.7777777777777777       5.383920548665717E-13    5.361113692991042E-13    0.25                     5.0E10                   2700                     5284.421549338311        3050.962204021933        2502.294445801098
1.25663                  0.38                     2.6315789473684212       5.40600596953577E-13     5.358034801855046E-13    0.25                     5.0E10                   2700                     5284.421549338311        3050.962204021933        2502.294445801098
1.25663                  0.4                      2.5                      5.418856150807836E-13    5.357001239421815E-13    0.25                     5.0E10                   2700                     5284.421549338311        3050.962204021933        2502.294445801098
1.25663                  0.42000000000000004      2.3809523809523805       5.46366983506806E-13     5.369044991545106E-13    0.25                     5.0E10                   2700                     5284.421549338311        3050.962204021933        2502.294445801098
1.25663                  0.44000000000000006      2.272727272727273        5.503283055547308E-13    5.396252717776015E-13    0.25                     5.0E10                   2700                     5284.421549338311        3050.962204021933        2502.294445801098
1.25663                  0.45999999999999996      2.173913043478261        5.561161066130054E-13    5.429887339667562E-13    0.25                     5.0E10                   2700                     5284.421549338311        3050.962204021933        2502.294445801098
1.25663                  0.48                     2.0833333333333335       5.584461099072419E-13    5.428118124918915E-13    0.25                     5.0E10                   2700                     5284.421549338311        3050.962204021933        2502.294445801098
1.25663                  0.5                      2                        5.592592472798929E-13    5.421524185119179E-13    0.25                     5.0E10                   2700                     5284.421549338311        3050.962204021933        2502.294445801098
1.25663                  0.52                     1.923076923076923        5.656868703033103E-13    5.47278020306865E-13     0.25                     5.0E10                   2700                     5284.421549338311        3050.962204021933        2502.294445801098
1.25663                  0.54                     1.8518518518518516       5.642946140994769E-13    5.440638080533877E-13    0.25                     5.0E10                   2700                     5284.421549338311        3050.962204021933        2502.294445801098
1.25663                  0.56                     1.7857142857142854       5.71181334612665E-13     5.478292173610748E-13    0.25                     5.0E10                   2700                     5284.421549338311        3050.962204021933        2502.294445801098
1.25663                  0.58                     1.7241379310344829       5.758203401130131E-13    5.50242601465157E-13     0.25                     5.0E10                   2700                     5284.421549338311        3050.962204021933        2502.294445801098
1.25663                  0.6                      1.6666666666666667       5.787790335129581E-13    5.518214118028489E-13    0.25                     5.0E10                   2700                     5284.421549338311        3050.962204021933        2502.294445801098
1.25663                  0.62                     1.6129032258064515       5.789783984718445E-13    5.501076485867306E-13    0.25                     5.0E10                   2700                     5284.421549338311        3050.962204021933        2502.294445801098
1.25663                  0.64                     1.5624999999999998       5.879371416163041E-13    5.557720342799475E-13    0.25                     5.0E10                   2700                     5284.421549338311        3050.962204021933        2502.294445801098
1.25663                  0.66                     1.515151515151515        5.874118704687427E-13    5.520842606972432E-13    0.25                     5.0E10                   2700                     5284.421549338311        3050.962204021933        2502.294445801098
1.25663                  0.6799999999999999       1.4705882352941178       5.907409386756203E-13    5.526252936742036E-13    0.25                     5.0E10                   2700                     5284.421549338311        3050.962204021933        2502.294445801098
1.25663                  0.7                      1.4285714285714286       5.957617422756395E-13    5.552854776436487E-13    0.25                     5.0E10                   2700                     5284.421549338311        3050.962204021933        2502.294445801098
1.25663                  0.72                     1.3888888888888888       5.993306426438162E-13    5.561551474173631E-13    0.25                     5.0E10                   2700                     5284.421549338311        3050.962204021933        2502.294445801098
1.25663                  0.74                     1.3513513513513513       6.097656390035748E-13    5.629710132042651E-13    0.25                     5.0E10                   2700                     5284.421549338311        3050.962204021933        2502.294445801098
1.25663                  0.76                     1.3157894736842106       6.184453555779107E-13    5.678568634713878E-13    0.25                     5.0E10                   2700                     5284.421549338311        3050.962204021933        2502.294445801098
1.25663                  0.78                     1.2820512820512822       6.16926174424733E-13     5.632995277748289E-13    0.25                     5.0E10                   2700                     5284.421549338311        3050.962204021933        2502.294445801098
1.25663                  0.8                      1.25                     6.137098016190641E-13    5.576544304294389E-13    0.25                     5.0E10                   2700                     5284.421549338311        3050.962204021933        2502.294445801098
1.25663                  0.82                     1.2195121951219514       6.154706448098199E-13    5.573308966073268E-13    0.25                     5.0E10                   2700                     5284.421549338311        3050.962204021933        2502.294445801098
1.25663                  0.84                     1.1904761904761905       6.179812944682738E-13    5.585420074755656E-13    0.25                     5.0E10                   2700                     5284.421549338311        3050.962204021933        2502.294445801098
1.25663                  0.86                     1.1627906976744187       6.188978939549855E-13    5.58433222436492E-13     0.25                     5.0E10                   2700                     5284.421549338311        3050.962204021933        2502.294445801098
1.25663                  0.88                     1.1363636363636365       6.204462793434535E-13    5.587266724667751E-13    0.25                     5.0E10                   2700                     5284.421549338311        3050.962204021933        2502.294445801098
1.25663                  0.9                      1.1111111111111112       6.247720067532253E-13    5.61233418626917E-13     0.25                     5.0E10                   2700                     5284.421549338311        3050.962204021933        2502.294445801098
1.25663                  0.92                     1.0869565217391304       6.295262411410341E-13    5.638959275687639E-13    0.25                     5.0E10                   2700                     5284.421549338311        3050.962204021933        2502.294445801098
1.25663                  0.94                     1.0638297872340425       6.313358327940176E-13    5.639012691465488E-13    0.25                     5.0E10                   2700                     5284.421549338311        3050.962204021933        2502.294445801098
1.25663                  0.96                     1.0416666666666667       6.303131296496254E-13    5.61564737590355E-13     0.25                     5.0E10                   2700                     5284.421549338311        3050.962204021933        2502.294445801098
1.25663                  0.98                     1.0204081632653061       6.295639039853509E-13    5.5983051530452E-13      0.25                     5.0E10                   2700                     5284.421549338311        3050.962204021933        2502.294445801098
1.25663                  1                        1                        6.314751793037288E-13    5.608889071084021E-13    0.25                     5.0E10                   2700                     5284.421549338311        3050.962204021933        2502.294445801098
1.25663                  1.02                     0.9803921568627452       6.358646267338702E-13    5.649911286320885E-13    0.25                     5.0E10                   2700                     5284.421549338311        3050.962204021933        2502.294445801098
1.25663                  1.04                     0.9615384615384615       6.397648670220923E-13    5.693476707049333E-13    0.25                     5.0E10                   2700                     5284.421549338311        3050.962204021933        2502.294445801098
1.25663                  1.06                     0.9433962264150944       6.40224069986025E-13     5.711591358936169E-13    0.25                     5.0E10                   2700                     5284.421549338311        3050.962204021933        2502.294445801098
1.25663                  1.08                     0.9259259259259258       6.361259908267077E-13    5.691361829575071E-13    0.25                     5.0E10                   2700                     5284.421549338311        3050.962204021933        2502.294445801098
1.25663                  1.1                      0.909090909090909        6.285349824369836E-13    5.639250198604698E-13    0.25                     5.0E10                   2700                     5284.421549338311        3050.962204021933        2502.294445801098
1.25663                  1.12                     0.8928571428571427       6.195091577056636E-13    5.571991703424137E-13    0.25                     5.0E10                   2700                     5284.421549338311        3050.962204021933        2502.294445801098
1.25663                  1.1400000000000001       0.8771929824561403       6.11092699426601E-13     5.505810974810782E-13    0.25                     5.0E10                   2700                     5284.421549338311        3050.962204021933        2502.294445801098
1.25663                  1.1600000000000001       0.8620689655172412       6.041433095779661E-13    5.449395429041426E-13    0.25                     5.0E10                   2700                     5284.421549338311        3050.962204021933        2502.294445801098
1.25663                  1.1800000000000002       0.8474576271186439       5.98838073150445E-13     5.405171435909224E-13    0.25                     5.0E10                   2700                     5284.421549338311        3050.962204021933        2502.294445801098
1.25663                  1.2000000000000002       0.8333333333333331       5.949796158620984E-13    5.3724600423137E-13      0.25                     5.0E10                   2700                     5284.421549338311        3050.962204021933        2502.294445801098
1.25663                  1.2200000000000002       0.8196721311475409       5.923584692811403E-13    5.35052001742529E-13     0.25                     5.0E10                   2700                     5284.421549338311        3050.962204021933        2502.294445801098
1.25663                  1.2400000000000002       0.8064516129032256       5.909161983368151E-13    5.339894711005692E-13    0.25                     5.0E10                   2700                     5284.421549338311        3050.962204021933        2502.294445801098
1.25663                  1.26                     0.7936507936507936       5.907268909811527E-13    5.342347860896309E-13    0.25                     5.0E10                   2700                     5284.421549338311        3050.962204021933        2502.294445801098
1.25663                  1.28                     0.7812499999999999       5.918338439504349E-13    5.35886228411966E-13     0.25                     5.0E10                   2700                     5284.421549338311        3050.962204021933        2502.294445801098
1.25663                  1.3                      0.7692307692307692       5.941087553398269E-13    5.388919676587499E-13    0.25                     5.0E10                   2700                     5284.421549338311        3050.962204021933        2502.294445801098
1.25663                  1.32                     0.7575757575757575       5.971788670256814E-13    5.429603565371694E-13    0.25                     5.0E10                   2700                     5284.421549338311        3050.962204021933        2502.294445801098
1.25663                  1.34                     0.7462686567164178       6.004469971619315E-13    5.47573624997508E-13     0.25                     5.0E10                   2700                     5284.421549338311        3050.962204021933        2502.294445801098
1.25663                  1.36                     0.7352941176470588       6.031780425593651E-13    5.52060640448651E-13     0.25                     5.0E10                   2700                     5284.421549338311        3050.962204021933        2502.294445801098
1.25663                  1.3800000000000001       0.7246376811594203       6.046379383236275E-13    5.557195189937976E-13    0.25                     5.0E10                   2700                     5284.421549338311        3050.962204021933        2502.294445801098
1.25663                  1.4000000000000001       0.7142857142857142       6.042449102348276E-13    5.579566444401697E-13    0.25                     5.0E10                   2700                     5284.421549338311        3050.962204021933        2502.294445801098
1.25663                  1.4200000000000002       0.704225352112676        6.016903933831559E-13    5.584046469112409E-13    0.25                     5.0E10                   2700                     5284.421549338311        3050.962204021933        2502.294445801098
1.25663                  1.4400000000000002       0.6944444444444444       5.970494195691526E-13    5.569935419908583E-13    0.25                     5.0E10                   2700                     5284.421549338311        3050.962204021933        2502.294445801098
1.25663                  1.4600000000000002       0.6849315068493149       5.905319918902274E-13    5.539055927378598E-13    0.25                     5.0E10                   2700                     5284.421549338311        3050.962204021933        2502.294445801098
1.25663                  1.4800000000000002       0.6756756756756755       5.826940379665847E-13    5.495375884043129E-13    0.25                     5.0E10                   2700                     5284.421549338311        3050.962204021933        2502.294445801098
1.25663                  1.5000000000000002       0.6666666666666665       5.741401986387222E-13    5.443904045719656E-13    0.25                     5.0E10                   2700                     5284.421549338311        3050.962204021933        2502.294445801098
1.25663                  1.52                     0.6578947368421053       5.654562371335497E-13    5.389719337051591E-13    0.25                     5.0E10                   2700                     5284.421549338311        3050.962204021933        2502.294445801098
1.25663                  1.54                     0.6493506493506493       5.571329154108707E-13    5.337240262353707E-13    0.25                     5.0E10                   2700                     5284.421549338311        3050.962204021933        2502.294445801098
1.25663                  1.56                     0.6410256410256411       5.49527360687321E-13     5.289814385124521E-13    0.25                     5.0E10                   2700                     5284.421549338311        3050.962204021933        2502.294445801098
1.25663                  1.58                     0.6329113924050632       5.428557028543751E-13    5.249590150876254E-13    0.25                     5.0E10                   2700                     5284.421549338311        3050.962204021933        2502.294445801098
1.25663                  1.6                      0.625                    5.372062066529925E-13    5.217584465916329E-13    0.25                     5.0E10                   2700                     5284.421549338311        3050.962204021933        2502.294445801098
1.25663                  1.62                     0.6172839506172839       5.325634975808458E-13    5.193866579732333E-13    0.25                     5.0E10                   2700                     5284.421549338311        3050.962204021933        2502.294445801098
1.25663                  1.6400000000000001       0.6097560975609756       5.288351834733515E-13    5.177775494745693E-13    0.25                     5.0E10                   2700                     5284.421549338311        3050.962204021933        2502.294445801098
1.25663                  1.6600000000000001       0.6024096385542168       5.258786480703528E-13    5.168153174042843E-13    0.25                     5.0E10                   2700                     5284.421549338311        3050.962204021933        2502.294445801098
1.25663                  1.6800000000000002       0.5952380952380951       5.236155814278701E-13    5.164651265747086E-13    0.25                     5.0E10                   2700                     5284.421549338311        3050.962204021933        2502.294445801098
1.25663                  1.7000000000000002       0.588235294117647        5.216971992410632E-13    5.163627360523008E-13    0.25                     5.0E10                   2700                     5284.421549338311        3050.962204021933        2502.294445801098
1.25663                  1.7200000000000002       0.5813953488372092       5.200325270407018E-13    5.16453525995224E-13     0.25                     5.0E10                   2700                     5284.421549338311        3050.962204021933        2502.294445801098
1.25663                  1.7400000000000002       0.5747126436781609       5.184723448292248E-13    5.166018489921212E-13    0.25                     5.0E10                   2700                     5284.421549338311        3050.962204021933        2502.294445801098
1.25663                  1.7600000000000002       0.5681818181818182       5.168948562754748E-13    5.16695670330331E-13     0.25                     5.0E10                   2700                     5284.421549338311        3050.962204021933        2502.294445801098
1.25663                  1.78                     0.5617977528089887       5.152096161898018E-13    5.166506556280127E-13    0.25                     5.0E10                   2700                     5284.421549338311        3050.962204021933        2502.294445801098
1.25663                  1.8                      0.5555555555555556       5.133570964316732E-13    5.164108800030012E-13    0.25                     5.0E10                   2700                     5284.421549338311        3050.962204021933        2502.294445801098
1.25663                  1.82                     0.5494505494505494       5.113066594465684E-13    5.159471245710949E-13    0.25                     5.0E10                   2700                     5284.421549338311        3050.962204021933        2502.294445801098
1.25663                  1.84                     0.5434782608695652       5.090521735467522E-13    5.152531910787517E-13    0.25                     5.0E10                   2700                     5284.421549338311        3050.962204021933        2502.294445801098
1.25663                  1.86                     0.5376344086021505       5.066067148726172E-13    5.143411298550065E-13    0.25                     5.0E10                   2700                     5284.421549338311        3050.962204021933        2502.294445801098
1.25663                  1.8800000000000001       0.5319148936170213       5.039970025730606E-13    5.132360875399573E-13    0.25                     5.0E10                   2700                     5284.421549338311        3050.962204021933        2502.294445801098
1.25663                  1.9000000000000001       0.5263157894736842       5.01258164768986E-13     5.119713693683853E-13    0.25                     5.0E10                   2700                     5284.421549338311        3050.962204021933        2502.294445801098
1.25663                  1.9200000000000002       0.5208333333333333       4.984292413835754E-13    5.105841340961016E-13    0.25                     5.0E10                   2700                     5284.421549338311        3050.962204021933        2502.294445801098
1.25663                  1.9400000000000002       0.5154639175257731       4.955496377105907E-13    5.091119561020245E-13    0.25                     5.0E10                   2700                     5284.421549338311        3050.962204021933        2502.294445801098
1.25663                  1.9600000000000002       0.5102040816326531       4.92656428876025E-13     5.075902836174638E-13    0.25                     5.0E10                   2700                     5284.421549338311        3050.962204021933        2502.294445801098
1.25663                  1.9800000000000002       0.505050505050505        4.897833452319307E-13    5.060510157848952E-13    0.25                     5.0E10                   2700                     5284.421549338311        3050.962204021933        2502.294445801098
1.25663                  2                        0.5                      4.869809955596686E-13    5.045296003566218E-13    0.25                     5.0E10                   2700                     5284.421549338311        3050.962204021933        2502.294445801098
1.25663                  2.02                     0.4950495049504951       4.84228825734722E-13     5.030317840741647E-13    0.25                     5.0E10                   2700                     5284.421549338311        3050.962204021933        2502.294445801098
1.25663                  2.04                     0.4901960784313726       4.815687802885509E-13    5.015842234668497E-13    0.25                     5.0E10                   2700                     5284.421549338311        3050.962204021933        2502.294445801098
1.25663                  2.06                     0.48543689320388345      4.790160946910431E-13    5.002009012256698E-13    0.25                     5.0E10                   2700                     5284.421549338311        3050.962204021933        2502.294445801098
1.25663                  2.08                     0.4807692307692307       4.76582512981833E-13     4.98892407797207E-13     0.25                     5.0E10                   2700                     5284.421549338311        3050.962204021933        2502.294445801098
1.25663                  2.1                      0.47619047619047616      4.742769613347118E-13    4.976666346378553E-13    0.25                     5.0E10                   2700                     5284.421549338311        3050.962204021933        2502.294445801098
1.25663                  2.12                     0.4716981132075472       4.721061890209796E-13    4.965294402056934E-13    0.25                     5.0E10                   2700                     5284.421549338311        3050.962204021933        2502.294445801098
1.25663                  2.14                     0.46728971962616817      4.70075331347301E-13     4.954852398831389E-13    0.25                     5.0E10                   2700                     5284.421549338311        3050.962204021933        2502.294445801098
1.25663                  2.16                     0.4629629629629629       4.681883704815562E-13    4.945374924530197E-13    0.25                     5.0E10                   2700                     5284.421549338311        3050.962204021933        2502.294445801098
1.25663                  2.18                     0.4587155963302752       4.664484863572882E-13    4.93689072480766E-13     0.25                     5.0E10                   2700                     5284.421549338311        3050.962204021933        2502.294445801098
1.25663                  2.2                      0.4545454545454545       4.648582719282299E-13    4.929425352246199E-13    0.25                     5.0E10                   2700                     5284.421549338311        3050.962204021933        2502.294445801098
1.25663                  2.22                     0.45045045045045035      4.634199984859118E-13    4.923002546375646E-13    0.25                     5.0E10                   2700                     5284.421549338311        3050.962204021933        2502.294445801098
1.25663                  2.24                     0.44642857142857134      4.621355159446892E-13    4.917645219124298E-13    0.25                     5.0E10                   2700                     5284.421549338311        3050.962204021933        2502.294445801098
1.25663                  2.2600000000000002       0.44247787610619466      4.610063725816803E-13    4.913375275254264E-13    0.25                     5.0E10                   2700                     5284.421549338311        3050.962204021933        2502.294445801098
1.25663                  2.2800000000000002       0.43859649122807015      4.600337506617091E-13    4.910213136430538E-13    0.25                     5.0E10                   2700                     5284.421549338311        3050.962204021933        2502.294445801098
1.25663                  2.3000000000000003       0.43478260869565216      4.592184002583995E-13    4.908176870637297E-13    0.25                     5.0E10                   2700                     5284.421549338311        3050.962204021933        2502.294445801098
1.25663                  2.3200000000000003       0.4310344827586206       4.585605573156118E-13    4.907281120219325E-13    0.25                     5.0E10                   2700                     5284.421549338311        3050.962204021933        2502.294445801098
1.25663                  2.3400000000000003       0.4273504273504273       4.58059857289733E-13     4.907535955312847E-13    0.25                     5.0E10                   2700                     5284.421549338311        3050.962204021933        2502.294445801098
1.25663                  2.3600000000000003       0.42372881355932196      4.577152530407293E-13    4.908945754097335E-13    0.25                     5.0E10                   2700                     5284.421549338311        3050.962204021933        2502.294445801098
1.25663                  2.3800000000000003       0.4201680672268907       4.575249433122205E-13    4.911508186236539E-13    0.25                     5.0E10                   2700                     5284.421549338311        3050.962204021933        2502.294445801098
1.25663                  2.4000000000000004       0.4166666666666666       4.574863161392331E-13    4.915213353783926E-13    0.25                     5.0E10                   2700                     5284.421549338311        3050.962204021933        2502.294445801098
1.25663                  2.42                     0.4132231404958677       4.575959096419226E-13    4.920043123553555E-13    0.25                     5.0E10                   2700                     5284.421549338311        3050.962204021933        2502.294445801098
1.25663                  2.44                     0.4098360655737705       4.578493913791984E-13    4.925970669271294E-13    0.25                     5.0E10                   2700                     5284.421549338311        3050.962204021933        2502.294445801098
1.25663                  2.46                     0.4065040650406504       4.582415562888141E-13    4.932960228661682E-13    0.25                     5.0E10                   2700                     5284.421549338311        3050.962204021933        2502.294445801098
1.25663                  2.48                     0.4032258064516129       4.587663424891059E-13    4.940967071093421E-13    0.25                     5.0E10                   2700                     5284.421549338311        3050.962204021933        2502.294445801098
1.25663                  2.5                      0.4                      4.596170707053834E-13    4.951223679199599E-13    0.25                     5.0E10                   2700                     5284.421549338311        3050.962204021933        2502.294445801098
1.25663                  2.52                     0.3968253968253968       4.60385357754376E-13     4.961097154350305E-13    0.25                     5.0E10                   2700                     5284.421549338311        3050.962204021933        2502.294445801098
1.25663                  2.54                     0.39370078740157477      4.612625871842052E-13    4.971796109992417E-13    0.25                     5.0E10                   2700                     5284.421549338311        3050.962204021933        2502.294445801098
1.25663                  2.56                     0.39062499999999994      4.622396048255558E-13    4.983242007198284E-13    0.25                     5.0E10                   2700                     5284.421549338311        3050.962204021933        2502.294445801098
1.25663                  2.58                     0.38759689922480617      4.633068420043559E-13    4.995351194117302E-13    0.25                     5.0E10                   2700                     5284.421549338311        3050.962204021933        2502.294445801098
1.25663                  2.6                      0.3846153846153846       4.644542721421329E-13    5.008034564558838E-13    0.25                     5.0E10                   2700                     5284.421549338311        3050.962204021933        2502.294445801098
1.25663                  2.62                     0.3816793893129771       4.65671504191398E-13     5.021198502309982E-13    0.25                     5.0E10                   2700                     5284.421549338311        3050.962204021933        2502.294445801098
1.25663                  2.64                     0.37878787878787873      4.669478803227912E-13    5.034745885294487E-13    0.25                     5.0E10                   2700                     5284.421549338311        3050.962204021933        2502.294445801098
1.25663                  2.66                     0.37593984962406013      4.682725762825287E-13    5.048577130639041E-13    0.25                     5.0E10                   2700                     5284.421549338311        3050.962204021933        2502.294445801098
1.25663                  2.68                     0.3731343283582089       4.696347028515363E-13    5.062591262134775E-13    0.25                     5.0E10                   2700                     5284.421549338311        3050.962204021933        2502.294445801098
1.25663                  2.7                      0.37037037037037035      4.710234068913164E-13    5.076686982167928E-13    0.25                     5.0E10                   2700                     5284.421549338311        3050.962204021933        2502.294445801098
1.25663                  2.72                     0.3676470588235294       4.724279705295977E-13    5.090763731082274E-13    0.25                     5.0E10                   2700                     5284.421549338311        3050.962204021933        2502.294445801098
1.25663                  2.74                     0.36496350364963503      4.738379071012778E-13    5.104722717797002E-13    0.25                     5.0E10                   2700                     5284.421549338311        3050.962204021933        2502.294445801098
1.25663                  2.7600000000000002       0.36231884057971014      4.752430524975426E-13    5.118467906156549E-13    0.25                     5.0E10                   2700                     5284.421549338311        3050.962204021933        2502.294445801098
1.25663                  2.7800000000000002       0.35971223021582727      4.766336507261965E-13    5.131906943053917E-13    0.25                     5.0E10                   2700                     5284.421549338311        3050.962204021933        2502.294445801098
1.25663                  2.8000000000000003       0.3571428571428571       4.780004325539776E-13    5.14495201550119E-13     0.25                     5.0E10                   2700                     5284.421549338311        3050.962204021933        2502.294445801098
1.25663                  2.8200000000000003       0.35460992907801414      4.793346862323438E-13    5.157520625222957E-13    0.25                     5.0E10                   2700                     5284.421549338311        3050.962204021933        2502.294445801098
1.25663                  2.8400000000000003       0.352112676056338        4.806283194790246E-13    5.169536271400968E-13    0.25                     5.0E10                   2700                     5284.421549338311        3050.962204021933        2502.294445801098
1.25663                  2.8600000000000003       0.3496503496503496       4.818739120403093E-13    5.180929033828946E-13    0.25                     5.0E10                   2700                     5284.421549338311        3050.962204021933        2502.294445801098
1.25663                  2.8800000000000003       0.3472222222222222       4.830647583464529E-13    5.19163605094393E-13     0.25                     5.0E10                   2700                     5284.421549338311        3050.962204021933        2502.294445801098
1.25663                  2.9000000000000004       0.3448275862068965       4.841948999517932E-13    5.201601889231259E-13    0.25                     5.0E10                   2700                     5284.421549338311        3050.962204021933        2502.294445801098
1.25663                  2.92                     0.34246575342465757      4.852591404436422E-13    5.210778757825046E-13    0.25                     5.0E10                   2700                     5284.421549338311        3050.962204021933        2502.294445801098
1.25663                  2.94                     0.3401360544217687       4.862530937793294E-13    5.219126901767935E-13    0.25                     5.0E10                   2700                     5284.421549338311        3050.962204021933        2502.294445801098
1.25663                  2.96                     0.33783783783783783      4.871731203015353E-13    5.226614186022685E-13    0.25                     5.0E10                   2700                     5284.421549338311        3050.962204021933        2502.294445801098
1.25663                  2.98                     0.3355704697986577       4.880163709089239E-13    5.23321641115576E-13     0.25                     5.0E10                   2700                     5284.421549338311        3050.962204021933        2502.294445801098
1.25663                  3                        0.3333333333333333       4.887807559404668E-13    5.238917052483118E-13    0.25                     5.0E10                   2700                     5284.421549338311        3050.962204021933        2502.294445801098
1.25663                  3.02                     0.33112582781456956      4.894649207936012E-13    5.243707022171629E-13    0.25                     5.0E10                   2700                     5284.421549338311        3050.962204021933        2502.294445801098
1.25663                  3.04                     0.32894736842105265      4.900682143355695E-13    5.247584354115314E-13    0.25                     5.0E10                   2700                     5284.421549338311        3050.962204021933        2502.294445801098
1.25663                  3.06                     0.32679738562091504      4.905906510511282E-13    5.250553821549872E-13    0.25                     5.0E10                   2700                     5284.421549338311        3050.962204021933        2502.294445801098
1.25663                  3.08                     0.3246753246753247       4.910328679426016E-13    5.252626498265721E-13    0.25                     5.0E10                   2700                     5284.421549338311        3050.962204021933        2502.294445801098
1.25663                  3.1                      0.32258064516129037      4.913960772211957E-13    5.25381927426461E-13     0.25                     5.0E10                   2700                     5284.421549338311        3050.962204021933        2502.294445801098
1.25663                  3.12                     0.32051282051282054      4.916820157981685E-13    5.254154337039595E-13    0.25                     5.0E10                   2700                     5284.421549338311        3050.962204021933        2502.294445801098
1.25663                  3.14                     0.3184713375796178       4.918928926109449E-13    5.253658629001317E-13    0.25                     5.0E10                   2700                     5284.421549338311        3050.962204021933        2502.294445801098
1.25663                  3.16                     0.3164556962025316       4.920313347278651E-13    5.252363291305203E-13    0.25                     5.0E10                   2700                     5284.421549338311        3050.962204021933        2502.294445801098
1.25663                  3.18                     0.31446540880503143      4.921003331274716E-13    5.250303103683062E-13    0.25                     5.0E10                   2700                     5284.421549338311        3050.962204021933        2502.294445801098
1.25663                  3.2                      0.3125                   4.921031889713549E-13    5.247515928761935E-13    0.25                     5.0E10                   2700                     5284.421549338311        3050.962204021933        2502.294445801098
1.25663                  3.22                     0.31055900621118004      4.920434610931452E-13    5.244042168759362E-13    0.25                     5.0E10                   2700                     5284.421549338311        3050.962204021933        2502.294445801098
1.25663                  3.24                     0.30864197530864196      4.919249153235728E-13    5.239924240965432E-13    0.25                     5.0E10                   2700                     5284.421549338311        3050.962204021933        2502.294445801098
1.25663                  3.2600000000000002       0.3067484662576687       4.917514761846591E-13    5.235206077813881E-13    0.25                     5.0E10                   2700                     5284.421549338311        3050.962204021933        2502.294445801098
1.25663                  3.2800000000000002       0.3048780487804878       4.915271813773848E-13    5.229932655940088E-13    0.25                     5.0E10                   2700                     5284.421549338311        3050.962204021933        2502.294445801098
1.25663                  3.3000000000000003       0.30303030303030304      4.912561393881696E-13    5.224149557793803E-13    0.25                     5.0E10                   2700                     5284.421549338311        3050.962204021933        2502.294445801098
1.25663                  3.3200000000000003       0.3012048192771084       4.909424904478809E-13    5.217902568113477E-13    0.25                     5.0E10                   2700                     5284.421549338311        3050.962204021933        2502.294445801098
1.25663                  3.3400000000000003       0.29940119760479045      4.905959619374155E-13    5.211333550174845E-13    0.25                     5.0E10                   2700                     5284.421549338311        3050.962204021933        2502.294445801098
1.25663                  3.3600000000000003       0.29761904761904756      4.902088155102681E-13    5.204283571488841E-13    0.25                     5.0E10                   2700                     5284.421549338311        3050.962204021933        2502.294445801098
1.25663                  3.3800000000000003       0.29585798816568043      4.897912989417017E-13    5.196904360173837E-13    0.25                     5.0E10                   2700                     5284.421549338311        3050.962204021933        2502.294445801098
1.25663                  3.4000000000000004       0.2941176470588235       4.893473664595946E-13    5.189239296526131E-13    0.25                     5.0E10                   2700                     5284.421549338311        3050.962204021933        2502.294445801098
1.25663                  3.4200000000000004       0.29239766081871343      4.888808618961399E-13    5.181330499664634E-13    0.25                     5.0E10                   2700                     5284.421549338311        3050.962204021933        2502.294445801098
1.25663                  3.44                     0.29069767441860467      4.883955004570526E-13    5.173218641307098E-13    0.25                     5.0E10                   2700                     5284.421549338311        3050.962204021933        2502.294445801098
1.25663                  3.46                     0.2890173410404624       4.878948535798684E-13    5.164942792170462E-13    0.25                     5.0E10                   2700                     5284.421549338311        3050.962204021933        2502.294445801098
1.25663                  3.48                     0.28735632183908044      4.873823367366402E-13    5.156540298806133E-13    0.25                     5.0E10                   2700                     5284.421549338311        3050.962204021933        2502.294445801098
1.25663                  3.5                      0.2857142857142857       4.868611999064972E-13    5.148046688482306E-13    0.25                     5.0E10                   2700                     5284.421549338311        3050.962204021933        2502.294445801098
1.25663                  3.52                     0.2840909090909091       4.863346225752635E-13    5.139496424475894E-13    0.25                     5.0E10                   2700                     5284.421549338311        3050.962204021933        2502.294445801098
1.25663                  3.54                     0.2824858757062147       4.858053021768755E-13    5.130919555938118E-13    0.25                     5.0E10                   2700                     5284.421549338311        3050.962204021933        2502.294445801098
1.25663                  3.56                     0.28089887640449435      4.852760593994705E-13    5.122346658839024E-13    0.25                     5.0E10                   2700                     5284.421549338311        3050.962204021933        2502.294445801098
1.25663                  3.58                     0.2793296089385475       4.847494331370875E-13    5.1138055118783E-13      0.25                     5.0E10                   2700                     5284.421549338311        3050.962204021933        2502.294445801098
1.25663                  3.6                      0.2777777777777778       4.842277817285757E-13    5.105321937475875E-13    0.25                     5.0E10                   2700                     5284.421549338311        3050.962204021933        2502.294445801098
1.25663                  3.62                     0.27624309392265195      4.837132848855004E-13    5.096919825690935E-13    0.25                     5.0E10                   2700                     5284.421549338311        3050.962204021933        2502.294445801098
1.25663                  3.64                     0.2747252747252747       4.832079467892383E-13    5.088621170110714E-13    0.25                     5.0E10                   2700                     5284.421549338311        3050.962204021933        2502.294445801098
1.25663                  3.66                     0.27322404371584696      4.827136001805855E-13    5.080446114074859E-13    0.25                     5.0E10                   2700                     5284.421549338311        3050.962204021933        2502.294445801098
1.25663                  3.68                     0.2717391304347826       4.822319112626176E-13    5.072413005222706E-13    0.25                     5.0E10                   2700                     5284.421549338311        3050.962204021933        2502.294445801098
1.25663                  3.7                      0.2702702702702703       4.817643852684796E-13    5.064538456729434E-13    0.25                     5.0E10                   2700                     5284.421549338311        3050.962204021933        2502.294445801098
1.25663                  3.72                     0.26881720430107525      4.813123725673157E-13    5.056837414110581E-13    0.25                     5.0E10                   2700                     5284.421549338311        3050.962204021933        2502.294445801098
1.25663                  3.74                     0.267379679144385        4.808770751663779E-13    5.049323226036122E-13    0.25                     5.0E10                   2700                     5284.421549338311        3050.962204021933        2502.294445801098
1.25663                  3.7600000000000002       0.26595744680851063      4.804595535094849E-13    5.042007717933725E-13    0.25                     5.0E10                   2700                     5284.421549338311        3050.962204021933        2502.294445801098
1.25663                  3.7800000000000002       0.26455026455026454      4.800607334723305E-13    5.034901267635703E-13    0.25                     5.0E10                   2700                     5284.421549338311        3050.962204021933        2502.294445801098
1.25663                  3.8000000000000003       0.2631578947368421       4.796814134685982E-13    5.028012881964196E-13    0.25                     5.0E10                   2700                     5284.421549338311        3050.962204021933        2502.294445801098
1.25663                  3.8200000000000003       0.26178010471204183      4.793222715906695E-13    5.021350273577409E-13    0.25                     5.0E10                   2700                     5284.421549338311        3050.962204021933        2502.294445801098
1.25663                  3.8400000000000003       0.26041666666666663      4.789838727340305E-13    5.014919937417838E-13    0.25                     5.0E10                   2700                     5284.421549338311        3050.962204021933        2502.294445801098
1.25663                  3.8600000000000003       0.25906735751295334      4.78666675628185E-13     5.008727226121134E-13    0.25                     5.0E10                   2700                     5284.421549338311        3050.962204021933        2502.294445801098
1.25663                  3.8800000000000003       0.25773195876288657      4.783710397544904E-13    5.002776424108124E-13    0.25                     5.0E10                   2700                     5284.421549338311        3050.962204021933        2502.294445801098
1.25663                  3.9000000000000004       0.2564102564102564       4.780972320996915E-13    4.997070819765762E-13    0.25                     5.0E10                   2700                     5284.421549338311        3050.962204021933        2502.294445801098
1.25663                  3.9200000000000004       0.25510204081632654      4.778454337155685E-13    4.991612775568829E-13    0.25                     5.0E10                   2700                     5284.421549338311        3050.962204021933        2502.294445801098
1.25663                  3.94                     0.25380710659898476      4.776157460663338E-13    4.986403795823518E-13    0.25                     5.0E10                   2700                     5284.421549338311        3050.962204021933        2502.294445801098
1.25663                  3.96                     0.2525252525252525       4.774081971450162E-13    4.981444591888447E-13    0.25                     5.0E10                   2700                     5284.421549338311        3050.962204021933        2502.294445801098
1.25663                  3.98                     0.25125628140703515      4.772227473366391E-13    4.976735144647097E-13    0.25                     5.0E10                   2700                     5284.421549338311        3050.962204021933        2502.294445801098
1.25663                  4                        0.25                     4.770592950339844E-13    4.972274764341221E-13    0.25                     5.0E10                   2700                     5284.421549338311        3050.962204021933        2502.294445801098
1.25663                  4.02                     0.24875621890547264      4.769176819904619E-13    4.968062147530978E-13    0.25                     5.0E10                   2700                     5284.421549338311        3050.962204021933        2502.294445801098
1.25663                  4.04                     0.24752475247524755      4.767976984016755E-13    4.964095431133907E-13    0.25                     5.0E10                   2700                     5284.421549338311        3050.962204021933        2502.294445801098
1.25663                  4.06                     0.24630541871921185      4.766990877297216E-13    4.960372243805269E-13    0.25                     5.0E10                   2700                     5284.421549338311        3050.962204021933        2502.294445801098
1.25663                  4.08                     0.2450980392156863       4.7662155127454E-13      4.956889754346285E-13    0.25                     5.0E10                   2700                     5284.421549338311        3050.962204021933        2502.294445801098
1.25663                  4.1                      0.24390243902439027      4.765647524636188E-13    4.953644717461773E-13    0.25                     5.0E10                   2700                     5284.421549338311        3050.962204021933        2502.294445801098
1.25663                  4.12                     0.24271844660194172      4.765283209173006E-13    4.950633516830824E-13    0.25                     5.0E10                   2700                     5284.421549338311        3050.962204021933        2502.294445801098
1.25663                  4.14                     0.2415458937198068       4.765118562478148E-13    4.947852205490977E-13    0.25                     5.0E10                   2700                     5284.421549338311        3050.962204021933        2502.294445801098
1.25663                  4.16                     0.24038461538461536      4.765149316329809E-13    4.94529654371464E-13     0.25                     5.0E10                   2700                     5284.421549338311        3050.962204021933        2502.294445801098
1.25663                  4.18                     0.2392344497607656       4.765370971516752E-13    4.942962034530586E-13    0.25                     5.0E10                   2700                     5284.421549338311        3050.962204021933        2502.294445801098
1.25663                  4.199999999999999        0.23809523809523814      4.765778829055735E-13    4.940843956697489E-13    0.25                     5.0E10                   2700                     5284.421549338311        3050.962204021933        2502.294445801098
1.25663                  4.22                     0.23696682464454977      4.766368019233034E-13    4.938937395691712E-13    0.25                     5.0E10                   2700                     5284.421549338311        3050.962204021933        2502.294445801098
1.25663                  4.239999999999999        0.23584905660377362      4.767133528659745E-13    4.937237272257373E-13    0.25                     5.0E10                   2700                     5284.421549338311        3050.962204021933        2502.294445801098
1.25663                  4.26                     0.2347417840375587       4.768070225374278E-13    4.935738369233754E-13    0.25                     5.0E10                   2700                     5284.421549338311        3050.962204021933        2502.294445801098
1.25663                  4.279999999999999        0.23364485981308417      4.769172882048814E-13    4.934435356026503E-13    0.25                     5.0E10                   2700                     5284.421549338311        3050.962204021933        2502.294445801098
1.25663                  4.3                      0.23255813953488372      4.770436197619672E-13    4.933322811754484E-13    0.25                     5.0E10                   2700                     5284.421549338311        3050.962204021933        2502.294445801098
1.25663                  4.319999999999999        0.23148148148148148      4.771854817046841E-13    4.932395246049847E-13    0.25                     5.0E10                   2700                     5284.421549338311        3050.962204021933        2502.294445801098
1.25663                  4.34                     0.2304147465437788       4.773423349635059E-13    4.931647118701725E-13    0.25                     5.0E10                   2700                     5284.421549338311        3050.962204021933        2502.294445801098
1.25663                  4.359999999999999        0.22935779816513763      4.775136385913522E-13    4.931072857573222E-13    0.25                     5.0E10                   2700                     5284.421549338311        3050.962204021933        2502.294445801098
1.25663                  4.38                     0.228310502283105        4.776990680021072E-13    4.930668544478293E-13    0.25                     5.0E10                   2700                     5284.421549338311        3050.962204021933        2502.294445801098
1.25663                  4.3999999999999995       0.22727272727272732      4.77897653460423E-13     4.930425291730026E-13    0.25                     5.0E10                   2700                     5284.421549338311        3050.962204021933        2502.294445801098
1.25663                  4.42                     0.22624434389140272      4.781090699275888E-13    4.930339154339266E-13    0.25                     5.0E10                   2700                     5284.421549338311        3050.962204021933        2502.294445801098
1.25663                  4.4399999999999995       0.22522522522522526      4.783327830729193E-13    4.930404582995644E-13    0.25                     5.0E10                   2700                     5284.421549338311        3050.962204021933        2502.294445801098
1.25663                  4.46                     0.2242152466367713       4.785682631623137E-13    4.930616065513666E-13    0.25                     5.0E10                   2700                     5284.421549338311        3050.962204021933        2502.294445801098
1.25663                  4.4799999999999995       0.2232142857142857       4.788149860118719E-13    4.930968137192665E-13    0.25                     5.0E10                   2700                     5284.421549338311        3050.962204021933        2502.294445801098
1.25663                  4.5                      0.22222222222222224      4.79072433865118E-13     4.93145539005809E-13     0.25                     5.0E10                   2700                     5284.421549338311        3050.962204021933        2502.294445801098
1.25663                  4.52                     0.22123893805309736      4.793400961535148E-13    4.93207248125979E-13     0.25                     5.0E10                   2700                     5284.421549338311        3050.962204021933        2502.294445801098
1.25663                  4.54                     0.22026431718061676      4.796174702038833E-13    4.93281414059855E-13     0.25                     5.0E10                   2700                     5284.421549338311        3050.962204021933        2502.294445801098
1.25663                  4.56                     0.21929824561403513      4.799040618400885E-13    4.933675177188317E-13    0.25                     5.0E10                   2700                     5284.421549338311        3050.962204021933        2502.294445801098
1.25663                  4.58                     0.21834061135371177      4.801993859413374E-13    4.934650485387376E-13    0.25                     5.0E10                   2700                     5284.421549338311        3050.962204021933        2502.294445801098
1.25663                  4.6                      0.2173913043478261       4.805029669023638E-13    4.935735049969011E-13    0.25                     5.0E10                   2700                     5284.421549338311        3050.962204021933        2502.294445801098
1.25663                  4.62                     0.21645021645021645      4.808143390541995E-13    4.936923950829125E-13    0.25                     5.0E10                   2700                     5284.421549338311        3050.962204021933        2502.294445801098
1.25663                  4.64                     0.21551724137931036      4.811330470187125E-13    4.938212366795951E-13    0.25                     5.0E10                   2700                     5284.421549338311        3050.962204021933        2502.294445801098
1.25663                  4.66                     0.2145922746781116       4.814586460065882E-13    4.939595579108171E-13    0.25                     5.0E10                   2700                     5284.421549338311        3050.962204021933        2502.294445801098
1.25663                  4.68                     0.21367521367521367      4.817907020593056E-13    4.941068974136393E-13    0.25                     5.0E10                   2700                     5284.421549338311        3050.962204021933        2502.294445801098
1.25663                  4.7                      0.2127659574468085       4.82128792269722E-13     4.94262804602437E-13     0.25                     5.0E10                   2700                     5284.421549338311        3050.962204021933        2502.294445801098
1.25663                  4.72                     0.211864406779661        4.824725049302407E-13    4.944268398353404E-13    0.25                     5.0E10                   2700                     5284.421549338311        3050.962204021933        2502.294445801098
1.25663                  4.739999999999999        0.21097046413502113      4.828214396590884E-13    4.945985745919369E-13    0.25                     5.0E10                   2700                     5284.421549338311        3050.962204021933        2502.294445801098
1.25663                  4.76                     0.21008403361344538      4.831752074801711E-13    4.94777591554944E-13     0.25                     5.0E10                   2700                     5284.421549338311        3050.962204021933        2502.294445801098
1.25663                  4.779999999999999        0.20920502092050208      4.835334308747435E-13    4.949634847147576E-13    0.25                     5.0E10                   2700                     5284.421549338311        3050.962204021933        2502.294445801098
1.25663                  4.8                      0.20833333333333334      4.83895743811314E-13     4.951558594121046E-13    0.25                     5.0E10                   2700                     5284.421549338311        3050.962204021933        2502.294445801098
1.25663                  4.819999999999999        0.2074688796680498       4.8426179171904E-13      4.953543323419372E-13    0.25                     5.0E10                   2700                     5284.421549338311        3050.962204021933        2502.294445801098
1.25663                  4.84                     0.20661157024793386      4.846312314701079E-13    4.955585315536147E-13    0.25                     5.0E10                   2700                     5284.421549338311        3050.962204021933        2502.294445801098
1.25663                  4.859999999999999        0.20576131687242802      4.850037313120492E-13    4.957680964101206E-13    0.25                     5.0E10                   2700                     5284.421549338311        3050.962204021933        2502.294445801098
1.25663                  4.88                     0.20491803278688525      4.853789707983164E-13    4.959826775343703E-13    0.25                     5.0E10                   2700                     5284.421549338311        3050.962204021933        2502.294445801098
1.25663                  4.8999999999999995       0.20408163265306126      4.857566406739327E-13    4.962019367280346E-13    0.25                     5.0E10                   2700                     5284.421549338311        3050.962204021933        2502.294445801098
1.25663                  4.92                     0.2032520325203252       4.861364427709307E-13    4.964255468671607E-13    0.25                     5.0E10                   2700                     5284.421549338311        3050.962204021933        2502.294445801098
1.25663                  4.9399999999999995       0.20242914979757085      4.865180898698859E-13    4.966531918067913E-13    0.25                     5.0E10                   2700                     5284.421549338311        3050.962204021933        2502.294445801098
1.25663                  4.96                     0.20161290322580644      4.869013055569684E-13    4.968845662251719E-13    0.25                     5.0E10                   2700                     5284.421549338311        3050.962204021933        2502.294445801098
1.25663                  4.9799999999999995       0.20080321285140565      4.872858240654217E-13    4.971193755045022E-13    0.25                     5.0E10                   2700                     5284.421549338311        3050.962204021933        2502.294445801098
1.25663                  5                        0.2                      4.877641777988678E-13    4.974722754732039E-13    0.25                     5.0E10                   2700                     5284.421549338311        3050.962204021933        2502.294445801098
1.25663                  5.02                     0.19920318725099603      4.881498505676868E-13    4.977124397998517E-13    0.25                     5.0E10                   2700                     5284.421549338311        3050.962204021933        2502.294445801098
1.25663                  5.04                     0.1984126984126984       4.885360656121396E-13    4.979551855614219E-13    0.25                     5.0E10                   2700                     5284.421549338311        3050.962204021933        2502.294445801098
1.25663                  5.06                     0.19762845849802374      4.889225993848533E-13    4.982002611846866E-13    0.25                     5.0E10                   2700                     5284.421549338311        3050.962204021933        2502.294445801098
1.25663                  5.08                     0.19685039370078738      4.893092379823107E-13    4.984474248342948E-13    0.25                     5.0E10                   2700                     5284.421549338311        3050.962204021933        2502.294445801098
1.25663                  5.1                      0.19607843137254904      4.896957769316332E-13    4.986964442266411E-13    0.25                     5.0E10                   2700                     5284.421549338311        3050.962204021933        2502.294445801098
1.25663                  5.12                     0.19531249999999997      4.900820209840604E-13    4.989470964173028E-13    0.25                     5.0E10                   2700                     5284.421549338311        3050.962204021933        2502.294445801098
1.25663                  5.14                     0.1945525291828794       4.904677838991495E-13    4.991991676083778E-13    0.25                     5.0E10                   2700                     5284.421549338311        3050.962204021933        2502.294445801098
1.25663                  5.16                     0.19379844961240308      4.908528882041362E-13    4.994524529247666E-13    0.25                     5.0E10                   2700                     5284.421549338311        3050.962204021933        2502.294445801098
1.25663                  5.18                     0.19305019305019305      4.912371650052165E-13    4.997067562110504E-13    0.25                     5.0E10                   2700                     5284.421549338311        3050.962204021933        2502.294445801098
1.25663                  5.2                      0.1923076923076923       4.916204537165504E-13    4.999618898184737E-13    0.25                     5.0E10                   2700                     5284.421549338311        3050.962204021933        2502.294445801098
1.25663                  5.22                     0.19157088122605365      4.920026018783393E-13    5.002176743754329E-13    0.25                     5.0E10                   2700                     5284.421549338311        3050.962204021933        2502.294445801098
1.25663                  5.239999999999999        0.19083969465648856      4.923834649092097E-13    5.004739385854703E-13    0.25                     5.0E10                   2700                     5284.421549338311        3050.962204021933        2502.294445801098
1.25663                  5.26                     0.19011406844106465      4.927629058709702E-13    5.007305190078748E-13    0.25                     5.0E10                   2700                     5284.421549338311        3050.962204021933        2502.294445801098
1.25663                  5.279999999999999        0.18939393939393942      4.931407952622256E-13    5.009872598212146E-13    0.25                     5.0E10                   2700                     5284.421549338311        3050.962204021933        2502.294445801098
1.25663                  5.3                      0.18867924528301888      4.935170107829221E-13    5.012440126376297E-13    0.25                     5.0E10                   2700                     5284.421549338311        3050.962204021933        2502.294445801098
1.25663                  5.319999999999999        0.1879699248120301       4.938914371118258E-13    5.015006362561422E-13    0.25                     5.0E10                   2700                     5284.421549338311        3050.962204021933        2502.294445801098
1.25663                  5.34                     0.18726591760299627      4.942639656861846E-13    5.017569964737414E-13    0.25                     5.0E10                   2700                     5284.421549338311        3050.962204021933        2502.294445801098
1.25663                  5.359999999999999        0.1865671641791045       4.946344944754897E-13    5.020129658510132E-13    0.25                     5.0E10                   2700                     5284.421549338311        3050.962204021933        2502.294445801098
1.25663                  5.38                     0.1858736059479554       4.950029277836602E-13    5.022684235174634E-13    0.25                     5.0E10                   2700                     5284.421549338311        3050.962204021933        2502.294445801098
1.25663                  5.3999999999999995       0.1851851851851852       4.953691760028157E-13    5.025232549512479E-13    0.25                     5.0E10                   2700                     5284.421549338311        3050.962204021933        2502.294445801098
1.25663                  5.42                     0.18450184501845018      4.957331554336831E-13    5.027773517820089E-13    0.25                     5.0E10                   2700                     5284.421549338311        3050.962204021933        2502.294445801098
1.25663                  5.4399999999999995       0.18382352941176472      4.960947880623642E-13    5.030306115811663E-13    0.25                     5.0E10                   2700                     5284.421549338311        3050.962204021933        2502.294445801098
1.25663                  5.46                     0.18315018315018314      4.964540013479805E-13    5.032829376670035E-13    0.25                     5.0E10                   2700                     5284.421549338311        3050.962204021933        2502.294445801098
1.25663                  5.4799999999999995       0.18248175182481755      4.968107280342598E-13    5.035342388973017E-13    0.25                     5.0E10                   2700                     5284.421549338311        3050.962204021933        2502.294445801098
1.25663                  5.5                      0.18181818181818182      4.971649059564439E-13    5.03784429491289E-13     0.25                     5.0E10                   2700                     5284.421549338311        3050.962204021933        2502.294445801098
1.25663                  5.52                     0.1811594202898551       4.975164778204164E-13    5.0403342882371E-13      0.25                     5.0E10                   2700                     5284.421549338311        3050.962204021933        2502.294445801098
1.25663                  5.54                     0.18050541516245486      4.978653910454566E-13    5.042811612508836E-13    0.25                     5.0E10                   2700                     5284.421549338311        3050.962204021933        2502.294445801098
1.25663                  5.56                     0.1798561151079137       4.98211597559649E-13     5.045275559184948E-13    0.25                     5.0E10                   2700                     5284.421549338311        3050.962204021933        2502.294445801098
1.25663                  5.58                     0.17921146953405018      4.985550536171296E-13    5.047725465855573E-13    0.25                     5.0E10                   2700                     5284.421549338311        3050.962204021933        2502.294445801098
1.25663                  5.6                      0.17857142857142858      4.9889571963345E-13      5.050160714518118E-13    0.25                     5.0E10                   2700                     5284.421549338311        3050.962204021933        2502.294445801098
1.25663                  5.62                     0.17793594306049823      4.992335600006275E-13    5.052580729863929E-13    0.25                     5.0E10                   2700                     5284.421549338311        3050.962204021933        2502.294445801098
1.25663                  5.64                     0.1773049645390071       4.995685429240146E-13    5.054984977517825E-13    0.25                     5.0E10                   2700                     5284.421549338311        3050.962204021933        2502.294445801098
1.25663                  5.66                     0.17667844522968196      4.999006402512484E-13    5.057372962550373E-13    0.25                     5.0E10                   2700                     5284.421549338311        3050.962204021933        2502.294445801098
1.25663                  5.68                     0.17605633802816903      5.002298273256659E-13    5.059744227741536E-13    0.25                     5.0E10                   2700                     5284.421549338311        3050.962204021933        2502.294445801098
1.25663                  5.7                      0.17543859649122806      5.005560828210802E-13    5.062098352197049E-13    0.25                     5.0E10                   2700                     5284.421549338311        3050.962204021933        2502.294445801098
1.25663                  5.72                     0.17482517482517484      5.008793885766174E-13    5.064434949606694E-13    0.25                     5.0E10                   2700                     5284.421549338311        3050.962204021933        2502.294445801098
1.25663                  5.739999999999999        0.17421602787456447      5.011997294810183E-13    5.066753667041947E-13    0.25                     5.0E10                   2700                     5284.421549338311        3050.962204021933        2502.294445801098
1.25663                  5.76                     0.1736111111111111       5.015170932957779E-13    5.069054183274101E-13    0.25                     5.0E10                   2700                     5284.421549338311        3050.962204021933        2502.294445801098
1.25663                  5.779999999999999        0.17301038062283738      5.018314705593974E-13    5.071336207683511E-13    0.25                     5.0E10                   2700                     5284.421549338311        3050.962204021933        2502.294445801098
1.25663                  5.8                      0.1724137931034483       5.02142854402559E-13     5.073599478544194E-13    0.25                     5.0E10                   2700                     5284.421549338311        3050.962204021933        2502.294445801098
1.25663                  5.819999999999999        0.17182130584192443      5.024512404492823E-13    5.07584376204319E-13     0.25                     5.0E10                   2700                     5284.421549338311        3050.962204021933        2502.294445801098
1.25663                  5.84                     0.17123287671232879      5.027571135834565E-13    5.078073255340706E-13    0.25                     5.0E10                   2700                     5284.421549338311        3050.962204021933        2502.294445801098
1.25663                  5.859999999999999        0.17064846416382254      5.030595074227202E-13    5.080279029836674E-13    0.25                     5.0E10                   2700                     5284.421549338311        3050.962204021933        2502.294445801098
1.25663                  5.88                     0.17006802721088435      5.033589041259339E-13    5.082465270515684E-13    0.25                     5.0E10                   2700                     5284.421549338311        3050.962204021933        2502.294445801098
1.25663                  5.8999999999999995       0.16949152542372883      5.036553080427256E-13    5.084631842355759E-13    0.25                     5.0E10                   2700                     5284.421549338311        3050.962204021933        2502.294445801098
1.25663                  5.92                     0.16891891891891891      5.039487254289671E-13    5.08677863224115E-13     0.25                     5.0E10                   2700                     5284.421549338311        3050.962204021933        2502.294445801098
1.25663                  5.9399999999999995       0.16835016835016836      5.042391643278575E-13    5.088905547791365E-13    0.25                     5.0E10                   2700                     5284.421549338311        3050.962204021933        2502.294445801098
1.25663                  5.96                     0.16778523489932884      5.045266344624788E-13    5.091012516317034E-13    0.25                     5.0E10                   2700                     5284.421549338311        3050.962204021933        2502.294445801098
1.25663                  5.9799999999999995       0.16722408026755856      5.048111471639306E-13    5.093099483891976E-13    0.25                     5.0E10                   2700                     5284.421549338311        3050.962204021933        2502.294445801098
1.25663                  6                        0.16666666666666666      5.050927152433889E-13    5.095166414311206E-13    0.25                     5.0E10                   2700                     5284.421549338311        3050.962204021933        2502.294445801098
1.25663                  6.02                     0.16611295681063123      5.05371352922443E-13     5.097213288172309E-13    0.25                     5.0E10                   2700                     5284.421549338311        3050.962204021933        2502.294445801098
1.25663                  6.04                     0.16556291390728478      5.056470757431596E-13    5.099240102033929E-13    0.25                     5.0E10                   2700                     5284.421549338311        3050.962204021933        2502.294445801098
1.25663                  6.06                     0.16501650165016504      5.059199004733112E-13    5.101246867468848E-13    0.25                     5.0E10                   2700                     5284.421549338311        3050.962204021933        2502.294445801098
1.25663                  6.08                     0.16447368421052633      5.061898450313506E-13    5.103233610224193E-13    0.25                     5.0E10                   2700                     5284.421549338311        3050.962204021933        2502.294445801098
1.25663                  6.1                      0.16393442622950818      5.064569284202311E-13    5.105200369563786E-13    0.25                     5.0E10                   2700                     5284.421549338311        3050.962204021933        2502.294445801098
1.25663                  6.12                     0.16339869281045752      5.067211706259864E-13    5.107147197248893E-13    0.25                     5.0E10                   2700                     5284.421549338311        3050.962204021933        2502.294445801098
1.25663                  6.14                     0.16286644951140067      5.069825925645642E-13    5.109074157015552E-13    0.25                     5.0E10                   2700                     5284.421549338311        3050.962204021933        2502.294445801098
1.25663                  6.16                     0.16233766233766234      5.072412160221851E-13    5.110981323758817E-13    0.25                     5.0E10                   2700                     5284.421549338311        3050.962204021933        2502.294445801098
1.25663                  6.18                     0.16181229773462782      5.074970635651638E-13    5.112868782823514E-13    0.25                     5.0E10                   2700                     5284.421549338311        3050.962204021933        2502.294445801098
1.25663                  6.2                      0.16129032258064518      5.077501584898954E-13    5.114736629423818E-13    0.25                     5.0E10                   2700                     5284.421549338311        3050.962204021933        2502.294445801098
1.25663                  6.22                     0.16077170418006428      5.080005247647815E-13    5.116584967947332E-13    0.25                     5.0E10                   2700                     5284.421549338311        3050.962204021933        2502.294445801098
1.25663                  6.24                     0.16025641025641027      5.082481869645078E-13    5.118413911349493E-13    0.25                     5.0E10                   2700                     5284.421549338311        3050.962204021933        2502.294445801098
1.25663                  6.26                     0.1597444089456869       5.084931702282763E-13    5.120223580627859E-13    0.25                     5.0E10                   2700                     5284.421549338311        3050.962204021933        2502.294445801098
1.25663                  6.279999999999999        0.15923566878980894      5.087355001972345E-13    5.122014104244521E-13    0.25                     5.0E10                   2700                     5284.421549338311        3050.962204021933        2502.294445801098
1.25663                  6.3                      0.15873015873015872      5.089752029604422E-13    5.123785617520808E-13    0.25                     5.0E10                   2700                     5284.421549338311        3050.962204021933        2502.294445801098
1.25663                  6.319999999999999        0.15822784810126583      5.09212305010662E-13     5.125538262206462E-13    0.25                     5.0E10                   2700                     5284.421549338311        3050.962204021933        2502.294445801098
1.25663                  6.34                     0.1577287066246057       5.094468332189086E-13    5.127272186052797E-13    0.25                     5.0E10                   2700                     5284.421549338311        3050.962204021933        2502.294445801098
1.25663                  6.359999999999999        0.15723270440251574      5.096788147500294E-13    5.128987542117686E-13    0.25                     5.0E10                   2700                     5284.421549338311        3050.962204021933        2502.294445801098
1.25663                  6.38                     0.15673981191222572      5.099082770560283E-13    5.130684488568366E-13    0.25                     5.0E10                   2700                     5284.421549338311        3050.962204021933        2502.294445801098
1.25663                  6.3999999999999995       0.15625                  5.101352478286535E-13    5.132363188162606E-13    0.25                     5.0E10                   2700                     5284.421549338311        3050.962204021933        2502.294445801098
1.25663                  6.42                     0.1557632398753894       5.103597549579827E-13    5.134023807813606E-13    0.25                     5.0E10                   2700                     5284.421549338311        3050.962204021933        2502.294445801098
1.25663                  6.4399999999999995       0.15527950310559008      5.105818264883539E-13    5.135666518201144E-13    0.25                     5.0E10                   2700                     5284.421549338311        3050.962204021933        2502.294445801098
1.25663                  6.46                     0.15479876160990713      5.108014906081571E-13    5.137291493492849E-13    0.25                     5.0E10                   2700                     5284.421549338311        3050.962204021933        2502.294445801098
1.25663                  6.4799999999999995       0.154320987654321        5.110187755994516E-13    5.138898910897134E-13    0.25                     5.0E10                   2700                     5284.421549338311        3050.962204021933        2502.294445801098
1.25663                  6.5                      0.15384615384615383      5.112337098077851E-13    5.140488950349318E-13    0.25                     5.0E10                   2700                     5284.421549338311        3050.962204021933        2502.294445801098
1.25663                  6.52                     0.15337423312883436      5.114463216341312E-13    5.142061794307723E-13    0.25                     5.0E10                   2700                     5284.421549338311        3050.962204021933        2502.294445801098
1.25663                  6.54                     0.15290519877675843      5.116566394702135E-13    5.143617627186654E-13    0.25                     5.0E10                   2700                     5284.421549338311        3050.962204021933        2502.294445801098
1.25663                  6.56                     0.15243902439024393      5.118646917233738E-13    5.145156635434755E-13    0.25                     5.0E10                   2700                     5284.421549338311        3050.962204021933        2502.294445801098
1.25663                  6.58                     0.1519756838905775       5.120705067503746E-13    5.146679006944943E-13    0.25                     5.0E10                   2700                     5284.421549338311        3050.962204021933        2502.294445801098
1.25663                  6.6                      0.15151515151515152      5.122741128475876E-13    5.148184930944506E-13    0.25                     5.0E10                   2700                     5284.421549338311        3050.962204021933        2502.294445801098
1.25663                  6.62                     0.1510574018126888       5.124755382396733E-13    5.149674597759478E-13    0.25                     5.0E10                   2700                     5284.421549338311        3050.962204021933        2502.294445801098
1.25663                  6.64                     0.1506024096385542       5.126748110566624E-13    5.151148198563134E-13    0.25                     5.0E10                   2700                     5284.421549338311        3050.962204021933        2502.294445801098
1.25663                  6.66                     0.15015015015015015      5.128719593032788E-13    5.152605925117694E-13    0.25                     5.0E10                   2700                     5284.421549338311        3050.962204021933        2502.294445801098
1.25663                  6.68                     0.14970059880239522      5.130670108517066E-13    5.154047969603595E-13    0.25                     5.0E10                   2700                     5284.421549338311        3050.962204021933        2502.294445801098
1.25663                  6.7                      0.1492537313432836       5.132599934288236E-13    5.155474524465043E-13    0.25                     5.0E10                   2700                     5284.421549338311        3050.962204021933        2502.294445801098
1.25663                  6.72                     0.1488095238095238       5.134509345895046E-13    5.156885782139389E-13    0.25                     5.0E10                   2700                     5284.421549338311        3050.962204021933        2502.294445801098
1.25663                  6.74                     0.14836795252225518      5.13639861711268E-13     5.158281934955609E-13    0.25                     5.0E10                   2700                     5284.421549338311        3050.962204021933        2502.294445801098
1.25663                  6.76                     0.14792899408284024      5.138268019826637E-13    5.159663174969691E-13    0.25                     5.0E10                   2700                     5284.421549338311        3050.962204021933        2502.294445801098
1.25663                  6.779999999999999        0.14749262536873156      5.140117823804747E-13    5.161029693730506E-13    0.25                     5.0E10                   2700                     5284.421549338311        3050.962204021933        2502.294445801098
1.25663                  6.8                      0.14705882352941177      5.141948296658727E-13    5.162381682245265E-13    0.25                     5.0E10                   2700                     5284.421549338311        3050.962204021933        2502.294445801098
1.25663                  6.819999999999999        0.1466275659824047       5.143759703795049E-13    5.163719330805153E-13    0.25                     5.0E10                   2700                     5284.421549338311        3050.962204021933        2502.294445801098
1.25663                  6.84                     0.14619883040935674      5.145552308234441E-13    5.165042828836762E-13    0.25                     5.0E10                   2700                     5284.421549338311        3050.962204021933        2502.294445801098
1.25663                  6.859999999999999        0.1457725947521866       5.147326370448701E-13    5.166352364760799E-13    0.25                     5.0E10                   2700                     5284.421549338311        3050.962204021933        2502.294445801098
1.25663                  6.88                     0.14534883720930233      5.149082148549715E-13    5.167648126005102E-13    0.25                     5.0E10                   2700                     5284.421549338311        3050.962204021933        2502.294445801098
1.25663                  6.8999999999999995       0.14492753623188406      5.15081989788137E-13     5.168930298737584E-13    0.25                     5.0E10                   2700                     5284.421549338311        3050.962204021933        2502.294445801098
1.25663                  6.92                     0.1445086705202312       5.152539871228874E-13    5.170199067923688E-13    0.25                     5.0E10                   2700                     5284.421549338311        3050.962204021933        2502.294445801098
1.25663                  6.9399999999999995       0.1440922190201729       5.15424231860982E-13     5.171454617139721E-13    0.25                     5.0E10                   2700                     5284.421549338311        3050.962204021933        2502.294445801098
1.25663                  6.96                     0.14367816091954022      5.155927487236297E-13    5.172697128517833E-13    0.25                     5.0E10                   2700                     5284.421549338311        3050.962204021933        2502.294445801098
1.25663                  6.9799999999999995       0.14326647564469916      5.157595621453928E-13    5.173926782647374E-13    0.25                     5.0E10                   2700                     5284.421549338311        3050.962204021933        2502.294445801098
1.25663                  7                        0.14285714285714285      5.159246962897464E-13    5.175143758617773E-13    0.25                     5.0E10                   2700                     5284.421549338311        3050.962204021933        2502.294445801098
1.25663                  7.02                     0.14245014245014245      5.160881750020019E-13    5.176348233751996E-13    0.25                     5.0E10                   2700                     5284.421549338311        3050.962204021933        2502.294445801098
1.25663                  7.04                     0.14204545454545456      5.162500218620228E-13    5.177540383792161E-13    0.25                     5.0E10                   2700                     5284.421549338311        3050.962204021933        2502.294445801098
1.25663                  7.06                     0.141643059490085        5.164102601282506E-13    5.178720382618696E-13    0.25                     5.0E10                   2700                     5284.421549338311        3050.962204021933        2502.294445801098
1.25663                  7.08                     0.14124293785310735      5.165689127795168E-13    5.179888402381016E-13    0.25                     5.0E10                   2700                     5284.421549338311        3050.962204021933        2502.294445801098
1.25663                  7.1                      0.14084507042253522      5.167260024666634E-13    5.1810446132748E-13      0.25                     5.0E10                   2700                     5284.421549338311        3050.962204021933        2502.294445801098
1.25663                  7.12                     0.14044943820224717      5.168815515737499E-13    5.182189183772503E-13    0.25                     5.0E10                   2700                     5284.421549338311        3050.962204021933        2502.294445801098
1.25663                  7.14                     0.1400560224089636       5.170355821493031E-13    5.183322280247032E-13    0.25                     5.0E10                   2700                     5284.421549338311        3050.962204021933        2502.294445801098
1.25663                  7.16                     0.13966480446927376      5.171881159519475E-13    5.184444067217686E-13    0.25                     5.0E10                   2700                     5284.421549338311        3050.962204021933        2502.294445801098
1.25663                  7.18                     0.1392757660167131       5.173391744305931E-13    5.185554707179849E-13    0.25                     5.0E10                   2700                     5284.421549338311        3050.962204021933        2502.294445801098
1.25663                  7.2                      0.1388888888888889       5.174887787309557E-13    5.186654360644377E-13    0.25                     5.0E10                   2700                     5284.421549338311        3050.962204021933        2502.294445801098
1.25663                  7.22                     0.13850415512465375      5.176369496970607E-13    5.187743186106096E-13    0.25                     5.0E10                   2700                     5284.421549338311        3050.962204021933        2502.294445801098
1.25663                  7.24                     0.13812154696132597      5.177837078562268E-13    5.188821339958144E-13    0.25                     5.0E10                   2700                     5284.421549338311        3050.962204021933        2502.294445801098
1.25663                  7.26                     0.13774104683195593      5.179290734503134E-13    5.189888976623732E-13    0.25                     5.0E10                   2700                     5284.421549338311        3050.962204021933        2502.294445801098
1.25663                  7.279999999999999        0.13736263736263737      5.180730663977043E-13    5.190946248359022E-13    0.25                     5.0E10                   2700                     5284.421549338311        3050.962204021933        2502.294445801098
1.25663                  7.3                      0.13698630136986303      5.182157063234019E-13    5.191993305376062E-13    0.25                     5.0E10                   2700                     5284.421549338311        3050.962204021933        2502.294445801098
1.25663                  7.319999999999999        0.1366120218579235       5.183570125740095E-13    5.193030295919735E-13    0.25                     5.0E10                   2700                     5284.421549338311        3050.962204021933        2502.294445801098
1.25663                  7.34                     0.1362397820163488       5.184970041605445E-13    5.19405736595125E-13     0.25                     5.0E10                   2700                     5284.421549338311        3050.962204021933        2502.294445801098
1.25663                  7.359999999999999        0.13586956521739132      5.186356998113473E-13    5.195074659451901E-13    0.25                     5.0E10                   2700                     5284.421549338311        3050.962204021933        2502.294445801098
1.25663                  7.38                     0.13550135501355012      5.18773117972209E-13     5.196082318314575E-13    0.25                     5.0E10                   2700                     5284.421549338311        3050.962204021933        2502.294445801098
1.25663                  7.3999999999999995       0.13513513513513514      5.189092767824696E-13    5.197080482317836E-13    0.25                     5.0E10                   2700                     5284.421549338311        3050.962204021933        2502.294445801098
1.25663                  7.42                     0.1347708894878706       5.190441940918811E-13    5.198069289150116E-13    0.25                     5.0E10                   2700                     5284.421549338311        3050.962204021933        2502.294445801098
1.25663                  7.4399999999999995       0.13440860215053765      5.19177887474626E-13     5.199048874502217E-13    0.25                     5.0E10                   2700                     5284.421549338311        3050.962204021933        2502.294445801098
1.25663                  7.46                     0.13404825737265413      5.193103742050323E-13    5.200019371908548E-13    0.25                     5.0E10                   2700                     5284.421549338311        3050.962204021933        2502.294445801098
1.25663                  7.4799999999999995       0.1336898395721925       5.194416712808992E-13    5.200980912875788E-13    0.25                     5.0E10                   2700                     5284.421549338311        3050.962204021933        2502.294445801098
1.25663                  7.5                      0.13333333333333333      5.195717954210628E-13    5.201933626871073E-13    0.25                     5.0E10                   2700                     5284.421549338311        3050.962204021933        2502.294445801098
1.25663                  7.52                     0.13297872340425532      5.197007630601457E-13    5.202877641301433E-13    0.25                     5.0E10                   2700                     5284.421549338311        3050.962204021933        2502.294445801098
1.25663                  7.54                     0.13262599469496023      5.198285903760184E-13    5.20381308160939E-13     0.25                     5.0E10                   2700                     5284.421549338311        3050.962204021933        2502.294445801098
1.25663                  7.56                     0.13227513227513227      5.199552932509474E-13    5.204740071159229E-13    0.25                     5.0E10                   2700                     5284.421549338311        3050.962204021933        2502.294445801098
1.25663                  7.58                     0.13192612137203166      5.200808873249944E-13    5.20565873140347E-13     0.25                     5.0E10                   2700                     5284.421549338311        3050.962204021933        2502.294445801098
1.25663                  7.6                      0.13157894736842105      5.202053879503767E-13    5.206569181714964E-13    0.25                     5.0E10                   2700                     5284.421549338311        3050.962204021933        2502.294445801098
1.25663                  7.62                     0.13123359580052493      5.203288102352004E-13    5.207471539610188E-13    0.25                     5.0E10                   2700                     5284.421549338311        3050.962204021933        2502.294445801098
1.25663                  7.64                     0.13089005235602094      5.204511690136845E-13    5.208365920587678E-13    0.25                     5.0E10                   2700                     5284.421549338311        3050.962204021933        2502.294445801098
1.25663                  7.66                     0.13054830287206268      5.205724788886253E-13    5.209252438297568E-13    0.25                     5.0E10                   2700                     5284.421549338311        3050.962204021933        2502.294445801098
1.25663                  7.68                     0.13020833333333334      5.206927541859957E-13    5.2101312044569E-13      0.25                     5.0E10                   2700                     5284.421549338311        3050.962204021933        2502.294445801098
1.25663                  7.7                      0.12987012987012989      5.208120089966026E-13    5.211002328843564E-13    0.25                     5.0E10                   2700                     5284.421549338311        3050.962204021933        2502.294445801098
1.25663                  7.72                     0.1295336787564767       5.209302571661379E-13    5.211865919479912E-13    0.25                     5.0E10                   2700                     5284.421549338311        3050.962204021933        2502.294445801098
1.25663                  7.74                     0.12919896640826872      5.210475123001457E-13    5.212722082489303E-13    0.25                     5.0E10                   2700                     5284.421549338311        3050.962204021933        2502.294445801098
1.25663                  7.76                     0.1288659793814433       5.21163787761134E-13     5.213570922179499E-13    0.25                     5.0E10                   2700                     5284.421549338311        3050.962204021933        2502.294445801098
1.25663                  7.779999999999999        0.12853470437017997      5.212790966815044E-13    5.214412541077607E-13    0.25                     5.0E10                   2700                     5284.421549338311        3050.962204021933        2502.294445801098
1.25663                  7.8                      0.12820512820512822      5.213934519665559E-13    5.215247039950167E-13    0.25                     5.0E10                   2700                     5284.421549338311        3050.962204021933        2502.294445801098
1.25663                  7.819999999999999        0.1278772378516624       5.215068662819748E-13    5.216074517769162E-13    0.25                     5.0E10                   2700                     5284.421549338311        3050.962204021933        2502.294445801098
1.25663                  7.84                     0.12755102040816327      5.2161935208306E-13      5.216895071827698E-13    0.25                     5.0E10                   2700                     5284.421549338311        3050.962204021933        2502.294445801098
1.25663                  7.859999999999999        0.1272264631043257       5.217309215978109E-13    5.217708797687136E-13    0.25                     5.0E10                   2700                     5284.421549338311        3050.962204021933        2502.294445801098
1.25663                  7.88                     0.12690355329949238      5.218415868374953E-13    5.218515789248032E-13    0.25                     5.0E10                   2700                     5284.421549338311        3050.962204021933        2502.294445801098
1.25663                  7.8999999999999995       0.12658227848101267      5.219513596050051E-13    5.219316138751909E-13    0.25                     5.0E10                   2700                     5284.421549338311        3050.962204021933        2502.294445801098
1.25663                  7.92                     0.12626262626262624      5.220602514987934E-13    5.220109936841658E-13    0.25                     5.0E10                   2700                     5284.421549338311        3050.962204021933        2502.294445801098
1.25663                  7.9399999999999995       0.12594458438287154      5.221682738865881E-13    5.220897272446728E-13    0.25                     5.0E10                   2700                     5284.421549338311        3050.962204021933        2502.294445801098
1.25663                  7.96                     0.12562814070351758      5.222754379610421E-13    5.221678233052439E-13    0.25                     5.0E10                   2700                     5284.421549338311        3050.962204021933        2502.294445801098
1.25663                  7.9799999999999995       0.12531328320802007      5.223817547009783E-13    5.222452904484049E-13    0.25                     5.0E10                   2700                     5284.421549338311        3050.962204021933        2502.294445801098
1.25663                  8                        0.125                    5.224872348944472E-13    5.223221371082525E-13    0.25                     5.0E10                   2700                     5284.421549338311        3050.962204021933        2502.294445801098
1.25663                  8.02                     0.12468827930174564      5.225918891332457E-13    5.223983715652066E-13    0.25                     5.0E10                   2700                     5284.421549338311        3050.962204021933        2502.294445801098
1.25663                  8.040000000000001        0.1243781094527363       5.226957278190076E-13    5.2247400195016E-13      0.25                     5.0E10                   2700                     5284.421549338311        3050.962204021933        2502.294445801098
1.25663                  8.06                     0.12406947890818859      5.227987611732251E-13    5.225490362530763E-13    0.25                     5.0E10                   2700                     5284.421549338311        3050.962204021933        2502.294445801098
1.25663                  8.08                     0.12376237623762378      5.229009992272487E-13    5.22623482312504E-13     0.25                     5.0E10                   2700                     5284.421549338311        3050.962204021933        2502.294445801098
1.25663                  8.1                      0.1234567901234568       5.230024518408715E-13    5.226973478325869E-13    0.25                     5.0E10                   2700                     5284.421549338311        3050.962204021933        2502.294445801098
1.25663                  8.12                     0.12315270935960593      5.231031286901052E-13    5.227706403721352E-13    0.25                     5.0E10                   2700                     5284.421549338311        3050.962204021933        2502.294445801098
1.25663                  8.14                     0.12285012285012284      5.23203039286162E-13     5.228433673585283E-13    0.25                     5.0E10                   2700                     5284.421549338311        3050.962204021933        2502.294445801098
1.25663                  8.16                     0.12254901960784315      5.233021929657125E-13    5.229155360831753E-13    0.25                     5.0E10                   2700                     5284.421549338311        3050.962204021933        2502.294445801098
1.25663                  8.18                     0.12224938875305624      5.234005988921635E-13    5.229871536991138E-13    0.25                     5.0E10                   2700                     5284.421549338311        3050.962204021933        2502.294445801098
1.25663                  8.2                      0.12195121951219513      5.234982660792485E-13    5.230582272403502E-13    0.25                     5.0E10                   2700                     5284.421549338311        3050.962204021933        2502.294445801098
1.25663                  8.22                     0.121654501216545        5.235952033714578E-13    5.231287636054979E-13    0.25                     5.0E10                   2700                     5284.421549338311        3050.962204021933        2502.294445801098
1.25663                  8.24                     0.12135922330097086      5.236914194544698E-13    5.231987695700805E-13    0.25                     5.0E10                   2700                     5284.421549338311        3050.962204021933        2502.294445801098
1.25663                  8.26                     0.12106537530266344      5.237869228556007E-13    5.232682517846504E-13    0.25                     5.0E10                   2700                     5284.421549338311        3050.962204021933        2502.294445801098
1.25663                  8.28                     0.1207729468599034       5.238817219695509E-13    5.233372167834473E-13    0.25                     5.0E10                   2700                     5284.421549338311        3050.962204021933        2502.294445801098
1.25663                  8.299999999999999        0.1204819277108434       5.239758250181042E-13    5.2340567097755E-13      0.25                     5.0E10                   2700                     5284.421549338311        3050.962204021933        2502.294445801098
1.25663                  8.32                     0.12019230769230768      5.240692400997758E-13    5.234736206674351E-13    0.25                     5.0E10                   2700                     5284.421549338311        3050.962204021933        2502.294445801098
1.25663                  8.34                     0.11990407673860912      5.241619751469723E-13    5.235410720305115E-13    0.25                     5.0E10                   2700                     5284.421549338311        3050.962204021933        2502.294445801098
1.25663                  8.36                     0.1196172248803828       5.242540379680941E-13    5.236080311384212E-13    0.25                     5.0E10                   2700                     5284.421549338311        3050.962204021933        2502.294445801098
1.25663                  8.379999999999999        0.11933174224343678      5.243454362297387E-13    5.236745039518713E-13    0.25                     5.0E10                   2700                     5284.421549338311        3050.962204021933        2502.294445801098
1.25663                  8.4                      0.11904761904761904      5.244361774598828E-13    5.23740496322265E-13     0.25                     5.0E10                   2700                     5284.421549338311        3050.962204021933        2502.294445801098
1.25663                  8.42                     0.11876484560570072      5.245262690525469E-13    5.23806013991299E-13     0.25                     5.0E10                   2700                     5284.421549338311        3050.962204021933        2502.294445801098
1.25663                  8.44                     0.11848341232227488      5.246157182881409E-13    5.238710626087912E-13    0.25                     5.0E10                   2700                     5284.421549338311        3050.962204021933        2502.294445801098
1.25663                  8.459999999999999        0.11820330969267141      5.247045323026649E-13    5.239356477115192E-13    0.25                     5.0E10                   2700                     5284.421549338311        3050.962204021933        2502.294445801098
1.25663                  8.48                     0.1179245283018868       5.247927181033211E-13    5.239997747339902E-13    0.25                     5.0E10                   2700                     5284.421549338311        3050.962204021933        2502.294445801098
1.25663                  8.5                      0.11764705882352941      5.248802825936625E-13    5.240634490225406E-13    0.25                     5.0E10                   2700                     5284.421549338311        3050.962204021933        2502.294445801098
1.25663                  8.52                     0.11737089201877934      5.249672325489934E-13    5.241266758244188E-13    0.25                     5.0E10                   2700                     5284.421549338311        3050.962204021933        2502.294445801098
1.25663                  8.54                     0.117096018735363        5.250535746243007E-13    5.241894602877911E-13    0.25                     5.0E10                   2700                     5284.421549338311        3050.962204021933        2502.294445801098
1.25663                  8.56                     0.11682242990654204      5.251393153617161E-13    5.24251807473717E-13     0.25                     5.0E10                   2700                     5284.421549338311        3050.962204021933        2502.294445801098
1.25663                  8.58                     0.11655011655011656      5.252244611874546E-13    5.243137223484901E-13    0.25                     5.0E10                   2700                     5284.421549338311        3050.962204021933        2502.294445801098
1.25663                  8.6                      0.11627906976744186      5.253090184219147E-13    5.243752097910784E-13    0.25                     5.0E10                   2700                     5284.421549338311        3050.962204021933        2502.294445801098
1.25663                  8.62                     0.1160092807424594       5.253929932848238E-13    5.244362745995909E-13    0.25                     5.0E10                   2700                     5284.421549338311        3050.962204021933        2502.294445801098
1.25663                  8.64                     0.11574074074074073      5.254763918679942E-13    5.244969214716313E-13    0.25                     5.0E10                   2700                     5284.421549338311        3050.962204021933        2502.294445801098
1.25663                  8.66                     0.11547344110854503      5.255592201811705E-13    5.245571550404373E-13    0.25                     5.0E10                   2700                     5284.421549338311        3050.962204021933        2502.294445801098
1.25663                  8.68                     0.1152073732718894       5.256414841239024E-13    5.246169798449125E-13    0.25                     5.0E10                   2700                     5284.421549338311        3050.962204021933        2502.294445801098
1.25663                  8.7                      0.11494252873563218      5.257231894874215E-13    5.246764003401204E-13    0.25                     5.0E10                   2700                     5284.421549338311        3050.962204021933        2502.294445801098
1.25663                  8.72                     0.1146788990825688       5.258043419815919E-13    5.247354209157099E-13    0.25                     5.0E10                   2700                     5284.421549338311        3050.962204021933        2502.294445801098
1.25663                  8.74                     0.11441647597254004      5.258849472079848E-13    5.247940458735225E-13    0.25                     5.0E10                   2700                     5284.421549338311        3050.962204021933        2502.294445801098
1.25663                  8.76                     0.1141552511415525       5.259667780142746E-13    5.248539060888675E-13    0.25                     5.0E10                   2700                     5284.421549338311        3050.962204021933        2502.294445801098
1.25663                  8.78                     0.11389521640091117      5.260463139204599E-13    5.249117611660507E-13    0.25                     5.0E10                   2700                     5284.421549338311        3050.962204021933        2502.294445801098
1.25663                  8.8                      0.11363636363636362      5.261253188248143E-13    5.249692330996719E-13    0.25                     5.0E10                   2700                     5284.421549338311        3050.962204021933        2502.294445801098
1.25663                  8.82                     0.11337868480725624      5.262037979553807E-13    5.250263258912396E-13    0.25                     5.0E10                   2700                     5284.421549338311        3050.962204021933        2502.294445801098
1.25663                  8.84                     0.11312217194570136      5.262817564814152E-13    5.250830434917441E-13    0.25                     5.0E10                   2700                     5284.421549338311        3050.962204021933        2502.294445801098
1.25663                  8.86                     0.11286681715575621      5.263591994660952E-13    5.251393897740819E-13    0.25                     5.0E10                   2700                     5284.421549338311        3050.962204021933        2502.294445801098
1.25663                  8.879999999999999        0.11261261261261263      5.264361319118097E-13    5.251953685503319E-13    0.25                     5.0E10                   2700                     5284.421549338311        3050.962204021933        2502.294445801098
1.25663                  8.9                      0.11235955056179775      5.265125587108342E-13    5.252509835552585E-13    0.25                     5.0E10                   2700                     5284.421549338311        3050.962204021933        2502.294445801098
1.25663                  8.92                     0.11210762331838565      5.265884847046615E-13    5.253062384769956E-13    0.25                     5.0E10                   2700                     5284.421549338311        3050.962204021933        2502.294445801098
1.25663                  8.94                     0.11185682326621925      5.266639146450456E-13    5.253611369307506E-13    0.25                     5.0E10                   2700                     5284.421549338311        3050.962204021933        2502.294445801098
1.25663                  8.959999999999999        0.11160714285714285      5.267388532101156E-13    5.254156824729579E-13    0.25                     5.0E10                   2700                     5284.421549338311        3050.962204021933        2502.294445801098
1.25663                  8.98                     0.11135857461024498      5.268133049955376E-13    5.254698785971868E-13    0.25                     5.0E10                   2700                     5284.421549338311        3050.962204021933        2502.294445801098
1.25663                  9                        0.11111111111111112      5.268872745354969E-13    5.255237287429572E-13    0.25                     5.0E10                   2700                     5284.421549338311        3050.962204021933        2502.294445801098
1.25663                  9.02                     0.11086474501108647      5.269607662854893E-13    5.255772362897046E-13    0.25                     5.0E10                   2700                     5284.421549338311        3050.962204021933        2502.294445801098
1.25663                  9.04                     0.11061946902654868      5.270337846364289E-13    5.256304045602848E-13    0.25                     5.0E10                   2700                     5284.421549338311        3050.962204021933        2502.294445801098
1.25663                  9.06                     0.11037527593818983      5.27106333909664E-13     5.256832368255411E-13    0.25                     5.0E10                   2700                     5284.421549338311        3050.962204021933        2502.294445801098
1.25663                  9.08                     0.11013215859030838      5.271784183486261E-13    5.257357362950147E-13    0.25                     5.0E10                   2700                     5284.421549338311        3050.962204021933        2502.294445801098
1.25663                  9.1                      0.1098901098901099       5.272500421465331E-13    5.257879061321054E-13    0.25                     5.0E10                   2700                     5284.421549338311        3050.962204021933        2502.294445801098
1.25663                  9.12                     0.10964912280701757      5.27321209427679E-13     5.258397494495466E-13    0.25                     5.0E10                   2700                     5284.421549338311        3050.962204021933        2502.294445801098
1.25663                  9.14                     0.10940919037199125      5.273919242480173E-13    5.258912693044232E-13    0.25                     5.0E10                   2700                     5284.421549338311        3050.962204021933        2502.294445801098
1.25663                  9.16                     0.10917030567685589      5.274621906095276E-13    5.259424687068146E-13    0.25                     5.0E10                   2700                     5284.421549338311        3050.962204021933        2502.294445801098
1.25663                  9.18                     0.10893246187363835      5.275320124438032E-13    5.259933506153948E-13    0.25                     5.0E10                   2700                     5284.421549338311        3050.962204021933        2502.294445801098
1.25663                  9.2                      0.10869565217391305      5.276013936342132E-13    5.260439179461038E-13    0.25                     5.0E10                   2700                     5284.421549338311        3050.962204021933        2502.294445801098
1.25663                  9.22                     0.10845986984815618      5.276703380090439E-13    5.260941735711691E-13    0.25                     5.0E10                   2700                     5284.421549338311        3050.962204021933        2502.294445801098
1.25663                  9.24                     0.10822510822510822      5.277388493166884E-13    5.261441203015361E-13    0.25                     5.0E10                   2700                     5284.421549338311        3050.962204021933        2502.294445801098
1.25663                  9.26                     0.1079913606911447       5.278069312779413E-13    5.261937609229758E-13    0.25                     5.0E10                   2700                     5284.421549338311        3050.962204021933        2502.294445801098
1.25663                  9.28                     0.10775862068965518      5.278745875398879E-13    5.262430981637176E-13    0.25                     5.0E10                   2700                     5284.421549338311        3050.962204021933        2502.294445801098
1.25663                  9.3                      0.10752688172043011      5.279418217114963E-13    5.262921347184863E-13    0.25                     5.0E10                   2700                     5284.421549338311        3050.962204021933        2502.294445801098
1.25663                  9.32                     0.1072961373390558       5.280086373431834E-13    5.263408732405607E-13    0.25                     5.0E10                   2700                     5284.421549338311        3050.962204021933        2502.294445801098
1.25663                  9.34                     0.10706638115631692      5.2807503791755E-13      5.263893163244472E-13    0.25                     5.0E10                   2700                     5284.421549338311        3050.962204021933        2502.294445801098
1.25663                  9.36                     0.10683760683760683      5.281410268998605E-13    5.264374665504326E-13    0.25                     5.0E10                   2700                     5284.421549338311        3050.962204021933        2502.294445801098
1.25663                  9.379999999999999        0.10660980810234544      5.282066076786247E-13    5.264853264430196E-13    0.25                     5.0E10                   2700                     5284.421549338311        3050.962204021933        2502.294445801098
1.25663                  9.4                      0.10638297872340426      5.282717836073794E-13    5.265328984918636E-13    0.25                     5.0E10                   2700                     5284.421549338311        3050.962204021933        2502.294445801098
1.25663                  9.42                     0.10615711252653928      5.283365580011065E-13    5.265801851541885E-13    0.25                     5.0E10                   2700                     5284.421549338311        3050.962204021933        2502.294445801098
1.25663                  9.44                     0.1059322033898305       5.284009341095007E-13    5.266271888473953E-13    0.25                     5.0E10                   2700                     5284.421549338311        3050.962204021933        2502.294445801098
1.25663                  9.459999999999999        0.10570824524312897      5.284649151455639E-13    5.266739119453047E-13    0.25                     5.0E10                   2700                     5284.421549338311        3050.962204021933        2502.294445801098
1.25663                  9.48                     0.10548523206751054      5.285285042687207E-13    5.267203567919837E-13    0.25                     5.0E10                   2700                     5284.421549338311        3050.962204021933        2502.294445801098
1.25663                  9.5                      0.10526315789473685      5.285917046236659E-13    5.267665257061926E-13    0.25                     5.0E10                   2700                     5284.421549338311        3050.962204021933        2502.294445801098
1.25663                  9.52                     0.10504201680672269      5.286545192853332E-13    5.26812420961216E-13     0.25                     5.0E10                   2700                     5284.421549338311        3050.962204021933        2502.294445801098
1.25663                  9.54                     0.10482180293501049      5.287169512924791E-13    5.26858044798147E-13     0.25                     5.0E10                   2700                     5284.421549338311        3050.962204021933        2502.294445801098
1.25663                  9.56                     0.10460251046025104      5.287790036492494E-13    5.269033994310433E-13    0.25                     5.0E10                   2700                     5284.421549338311        3050.962204021933        2502.294445801098
1.25663                  9.58                     0.10438413361169102      5.288406793182696E-13    5.269484870388957E-13    0.25                     5.0E10                   2700                     5284.421549338311        3050.962204021933        2502.294445801098
1.25663                  9.6                      0.10416666666666667      5.289019812228625E-13    5.269933097729545E-13    0.25                     5.0E10                   2700                     5284.421549338311        3050.962204021933        2502.294445801098
1.25663                  9.62                     0.10395010395010396      5.289629122434121E-13    5.270378697475924E-13    0.25                     5.0E10                   2700                     5284.421549338311        3050.962204021933        2502.294445801098
1.25663                  9.64                     0.10373443983402489      5.290234752290962E-13    5.270821690523297E-13    0.25                     5.0E10                   2700                     5284.421549338311        3050.962204021933        2502.294445801098
1.25663                  9.66                     0.10351966873706003      5.290836729916186E-13    5.271262097512738E-13    0.25                     5.0E10                   2700                     5284.421549338311        3050.962204021933        2502.294445801098
1.25663                  9.68                     0.10330578512396693      5.291435082940201E-13    5.271699938646608E-13    0.25                     5.0E10                   2700                     5284.421549338311        3050.962204021933        2502.294445801098
1.25663                  9.7                      0.10309278350515465      5.292029838914534E-13    5.27213523407531E-13     0.25                     5.0E10                   2700                     5284.421549338311        3050.962204021933        2502.294445801098
1.25663                  9.72                     0.102880658436214        5.292621024812161E-13    5.272568003506982E-13    0.25                     5.0E10                   2700                     5284.421549338311        3050.962204021933        2502.294445801098
1.25663                  9.74                     0.1026694045174538       5.29320866726838E-13     5.272998266388796E-13    0.25                     5.0E10                   2700                     5284.421549338311        3050.962204021933        2502.294445801098
1.25663                  9.76                     0.10245901639344263      5.293792792843267E-13    5.273426042078391E-13    0.25                     5.0E10                   2700                     5284.421549338311        3050.962204021933        2502.294445801098
1.25663                  9.78                     0.10224948875255623      5.294373427325899E-13    5.273851349374498E-13    0.25                     5.0E10                   2700                     5284.421549338311        3050.962204021933        2502.294445801098
1.25663                  9.8                      0.10204081632653059      5.294950596588518E-13    5.274274207094051E-13    0.25                     5.0E10                   2700                     5284.421549338311        3050.962204021933        2502.294445801098
1.25663                  9.82                     0.10183299389002037      5.295524326027565E-13    5.274694633703623E-13    0.25                     5.0E10                   2700                     5284.421549338311        3050.962204021933        2502.294445801098
1.25663                  9.84                     0.1016260162601626       5.296094640673079E-13    5.275112647368967E-13    0.25                     5.0E10                   2700                     5284.421549338311        3050.962204021933        2502.294445801098
1.25663                  9.86                     0.10141987829614604      5.29666156549662E-13     5.275528266209939E-13    0.25                     5.0E10                   2700                     5284.421549338311        3050.962204021933        2502.294445801098
1.25663                  9.879999999999999        0.10121457489878542      5.29722512485236E-13     5.275941507872462E-13    0.25                     5.0E10                   2700                     5284.421549338311        3050.962204021933        2502.294445801098
1.25663                  9.9                      0.101010101010101        5.297785343006805E-13    5.276352389947872E-13    0.25                     5.0E10                   2700                     5284.421549338311        3050.962204021933        2502.294445801098
1.25663                  9.92                     0.10080645161290322      5.298342243872169E-13    5.276760929712388E-13    0.25                     5.0E10                   2700                     5284.421549338311        3050.962204021933        2502.294445801098
1.25663                  9.94                     0.1006036217303823       5.298895851150131E-13    5.277167144314505E-13    0.25                     5.0E10                   2700                     5284.421549338311        3050.962204021933        2502.294445801098
1.25663                  9.959999999999999        0.10040160642570282      5.299446188208565E-13    5.277571050609165E-13    0.25                     5.0E10                   2700                     5284.421549338311        3050.962204021933        2502.294445801098
1.25663                  9.98                     0.1002004008016032       5.29999327817336E-13     5.277972665255656E-13    0.25                     5.0E10                   2700                     5284.421549338311        3050.962204021933        2502.294445801098
1.25663                  10                       0.1                      5.300098645701938E-13    5.277691523459215E-13    0.25                     5.0E10                   2700                     5284.421549338311        3050.962204021933        2502.294445801098
