1.62229                  0.1                      10                       5.331216616758537E-13    5.331266862396209E-13    0.25                     5.0E10                   2700                     6004.239243142206        3466.5491433070674       2502.294445801098
1.62229                  0.12000000000000001      8.333333333333332        5.362968127201684E-13    5.36350126450632E-13     0.25                     5.0E10                   2700                     6004.239243142206        3466.5491433070674       2502.294445801098
1.62229                  0.14                     7.1428571428571415       5.341264720601265E-13    5.339589319074479E-13    0.25                     5.0E10                   2700                     6004.239243142206        3466.5491433070674       2502.294445801098
1.62229                  0.16                     6.249999999999999        5.330588754648419E-13    5.331813511443682E-13    0.25                     5.0E10                   2700                     6004.239243142206        3466.5491433070674       2502.294445801098
1.62229                  0.18                     5.555555555555555        5.370819469648185E-13    5.372904057075581E-13    0.25                     5.0E10                   2700                     6004.239243142206        3466.5491433070674       2502.294445801098
1.62229                  0.2                      5                        5.329188396224682E-13    5.331432556750202E-13    0.25                     5.0E10                   2700                     6004.239243142206        3466.5491433070674       2502.294445801098
1.62229                  0.22                     4.545454545454546        5.358693846377299E-13    5.3672268579189E-13      0.25                     5.0E10                   2700                     6004.239243142206        3466.5491433070674       2502.294445801098
1.62229                  0.24000000000000002      4.166666666666666        5.350617886728407E-13    5.363092834719901E-13    0.25                     5.0E10                   2700                     6004.239243142206        3466.5491433070674       2502.294445801098
1.62229                  0.26                     3.846153846153846        5.33884197202888E-13     5.349310270881034E-13    0.25                     5.0E10                   2700                     6004.239243142206        3466.5491433070674       2502.294445801098
1.62229                  0.28                     3.5714285714285707       5.36615427467968E-13     5.371213673987593E-13    0.25                     5.0E10                   2700                     6004.239243142206        3466.5491433070674       2502.294445801098
1.62229                  0.30000000000000004      3.3333333333333326       5.37105164048447E-13     5.363551445094866E-13    0.25                     5.0E10                   2700                     6004.239243142206        3466.5491433070674       2502.294445801098
1.62229                  0.32                     3.1249999999999996       5.361442271710214E-13    5.327977481144464E-13    0.25                     5.0E10                   2700                     6004.239243142206        3466.5491433070674       2502.294445801098
1.62229                  0.33999999999999997      2.9411764705882355       5.428698759375612E-13    5.379277591650791E-13    0.25                     5.0E10                   2700                     6004.239243142206        3466.5491433070674       2502.294445801098
1.62229                  0.36                     2.7777777777777777       5.439123201307664E-13    5.347238433543276E-13    0.25                     5.0E10                   2700                     6004.239243142206        3466.5491433070674       2502.294445801098
1.62229                  0.38                     2.6315789473684212       5.495303798602067E-13    5.351591138518717E-13    0.25                     5.0E10                   2700                     6004.239243142206        3466.5491433070674       2502.294445801098
1.62229                  0.4                      2.5                      5.536028565648302E-13    5.34016657093232E-13     0.25                     5.0E10                   2700                     6004.239243142206        3466.5491433070674       2502.294445801098
1.62229                  0.42000000000000004      2.3809523809523805       5.606244586634364E-13    5.349646817651771E-13    0.25                     5.0E10                   2700                     6004.239243142206        3466.5491433070674       2502.294445801098
1.62229                  0.44000000000000006      2.272727272727273        5.680605122628348E-13    5.392976227975468E-13    0.25                     5.0E10                   2700                     6004.239243142206        3466.5491433070674       2502.294445801098
1.62229                  0.45999999999999996      2.173913043478261        5.751577657770296E-13    5.410504872151739E-13    0.25                     5.0E10                   2700                     6004.239243142206        3466.5491433070674       2502.294445801098
1.62229                  0.48                     2.0833333333333335       5.813591345145877E-13    5.417677161452547E-13    0.25                     5.0E10                   2700                     6004.239243142206        3466.5491433070674       2502.294445801098
1.62229                  0.5                      2                        5.860567353869507E-13    5.433032053769948E-13    0.25                     5.0E10                   2700                     6004.239243142206        3466.5491433070674       2502.294445801098
1.62229                  0.52                     1.923076923076923        5.938310190895122E-13    5.471760886308578E-13    0.25                     5.0E10                   2700                     6004.239243142206        3466.5491433070674       2502.294445801098
1.62229                  0.54                     1.8518518518518516       5.973708956562609E-13    5.460765381888588E-13    0.25                     5.0E10                   2700                     6004.239243142206        3466.5491433070674       2502.294445801098
1.62229                  0.56                     1.7857142857142854       6.075381084617861E-13    5.509609352887463E-13    0.25                     5.0E10                   2700                     6004.239243142206        3466.5491433070674       2502.294445801098
1.62229                  0.58                     1.7241379310344829       6.13750616693474E-13     5.527400816520099E-13    0.25                     5.0E10                   2700                     6004.239243142206        3466.5491433070674       2502.294445801098
1.62229                  0.6                      1.6666666666666667       6.221120903667858E-13    5.568457248175169E-13    0.25                     5.0E10                   2700                     6004.239243142206        3466.5491433070674       2502.294445801098
1.62229                  0.62                     1.6129032258064515       6.297002736335585E-13    5.600422086099394E-13    0.25                     5.0E10                   2700                     6004.239243142206        3466.5491433070674       2502.294445801098
1.62229                  0.64                     1.5624999999999998       6.397162614653375E-13    5.647210882532696E-13    0.25                     5.0E10                   2700                     6004.239243142206        3466.5491433070674       2502.294445801098
1.62229                  0.66                     1.515151515151515        6.36571386720258E-13     5.569142401788202E-13    0.25                     5.0E10                   2700                     6004.239243142206        3466.5491433070674       2502.294445801098
1.62229                  0.6799999999999999       1.4705882352941178       6.440874295855283E-13    5.582044338835961E-13    0.25                     5.0E10                   2700                     6004.239243142206        3466.5491433070674       2502.294445801098
1.62229                  0.7                      1.4285714285714286       6.596108433037788E-13    5.665090779425521E-13    0.25                     5.0E10                   2700                     6004.239243142206        3466.5491433070674       2502.294445801098
1.62229                  0.72                     1.3888888888888888       6.747605494218245E-13    5.742232511625855E-13    0.25                     5.0E10                   2700                     6004.239243142206        3466.5491433070674       2502.294445801098
1.62229                  0.74                     1.3513513513513513       6.930274963163688E-13    5.844280982230313E-13    0.25                     5.0E10                   2700                     6004.239243142206        3466.5491433070674       2502.294445801098
1.62229                  0.76                     1.3157894736842106       7.036406031435754E-13    5.878120269761806E-13    0.25                     5.0E10                   2700                     6004.239243142206        3466.5491433070674       2502.294445801098
1.62229                  0.78                     1.2820512820512822       7.025960065520068E-13    5.813056436716866E-13    0.25                     5.0E10                   2700                     6004.239243142206        3466.5491433070674       2502.294445801098
1.62229                  0.8                      1.25                     7.030918498863625E-13    5.767469015138865E-13    0.25                     5.0E10                   2700                     6004.239243142206        3466.5491433070674       2502.294445801098
1.62229                  0.82                     1.2195121951219514       7.100849889296402E-13    5.786725551067578E-13    0.25                     5.0E10                   2700                     6004.239243142206        3466.5491433070674       2502.294445801098
1.62229                  0.84                     1.1904761904761905       7.159597678933697E-13    5.808115862540819E-13    0.25                     5.0E10                   2700                     6004.239243142206        3466.5491433070674       2502.294445801098
1.62229                  0.86                     1.1627906976744187       7.183155302524784E-13    5.804263932294558E-13    0.25                     5.0E10                   2700                     6004.239243142206        3466.5491433070674       2502.294445801098
1.62229                  0.88                     1.1363636363636365       7.208704642899002E-13    5.801983273032086E-13    0.25                     5.0E10                   2700                     6004.239243142206        3466.5491433070674       2502.294445801098
1.62229                  0.9                      1.1111111111111112       7.260168924863365E-13    5.819641533078065E-13    0.25                     5.0E10                   2700                     6004.239243142206        3466.5491433070674       2502.294445801098
1.62229                  0.92                     1.0869565217391304       7.312422454503594E-13    5.838070327855223E-13    0.25                     5.0E10                   2700                     6004.239243142206        3466.5491433070674       2502.294445801098
1.62229                  0.94                     1.0638297872340425       7.343007104111536E-13    5.842230363720727E-13    0.25                     5.0E10                   2700                     6004.239243142206        3466.5491433070674       2502.294445801098
1.62229                  0.96                     1.0416666666666667       7.37049463064023E-13     5.84973919371115E-13     0.25                     5.0E10                   2700                     6004.239243142206        3466.5491433070674       2502.294445801098
1.62229                  0.98                     1.0204081632653061       7.427209322286767E-13    5.888216118588225E-13    0.25                     5.0E10                   2700                     6004.239243142206        3466.5491433070674       2502.294445801098
1.62229                  1                        1                        7.517137252702716E-13    5.961010441493713E-13    0.25                     5.0E10                   2700                     6004.239243142206        3466.5491433070674       2502.294445801098
1.62229                  1.02                     0.9803921568627452       7.60691474322832E-13     6.044480300758069E-13    0.25                     5.0E10                   2700                     6004.239243142206        3466.5491433070674       2502.294445801098
1.62229                  1.04                     0.9615384615384615       7.642960954206893E-13    6.092501409027214E-13    0.25                     5.0E10                   2700                     6004.239243142206        3466.5491433070674       2502.294445801098
1.62229                  1.06                     0.9433962264150944       7.591389594520654E-13    6.074219041978985E-13    0.25                     5.0E10                   2700                     6004.239243142206        3466.5491433070674       2502.294445801098
1.62229                  1.08                     0.9259259259259258       7.456698844359847E-13    5.988963791511929E-13    0.25                     5.0E10                   2700                     6004.239243142206        3466.5491433070674       2502.294445801098
1.62229                  1.1                      0.909090909090909        7.272152173968633E-13    5.860326126111255E-13    0.25                     5.0E10                   2700                     6004.239243142206        3466.5491433070674       2502.294445801098
1.62229                  1.12                     0.8928571428571427       7.075933506078866E-13    5.717986664467632E-13    0.25                     5.0E10                   2700                     6004.239243142206        3466.5491433070674       2502.294445801098
1.62229                  1.1400000000000001       0.8771929824561403       6.896521424364645E-13    5.58477780481737E-13     0.25                     5.0E10                   2700                     6004.239243142206        3466.5491433070674       2502.294445801098
1.62229                  1.1600000000000001       0.8620689655172412       6.746863309523664E-13    5.473084881896251E-13    0.25                     5.0E10                   2700                     6004.239243142206        3466.5491433070674       2502.294445801098
1.62229                  1.1800000000000002       0.8474576271186439       6.631420894193312E-13    5.388341694096745E-13    0.25                     5.0E10                   2700                     6004.239243142206        3466.5491433070674       2502.294445801098
1.62229                  1.2000000000000002       0.8333333333333331       6.550444261683566E-13    5.332588609302605E-13    0.25                     5.0E10                   2700                     6004.239243142206        3466.5491433070674       2502.294445801098
1.62229                  1.2200000000000002       0.8196721311475409       6.502682485411845E-13    5.306511266290863E-13    0.25                     5.0E10                   2700                     6004.239243142206        3466.5491433070674       2502.294445801098
1.62229                  1.2400000000000002       0.8064516129032256       6.485811813448375E-13    5.309730400470378E-13    0.25                     5.0E10                   2700                     6004.239243142206        3466.5491433070674       2502.294445801098
1.62229                  1.26                     0.7936507936507936       6.496683362417E-13       5.341069379978858E-13    0.25                     5.0E10                   2700                     6004.239243142206        3466.5491433070674       2502.294445801098
1.62229                  1.28                     0.7812499999999999       6.526484231348456E-13    5.394261831559864E-13    0.25                     5.0E10                   2700                     6004.239243142206        3466.5491433070674       2502.294445801098
1.62229                  1.3                      0.7692307692307692       6.565354072250791E-13    5.461851845515007E-13    0.25                     5.0E10                   2700                     6004.239243142206        3466.5491433070674       2502.294445801098
1.62229                  1.32                     0.7575757575757575       6.600167028758055E-13    5.533183756844193E-13    0.25                     5.0E10                   2700                     6004.239243142206        3466.5491433070674       2502.294445801098
1.62229                  1.34                     0.7462686567164178       6.617067106904149E-13    5.596291767303718E-13    0.25                     5.0E10                   2700                     6004.239243142206        3466.5491433070674       2502.294445801098
1.62229                  1.36                     0.7352941176470588       6.604060293677782E-13    5.639987803517971E-13    0.25                     5.0E10                   2700                     6004.239243142206        3466.5491433070674       2502.294445801098
1.62229                  1.3800000000000001       0.7246376811594203       6.553626705658925E-13    5.656155952780337E-13    0.25                     5.0E10                   2700                     6004.239243142206        3466.5491433070674       2502.294445801098
1.62229                  1.4000000000000001       0.7142857142857142       6.464358167243549E-13    5.641429919942303E-13    0.25                     5.0E10                   2700                     6004.239243142206        3466.5491433070674       2502.294445801098
1.62229                  1.4200000000000002       0.704225352112676        6.340961546125208E-13    5.597613674731717E-13    0.25                     5.0E10                   2700                     6004.239243142206        3466.5491433070674       2502.294445801098
1.62229                  1.4400000000000002       0.6944444444444444       6.193585515392205E-13    5.53099678637552E-13     0.25                     5.0E10                   2700                     6004.239243142206        3466.5491433070674       2502.294445801098
1.62229                  1.4600000000000002       0.6849315068493149       6.031778765331275E-13    5.449505895320389E-13    0.25                     5.0E10                   2700                     6004.239243142206        3466.5491433070674       2502.294445801098
1.62229                  1.4800000000000002       0.6756756756756755       5.867357800827727E-13    5.362149063120368E-13    0.25                     5.0E10                   2700                     6004.239243142206        3466.5491433070674       2502.294445801098
1.62229                  1.5000000000000002       0.6666666666666665       5.709490776635715E-13    5.276726258095783E-13    0.25                     5.0E10                   2700                     6004.239243142206        3466.5491433070674       2502.294445801098
1.62229                  1.52                     0.6578947368421053       5.564690473119551E-13    5.199160427343219E-13    0.25                     5.0E10                   2700                     6004.239243142206        3466.5491433070674       2502.294445801098
1.62229                  1.54                     0.6493506493506493       5.436744329945591E-13    5.13324978627137E-13     0.25                     5.0E10                   2700                     6004.239243142206        3466.5491433070674       2502.294445801098
1.62229                  1.56                     0.6410256410256411       5.327058515149123E-13    5.080805388269096E-13    0.25                     5.0E10                   2700                     6004.239243142206        3466.5491433070674       2502.294445801098
1.62229                  1.58                     0.6329113924050632       5.235167807081698E-13    5.041976094188023E-13    0.25                     5.0E10                   2700                     6004.239243142206        3466.5491433070674       2502.294445801098
1.62229                  1.6                      0.625                    5.159257132796228E-13    5.015627246564976E-13    0.25                     5.0E10                   2700                     6004.239243142206        3466.5491433070674       2502.294445801098
1.62229                  1.62                     0.6172839506172839       5.096635377621363E-13    4.999713429082001E-13    0.25                     5.0E10                   2700                     6004.239243142206        3466.5491433070674       2502.294445801098
1.62229                  1.6400000000000001       0.6097560975609756       5.044123293588574E-13    4.99160559965955E-13     0.25                     5.0E10                   2700                     6004.239243142206        3466.5491433070674       2502.294445801098
1.62229                  1.6600000000000001       0.6024096385542168       4.998391278160089E-13    4.988394504505181E-13    0.25                     5.0E10                   2700                     6004.239243142206        3466.5491433070674       2502.294445801098
1.62229                  1.6800000000000002       0.5952380952380951       4.957159474043702E-13    4.98818148759105E-13     0.25                     5.0E10                   2700                     6004.239243142206        3466.5491433070674       2502.294445801098
1.62229                  1.7000000000000002       0.588235294117647        4.915724850365375E-13    4.986223142180918E-13    0.25                     5.0E10                   2700                     6004.239243142206        3466.5491433070674       2502.294445801098
1.62229                  1.7200000000000002       0.5813953488372092       4.872641743461404E-13    4.981195080889632E-13    0.25                     5.0E10                   2700                     6004.239243142206        3466.5491433070674       2502.294445801098
1.62229                  1.7400000000000002       0.5747126436781609       4.826211186999509E-13    4.971347337588296E-13    0.25                     5.0E10                   2700                     6004.239243142206        3466.5491433070674       2502.294445801098
1.62229                  1.7600000000000002       0.5681818181818182       4.775410428910065E-13    4.955555216071345E-13    0.25                     5.0E10                   2700                     6004.239243142206        3466.5491433070674       2502.294445801098
1.62229                  1.78                     0.5617977528089887       4.719874519965037E-13    4.933327541845332E-13    0.25                     5.0E10                   2700                     6004.239243142206        3466.5491433070674       2502.294445801098
1.62229                  1.8                      0.5555555555555556       4.659809322489774E-13    4.904755206089515E-13    0.25                     5.0E10                   2700                     6004.239243142206        3466.5491433070674       2502.294445801098
1.62229                  1.82                     0.5494505494505494       4.595877578628707E-13    4.87041253963793E-13     0.25                     5.0E10                   2700                     6004.239243142206        3466.5491433070674       2502.294445801098
1.62229                  1.84                     0.5434782608695652       4.5290594969496667E-13   4.831231642380389E-13    0.25                     5.0E10                   2700                     6004.239243142206        3466.5491433070674       2502.294445801098
1.62229                  1.86                     0.5376344086021505       4.4605147641846854E-13   4.788369039424346E-13    0.25                     5.0E10                   2700                     6004.239243142206        3466.5491433070674       2502.294445801098
1.62229                  1.8800000000000001       0.5319148936170213       4.3914600721982365E-13   4.743081468238442E-13    0.25                     5.0E10                   2700                     6004.239243142206        3466.5491433070674       2502.294445801098
1.62229                  1.9000000000000001       0.5263157894736842       4.3230715846263865E-13   4.696622177531877E-13    0.25                     5.0E10                   2700                     6004.239243142206        3466.5491433070674       2502.294445801098
1.62229                  1.9200000000000002       0.5208333333333333       4.2564158450594505E-13   4.650163248754025E-13    0.25                     5.0E10                   2700                     6004.239243142206        3466.5491433070674       2502.294445801098
1.62229                  1.9400000000000002       0.5154639175257731       4.192407915608231E-13    4.60474443990348E-13     0.25                     5.0E10                   2700                     6004.239243142206        3466.5491433070674       2502.294445801098
1.62229                  1.9600000000000002       0.5102040816326531       4.1317909285723366E-13   4.561245101197615E-13    0.25                     5.0E10                   2700                     6004.239243142206        3466.5491433070674       2502.294445801098
1.62229                  1.9800000000000002       0.505050505050505        4.075141299676109E-13    4.520377371824057E-13    0.25                     5.0E10                   2700                     6004.239243142206        3466.5491433070674       2502.294445801098
1.62229                  2                        0.5                      4.0230521970374464E-13   4.482757188959318E-13    0.25                     5.0E10                   2700                     6004.239243142206        3466.5491433070674       2502.294445801098
1.62229                  2.02                     0.4950495049504951       3.9754168974950673E-13   4.4486389888430205E-13   0.25                     5.0E10                   2700                     6004.239243142206        3466.5491433070674       2502.294445801098
1.62229                  2.04                     0.4901960784313726       3.9325760193006805E-13   4.4183612330661805E-13   0.25                     5.0E10                   2700                     6004.239243142206        3466.5491433070674       2502.294445801098
1.62229                  2.06                     0.48543689320388345      3.8945761050987895E-13   4.392076986698513E-13    0.25                     5.0E10                   2700                     6004.239243142206        3466.5491433070674       2502.294445801098
1.62229                  2.08                     0.4807692307692307       3.8613837834716113E-13   4.3698474114210823E-13   0.25                     5.0E10                   2700                     6004.239243142206        3466.5491433070674       2502.294445801098
1.62229                  2.1                      0.47619047619047616      3.832904141300464E-13    4.351660272596885E-13    0.25                     5.0E10                   2700                     6004.239243142206        3466.5491433070674       2502.294445801098
1.62229                  2.12                     0.4716981132075472       3.8089964964811096E-13   4.33744631404882E-13     0.25                     5.0E10                   2700                     6004.239243142206        3466.5491433070674       2502.294445801098
1.62229                  2.14                     0.46728971962616817      3.7894874890231603E-13   4.3270932368659465E-13   0.25                     5.0E10                   2700                     6004.239243142206        3466.5491433070674       2502.294445801098
1.62229                  2.16                     0.4629629629629629       3.7741816321156715E-13   4.3204572851270286E-13   0.25                     5.0E10                   2700                     6004.239243142206        3466.5491433070674       2502.294445801098
1.62229                  2.18                     0.4587155963302752       3.7628695851193105E-13   4.31737259994767E-13     0.25                     5.0E10                   2700                     6004.239243142206        3466.5491433070674       2502.294445801098
1.62229                  2.2                      0.4545454545454545       3.755333449482562E-13    4.3176580883580223E-13   0.25                     5.0E10                   2700                     6004.239243142206        3466.5491433070674       2502.294445801098
1.62229                  2.22                     0.45045045045045035      3.7513554477053333E-13   4.3211250421259624E-13   0.25                     5.0E10                   2700                     6004.239243142206        3466.5491433070674       2502.294445801098
1.62229                  2.24                     0.44642857142857134      3.75071526561237E-13     4.3275784449669E-13      0.25                     5.0E10                   2700                     6004.239243142206        3466.5491433070674       2502.294445801098
1.62229                  2.2600000000000002       0.44247787610619466      3.7531962450079584E-13   4.336821923561944E-13    0.25                     5.0E10                   2700                     6004.239243142206        3466.5491433070674       2502.294445801098
1.62229                  2.2800000000000002       0.43859649122807015      3.758585813687165E-13    4.348659372402412E-13    0.25                     5.0E10                   2700                     6004.239243142206        3466.5491433070674       2502.294445801098
1.62229                  2.3000000000000003       0.43478260869565216      3.766676254880977E-13    4.3628963085931124E-13   0.25                     5.0E10                   2700                     6004.239243142206        3466.5491433070674       2502.294445801098
1.62229                  2.3200000000000003       0.4310344827586206       3.7772650054650703E-13   4.3793406614911697E-13   0.25                     5.0E10                   2700                     6004.239243142206        3466.5491433070674       2502.294445801098
1.62229                  2.3400000000000003       0.4273504273504273       3.7901546209202E-13      4.3978031454613706E-13   0.25                     5.0E10                   2700                     6004.239243142206        3466.5491433070674       2502.294445801098
1.62229                  2.3600000000000003       0.42372881355932196      3.8051525188021037E-13   4.4180973395988504E-13   0.25                     5.0E10                   2700                     6004.239243142206        3466.5491433070674       2502.294445801098
1.62229                  2.3800000000000003       0.4201680672268907       3.8220705913755414E-13   4.4400395769077817E-13   0.25                     5.0E10                   2700                     6004.239243142206        3466.5491433070674       2502.294445801098
1.62229                  2.4000000000000004       0.4166666666666666       3.840724760022163E-13    4.463448727006906E-13    0.25                     5.0E10                   2700                     6004.239243142206        3466.5491433070674       2502.294445801098
1.62229                  2.42                     0.4132231404958677       3.8609345282592897E-13   4.488145940038241E-13    0.25                     5.0E10                   2700                     6004.239243142206        3466.5491433070674       2502.294445801098
1.62229                  2.44                     0.4098360655737705       3.8825225779048584E-13   4.513954405770106E-13    0.25                     5.0E10                   2700                     6004.239243142206        3466.5491433070674       2502.294445801098
1.62229                  2.46                     0.4065040650406504       3.9053144417209963E-13   4.5406991695333595E-13   0.25                     5.0E10                   2700                     6004.239243142206        3466.5491433070674       2502.294445801098
1.62229                  2.48                     0.4032258064516129       3.929138276655036E-13    4.568207036165468E-13    0.25                     5.0E10                   2700                     6004.239243142206        3466.5491433070674       2502.294445801098
1.62229                  2.5                      0.4                      3.9565011858941256E-13   4.598506116001327E-13    0.25                     5.0E10                   2700                     6004.239243142206        3466.5491433070674       2502.294445801098
1.62229                  2.52                     0.3968253968253968       3.981835567745728E-13    4.626979585895961E-13    0.25                     5.0E10                   2700                     6004.239243142206        3466.5491433070674       2502.294445801098
1.62229                  2.54                     0.39370078740157477      4.007692384407474E-13    4.655698440439021E-13    0.25                     5.0E10                   2700                     6004.239243142206        3466.5491433070674       2502.294445801098
1.62229                  2.56                     0.39062499999999994      4.033909596316693E-13    4.684497058728342E-13    0.25                     5.0E10                   2700                     6004.239243142206        3466.5491433070674       2502.294445801098
1.62229                  2.58                     0.38759689922480617      4.0603299440852654E-13   4.713214357977052E-13    0.25                     5.0E10                   2700                     6004.239243142206        3466.5491433070674       2502.294445801098
1.62229                  2.6                      0.3846153846153846       4.086800107287862E-13    4.7416930885318E-13      0.25                     5.0E10                   2700                     6004.239243142206        3466.5491433070674       2502.294445801098
1.62229                  2.62                     0.3816793893129771       4.113171281627472E-13    4.769780542307673E-13    0.25                     5.0E10                   2700                     6004.239243142206        3466.5491433070674       2502.294445801098
1.62229                  2.64                     0.37878787878787873      4.1392998284912993E-13   4.797329334414023E-13    0.25                     5.0E10                   2700                     6004.239243142206        3466.5491433070674       2502.294445801098
1.62229                  2.66                     0.37593984962406013      4.165047977027734E-13    4.82419823592932E-13     0.25                     5.0E10                   2700                     6004.239243142206        3466.5491433070674       2502.294445801098
1.62229                  2.68                     0.3731343283582089       4.19028455667105E-13     4.850253033811606E-13    0.25                     5.0E10                   2700                     6004.239243142206        3466.5491433070674       2502.294445801098
1.62229                  2.7                      0.37037037037037035      4.21488573718027E-13     4.875367392544011E-13    0.25                     5.0E10                   2700                     6004.239243142206        3466.5491433070674       2502.294445801098
1.62229                  2.72                     0.3676470588235294       4.238735753258778E-13    4.899423692147051E-13    0.25                     5.0E10                   2700                     6004.239243142206        3466.5491433070674       2502.294445801098
1.62229                  2.74                     0.36496350364963503      4.2617275913454067E-13   4.922313817756094E-13    0.25                     5.0E10                   2700                     6004.239243142206        3466.5491433070674       2502.294445801098
1.62229                  2.7600000000000002       0.36231884057971014      4.2837636170801426E-13   4.943939877135673E-13    0.25                     5.0E10                   2700                     6004.239243142206        3466.5491433070674       2502.294445801098
1.62229                  2.7800000000000002       0.35971223021582727      4.3047561245379364E-13   4.964214825180458E-13    0.25                     5.0E10                   2700                     6004.239243142206        3466.5491433070674       2502.294445801098
1.62229                  2.8000000000000003       0.3571428571428571       4.324627790405878E-13    4.983062977159173E-13    0.25                     5.0E10                   2700                     6004.239243142206        3466.5491433070674       2502.294445801098
1.62229                  2.8200000000000003       0.35460992907801414      4.3433120195380037E-13   5.000420395891577E-13    0.25                     5.0E10                   2700                     6004.239243142206        3466.5491433070674       2502.294445801098
1.62229                  2.8400000000000003       0.352112676056338        4.3607531717100866E-13   5.016235142171351E-13    0.25                     5.0E10                   2700                     6004.239243142206        3466.5491433070674       2502.294445801098
1.62229                  2.8600000000000003       0.3496503496503496       4.376906663215469E-13    5.030467381769828E-13    0.25                     5.0E10                   2700                     6004.239243142206        3466.5491433070674       2502.294445801098
1.62229                  2.8800000000000003       0.3472222222222222       4.391738940374027E-13    5.043089346571039E-13    0.25                     5.0E10                   2700                     6004.239243142206        3466.5491433070674       2502.294445801098
1.62229                  2.9000000000000004       0.3448275862068965       4.4052273261304495E-13   5.054085151702792E-13    0.25                     5.0E10                   2700                     6004.239243142206        3466.5491433070674       2502.294445801098
1.62229                  2.92                     0.34246575342465757      4.417360195332984E-13    5.063450665058868E-13    0.25                     5.0E10                   2700                     6004.239243142206        3466.5491433070674       2502.294445801098
1.62229                  2.94                     0.3401360544217687       4.428134838764475E-13    5.071192337828936E-13    0.25                     5.0E10                   2700                     6004.239243142206        3466.5491433070674       2502.294445801098
1.62229                  2.96                     0.33783783783783783      4.437559492346474E-13    5.077327645963689E-13    0.25                     5.0E10                   2700                     6004.239243142206        3466.5491433070674       2502.294445801098
1.62229                  2.98                     0.3355704697986577       4.445651130069506E-13    5.081883795751384E-13    0.25                     5.0E10                   2700                     6004.239243142206        3466.5491433070674       2502.294445801098
1.62229                  3                        0.3333333333333333       4.452435186923973E-13    5.084897111310372E-13    0.25                     5.0E10                   2700                     6004.239243142206        3466.5491433070674       2502.294445801098
1.62229                  3.02                     0.33112582781456956      4.457944830766317E-13    5.086412210014234E-13    0.25                     5.0E10                   2700                     6004.239243142206        3466.5491433070674       2502.294445801098
1.62229                  3.04                     0.32894736842105265      4.4622201874327875E-13   5.086481127536135E-13    0.25                     5.0E10                   2700                     6004.239243142206        3466.5491433070674       2502.294445801098
1.62229                  3.06                     0.32679738562091504      4.465307534829237E-13    5.085162410321702E-13    0.25                     5.0E10                   2700                     6004.239243142206        3466.5491433070674       2502.294445801098
1.62229                  3.08                     0.3246753246753247       4.467258481379636E-13    5.082520192903831E-13    0.25                     5.0E10                   2700                     6004.239243142206        3466.5491433070674       2502.294445801098
1.62229                  3.1                      0.32258064516129037      4.468129143322039E-13    5.078623276289212E-13    0.25                     5.0E10                   2700                     6004.239243142206        3466.5491433070674       2502.294445801098
1.62229                  3.12                     0.32051282051282054      4.467979333790806E-13    5.073544222078488E-13    0.25                     5.0E10                   2700                     6004.239243142206        3466.5491433070674       2502.294445801098
1.62229                  3.14                     0.3184713375796178       4.4668717757329156E-13   5.067358475561331E-13    0.25                     5.0E10                   2700                     6004.239243142206        3466.5491433070674       2502.294445801098
1.62229                  3.16                     0.3164556962025316       4.4648713484381295E-13   5.060143528768305E-13    0.25                     5.0E10                   2700                     6004.239243142206        3466.5491433070674       2502.294445801098
1.62229                  3.18                     0.31446540880503143      4.4620443762319285E-13   5.05197813274821E-13     0.25                     5.0E10                   2700                     6004.239243142206        3466.5491433070674       2502.294445801098
1.62229                  3.2                      0.3125                   4.45845796579996E-13     5.042941566249463E-13    0.25                     5.0E10                   2700                     6004.239243142206        3466.5491433070674       2502.294445801098
1.62229                  3.22                     0.31055900621118004      4.4541793971040825E-13   5.033112966028788E-13    0.25                     5.0E10                   2700                     6004.239243142206        3466.5491433070674       2502.294445801098
1.62229                  3.24                     0.30864197530864196      4.449275571058492E-13    5.022570722112702E-13    0.25                     5.0E10                   2700                     6004.239243142206        3466.5491433070674       2502.294445801098
1.62229                  3.2600000000000002       0.3067484662576687       4.4438125158032006E-13   5.011391939861491E-13    0.25                     5.0E10                   2700                     6004.239243142206        3466.5491433070674       2502.294445801098
1.62229                  3.2800000000000002       0.3048780487804878       4.437854952050882E-13    4.999651969018956E-13    0.25                     5.0E10                   2700                     6004.239243142206        3466.5491433070674       2502.294445801098
1.62229                  3.3000000000000003       0.30303030303030304      4.431465916694937E-13    4.987423998765582E-13    0.25                     5.0E10                   2700                     6004.239243142206        3466.5491433070674       2502.294445801098
1.62229                  3.3200000000000003       0.3012048192771084       4.424706443046607E-13    4.974778716442878E-13    0.25                     5.0E10                   2700                     6004.239243142206        3466.5491433070674       2502.294445801098
1.62229                  3.3400000000000003       0.29940119760479045      4.4176039909602206E-13   4.961784287378623E-13    0.25                     5.0E10                   2700                     6004.239243142206        3466.5491433070674       2502.294445801098
1.62229                  3.3600000000000003       0.29761904761904756      4.41027210972441E-13     4.948494141096025E-13    0.25                     5.0E10                   2700                     6004.239243142206        3466.5491433070674       2502.294445801098
1.62229                  3.3800000000000003       0.29585798816568043      4.402738336462902E-13    4.934981086466452E-13    0.25                     5.0E10                   2700                     6004.239243142206        3466.5491433070674       2502.294445801098
1.62229                  3.4000000000000004       0.2941176470588235       4.3950535758711455E-13   4.921303615368943E-13    0.25                     5.0E10                   2700                     6004.239243142206        3466.5491433070674       2502.294445801098
1.62229                  3.4200000000000004       0.29239766081871343      4.3872658733948035E-13   4.907516842824819E-13    0.25                     5.0E10                   2700                     6004.239243142206        3466.5491433070674       2502.294445801098
1.62229                  3.44                     0.29069767441860467      4.3794203663035304E-13   4.893672467645062E-13    0.25                     5.0E10                   2700                     6004.239243142206        3466.5491433070674       2502.294445801098
1.62229                  3.46                     0.2890173410404624       4.371559266110046E-13    4.879818767925624E-13    0.25                     5.0E10                   2700                     6004.239243142206        3466.5491433070674       2502.294445801098
1.62229                  3.48                     0.28735632183908044      4.363721868791429E-13    4.866000626672037E-13    0.25                     5.0E10                   2700                     6004.239243142206        3466.5491433070674       2502.294445801098
1.62229                  3.5                      0.2857142857142857       4.355944588610387E-13    4.852259583238335E-13    0.25                     5.0E10                   2700                     6004.239243142206        3466.5491433070674       2502.294445801098
1.62229                  3.52                     0.2840909090909091       4.348262214652985E-13    4.838634811471312E-13    0.25                     5.0E10                   2700                     6004.239243142206        3466.5491433070674       2502.294445801098
1.62229                  3.54                     0.2824858757062147       4.340703199369678E-13    4.825159605848323E-13    0.25                     5.0E10                   2700                     6004.239243142206        3466.5491433070674       2502.294445801098
1.62229                  3.56                     0.28089887640449435      4.333296876623344E-13    4.811866875158469E-13    0.25                     5.0E10                   2700                     6004.239243142206        3466.5491433070674       2502.294445801098
1.62229                  3.58                     0.2793296089385475       4.3260688285250934E-13   4.798785681027915E-13    0.25                     5.0E10                   2700                     6004.239243142206        3466.5491433070674       2502.294445801098
1.62229                  3.6                      0.2777777777777778       4.3190421652670514E-13   4.785942255694598E-13    0.25                     5.0E10                   2700                     6004.239243142206        3466.5491433070674       2502.294445801098
1.62229                  3.62                     0.27624309392265195      4.3122376355694493E-13   4.77336013444503E-13     0.25                     5.0E10                   2700                     6004.239243142206        3466.5491433070674       2502.294445801098
1.62229                  3.64                     0.2747252747252747       4.3056737413728854E-13   4.761060291883857E-13    0.25                     5.0E10                   2700                     6004.239243142206        3466.5491433070674       2502.294445801098
1.62229                  3.66                     0.27322404371584696      4.2993668551115306E-13   4.749061280514921E-13    0.25                     5.0E10                   2700                     6004.239243142206        3466.5491433070674       2502.294445801098
1.62229                  3.68                     0.2717391304347826       4.29333133807177E-13     4.73737936980591E-13     0.25                     5.0E10                   2700                     6004.239243142206        3466.5491433070674       2502.294445801098
1.62229                  3.7                      0.2702702702702703       4.287579658449468E-13    4.726028684190152E-13    0.25                     5.0E10                   2700                     6004.239243142206        3466.5491433070674       2502.294445801098
1.62229                  3.72                     0.26881720430107525      4.2821225082643713E-13   4.715021339241354E-13    0.25                     5.0E10                   2700                     6004.239243142206        3466.5491433070674       2502.294445801098
1.62229                  3.74                     0.267379679144385        4.276968918095084E-13    4.704367574905622E-13    0.25                     5.0E10                   2700                     6004.239243142206        3466.5491433070674       2502.294445801098
1.62229                  3.7600000000000002       0.26595744680851063      4.272126368917866E-13    4.694075884767759E-13    0.25                     5.0E10                   2700                     6004.239243142206        3466.5491433070674       2502.294445801098
1.62229                  3.7800000000000002       0.26455026455026454      4.267600900677493E-13    4.684153141294643E-13    0.25                     5.0E10                   2700                     6004.239243142206        3466.5491433070674       2502.294445801098
1.62229                  3.8000000000000003       0.2631578947368421       4.263397216683836E-13    4.674604716020668E-13    0.25                     5.0E10                   2700                     6004.239243142206        3466.5491433070674       2502.294445801098
1.62229                  3.8200000000000003       0.26178010471204183      4.2595187842467893E-13   4.665434594856859E-13    0.25                     5.0E10                   2700                     6004.239243142206        3466.5491433070674       2502.294445801098
1.62229                  3.8400000000000003       0.26041666666666663      4.2559679305563947E-13   4.656645487930779E-13    0.25                     5.0E10                   2700                     6004.239243142206        3466.5491433070674       2502.294445801098
1.62229                  3.8600000000000003       0.25906735751295334      4.2527459341270185E-13   4.648238933956565E-13    0.25                     5.0E10                   2700                     6004.239243142206        3466.5491433070674       2502.294445801098
1.62229                  3.8800000000000003       0.25773195876288657      4.2498531116018264E-13   4.640215399160825E-13    0.25                     5.0E10                   2700                     6004.239243142206        3466.5491433070674       2502.294445801098
1.62229                  3.9000000000000004       0.2564102564102564       4.24728889987863E-13     4.632574370650401E-13    0.25                     5.0E10                   2700                     6004.239243142206        3466.5491433070674       2502.294445801098
1.62229                  3.9200000000000004       0.25510204081632654      4.2450519335929497E-13   4.625314444310675E-13    0.25                     5.0E10                   2700                     6004.239243142206        3466.5491433070674       2502.294445801098
1.62229                  3.94                     0.25380710659898476      4.243140118048328E-13    4.618433407413404E-13    0.25                     5.0E10                   2700                     6004.239243142206        3466.5491433070674       2502.294445801098
1.62229                  3.96                     0.2525252525252525       4.241550697731055E-13    4.611928315996548E-13    0.25                     5.0E10                   2700                     6004.239243142206        3466.5491433070674       2502.294445801098
1.62229                  3.98                     0.25125628140703515      4.2402803203855595E-13   4.60579556715129E-13     0.25                     5.0E10                   2700                     6004.239243142206        3466.5491433070674       2502.294445801098
1.62229                  4                        0.25                     4.239325097089563E-13    4.600030966578777E-13    0.25                     5.0E10                   2700                     6004.239243142206        3466.5491433070674       2502.294445801098
1.62229                  4.02                     0.24875621890547264      4.238680658156163E-13    4.594629791437853E-13    0.25                     5.0E10                   2700                     6004.239243142206        3466.5491433070674       2502.294445801098
1.62229                  4.04                     0.24752475247524755      4.2383422052404905E-13   4.589586848701546E-13    0.25                     5.0E10                   2700                     6004.239243142206        3466.5491433070674       2502.294445801098
1.62229                  4.06                     0.24630541871921185      4.238304559820828E-13    4.584896529434579E-13    0.25                     5.0E10                   2700                     6004.239243142206        3466.5491433070674       2502.294445801098
1.62229                  4.08                     0.2450980392156863       4.238562208200557E-13    4.580552858910131E-13    0.25                     5.0E10                   2700                     6004.239243142206        3466.5491433070674       2502.294445801098
1.62229                  4.1                      0.24390243902439027      4.2391093430931835E-13   4.576549543051777E-13    0.25                     5.0E10                   2700                     6004.239243142206        3466.5491433070674       2502.294445801098
1.62229                  4.12                     0.24271844660194172      4.2399399023380564E-13   4.57288001135978E-13     0.25                     5.0E10                   2700                     6004.239243142206        3466.5491433070674       2502.294445801098
1.62229                  4.14                     0.2415458937198068       4.2410476044087553E-13   4.569537456338169E-13    0.25                     5.0E10                   2700                     6004.239243142206        3466.5491433070674       2502.294445801098
1.62229                  4.16                     0.24038461538461536      4.242425981368465E-13    4.566514869883112E-13    0.25                     5.0E10                   2700                     6004.239243142206        3466.5491433070674       2502.294445801098
1.62229                  4.18                     0.2392344497607656       4.2440684091293327E-13   4.563805076761011E-13    0.25                     5.0E10                   2700                     6004.239243142206        3466.5491433070674       2502.294445801098
1.62229                  4.199999999999999        0.23809523809523814      4.24596813533977E-13     4.561400765184504E-13    0.25                     5.0E10                   2700                     6004.239243142206        3466.5491433070674       2502.294445801098
1.62229                  4.22                     0.23696682464454977      4.248118304983301E-13    4.559294515043847E-13    0.25                     5.0E10                   2700                     6004.239243142206        3466.5491433070674       2502.294445801098
1.62229                  4.239999999999999        0.23584905660377362      4.250511983886079E-13    4.5574788234871E-13      0.25                     5.0E10                   2700                     6004.239243142206        3466.5491433070674       2502.294445801098
1.62229                  4.26                     0.2347417840375587       4.253142180229594E-13    4.555946128579151E-13    0.25                     5.0E10                   2700                     6004.239243142206        3466.5491433070674       2502.294445801098
1.62229                  4.279999999999999        0.23364485981308417      4.2560018641801386E-13   4.554688830500849E-13    0.25                     5.0E10                   2700                     6004.239243142206        3466.5491433070674       2502.294445801098
1.62229                  4.3                      0.23255813953488372      4.25908398597168E-13     4.553699311304567E-13    0.25                     5.0E10                   2700                     6004.239243142206        3466.5491433070674       2502.294445801098
1.62229                  4.319999999999999        0.23148148148148148      4.2623814922011676E-13   4.552969952400077E-13    0.25                     5.0E10                   2700                     6004.239243142206        3466.5491433070674       2502.294445801098
1.62229                  4.34                     0.2304147465437788       4.265887340770561E-13    4.552493150761917E-13    0.25                     5.0E10                   2700                     6004.239243142206        3466.5491433070674       2502.294445801098
1.62229                  4.359999999999999        0.22935779816513763      4.2695945144716633E-13   4.552261333491101E-13    0.25                     5.0E10                   2700                     6004.239243142206        3466.5491433070674       2502.294445801098
1.62229                  4.38                     0.228310502283105        4.2734985664289444E-13   4.552269000673989E-13    0.25                     5.0E10                   2700                     6004.239243142206        3466.5491433070674       2502.294445801098
1.62229                  4.3999999999999995       0.22727272727272732      4.277587534508332E-13    4.552504652843417E-13    0.25                     5.0E10                   2700                     6004.239243142206        3466.5491433070674       2502.294445801098
1.62229                  4.42                     0.22624434389140272      4.2818570423361827E-13   4.552962876053647E-13    0.25                     5.0E10                   2700                     6004.239243142206        3466.5491433070674       2502.294445801098
1.62229                  4.4399999999999995       0.22522522522522526      4.286300283727419E-13    4.553636336549981E-13    0.25                     5.0E10                   2700                     6004.239243142206        3466.5491433070674       2502.294445801098
1.62229                  4.46                     0.2242152466367713       4.2909105279603147E-13   4.554517784297558E-13    0.25                     5.0E10                   2700                     6004.239243142206        3466.5491433070674       2502.294445801098
1.62229                  4.4799999999999995       0.2232142857142857       4.295681126935834E-13    4.555600060577757E-13    0.25                     5.0E10                   2700                     6004.239243142206        3466.5491433070674       2502.294445801098
1.62229                  4.5                      0.22222222222222224      4.300605521772039E-13    4.55687610461466E-13     0.25                     5.0E10                   2700                     6004.239243142206        3466.5491433070674       2502.294445801098
1.62229                  4.52                     0.22123893805309736      4.305677248364123E-13    4.55833895950255E-13     0.25                     5.0E10                   2700                     6004.239243142206        3466.5491433070674       2502.294445801098
1.62229                  4.54                     0.22026431718061676      4.3108899425924877E-13   4.559981777383822E-13    0.25                     5.0E10                   2700                     6004.239243142206        3466.5491433070674       2502.294445801098
1.62229                  4.56                     0.21929824561403513      4.316237344612781E-13    4.561797823925924E-13    0.25                     5.0E10                   2700                     6004.239243142206        3466.5491433070674       2502.294445801098
1.62229                  4.58                     0.21834061135371177      4.3217133029260976E-13   4.563780482219472E-13    0.25                     5.0E10                   2700                     6004.239243142206        3466.5491433070674       2502.294445801098
1.62229                  4.6                      0.2173913043478261       4.327311777477022E-13    4.565923255976843E-13    0.25                     5.0E10                   2700                     6004.239243142206        3466.5491433070674       2502.294445801098
1.62229                  4.62                     0.21645021645021645      4.333026842713374E-13    4.568219772521833E-13    0.25                     5.0E10                   2700                     6004.239243142206        3466.5491433070674       2502.294445801098
1.62229                  4.64                     0.21551724137931036      4.338852689890874E-13    4.570663784909489E-13    0.25                     5.0E10                   2700                     6004.239243142206        3466.5491433070674       2502.294445801098
1.62229                  4.66                     0.2145922746781116       4.3447836291360823E-13   4.573249173929874E-13    0.25                     5.0E10                   2700                     6004.239243142206        3466.5491433070674       2502.294445801098
1.62229                  4.68                     0.21367521367521367      4.3508140909759526E-13   4.575969949398295E-13    0.25                     5.0E10                   2700                     6004.239243142206        3466.5491433070674       2502.294445801098
1.62229                  4.7                      0.2127659574468085       4.356938627757199E-13    4.578820251555092E-13    0.25                     5.0E10                   2700                     6004.239243142206        3466.5491433070674       2502.294445801098
1.62229                  4.72                     0.211864406779661        4.3631519145139817E-13   4.581794351579957E-13    0.25                     5.0E10                   2700                     6004.239243142206        3466.5491433070674       2502.294445801098
1.62229                  4.739999999999999        0.21097046413502113      4.3694487497320437E-13   4.584886652247387E-13    0.25                     5.0E10                   2700                     6004.239243142206        3466.5491433070674       2502.294445801098
1.62229                  4.76                     0.21008403361344538      4.3758240556283133E-13   4.5880916879354E-13      0.25                     5.0E10                   2700                     6004.239243142206        3466.5491433070674       2502.294445801098
1.62229                  4.779999999999999        0.20920502092050208      4.3822728783536544E-13   4.591404124714424E-13    0.25                     5.0E10                   2700                     6004.239243142206        3466.5491433070674       2502.294445801098
1.62229                  4.8                      0.20833333333333334      4.388790388104492E-13    4.594818760065395E-13    0.25                     5.0E10                   2700                     6004.239243142206        3466.5491433070674       2502.294445801098
1.62229                  4.819999999999999        0.2074688796680498       4.3953718785657215E-13   4.5983305222622E-13      0.25                     5.0E10                   2700                     6004.239243142206        3466.5491433070674       2502.294445801098
1.62229                  4.84                     0.20661157024793386      4.402012766683664E-13    4.601934469780699E-13    0.25                     5.0E10                   2700                     6004.239243142206        3466.5491433070674       2502.294445801098
1.62229                  4.859999999999999        0.20576131687242802      4.408708591942042E-13    4.605625790405867E-13    0.25                     5.0E10                   2700                     6004.239243142206        3466.5491433070674       2502.294445801098
1.62229                  4.88                     0.20491803278688525      4.415455015657254E-13    4.609399800231541E-13    0.25                     5.0E10                   2700                     6004.239243142206        3466.5491433070674       2502.294445801098
1.62229                  4.8999999999999995       0.20408163265306126      4.42224781994562E-13     4.613251942498394E-13    0.25                     5.0E10                   2700                     6004.239243142206        3466.5491433070674       2502.294445801098
1.62229                  4.92                     0.2032520325203252       4.4290829067591164E-13   4.617177786263599E-13    0.25                     5.0E10                   2700                     6004.239243142206        3466.5491433070674       2502.294445801098
1.62229                  4.9399999999999995       0.20242914979757085      4.435956296684641E-13    4.62117302515248E-13     0.25                     5.0E10                   2700                     6004.239243142206        3466.5491433070674       2502.294445801098
1.62229                  4.96                     0.20161290322580644      4.44286412770672E-13     4.625233475641146E-13    0.25                     5.0E10                   2700                     6004.239243142206        3466.5491433070674       2502.294445801098
1.62229                  4.9799999999999995       0.20080321285140565      4.4498026538770275E-13   4.629355075692787E-13    0.25                     5.0E10                   2700                     6004.239243142206        3466.5491433070674       2502.294445801098
1.62229                  5                        0.2                      4.457643270715368E-13    4.634671845928789E-13    0.25                     5.0E10                   2700                     6004.239243142206        3466.5491433070674       2502.294445801098
1.62229                  5.02                     0.19920318725099603      4.464635037617305E-13    4.638906538960151E-13    0.25                     5.0E10                   2700                     6004.239243142206        3466.5491433070674       2502.294445801098
1.62229                  5.04                     0.1984126984126984       4.4716463436665255E-13   4.64319022455449E-13     0.25                     5.0E10                   2700                     6004.239243142206        3466.5491433070674       2502.294445801098
1.62229                  5.06                     0.19762845849802374      4.4786739146826045E-13   4.647519337845327E-13    0.25                     5.0E10                   2700                     6004.239243142206        3466.5491433070674       2502.294445801098
1.62229                  5.08                     0.19685039370078738      4.485714583844745E-13    4.651890425343917E-13    0.25                     5.0E10                   2700                     6004.239243142206        3466.5491433070674       2502.294445801098
1.62229                  5.1                      0.19607843137254904      4.4927652899348223E-13   4.656300143105843E-13    0.25                     5.0E10                   2700                     6004.239243142206        3466.5491433070674       2502.294445801098
1.62229                  5.12                     0.19531249999999997      4.499823075626436E-13    4.660745254700027E-13    0.25                     5.0E10                   2700                     6004.239243142206        3466.5491433070674       2502.294445801098
1.62229                  5.14                     0.1945525291828794       4.506885085668056E-13    4.665222629339033E-13    0.25                     5.0E10                   2700                     6004.239243142206        3466.5491433070674       2502.294445801098
1.62229                  5.16                     0.19379844961240308      4.5139485648599223E-13   4.669729239747303E-13    0.25                     5.0E10                   2700                     6004.239243142206        3466.5491433070674       2502.294445801098
1.62229                  5.18                     0.19305019305019305      4.521010856539931E-13    4.67426216024612E-13     0.25                     5.0E10                   2700                     6004.239243142206        3466.5491433070674       2502.294445801098
1.62229                  5.2                      0.1923076923076923       4.5280694002080966E-13   4.678818564710144E-13    0.25                     5.0E10                   2700                     6004.239243142206        3466.5491433070674       2502.294445801098
1.62229                  5.22                     0.19157088122605365      4.5351217300582395E-13   4.683395724421931E-13    0.25                     5.0E10                   2700                     6004.239243142206        3466.5491433070674       2502.294445801098
1.62229                  5.239999999999999        0.19083969465648856      4.542165472858933E-13    4.687991006160053E-13    0.25                     5.0E10                   2700                     6004.239243142206        3466.5491433070674       2502.294445801098
1.62229                  5.26                     0.19011406844106465      4.549198345937412E-13    4.692601870103133E-13    0.25                     5.0E10                   2700                     6004.239243142206        3466.5491433070674       2502.294445801098
1.62229                  5.279999999999999        0.18939393939393942      4.556218155414433E-13    4.697225867651446E-13    0.25                     5.0E10                   2700                     6004.239243142206        3466.5491433070674       2502.294445801098
1.62229                  5.3                      0.18867924528301888      4.563222794164254E-13    4.70186063963046E-13     0.25                     5.0E10                   2700                     6004.239243142206        3466.5491433070674       2502.294445801098
1.62229                  5.319999999999999        0.1879699248120301       4.570210239911034E-13    4.70650391397679E-13     0.25                     5.0E10                   2700                     6004.239243142206        3466.5491433070674       2502.294445801098
1.62229                  5.34                     0.18726591760299627      4.577178553267695E-13    4.711153503948655E-13    0.25                     5.0E10                   2700                     6004.239243142206        3466.5491433070674       2502.294445801098
1.62229                  5.359999999999999        0.1865671641791045       4.584125875761615E-13    4.715807305901204E-13    0.25                     5.0E10                   2700                     6004.239243142206        3466.5491433070674       2502.294445801098
1.62229                  5.38                     0.1858736059479554       4.591050428088396E-13    4.72046329743184E-13     0.25                     5.0E10                   2700                     6004.239243142206        3466.5491433070674       2502.294445801098
1.62229                  5.3999999999999995       0.1851851851851852       4.597950507902932E-13    4.725119535279975E-13    0.25                     5.0E10                   2700                     6004.239243142206        3466.5491433070674       2502.294445801098
1.62229                  5.42                     0.18450184501845018      4.604824488199214E-13    4.729774153438279E-13    0.25                     5.0E10                   2700                     6004.239243142206        3466.5491433070674       2502.294445801098
1.62229                  5.4399999999999995       0.18382352941176472      4.611670815315649E-13    4.734425361127982E-13    0.25                     5.0E10                   2700                     6004.239243142206        3466.5491433070674       2502.294445801098
1.62229                  5.46                     0.18315018315018314      4.618488006949771E-13    4.739071440922494E-13    0.25                     5.0E10                   2700                     6004.239243142206        3466.5491433070674       2502.294445801098
1.62229                  5.4799999999999995       0.18248175182481755      4.625274650448463E-13    4.743710746728879E-13    0.25                     5.0E10                   2700                     6004.239243142206        3466.5491433070674       2502.294445801098
1.62229                  5.5                      0.18181818181818182      4.632029400997838E-13    4.74834170205148E-13     0.25                     5.0E10                   2700                     6004.239243142206        3466.5491433070674       2502.294445801098
1.62229                  5.52                     0.1811594202898551       4.638750979592859E-13    4.752962797969211E-13    0.25                     5.0E10                   2700                     6004.239243142206        3466.5491433070674       2502.294445801098
1.62229                  5.54                     0.18050541516245486      4.645438171474158E-13    4.757572591415627E-13    0.25                     5.0E10                   2700                     6004.239243142206        3466.5491433070674       2502.294445801098
1.62229                  5.56                     0.1798561151079137       4.652089824230063E-13    4.76216970327751E-13     0.25                     5.0E10                   2700                     6004.239243142206        3466.5491433070674       2502.294445801098
1.62229                  5.58                     0.17921146953405018      4.658704846015452E-13    4.766752816623484E-13    0.25                     5.0E10                   2700                     6004.239243142206        3466.5491433070674       2502.294445801098
1.62229                  5.6                      0.17857142857142858      4.665282203954842E-13    4.771320674978963E-13    0.25                     5.0E10                   2700                     6004.239243142206        3466.5491433070674       2502.294445801098
1.62229                  5.62                     0.17793594306049823      4.671820922289013E-13    4.775872080575987E-13    0.25                     5.0E10                   2700                     6004.239243142206        3466.5491433070674       2502.294445801098
1.62229                  5.64                     0.1773049645390071       4.67832008081046E-13     4.780405892575792E-13    0.25                     5.0E10                   2700                     6004.239243142206        3466.5491433070674       2502.294445801098
1.62229                  5.66                     0.17667844522968196      4.684778813100505E-13    4.784921025516201E-13    0.25                     5.0E10                   2700                     6004.239243142206        3466.5491433070674       2502.294445801098
1.62229                  5.68                     0.17605633802816903      4.691196305050534E-13    4.789416447534698E-13    0.25                     5.0E10                   2700                     6004.239243142206        3466.5491433070674       2502.294445801098
1.62229                  5.7                      0.17543859649122806      4.697571793159513E-13    4.79389117890452E-13     0.25                     5.0E10                   2700                     6004.239243142206        3466.5491433070674       2502.294445801098
1.62229                  5.72                     0.17482517482517484      4.703904562870694E-13    4.798344290225737E-13    0.25                     5.0E10                   2700                     6004.239243142206        3466.5491433070674       2502.294445801098
1.62229                  5.739999999999999        0.17421602787456447      4.710193947273486E-13    4.802774901111741E-13    0.25                     5.0E10                   2700                     6004.239243142206        3466.5491433070674       2502.294445801098
1.62229                  5.76                     0.1736111111111111       4.716439325325531E-13    4.807182178444113E-13    0.25                     5.0E10                   2700                     6004.239243142206        3466.5491433070674       2502.294445801098
1.62229                  5.779999999999999        0.17301038062283738      4.722640120694374E-13    4.811565335119068E-13    0.25                     5.0E10                   2700                     6004.239243142206        3466.5491433070674       2502.294445801098
1.62229                  5.8                      0.1724137931034483       4.728795799926068E-13    4.815923628274609E-13    0.25                     5.0E10                   2700                     6004.239243142206        3466.5491433070674       2502.294445801098
1.62229                  5.819999999999999        0.17182130584192443      4.734905871199713E-13    4.820256358125489E-13    0.25                     5.0E10                   2700                     6004.239243142206        3466.5491433070674       2502.294445801098
1.62229                  5.84                     0.17123287671232879      4.740974903445665E-13    4.824567213915863E-13    0.25                     5.0E10                   2700                     6004.239243142206        3466.5491433070674       2502.294445801098
1.62229                  5.859999999999999        0.17064846416382254      4.746992511839444E-13    4.828846940269674E-13    0.25                     5.0E10                   2700                     6004.239243142206        3466.5491433070674       2502.294445801098
1.62229                  5.88                     0.17006802721088435      4.752963273832911E-13    4.833099248680394E-13    0.25                     5.0E10                   2700                     6004.239243142206        3466.5491433070674       2502.294445801098
1.62229                  5.8999999999999995       0.16949152542372883      4.758886850372596E-13    4.837323597433277E-13    0.25                     5.0E10                   2700                     6004.239243142206        3466.5491433070674       2502.294445801098
1.62229                  5.92                     0.16891891891891891      4.764762937452085E-13    4.841519481148291E-13    0.25                     5.0E10                   2700                     6004.239243142206        3466.5491433070674       2502.294445801098
1.62229                  5.9399999999999995       0.16835016835016836      4.770591264675336E-13    4.845686429409406E-13    0.25                     5.0E10                   2700                     6004.239243142206        3466.5491433070674       2502.294445801098
1.62229                  5.96                     0.16778523489932884      4.776371594006158E-13    4.849824005552823E-13    0.25                     5.0E10                   2700                     6004.239243142206        3466.5491433070674       2502.294445801098
1.62229                  5.9799999999999995       0.16722408026755856      4.782103718800153E-13    4.853931805528234E-13    0.25                     5.0E10                   2700                     6004.239243142206        3466.5491433070674       2502.294445801098
1.62229                  6                        0.16666666666666666      4.787787462337223E-13    4.858009456676296E-13    0.25                     5.0E10                   2700                     6004.239243142206        3466.5491433070674       2502.294445801098
1.62229                  6.02                     0.16611295681063123      4.793422676957885E-13    4.862056616635E-13       0.25                     5.0E10                   2700                     6004.239243142206        3466.5491433070674       2502.294445801098
1.62229                  6.04                     0.16556291390728478      4.799009242775001E-13    4.866072972220797E-13    0.25                     5.0E10                   2700                     6004.239243142206        3466.5491433070674       2502.294445801098
1.62229                  6.06                     0.16501650165016504      4.804547066640477E-13    4.870058238340164E-13    0.25                     5.0E10                   2700                     6004.239243142206        3466.5491433070674       2502.294445801098
1.62229                  6.08                     0.16447368421052633      4.810036081094558E-13    4.874012156913937E-13    0.25                     5.0E10                   2700                     6004.239243142206        3466.5491433070674       2502.294445801098
1.62229                  6.1                      0.16393442622950818      4.815476243432419E-13    4.877934495984395E-13    0.25                     5.0E10                   2700                     6004.239243142206        3466.5491433070674       2502.294445801098
1.62229                  6.12                     0.16339869281045752      4.820867534471456E-13    4.881825048496609E-13    0.25                     5.0E10                   2700                     6004.239243142206        3466.5491433070674       2502.294445801098
1.62229                  6.14                     0.16286644951140067      4.82620995774825E-13     4.885683631539293E-13    0.25                     5.0E10                   2700                     6004.239243142206        3466.5491433070674       2502.294445801098
1.62229                  6.16                     0.16233766233766234      4.831503538662222E-13    4.889510085306273E-13    0.25                     5.0E10                   2700                     6004.239243142206        3466.5491433070674       2502.294445801098
1.62229                  6.18                     0.16181229773462782      4.836748323329019E-13    4.8933042721631E-13      0.25                     5.0E10                   2700                     6004.239243142206        3466.5491433070674       2502.294445801098
1.62229                  6.2                      0.16129032258064518      4.841944377773351E-13    4.897066075821635E-13    0.25                     5.0E10                   2700                     6004.239243142206        3466.5491433070674       2502.294445801098
1.62229                  6.22                     0.16077170418006428      4.847091787112379E-13    4.900795400421343E-13    0.25                     5.0E10                   2700                     6004.239243142206        3466.5491433070674       2502.294445801098
1.62229                  6.24                     0.16025641025641027      4.852190654638654E-13    4.904492169693143E-13    0.25                     5.0E10                   2700                     6004.239243142206        3466.5491433070674       2502.294445801098
1.62229                  6.26                     0.1597444089456869       4.857241101084854E-13    4.90815632618839E-13     0.25                     5.0E10                   2700                     6004.239243142206        3466.5491433070674       2502.294445801098
1.62229                  6.279999999999999        0.15923566878980894      4.862243263768661E-13    4.911787830469266E-13    0.25                     5.0E10                   2700                     6004.239243142206        3466.5491433070674       2502.294445801098
1.62229                  6.3                      0.15873015873015872      4.867197295772603E-13    4.915386660280412E-13    0.25                     5.0E10                   2700                     6004.239243142206        3466.5491433070674       2502.294445801098
1.62229                  6.319999999999999        0.15822784810126583      4.87210336521069E-13     4.918952809858909E-13    0.25                     5.0E10                   2700                     6004.239243142206        3466.5491433070674       2502.294445801098
1.62229                  6.34                     0.1577287066246057       4.876961654709635E-13    4.922486289284703E-13    0.25                     5.0E10                   2700                     6004.239243142206        3466.5491433070674       2502.294445801098
1.62229                  6.359999999999999        0.15723270440251574      4.881772360316763E-13    4.925987123562554E-13    0.25                     5.0E10                   2700                     6004.239243142206        3466.5491433070674       2502.294445801098
1.62229                  6.38                     0.15673981191222572      4.886535691122203E-13    4.929455352165848E-13    0.25                     5.0E10                   2700                     6004.239243142206        3466.5491433070674       2502.294445801098
1.62229                  6.3999999999999995       0.15625                  4.891251868530199E-13    4.932891028289422E-13    0.25                     5.0E10                   2700                     6004.239243142206        3466.5491433070674       2502.294445801098
1.62229                  6.42                     0.1557632398753894       4.895921125596871E-13    4.936294218211058E-13    0.25                     5.0E10                   2700                     6004.239243142206        3466.5491433070674       2502.294445801098
1.62229                  6.4399999999999995       0.15527950310559008      4.900543706289871E-13    4.939665000628979E-13    0.25                     5.0E10                   2700                     6004.239243142206        3466.5491433070674       2502.294445801098
1.62229                  6.46                     0.15479876160990713      4.905119865144128E-13    4.943003466184047E-13    0.25                     5.0E10                   2700                     6004.239243142206        3466.5491433070674       2502.294445801098
1.62229                  6.4799999999999995       0.154320987654321        4.909649866469002E-13    4.946309716766369E-13    0.25                     5.0E10                   2700                     6004.239243142206        3466.5491433070674       2502.294445801098
1.62229                  6.5                      0.15384615384615383      4.914133983827926E-13    4.949583864992848E-13    0.25                     5.0E10                   2700                     6004.239243142206        3466.5491433070674       2502.294445801098
1.62229                  6.52                     0.15337423312883436      4.918572499644502E-13    4.95282603375726E-13     0.25                     5.0E10                   2700                     6004.239243142206        3466.5491433070674       2502.294445801098
1.62229                  6.54                     0.15290519877675843      4.922965704347144E-13    4.956036355469498E-13    0.25                     5.0E10                   2700                     6004.239243142206        3466.5491433070674       2502.294445801098
1.62229                  6.56                     0.15243902439024393      4.927313896349565E-13    4.959214971896071E-13    0.25                     5.0E10                   2700                     6004.239243142206        3466.5491433070674       2502.294445801098
1.62229                  6.58                     0.1519756838905775       4.931617381105311E-13    4.962362033345989E-13    0.25                     5.0E10                   2700                     6004.239243142206        3466.5491433070674       2502.294445801098
1.62229                  6.6                      0.15151515151515152      4.935876470834593E-13    4.965477698376885E-13    0.25                     5.0E10                   2700                     6004.239243142206        3466.5491433070674       2502.294445801098
1.62229                  6.62                     0.1510574018126888       4.940091484068505E-13    4.968562133303573E-13    0.25                     5.0E10                   2700                     6004.239243142206        3466.5491433070674       2502.294445801098
1.62229                  6.64                     0.1506024096385542       4.944262745301751E-13    4.971615511794936E-13    0.25                     5.0E10                   2700                     6004.239243142206        3466.5491433070674       2502.294445801098
1.62229                  6.66                     0.15015015015015015      4.948390584332692E-13    4.974638014358668E-13    0.25                     5.0E10                   2700                     6004.239243142206        3466.5491433070674       2502.294445801098
1.62229                  6.68                     0.14970059880239522      4.95247533601958E-13     4.977629827986175E-13    0.25                     5.0E10                   2700                     6004.239243142206        3466.5491433070674       2502.294445801098
1.62229                  6.7                      0.1492537313432836       4.956517339927228E-13    4.980591145815689E-13    0.25                     5.0E10                   2700                     6004.239243142206        3466.5491433070674       2502.294445801098
1.62229                  6.72                     0.1488095238095238       4.960516939809148E-13    4.98352216664366E-13     0.25                     5.0E10                   2700                     6004.239243142206        3466.5491433070674       2502.294445801098
1.62229                  6.74                     0.14836795252225518      4.964474483323425E-13    4.986423094625374E-13    0.25                     5.0E10                   2700                     6004.239243142206        3466.5491433070674       2502.294445801098
1.62229                  6.76                     0.14792899408284024      4.968390321751767E-13    4.989294138952352E-13    0.25                     5.0E10                   2700                     6004.239243142206        3466.5491433070674       2502.294445801098
1.62229                  6.779999999999999        0.14749262536873156      4.972264809494728E-13    4.992135513398086E-13    0.25                     5.0E10                   2700                     6004.239243142206        3466.5491433070674       2502.294445801098
1.62229                  6.8                      0.14705882352941177      4.976098303871398E-13    4.994947436120676E-13    0.25                     5.0E10                   2700                     6004.239243142206        3466.5491433070674       2502.294445801098
1.62229                  6.819999999999999        0.1466275659824047       4.979891164826565E-13    4.997730129298359E-13    0.25                     5.0E10                   2700                     6004.239243142206        3466.5491433070674       2502.294445801098
1.62229                  6.84                     0.14619883040935674      4.983643754592052E-13    5.000483818816349E-13    0.25                     5.0E10                   2700                     6004.239243142206        3466.5491433070674       2502.294445801098
1.62229                  6.859999999999999        0.1457725947521866       4.987356437270229E-13    5.003208733932241E-13    0.25                     5.0E10                   2700                     6004.239243142206        3466.5491433070674       2502.294445801098
1.62229                  6.88                     0.14534883720930233      4.991029578884523E-13    5.005905107146794E-13    0.25                     5.0E10                   2700                     6004.239243142206        3466.5491433070674       2502.294445801098
1.62229                  6.8999999999999995       0.14492753623188406      4.994663546746314E-13    5.008573173747531E-13    0.25                     5.0E10                   2700                     6004.239243142206        3466.5491433070674       2502.294445801098
1.62229                  6.92                     0.1445086705202312       4.998258709497731E-13    5.011213171719204E-13    0.25                     5.0E10                   2700                     6004.239243142206        3466.5491433070674       2502.294445801098
1.62229                  6.9399999999999995       0.1440922190201729       5.001815436705661E-13    5.0138253413896E-13      0.25                     5.0E10                   2700                     6004.239243142206        3466.5491433070674       2502.294445801098
1.62229                  6.96                     0.14367816091954022      5.00533409866567E-13     5.016409925222496E-13    0.25                     5.0E10                   2700                     6004.239243142206        3466.5491433070674       2502.294445801098
1.62229                  6.9799999999999995       0.14326647564469916      5.0088150661696E-13      5.01896716757631E-13     0.25                     5.0E10                   2700                     6004.239243142206        3466.5491433070674       2502.294445801098
1.62229                  7                        0.14285714285714285      5.012258710453079E-13    5.021497314575873E-13    0.25                     5.0E10                   2700                     6004.239243142206        3466.5491433070674       2502.294445801098
1.62229                  7.02                     0.14245014245014245      5.015665402615726E-13    5.024000613719665E-13    0.25                     5.0E10                   2700                     6004.239243142206        3466.5491433070674       2502.294445801098
1.62229                  7.04                     0.14204545454545456      5.019035513953539E-13    5.026477313926118E-13    0.25                     5.0E10                   2700                     6004.239243142206        3466.5491433070674       2502.294445801098
1.62229                  7.06                     0.141643059490085        5.022369415256819E-13    5.028927665102682E-13    0.25                     5.0E10                   2700                     6004.239243142206        3466.5491433070674       2502.294445801098
1.62229                  7.08                     0.14124293785310735      5.0256674770723E-13      5.031351918148722E-13    0.25                     5.0E10                   2700                     6004.239243142206        3466.5491433070674       2502.294445801098
1.62229                  7.1                      0.14084507042253522      5.028930069050259E-13    5.033750324592701E-13    0.25                     5.0E10                   2700                     6004.239243142206        3466.5491433070674       2502.294445801098
1.62229                  7.12                     0.14044943820224717      5.032157560479808E-13    5.036123136722793E-13    0.25                     5.0E10                   2700                     6004.239243142206        3466.5491433070674       2502.294445801098
1.62229                  7.14                     0.1400560224089636       5.035350319359643E-13    5.038470607039586E-13    0.25                     5.0E10                   2700                     6004.239243142206        3466.5491433070674       2502.294445801098
1.62229                  7.16                     0.13966480446927376      5.038508712804457E-13    5.040792988421856E-13    0.25                     5.0E10                   2700                     6004.239243142206        3466.5491433070674       2502.294445801098
1.62229                  7.18                     0.1392757660167131       5.041633106684308E-13    5.043090533826007E-13    0.25                     5.0E10                   2700                     6004.239243142206        3466.5491433070674       2502.294445801098
1.62229                  7.2                      0.1388888888888889       5.044723865572236E-13    5.045363496212223E-13    0.25                     5.0E10                   2700                     6004.239243142206        3466.5491433070674       2502.294445801098
1.62229                  7.22                     0.13850415512465375      5.047781352532479E-13    5.047612128354462E-13    0.25                     5.0E10                   2700                     6004.239243142206        3466.5491433070674       2502.294445801098
1.62229                  7.24                     0.13812154696132597      5.050805929126996E-13    5.049836682780447E-13    0.25                     5.0E10                   2700                     6004.239243142206        3466.5491433070674       2502.294445801098
1.62229                  7.26                     0.13774104683195593      5.053797955130167E-13    5.052037411564336E-13    0.25                     5.0E10                   2700                     6004.239243142206        3466.5491433070674       2502.294445801098
1.62229                  7.279999999999999        0.13736263736263737      5.056757788648245E-13    5.054214566324468E-13    0.25                     5.0E10                   2700                     6004.239243142206        3466.5491433070674       2502.294445801098
1.62229                  7.3                      0.13698630136986303      5.059685785308712E-13    5.056368397758442E-13    0.25                     5.0E10                   2700                     6004.239243142206        3466.5491433070674       2502.294445801098
1.62229                  7.319999999999999        0.1366120218579235       5.062582300960174E-13    5.058499156949577E-13    0.25                     5.0E10                   2700                     6004.239243142206        3466.5491433070674       2502.294445801098
1.62229                  7.34                     0.1362397820163488       5.065447686122255E-13    5.060607092499433E-13    0.25                     5.0E10                   2700                     6004.239243142206        3466.5491433070674       2502.294445801098
1.62229                  7.359999999999999        0.13586956521739132      5.068282291220383E-13    5.062692453177272E-13    0.25                     5.0E10                   2700                     6004.239243142206        3466.5491433070674       2502.294445801098
1.62229                  7.38                     0.13550135501355012      5.071086464136159E-13    5.064755486522719E-13    0.25                     5.0E10                   2700                     6004.239243142206        3466.5491433070674       2502.294445801098
1.62229                  7.3999999999999995       0.13513513513513514      5.073860550303627E-13    5.066796438955367E-13    0.25                     5.0E10                   2700                     6004.239243142206        3466.5491433070674       2502.294445801098
1.62229                  7.42                     0.1347708894878706       5.076604892778202E-13    5.068815555717136E-13    0.25                     5.0E10                   2700                     6004.239243142206        3466.5491433070674       2502.294445801098
1.62229                  7.4399999999999995       0.13440860215053765      5.079319832358791E-13    5.07081308090945E-13     0.25                     5.0E10                   2700                     6004.239243142206        3466.5491433070674       2502.294445801098
1.62229                  7.46                     0.13404825737265413      5.082005707169164E-13    5.072789257224887E-13    0.25                     5.0E10                   2700                     6004.239243142206        3466.5491433070674       2502.294445801098
1.62229                  7.4799999999999995       0.1336898395721925       5.084662852872973E-13    5.074744326017502E-13    0.25                     5.0E10                   2700                     6004.239243142206        3466.5491433070674       2502.294445801098
1.62229                  7.5                      0.13333333333333333      5.087291602559333E-13    5.076678527227843E-13    0.25                     5.0E10                   2700                     6004.239243142206        3466.5491433070674       2502.294445801098
1.62229                  7.52                     0.13297872340425532      5.089892286594516E-13    5.078592099270192E-13    0.25                     5.0E10                   2700                     6004.239243142206        3466.5491433070674       2502.294445801098
1.62229                  7.54                     0.13262599469496023      5.092465232850845E-13    5.080485279084369E-13    0.25                     5.0E10                   2700                     6004.239243142206        3466.5491433070674       2502.294445801098
1.62229                  7.56                     0.13227513227513227      5.095010766209879E-13    5.082358301930994E-13    0.25                     5.0E10                   2700                     6004.239243142206        3466.5491433070674       2502.294445801098
1.62229                  7.58                     0.13192612137203166      5.097529209076656E-13    5.084211401520098E-13    0.25                     5.0E10                   2700                     6004.239243142206        3466.5491433070674       2502.294445801098
1.62229                  7.6                      0.13157894736842105      5.100020880823751E-13    5.0860448097733E-13      0.25                     5.0E10                   2700                     6004.239243142206        3466.5491433070674       2502.294445801098
1.62229                  7.62                     0.13123359580052493      5.102486098162348E-13    5.087858756970071E-13    0.25                     5.0E10                   2700                     6004.239243142206        3466.5491433070674       2502.294445801098
1.62229                  7.64                     0.13089005235602094      5.104925174817884E-13    5.089653471567782E-13    0.25                     5.0E10                   2700                     6004.239243142206        3466.5491433070674       2502.294445801098
1.62229                  7.66                     0.13054830287206268      5.107338421863793E-13    5.091429180283643E-13    0.25                     5.0E10                   2700                     6004.239243142206        3466.5491433070674       2502.294445801098
1.62229                  7.68                     0.13020833333333334      5.109726147209787E-13    5.093186107962689E-13    0.25                     5.0E10                   2700                     6004.239243142206        3466.5491433070674       2502.294445801098
1.62229                  7.7                      0.12987012987012989      5.112088656017938E-13    5.094924477549002E-13    0.25                     5.0E10                   2700                     6004.239243142206        3466.5491433070674       2502.294445801098
1.62229                  7.72                     0.1295336787564767       5.114426250480804E-13    5.096644510184867E-13    0.25                     5.0E10                   2700                     6004.239243142206        3466.5491433070674       2502.294445801098
1.62229                  7.74                     0.12919896640826872      5.116739229877858E-13    5.098346425045874E-13    0.25                     5.0E10                   2700                     6004.239243142206        3466.5491433070674       2502.294445801098
1.62229                  7.76                     0.1288659793814433       5.11902789044607E-13     5.100030439356356E-13    0.25                     5.0E10                   2700                     6004.239243142206        3466.5491433070674       2502.294445801098
1.62229                  7.779999999999999        0.12853470437017997      5.121292525530729E-13    5.101696768411787E-13    0.25                     5.0E10                   2700                     6004.239243142206        3466.5491433070674       2502.294445801098
1.62229                  7.8                      0.12820512820512822      5.123533425524112E-13    5.10334562553446E-13     0.25                     5.0E10                   2700                     6004.239243142206        3466.5491433070674       2502.294445801098
1.62229                  7.819999999999999        0.1278772378516624       5.125750877695698E-13    5.104977221999176E-13    0.25                     5.0E10                   2700                     6004.239243142206        3466.5491433070674       2502.294445801098
1.62229                  7.84                     0.12755102040816327      5.127945166505978E-13    5.10659176714185E-13     0.25                     5.0E10                   2700                     6004.239243142206        3466.5491433070674       2502.294445801098
1.62229                  7.859999999999999        0.1272264631043257       5.13011657329564E-13     5.108189468209141E-13    0.25                     5.0E10                   2700                     6004.239243142206        3466.5491433070674       2502.294445801098
1.62229                  7.88                     0.12690355329949238      5.132265376466795E-13    5.109770530466655E-13    0.25                     5.0E10                   2700                     6004.239243142206        3466.5491433070674       2502.294445801098
1.62229                  7.8999999999999995       0.12658227848101267      5.134391851474197E-13    5.111335157123873E-13    0.25                     5.0E10                   2700                     6004.239243142206        3466.5491433070674       2502.294445801098
1.62229                  7.92                     0.12626262626262624      5.136496270863175E-13    5.112883549386941E-13    0.25                     5.0E10                   2700                     6004.239243142206        3466.5491433070674       2502.294445801098
1.62229                  7.9399999999999995       0.12594458438287154      5.1385789038875E-13      5.114415906260154E-13    0.25                     5.0E10                   2700                     6004.239243142206        3466.5491433070674       2502.294445801098
1.62229                  7.96                     0.12562814070351758      5.140640017174088E-13    5.115932424864421E-13    0.25                     5.0E10                   2700                     6004.239243142206        3466.5491433070674       2502.294445801098
1.62229                  7.9799999999999995       0.12531328320802007      5.142679874217884E-13    5.117433300142718E-13    0.25                     5.0E10                   2700                     6004.239243142206        3466.5491433070674       2502.294445801098
1.62229                  8                        0.125                    5.144698735611996E-13    5.118918725027138E-13    0.25                     5.0E10                   2700                     6004.239243142206        3466.5491433070674       2502.294445801098
1.62229                  8.02                     0.12468827930174564      5.146696858951256E-13    5.120388890343035E-13    0.25                     5.0E10                   2700                     6004.239243142206        3466.5491433070674       2502.294445801098
1.62229                  8.040000000000001        0.1243781094527363       5.148674498906333E-13    5.121843984857549E-13    0.25                     5.0E10                   2700                     6004.239243142206        3466.5491433070674       2502.294445801098
1.62229                  8.06                     0.12406947890818859      5.150631907278307E-13    5.123284195322463E-13    0.25                     5.0E10                   2700                     6004.239243142206        3466.5491433070674       2502.294445801098
1.62229                  8.08                     0.12376237623762378      5.152569332873551E-13    5.124709706349491E-13    0.25                     5.0E10                   2700                     6004.239243142206        3466.5491433070674       2502.294445801098
1.62229                  8.1                      0.1234567901234568       5.154487021667501E-13    5.126120700550236E-13    0.25                     5.0E10                   2700                     6004.239243142206        3466.5491433070674       2502.294445801098
1.62229                  8.12                     0.12315270935960593      5.1563852167132E-13      5.127517358448013E-13    0.25                     5.0E10                   2700                     6004.239243142206        3466.5491433070674       2502.294445801098
1.62229                  8.14                     0.12285012285012284      5.158264158247853E-13    5.128899858552633E-13    0.25                     5.0E10                   2700                     6004.239243142206        3466.5491433070674       2502.294445801098
1.62229                  8.16                     0.12254901960784315      5.16012408362474E-13     5.130268377321105E-13    0.25                     5.0E10                   2700                     6004.239243142206        3466.5491433070674       2502.294445801098
1.62229                  8.18                     0.12224938875305624      5.161965227292906E-13    5.131623089114692E-13    0.25                     5.0E10                   2700                     6004.239243142206        3466.5491433070674       2502.294445801098
1.62229                  8.2                      0.12195121951219513      5.163787821028868E-13    5.132964166375657E-13    0.25                     5.0E10                   2700                     6004.239243142206        3466.5491433070674       2502.294445801098
1.62229                  8.22                     0.121654501216545        5.165592093720489E-13    5.134291779448338E-13    0.25                     5.0E10                   2700                     6004.239243142206        3466.5491433070674       2502.294445801098
1.62229                  8.24                     0.12135922330097086      5.167378271463708E-13    5.135606096690157E-13    0.25                     5.0E10                   2700                     6004.239243142206        3466.5491433070674       2502.294445801098
1.62229                  8.26                     0.12106537530266344      5.169146577569956E-13    5.136907284444511E-13    0.25                     5.0E10                   2700                     6004.239243142206        3466.5491433070674       2502.294445801098
1.62229                  8.28                     0.1207729468599034       5.170897232784958E-13    5.138195507106399E-13    0.25                     5.0E10                   2700                     6004.239243142206        3466.5491433070674       2502.294445801098
1.62229                  8.299999999999999        0.1204819277108434       5.172630454921462E-13    5.139470927060838E-13    0.25                     5.0E10                   2700                     6004.239243142206        3466.5491433070674       2502.294445801098
1.62229                  8.32                     0.12019230769230768      5.174346459297915E-13    5.140733704773066E-13    0.25                     5.0E10                   2700                     6004.239243142206        3466.5491433070674       2502.294445801098
1.62229                  8.34                     0.11990407673860912      5.176045458340973E-13    5.141983998676619E-13    0.25                     5.0E10                   2700                     6004.239243142206        3466.5491433070674       2502.294445801098
1.62229                  8.36                     0.1196172248803828       5.177727661990949E-13    5.143221965329067E-13    0.25                     5.0E10                   2700                     6004.239243142206        3466.5491433070674       2502.294445801098
1.62229                  8.379999999999999        0.11933174224343678      5.1793932775008E-13      5.144447759350847E-13    0.25                     5.0E10                   2700                     6004.239243142206        3466.5491433070674       2502.294445801098
1.62229                  8.4                      0.11904761904761904      5.181042509490647E-13    5.145661533433767E-13    0.25                     5.0E10                   2700                     6004.239243142206        3466.5491433070674       2502.294445801098
1.62229                  8.42                     0.11876484560570072      5.182675559987011E-13    5.14686343834679E-13     0.25                     5.0E10                   2700                     6004.239243142206        3466.5491433070674       2502.294445801098
1.62229                  8.44                     0.11848341232227488      5.184292628618381E-13    5.148053623092424E-13    0.25                     5.0E10                   2700                     6004.239243142206        3466.5491433070674       2502.294445801098
1.62229                  8.459999999999999        0.11820330969267141      5.185893912278927E-13    5.149232234680492E-13    0.25                     5.0E10                   2700                     6004.239243142206        3466.5491433070674       2502.294445801098
1.62229                  8.48                     0.1179245283018868       5.187479605335247E-13    5.150399418261806E-13    0.25                     5.0E10                   2700                     6004.239243142206        3466.5491433070674       2502.294445801098
1.62229                  8.5                      0.11764705882352941      5.189049899812544E-13    5.151555317223394E-13    0.25                     5.0E10                   2700                     6004.239243142206        3466.5491433070674       2502.294445801098
1.62229                  8.52                     0.11737089201877934      5.190604985238723E-13    5.152700073133437E-13    0.25                     5.0E10                   2700                     6004.239243142206        3466.5491433070674       2502.294445801098
1.62229                  8.54                     0.117096018735363        5.192145048635415E-13    5.153833825683324E-13    0.25                     5.0E10                   2700                     6004.239243142206        3466.5491433070674       2502.294445801098
1.62229                  8.56                     0.11682242990654204      5.193670274623723E-13    5.154956712825854E-13    0.25                     5.0E10                   2700                     6004.239243142206        3466.5491433070674       2502.294445801098
1.62229                  8.58                     0.11655011655011656      5.195180845427206E-13    5.156068870710918E-13    0.25                     5.0E10                   2700                     6004.239243142206        3466.5491433070674       2502.294445801098
1.62229                  8.6                      0.11627906976744186      5.196676940920077E-13    5.157170433730795E-13    0.25                     5.0E10                   2700                     6004.239243142206        3466.5491433070674       2502.294445801098
1.62229                  8.62                     0.1160092807424594       5.198158738728904E-13    5.15826153460883E-13     0.25                     5.0E10                   2700                     6004.239243142206        3466.5491433070674       2502.294445801098
1.62229                  8.64                     0.11574074074074073      5.19962641394541E-13     5.159342304195098E-13    0.25                     5.0E10                   2700                     6004.239243142206        3466.5491433070674       2502.294445801098
1.62229                  8.66                     0.11547344110854503      5.201080139550744E-13    5.1604128718034E-13      0.25                     5.0E10                   2700                     6004.239243142206        3466.5491433070674       2502.294445801098
1.62229                  8.68                     0.1152073732718894       5.202520086214143E-13    5.161473364955291E-13    0.25                     5.0E10                   2700                     6004.239243142206        3466.5491433070674       2502.294445801098
1.62229                  8.7                      0.11494252873563218      5.203946422256163E-13    5.162523909454427E-13    0.25                     5.0E10                   2700                     6004.239243142206        3466.5491433070674       2502.294445801098
1.62229                  8.72                     0.1146788990825688       5.205359313946527E-13    5.163564629584295E-13    0.25                     5.0E10                   2700                     6004.239243142206        3466.5491433070674       2502.294445801098
1.62229                  8.74                     0.11441647597254004      5.206758925219931E-13    5.164595647870497E-13    0.25                     5.0E10                   2700                     6004.239243142206        3466.5491433070674       2502.294445801098
1.62229                  8.76                     0.1141552511415525       5.208162757281787E-13    5.165632786557809E-13    0.25                     5.0E10                   2700                     6004.239243142206        3466.5491433070674       2502.294445801098
1.62229                  8.78                     0.11389521640091117      5.20953637573969E-13     5.166644846544485E-13    0.25                     5.0E10                   2700                     6004.239243142206        3466.5491433070674       2502.294445801098
1.62229                  8.8                      0.11363636363636362      5.2108971928862E-13      5.16764756279022E-13     0.25                     5.0E10                   2700                     6004.239243142206        3466.5491433070674       2502.294445801098
1.62229                  8.82                     0.11337868480725624      5.212245364022287E-13    5.16864105136369E-13     0.25                     5.0E10                   2700                     6004.239243142206        3466.5491433070674       2502.294445801098
1.62229                  8.84                     0.11312217194570136      5.213581042652728E-13    5.1696254269703E-13      0.25                     5.0E10                   2700                     6004.239243142206        3466.5491433070674       2502.294445801098
1.62229                  8.86                     0.11286681715575621      5.214904380052871E-13    5.170600802699296E-13    0.25                     5.0E10                   2700                     6004.239243142206        3466.5491433070674       2502.294445801098
1.62229                  8.879999999999999        0.11261261261261263      5.216215525672089E-13    5.171567290168917E-13    0.25                     5.0E10                   2700                     6004.239243142206        3466.5491433070674       2502.294445801098
1.62229                  8.9                      0.11235955056179775      5.21751462665499E-13     5.172524999366913E-13    0.25                     5.0E10                   2700                     6004.239243142206        3466.5491433070674       2502.294445801098
1.62229                  8.92                     0.11210762331838565      5.218801828486828E-13    5.173474038990196E-13    0.25                     5.0E10                   2700                     6004.239243142206        3466.5491433070674       2502.294445801098
1.62229                  8.94                     0.11185682326621925      5.22007727457522E-13     5.174414516159821E-13    0.25                     5.0E10                   2700                     6004.239243142206        3466.5491433070674       2502.294445801098
1.62229                  8.959999999999999        0.11160714285714285      5.221341106430896E-13    5.175346536576196E-13    0.25                     5.0E10                   2700                     6004.239243142206        3466.5491433070674       2502.294445801098
1.62229                  8.98                     0.11135857461024498      5.222593463552043E-13    5.176270204467754E-13    0.25                     5.0E10                   2700                     6004.239243142206        3466.5491433070674       2502.294445801098
1.62229                  9                        0.11111111111111112      5.223834483713001E-13    5.177185622712904E-13    0.25                     5.0E10                   2700                     6004.239243142206        3466.5491433070674       2502.294445801098
1.62229                  9.02                     0.11086474501108647      5.225064302732813E-13    5.178092892755773E-13    0.25                     5.0E10                   2700                     6004.239243142206        3466.5491433070674       2502.294445801098
1.62229                  9.04                     0.11061946902654868      5.226283054670946E-13    5.178992114670016E-13    0.25                     5.0E10                   2700                     6004.239243142206        3466.5491433070674       2502.294445801098
1.62229                  9.06                     0.11037527593818983      5.22749087174554E-13     5.179883387177505E-13    0.25                     5.0E10                   2700                     6004.239243142206        3466.5491433070674       2502.294445801098
1.62229                  9.08                     0.11013215859030838      5.228687884303202E-13    5.180766807604713E-13    0.25                     5.0E10                   2700                     6004.239243142206        3466.5491433070674       2502.294445801098
1.62229                  9.1                      0.1098901098901099       5.229874221075541E-13    5.181642472003491E-13    0.25                     5.0E10                   2700                     6004.239243142206        3466.5491433070674       2502.294445801098
1.62229                  9.12                     0.10964912280701757      5.231050008999665E-13    5.182510475123091E-13    0.25                     5.0E10                   2700                     6004.239243142206        3466.5491433070674       2502.294445801098
1.62229                  9.14                     0.10940919037199125      5.232215373243288E-13    5.183370910367984E-13    0.25                     5.0E10                   2700                     6004.239243142206        3466.5491433070674       2502.294445801098
1.62229                  9.16                     0.10917030567685589      5.233370437358813E-13    5.184223869886996E-13    0.25                     5.0E10                   2700                     6004.239243142206        3466.5491433070674       2502.294445801098
1.62229                  9.18                     0.10893246187363835      5.234515323137594E-13    5.185069444548211E-13    0.25                     5.0E10                   2700                     6004.239243142206        3466.5491433070674       2502.294445801098
1.62229                  9.2                      0.10869565217391305      5.235650150794563E-13    5.185907723998305E-13    0.25                     5.0E10                   2700                     6004.239243142206        3466.5491433070674       2502.294445801098
1.62229                  9.22                     0.10845986984815618      5.236775038986133E-13    5.18673879670574E-13     0.25                     5.0E10                   2700                     6004.239243142206        3466.5491433070674       2502.294445801098
1.62229                  9.24                     0.10822510822510822      5.237890104481728E-13    5.187562749738669E-13    0.25                     5.0E10                   2700                     6004.239243142206        3466.5491433070674       2502.294445801098
1.62229                  9.26                     0.1079913606911447       5.238995462779612E-13    5.188379669181473E-13    0.25                     5.0E10                   2700                     6004.239243142206        3466.5491433070674       2502.294445801098
1.62229                  9.28                     0.10775862068965518      5.240091227602097E-13    5.189189639789356E-13    0.25                     5.0E10                   2700                     6004.239243142206        3466.5491433070674       2502.294445801098
1.62229                  9.3                      0.10752688172043011      5.241177511304416E-13    5.189992745246645E-13    0.25                     5.0E10                   2700                     6004.239243142206        3466.5491433070674       2502.294445801098
1.62229                  9.32                     0.1072961373390558       5.242254424604432E-13    5.190789068072031E-13    0.25                     5.0E10                   2700                     6004.239243142206        3466.5491433070674       2502.294445801098
1.62229                  9.34                     0.10706638115631692      5.243322076588147E-13    5.191578689485243E-13    0.25                     5.0E10                   2700                     6004.239243142206        3466.5491433070674       2502.294445801098
1.62229                  9.36                     0.10683760683760683      5.244380575155522E-13    5.192361689821606E-13    0.25                     5.0E10                   2700                     6004.239243142206        3466.5491433070674       2502.294445801098
1.62229                  9.379999999999999        0.10660980810234544      5.245430026508537E-13    5.193138148177023E-13    0.25                     5.0E10                   2700                     6004.239243142206        3466.5491433070674       2502.294445801098
1.62229                  9.4                      0.10638297872340426      5.246470535488147E-13    5.19390814255521E-13     0.25                     5.0E10                   2700                     6004.239243142206        3466.5491433070674       2502.294445801098
1.62229                  9.42                     0.10615711252653928      5.247502205611999E-13    5.194671749942293E-13    0.25                     5.0E10                   2700                     6004.239243142206        3466.5491433070674       2502.294445801098
1.62229                  9.44                     0.1059322033898305       5.248525138823704E-13    5.195429046252088E-13    0.25                     5.0E10                   2700                     6004.239243142206        3466.5491433070674       2502.294445801098
1.62229                  9.459999999999999        0.10570824524312897      5.249539435732918E-13    5.196180106246852E-13    0.25                     5.0E10                   2700                     6004.239243142206        3466.5491433070674       2502.294445801098
1.62229                  9.48                     0.10548523206751054      5.250545195494201E-13    5.19692500371828E-13     0.25                     5.0E10                   2700                     6004.239243142206        3466.5491433070674       2502.294445801098
1.62229                  9.5                      0.10526315789473685      5.251542516226697E-13    5.197663811540329E-13    0.25                     5.0E10                   2700                     6004.239243142206        3466.5491433070674       2502.294445801098
1.62229                  9.52                     0.10504201680672269      5.252531494416838E-13    5.198396601449287E-13    0.25                     5.0E10                   2700                     6004.239243142206        3466.5491433070674       2502.294445801098
1.62229                  9.54                     0.10482180293501049      5.253512225292815E-13    5.199123444194355E-13    0.25                     5.0E10                   2700                     6004.239243142206        3466.5491433070674       2502.294445801098
1.62229                  9.56                     0.10460251046025104      5.25448480288445E-13     5.199844409622501E-13    0.25                     5.0E10                   2700                     6004.239243142206        3466.5491433070674       2502.294445801098
1.62229                  9.58                     0.10438413361169102      5.255449319905725E-13    5.200559566564794E-13    0.25                     5.0E10                   2700                     6004.239243142206        3466.5491433070674       2502.294445801098
1.62229                  9.6                      0.10416666666666667      5.256405867790468E-13    5.201268982919392E-13    0.25                     5.0E10                   2700                     6004.239243142206        3466.5491433070674       2502.294445801098
1.62229                  9.62                     0.10395010395010396      5.257354536730647E-13    5.201972725608951E-13    0.25                     5.0E10                   2700                     6004.239243142206        3466.5491433070674       2502.294445801098
1.62229                  9.64                     0.10373443983402489      5.258295415746397E-13    5.202670860675923E-13    0.25                     5.0E10                   2700                     6004.239243142206        3466.5491433070674       2502.294445801098
1.62229                  9.66                     0.10351966873706003      5.259228592615535E-13    5.203363453259835E-13    0.25                     5.0E10                   2700                     6004.239243142206        3466.5491433070674       2502.294445801098
1.62229                  9.68                     0.10330578512396693      5.260154153831497E-13    5.204050567473889E-13    0.25                     5.0E10                   2700                     6004.239243142206        3466.5491433070674       2502.294445801098
1.62229                  9.7                      0.10309278350515465      5.261072184990297E-13    5.204732266764823E-13    0.25                     5.0E10                   2700                     6004.239243142206        3466.5491433070674       2502.294445801098
1.62229                  9.72                     0.102880658436214        5.261982770284303E-13    5.205408613530672E-13    0.25                     5.0E10                   2700                     6004.239243142206        3466.5491433070674       2502.294445801098
1.62229                  9.74                     0.1026694045174538       5.262885992780967E-13    5.206079669319294E-13    0.25                     5.0E10                   2700                     6004.239243142206        3466.5491433070674       2502.294445801098
1.62229                  9.76                     0.10245901639344263      5.263781934686412E-13    5.206745495001938E-13    0.25                     5.0E10                   2700                     6004.239243142206        3466.5491433070674       2502.294445801098
1.62229                  9.78                     0.10224948875255623      5.264670676621133E-13    5.207406150292958E-13    0.25                     5.0E10                   2700                     6004.239243142206        3466.5491433070674       2502.294445801098
1.62229                  9.8                      0.10204081632653059      5.265552298584128E-13    5.208061694389795E-13    0.25                     5.0E10                   2700                     6004.239243142206        3466.5491433070674       2502.294445801098
1.62229                  9.82                     0.10183299389002037      5.266426879249634E-13    5.208712185515391E-13    0.25                     5.0E10                   2700                     6004.239243142206        3466.5491433070674       2502.294445801098
1.62229                  9.84                     0.1016260162601626       5.267294496244115E-13    5.209357681078717E-13    0.25                     5.0E10                   2700                     6004.239243142206        3466.5491433070674       2502.294445801098
1.62229                  9.86                     0.10141987829614604      5.268155226382007E-13    5.209998237878387E-13    0.25                     5.0E10                   2700                     6004.239243142206        3466.5491433070674       2502.294445801098
1.62229                  9.879999999999999        0.10121457489878542      5.269009145076653E-13    5.210633911662497E-13    0.25                     5.0E10                   2700                     6004.239243142206        3466.5491433070674       2502.294445801098
1.62229                  9.9                      0.101010101010101        5.269856326973517E-13    5.211264757612744E-13    0.25                     5.0E10                   2700                     6004.239243142206        3466.5491433070674       2502.294445801098
1.62229                  9.92                     0.10080645161290322      5.270696845631423E-13    5.211890830046042E-13    0.25                     5.0E10                   2700                     6004.239243142206        3466.5491433070674       2502.294445801098
1.62229                  9.94                     0.1006036217303823       5.271530773700716E-13    5.212512182632201E-13    0.25                     5.0E10                   2700                     6004.239243142206        3466.5491433070674       2502.294445801098
1.62229                  9.959999999999999        0.10040160642570282      5.272358182786558E-13    5.213128868217896E-13    0.25                     5.0E10                   2700                     6004.239243142206        3466.5491433070674       2502.294445801098
1.62229                  9.98                     0.1002004008016032       5.273179143547155E-13    5.213740938925911E-13    0.25                     5.0E10                   2700                     6004.239243142206        3466.5491433070674       2502.294445801098
1.62229                  10                       0.1                      5.273635471487734E-13    5.213731528009322E-13    0.25                     5.0E10                   2700                     6004.239243142206        3466.5491433070674       2502.294445801098
