1.46966                  0.1                      10                       5.331261692060229E-13    5.331292305209996E-13    0.25                     5.0E10                   2700                     5714.815054847454        3299.450010285104        2502.294445801098
1.46966                  0.12000000000000001      8.333333333333332        5.362977568086798E-13    5.363485119954726E-13    0.25                     5.0E10                   2700                     5714.815054847454        3299.450010285104        2502.294445801098
1.46966                  0.14                     7.1428571428571415       5.341377774794596E-13    5.339676610989317E-13    0.25                     5.0E10                   2700                     5714.815054847454        3299.450010285104        2502.294445801098
1.46966                  0.16                     6.249999999999999        5.330598207752809E-13    5.331765139568159E-13    0.25                     5.0E10                   2700                     5714.815054847454        3299.450010285104        2502.294445801098
1.46966                  0.18                     5.555555555555555        5.371363631615467E-13    5.372984445437083E-13    0.25                     5.0E10                   2700                     5714.815054847454        3299.450010285104        2502.294445801098
1.46966                  0.2                      5                        5.330376060934367E-13    5.331305057107053E-13    0.25                     5.0E10                   2700                     5714.815054847454        3299.450010285104        2502.294445801098
1.46966                  0.22                     4.545454545454546        5.360287315397611E-13    5.366943046955024E-13    0.25                     5.0E10                   2700                     5714.815054847454        3299.450010285104        2502.294445801098
1.46966                  0.24000000000000002      4.166666666666666        5.353025288917999E-13    5.362784785846649E-13    0.25                     5.0E10                   2700                     5714.815054847454        3299.450010285104        2502.294445801098
1.46966                  0.26                     3.846153846153846        5.340013147033858E-13    5.348970990223498E-13    0.25                     5.0E10                   2700                     5714.815054847454        3299.450010285104        2502.294445801098
1.46966                  0.28                     3.5714285714285707       5.365757205746914E-13    5.371345548091473E-13    0.25                     5.0E10                   2700                     5714.815054847454        3299.450010285104        2502.294445801098
1.46966                  0.30000000000000004      3.3333333333333326       5.36760991645211E-13     5.364009862608472E-13    0.25                     5.0E10                   2700                     5714.815054847454        3299.450010285104        2502.294445801098
1.46966                  0.32                     3.1249999999999996       5.353270092813436E-13    5.330530408091213E-13    0.25                     5.0E10                   2700                     5714.815054847454        3299.450010285104        2502.294445801098
1.46966                  0.33999999999999997      2.9411764705882355       5.41459637719141E-13     5.381726024451016E-13    0.25                     5.0E10                   2700                     5714.815054847454        3299.450010285104        2502.294445801098
1.46966                  0.36                     2.7777777777777777       5.416574105094396E-13    5.352350024587405E-13    0.25                     5.0E10                   2700                     5714.815054847454        3299.450010285104        2502.294445801098
1.46966                  0.38                     2.6315789473684212       5.460127404590248E-13    5.355934891001154E-13    0.25                     5.0E10                   2700                     5714.815054847454        3299.450010285104        2502.294445801098
1.46966                  0.4                      2.5                      5.490429774615364E-13    5.348804301644353E-13    0.25                     5.0E10                   2700                     5714.815054847454        3299.450010285104        2502.294445801098
1.46966                  0.42000000000000004      2.3809523809523805       5.552432925545008E-13    5.360268626330831E-13    0.25                     5.0E10                   2700                     5714.815054847454        3299.450010285104        2502.294445801098
1.46966                  0.44000000000000006      2.272727272727273        5.613754231241999E-13    5.397598907893041E-13    0.25                     5.0E10                   2700                     5714.815054847454        3299.450010285104        2502.294445801098
1.46966                  0.45999999999999996      2.173913043478261        5.68049712387116E-13     5.424926580810243E-13    0.25                     5.0E10                   2700                     5714.815054847454        3299.450010285104        2502.294445801098
1.46966                  0.48                     2.0833333333333335       5.726647984842133E-13    5.425742444499525E-13    0.25                     5.0E10                   2700                     5714.815054847454        3299.450010285104        2502.294445801098
1.46966                  0.5                      2                        5.762119132115699E-13    5.436786274488723E-13    0.25                     5.0E10                   2700                     5714.815054847454        3299.450010285104        2502.294445801098
1.46966                  0.52                     1.923076923076923        5.833285841408812E-13    5.480046801550382E-13    0.25                     5.0E10                   2700                     5714.815054847454        3299.450010285104        2502.294445801098
1.46966                  0.54                     1.8518518518518516       5.848363281723715E-13    5.458512688699903E-13    0.25                     5.0E10                   2700                     5714.815054847454        3299.450010285104        2502.294445801098
1.46966                  0.56                     1.7857142857142854       5.944891102457019E-13    5.50931305683326E-13     0.25                     5.0E10                   2700                     5714.815054847454        3299.450010285104        2502.294445801098
1.46966                  0.58                     1.7241379310344829       6.00075521340908E-13     5.530570057099939E-13    0.25                     5.0E10                   2700                     5714.815054847454        3299.450010285104        2502.294445801098
1.46966                  0.6                      1.6666666666666667       6.057787650064679E-13    5.556347187952308E-13    0.25                     5.0E10                   2700                     5714.815054847454        3299.450010285104        2502.294445801098
1.46966                  0.62                     1.6129032258064515       6.107912962733047E-13    5.570782953599839E-13    0.25                     5.0E10                   2700                     5714.815054847454        3299.450010285104        2502.294445801098
1.46966                  0.64                     1.5624999999999998       6.210873760331033E-13    5.626768531068616E-13    0.25                     5.0E10                   2700                     5714.815054847454        3299.450010285104        2502.294445801098
1.46966                  0.66                     1.515151515151515        6.189702305865909E-13    5.564743004647832E-13    0.25                     5.0E10                   2700                     5714.815054847454        3299.450010285104        2502.294445801098
1.46966                  0.6799999999999999       1.4705882352941178       6.242196901376843E-13    5.569878731195505E-13    0.25                     5.0E10                   2700                     5714.815054847454        3299.450010285104        2502.294445801098
1.46966                  0.7                      1.4285714285714286       6.352840497707507E-13    5.628230052464494E-13    0.25                     5.0E10                   2700                     5714.815054847454        3299.450010285104        2502.294445801098
1.46966                  0.72                     1.3888888888888888       6.462371099937254E-13    5.681733853015669E-13    0.25                     5.0E10                   2700                     5714.815054847454        3299.450010285104        2502.294445801098
1.46966                  0.74                     1.3513513513513513       6.61984378423732E-13     5.775340963302784E-13    0.25                     5.0E10                   2700                     5714.815054847454        3299.450010285104        2502.294445801098
1.46966                  0.76                     1.3157894736842106       6.719491466002322E-13    5.815739414549649E-13    0.25                     5.0E10                   2700                     5714.815054847454        3299.450010285104        2502.294445801098
1.46966                  0.78                     1.2820512820512822       6.701686109150203E-13    5.753282257027673E-13    0.25                     5.0E10                   2700                     5714.815054847454        3299.450010285104        2502.294445801098
1.46966                  0.8                      1.25                     6.685053963365611E-13    5.69734684361673E-13     0.25                     5.0E10                   2700                     5714.815054847454        3299.450010285104        2502.294445801098
1.46966                  0.82                     1.2195121951219514       6.731414123478495E-13    5.704953615401207E-13    0.25                     5.0E10                   2700                     5714.815054847454        3299.450010285104        2502.294445801098
1.46966                  0.84                     1.1904761904761905       6.779288711910663E-13    5.724037521536512E-13    0.25                     5.0E10                   2700                     5714.815054847454        3299.450010285104        2502.294445801098
1.46966                  0.86                     1.1627906976744187       6.80239069252601E-13     5.724926826961285E-13    0.25                     5.0E10                   2700                     5714.815054847454        3299.450010285104        2502.294445801098
1.46966                  0.88                     1.1363636363636365       6.829001145316046E-13    5.728366197879147E-13    0.25                     5.0E10                   2700                     5714.815054847454        3299.450010285104        2502.294445801098
1.46966                  0.9                      1.1111111111111112       6.880153405149696E-13    5.750864032818669E-13    0.25                     5.0E10                   2700                     5714.815054847454        3299.450010285104        2502.294445801098
1.46966                  0.92                     1.0869565217391304       6.929878040620155E-13    5.771346259913351E-13    0.25                     5.0E10                   2700                     5714.815054847454        3299.450010285104        2502.294445801098
1.46966                  0.94                     1.0638297872340425       6.950842642686052E-13    5.769533426999459E-13    0.25                     5.0E10                   2700                     5714.815054847454        3299.450010285104        2502.294445801098
1.46966                  0.96                     1.0416666666666667       6.956514697724457E-13    5.759245911691776E-13    0.25                     5.0E10                   2700                     5714.815054847454        3299.450010285104        2502.294445801098
1.46966                  0.98                     1.0204081632653061       6.981738732583965E-13    5.771438592374862E-13    0.25                     5.0E10                   2700                     5714.815054847454        3299.450010285104        2502.294445801098
1.46966                  1                        1                        7.040813390735594E-13    5.818556763757962E-13    0.25                     5.0E10                   2700                     5714.815054847454        3299.450010285104        2502.294445801098
1.46966                  1.02                     0.9803921568627452       7.113771675673206E-13    5.887658516611988E-13    0.25                     5.0E10                   2700                     5714.815054847454        3299.450010285104        2502.294445801098
1.46966                  1.04                     0.9615384615384615       7.155489881582724E-13    5.938692367445828E-13    0.25                     5.0E10                   2700                     5714.815054847454        3299.450010285104        2502.294445801098
1.46966                  1.06                     0.9433962264150944       7.131427773280694E-13    5.939833369245639E-13    0.25                     5.0E10                   2700                     5714.815054847454        3299.450010285104        2502.294445801098
1.46966                  1.08                     0.9259259259259258       7.037645658712404E-13    5.883723842535508E-13    0.25                     5.0E10                   2700                     5714.815054847454        3299.450010285104        2502.294445801098
1.46966                  1.1                      0.909090909090909        6.897603479915757E-13    5.786506300944339E-13    0.25                     5.0E10                   2700                     5714.815054847454        3299.450010285104        2502.294445801098
1.46966                  1.12                     0.8928571428571427       6.742877865270657E-13    5.673033141060286E-13    0.25                     5.0E10                   2700                     5714.815054847454        3299.450010285104        2502.294445801098
1.46966                  1.1400000000000001       0.8771929824561403       6.599398658552786E-13    5.564098138019515E-13    0.25                     5.0E10                   2700                     5714.815054847454        3299.450010285104        2502.294445801098
1.46966                  1.1600000000000001       0.8620689655172412       6.478906341055777E-13    5.471097647330689E-13    0.25                     5.0E10                   2700                     5714.815054847454        3299.450010285104        2502.294445801098
1.46966                  1.1800000000000002       0.8474576271186439       6.385226260434826E-13    5.398730629565523E-13    0.25                     5.0E10                   2700                     5714.815054847454        3299.450010285104        2502.294445801098
1.46966                  1.2000000000000002       0.8333333333333331       6.318237197389453E-13    5.348496294087333E-13    0.25                     5.0E10                   2700                     5714.815054847454        3299.450010285104        2502.294445801098
1.46966                  1.2200000000000002       0.8196721311475409       6.276975910000179E-13    5.321111098169445E-13    0.25                     5.0E10                   2700                     5714.815054847454        3299.450010285104        2502.294445801098
1.46966                  1.2400000000000002       0.8064516129032256       6.26044457761938E-13     5.317104040937774E-13    0.25                     5.0E10                   2700                     5714.815054847454        3299.450010285104        2502.294445801098
1.46966                  1.26                     0.7936507936507936       6.267547531066861E-13    5.336861568830925E-13    0.25                     5.0E10                   2700                     5714.815054847454        3299.450010285104        2502.294445801098
1.46966                  1.28                     0.7812499999999999       6.29357175533835E-13     5.377215397334259E-13    0.25                     5.0E10                   2700                     5714.815054847454        3299.450010285104        2502.294445801098
1.46966                  1.3                      0.7692307692307692       6.332177328244407E-13    5.433498772834394E-13    0.25                     5.0E10                   2700                     5714.815054847454        3299.450010285104        2502.294445801098
1.46966                  1.32                     0.7575757575757575       6.373837235398228E-13    5.497989964875543E-13    0.25                     5.0E10                   2700                     5714.815054847454        3299.450010285104        2502.294445801098
1.46966                  1.34                     0.7462686567164178       6.407302826927593E-13    5.561029493843627E-13    0.25                     5.0E10                   2700                     5714.815054847454        3299.450010285104        2502.294445801098
1.46966                  1.36                     0.7352941176470588       6.421448106246495E-13    5.612511742956268E-13    0.25                     5.0E10                   2700                     5714.815054847454        3299.450010285104        2502.294445801098
1.46966                  1.3800000000000001       0.7246376811594203       6.407487160341698E-13    5.643797133740492E-13    0.25                     5.0E10                   2700                     5714.815054847454        3299.450010285104        2502.294445801098
1.46966                  1.4000000000000001       0.7142857142857142       6.360845951803747E-13    5.649462059443098E-13    0.25                     5.0E10                   2700                     5714.815054847454        3299.450010285104        2502.294445801098
1.46966                  1.4200000000000002       0.704225352112676        6.282023720132019E-13    5.628295000837197E-13    0.25                     5.0E10                   2700                     5714.815054847454        3299.450010285104        2502.294445801098
1.46966                  1.4400000000000002       0.6944444444444444       6.176921306652621E-13    5.583394472293511E-13    0.25                     5.0E10                   2700                     5714.815054847454        3299.450010285104        2502.294445801098
1.46966                  1.4600000000000002       0.6849315068493149       6.05225713725199E-13     5.52033101938898E-13     0.25                     5.0E10                   2700                     5714.815054847454        3299.450010285104        2502.294445801098
1.46966                  1.4800000000000002       0.6756756756756755       5.917979821674251E-13    5.446551977507551E-13    0.25                     5.0E10                   2700                     5714.815054847454        3299.450010285104        2502.294445801098
1.46966                  1.5000000000000002       0.6666666666666665       5.782881272338185E-13    5.369390358279853E-13    0.25                     5.0E10                   2700                     5714.815054847454        3299.450010285104        2502.294445801098
1.46966                  1.52                     0.6578947368421053       5.65408578893211E-13     5.295095521688455E-13    0.25                     5.0E10                   2700                     5714.815054847454        3299.450010285104        2502.294445801098
1.46966                  1.54                     0.6493506493506493       5.536565442432072E-13    5.228285317672532E-13    0.25                     5.0E10                   2700                     5714.815054847454        3299.450010285104        2502.294445801098
1.46966                  1.56                     0.6410256410256411       5.433145562235904E-13    5.171827325131935E-13    0.25                     5.0E10                   2700                     5714.815054847454        3299.450010285104        2502.294445801098
1.46966                  1.58                     0.6329113924050632       5.344793651240584E-13    5.126991144578255E-13    0.25                     5.0E10                   2700                     5714.815054847454        3299.450010285104        2502.294445801098
1.46966                  1.6                      0.625                    5.271021088646877E-13    5.093729583037044E-13    0.25                     5.0E10                   2700                     5714.815054847454        3299.450010285104        2502.294445801098
1.46966                  1.62                     0.6172839506172839       5.210300527479756E-13    5.071002369903222E-13    0.25                     5.0E10                   2700                     5714.815054847454        3299.450010285104        2502.294445801098
1.46966                  1.6400000000000001       0.6097560975609756       5.160431309652113E-13    5.057076306801771E-13    0.25                     5.0E10                   2700                     5714.815054847454        3299.450010285104        2502.294445801098
1.46966                  1.6600000000000001       0.6024096385542168       5.118862420917608E-13    5.049806417129934E-13    0.25                     5.0E10                   2700                     5714.815054847454        3299.450010285104        2502.294445801098
1.46966                  1.6800000000000002       0.5952380952380951       5.083895295375668E-13    5.04794895593884E-13     0.25                     5.0E10                   2700                     5714.815054847454        3299.450010285104        2502.294445801098
1.46966                  1.7000000000000002       0.588235294117647        5.051192080349266E-13    5.047139108280155E-13    0.25                     5.0E10                   2700                     5714.815054847454        3299.450010285104        2502.294445801098
1.46966                  1.7200000000000002       0.5813953488372092       5.019376955648727E-13    5.046269003737458E-13    0.25                     5.0E10                   2700                     5714.815054847454        3299.450010285104        2502.294445801098
1.46966                  1.7400000000000002       0.5747126436781609       4.986636256804809E-13    5.043589218000144E-13    0.25                     5.0E10                   2700                     5714.815054847454        3299.450010285104        2502.294445801098
1.46966                  1.7600000000000002       0.5681818181818182       4.9516350449056E-13      5.037768803373426E-13    0.25                     5.0E10                   2700                     5714.815054847454        3299.450010285104        2502.294445801098
1.46966                  1.78                     0.5617977528089887       4.913540060675525E-13    5.027932378580355E-13    0.25                     5.0E10                   2700                     5714.815054847454        3299.450010285104        2502.294445801098
1.46966                  1.8                      0.5555555555555556       4.871987182820508E-13    5.013652916029065E-13    0.25                     5.0E10                   2700                     5714.815054847454        3299.450010285104        2502.294445801098
1.46966                  1.82                     0.5494505494505494       4.827026004029865E-13    4.994908382661164E-13    0.25                     5.0E10                   2700                     5714.815054847454        3299.450010285104        2502.294445801098
1.46966                  1.84                     0.5434782608695652       4.779035691127777E-13    4.972011793059115E-13    0.25                     5.0E10                   2700                     5714.815054847454        3299.450010285104        2502.294445801098
1.46966                  1.86                     0.5376344086021505       4.728631817755743E-13    4.945527092377025E-13    0.25                     5.0E10                   2700                     5714.815054847454        3299.450010285104        2502.294445801098
1.46966                  1.8800000000000001       0.5319148936170213       4.676574466872901E-13    4.916182304529163E-13    0.25                     5.0E10                   2700                     5714.815054847454        3299.450010285104        2502.294445801098
1.46966                  1.9000000000000001       0.5263157894736842       4.623686341588643E-13    4.884789227205048E-13    0.25                     5.0E10                   2700                     5714.815054847454        3299.450010285104        2502.294445801098
1.46966                  1.9200000000000002       0.5208333333333333       4.570786230468529E-13    4.852175850322591E-13    0.25                     5.0E10                   2700                     5714.815054847454        3299.450010285104        2502.294445801098
1.46966                  1.9400000000000002       0.5154639175257731       4.518639911679754E-13    4.819134492324919E-13    0.25                     5.0E10                   2700                     5714.815054847454        3299.450010285104        2502.294445801098
1.46966                  1.9600000000000002       0.5102040816326531       4.4679263802954727E-13   4.786385521104524E-13    0.25                     5.0E10                   2700                     5714.815054847454        3299.450010285104        2502.294445801098
1.46966                  1.9800000000000002       0.505050505050505        4.419226855789772E-13    4.754557863733685E-13    0.25                     5.0E10                   2700                     5714.815054847454        3299.450010285104        2502.294445801098
1.46966                  2                        0.5                      4.3732144353161945E-13   4.724252011807014E-13    0.25                     5.0E10                   2700                     5714.815054847454        3299.450010285104        2502.294445801098
1.46966                  2.02                     0.4950495049504951       4.3298334909586075E-13   4.695736837951246E-13    0.25                     5.0E10                   2700                     5714.815054847454        3299.450010285104        2502.294445801098
1.46966                  2.04                     0.4901960784313726       4.289565531121513E-13    4.669418208035777E-13    0.25                     5.0E10                   2700                     5714.815054847454        3299.450010285104        2502.294445801098
1.46966                  2.06                     0.48543689320388345      4.2525913097563393E-13   4.645535260883282E-13    0.25                     5.0E10                   2700                     5714.815054847454        3299.450010285104        2502.294445801098
1.46966                  2.08                     0.4807692307692307       4.2190183518997086E-13   4.62425131331017E-13     0.25                     5.0E10                   2700                     5714.815054847454        3299.450010285104        2502.294445801098
1.46966                  2.1                      0.47619047619047616      4.1888936678280924E-13   4.605665800161337E-13    0.25                     5.0E10                   2700                     5714.815054847454        3299.450010285104        2502.294445801098
1.46966                  2.12                     0.4716981132075472       4.1622156277702216E-13   4.589825763359931E-13    0.25                     5.0E10                   2700                     5714.815054847454        3299.450010285104        2502.294445801098
1.46966                  2.14                     0.46728971962616817      4.1389445234049927E-13   4.57673631390955E-13     0.25                     5.0E10                   2700                     5714.815054847454        3299.450010285104        2502.294445801098
1.46966                  2.16                     0.4629629629629629       4.119011605670163E-13    4.566369766059851E-13    0.25                     5.0E10                   2700                     5714.815054847454        3299.450010285104        2502.294445801098
1.46966                  2.18                     0.4587155963302752       4.10232656796809E-13     4.558673338414252E-13    0.25                     5.0E10                   2700                     5714.815054847454        3299.450010285104        2502.294445801098
1.46966                  2.2                      0.4545454545454545       4.0887828003013805E-13   4.553575184903203E-13    0.25                     5.0E10                   2700                     5714.815054847454        3299.450010285104        2502.294445801098
1.46966                  2.22                     0.45045045045045035      4.0782650732635695E-13   4.550990415600923E-13    0.25                     5.0E10                   2700                     5714.815054847454        3299.450010285104        2502.294445801098
1.46966                  2.24                     0.44642857142857134      4.070648637959182E-13    4.550823415932197E-13    0.25                     5.0E10                   2700                     5714.815054847454        3299.450010285104        2502.294445801098
1.46966                  2.2600000000000002       0.44247787610619466      4.065804732532606E-13    4.552971690045804E-13    0.25                     5.0E10                   2700                     5714.815054847454        3299.450010285104        2502.294445801098
1.46966                  2.2800000000000002       0.43859649122807015      4.063601660112997E-13    4.557327651538748E-13    0.25                     5.0E10                   2700                     5714.815054847454        3299.450010285104        2502.294445801098
1.46966                  2.3000000000000003       0.43478260869565216      4.0639059712509187E-13   4.563780001265466E-13    0.25                     5.0E10                   2700                     5714.815054847454        3299.450010285104        2502.294445801098
1.46966                  2.3200000000000003       0.4310344827586206       4.0665831739755495E-13   4.572214595243432E-13    0.25                     5.0E10                   2700                     5714.815054847454        3299.450010285104        2502.294445801098
1.46966                  2.3400000000000003       0.4273504273504273       4.071498096382705E-13    4.582514931586598E-13    0.25                     5.0E10                   2700                     5714.815054847454        3299.450010285104        2502.294445801098
1.46966                  2.3600000000000003       0.42372881355932196      4.0785150073397757E-13   4.594562367589794E-13    0.25                     5.0E10                   2700                     5714.815054847454        3299.450010285104        2502.294445801098
1.46966                  2.3800000000000003       0.4201680672268907       4.087497582234034E-13    4.608236160314497E-13    0.25                     5.0E10                   2700                     5714.815054847454        3299.450010285104        2502.294445801098
1.46966                  2.4000000000000004       0.4166666666666666       4.098308784834656E-13    4.62341340809533E-13     0.25                     5.0E10                   2700                     5714.815054847454        3299.450010285104        2502.294445801098
1.46966                  2.42                     0.4132231404958677       4.1108107214524346E-13   4.63996895529059E-13     0.25                     5.0E10                   2700                     5714.815054847454        3299.450010285104        2502.294445801098
1.46966                  2.44                     0.4098360655737705       4.124864511612407E-13    4.65777530977662E-13     0.25                     5.0E10                   2700                     5714.815054847454        3299.450010285104        2502.294445801098
1.46966                  2.46                     0.4065040650406504       4.140330208548159E-13    4.676702611037093E-13    0.25                     5.0E10                   2700                     5714.815054847454        3299.450010285104        2502.294445801098
1.46966                  2.48                     0.4032258064516129       4.157066793887403E-13    4.696618676870899E-13    0.25                     5.0E10                   2700                     5714.815054847454        3299.450010285104        2502.294445801098
1.46966                  2.5                      0.4                      4.177381970515204E-13    4.719257111435712E-13    0.25                     5.0E10                   2700                     5714.815054847454        3299.450010285104        2502.294445801098
1.46966                  2.52                     0.3968253968253968       4.1962044077954306E-13   4.740719546904791E-13    0.25                     5.0E10                   2700                     5714.815054847454        3299.450010285104        2502.294445801098
1.46966                  2.54                     0.39370078740157477      4.215860903654704E-13    4.762753806547946E-13    0.25                     5.0E10                   2700                     5714.815054847454        3299.450010285104        2502.294445801098
1.46966                  2.56                     0.39062499999999994      4.2362069354443387E-13   4.785219918018887E-13    0.25                     5.0E10                   2700                     5714.815054847454        3299.450010285104        2502.294445801098
1.46966                  2.58                     0.38759689922480617      4.257099908451184E-13    4.807978897703505E-13    0.25                     5.0E10                   2700                     5714.815054847454        3299.450010285104        2502.294445801098
1.46966                  2.6                      0.3846153846153846       4.2783983209328446E-13   4.830892114080086E-13    0.25                     5.0E10                   2700                     5714.815054847454        3299.450010285104        2502.294445801098
1.46966                  2.62                     0.3816793893129771       4.29996242044683E-13     4.853822057068863E-13    0.25                     5.0E10                   2700                     5714.815054847454        3299.450010285104        2502.294445801098
1.46966                  2.64                     0.37878787878787873      4.3216549259845214E-13   4.876633178455257E-13    0.25                     5.0E10                   2700                     5714.815054847454        3299.450010285104        2502.294445801098
1.46966                  2.66                     0.37593984962406013      4.343341800225564E-13    4.899192785601117E-13    0.25                     5.0E10                   2700                     5714.815054847454        3299.450010285104        2502.294445801098
1.46966                  2.68                     0.3731343283582089       4.3648930542410766E-13   4.921371968782857E-13    0.25                     5.0E10                   2700                     5714.815054847454        3299.450010285104        2502.294445801098
1.46966                  2.7                      0.37037037037037035      4.3861835657866506E-13   4.943046541033812E-13    0.25                     5.0E10                   2700                     5714.815054847454        3299.450010285104        2502.294445801098
1.46966                  2.72                     0.3676470588235294       4.4070938919686727E-13   4.964097969027197E-13    0.25                     5.0E10                   2700                     5714.815054847454        3299.450010285104        2502.294445801098
1.46966                  2.74                     0.36496350364963503      4.427511057003153E-13    4.984414273540943E-13    0.25                     5.0E10                   2700                     5714.815054847454        3299.450010285104        2502.294445801098
1.46966                  2.7600000000000002       0.36231884057971014      4.4473292959764366E-13   5.003890878446459E-13    0.25                     5.0E10                   2700                     5714.815054847454        3299.450010285104        2502.294445801098
1.46966                  2.7800000000000002       0.35971223021582727      4.4664507372742115E-13   5.022431388899544E-13    0.25                     5.0E10                   2700                     5714.815054847454        3299.450010285104        2502.294445801098
1.46966                  2.8000000000000003       0.3571428571428571       4.48478600749484E-13     5.039948281104122E-13    0.25                     5.0E10                   2700                     5714.815054847454        3299.450010285104        2502.294445801098
1.46966                  2.8200000000000003       0.35460992907801414      4.5022547450479917E-13   5.056363488398793E-13    0.25                     5.0E10                   2700                     5714.815054847454        3299.450010285104        2502.294445801098
1.46966                  2.8400000000000003       0.352112676056338        4.518786011030025E-13    5.071608871459409E-13    0.25                     5.0E10                   2700                     5714.815054847454        3299.450010285104        2502.294445801098
1.46966                  2.8600000000000003       0.3496503496503496       4.5343185889953794E-13   5.08562656345749E-13     0.25                     5.0E10                   2700                     5714.815054847454        3299.450010285104        2502.294445801098
1.46966                  2.8800000000000003       0.3472222222222222       4.548801168062716E-13    5.098369184472792E-13    0.25                     5.0E10                   2700                     5714.815054847454        3299.450010285104        2502.294445801098
1.46966                  2.9000000000000004       0.3448275862068965       4.562192406985349E-13    5.109799922864988E-13    0.25                     5.0E10                   2700                     5714.815054847454        3299.450010285104        2502.294445801098
1.46966                  2.92                     0.34246575342465757      4.574461112683548E-13    5.11989258750479E-13     0.25                     5.0E10                   2700                     5714.815054847454        3299.450010285104        2502.294445801098
1.46966                  2.94                     0.3401360544217687       4.585585209385885E-13    5.12863107266857E-13     0.25                     5.0E10                   2700                     5714.815054847454        3299.450010285104        2502.294445801098
1.46966                  2.96                     0.33783783783783783      4.595552649371793E-13    5.13600951250954E-13     0.25                     5.0E10                   2700                     5714.815054847454        3299.450010285104        2502.294445801098
1.46966                  2.98                     0.3355704697986577       4.6043603160896E-13      5.14203162827202E-13     0.25                     5.0E10                   2700                     5714.815054847454        3299.450010285104        2502.294445801098
1.46966                  3                        0.3333333333333333       4.612013720238561E-13    5.146710268134386E-13    0.25                     5.0E10                   2700                     5714.815054847454        3299.450010285104        2502.294445801098
1.46966                  3.02                     0.33112582781456956      4.618526457146025E-13    5.150066815989854E-13    0.25                     5.0E10                   2700                     5714.815054847454        3299.450010285104        2502.294445801098
1.46966                  3.04                     0.32894736842105265      4.623919600424818E-13    5.152130530444808E-13    0.25                     5.0E10                   2700                     5714.815054847454        3299.450010285104        2502.294445801098
1.46966                  3.06                     0.32679738562091504      4.62822104564856E-13     5.152937829227229E-13    0.25                     5.0E10                   2700                     5714.815054847454        3299.450010285104        2502.294445801098
1.46966                  3.08                     0.3246753246753247       4.631464817910899E-13    5.152531534474795E-13    0.25                     5.0E10                   2700                     5714.815054847454        3299.450010285104        2502.294445801098
1.46966                  3.1                      0.32258064516129037      4.633690356942905E-13    5.150960094059593E-13    0.25                     5.0E10                   2700                     5714.815054847454        3299.450010285104        2502.294445801098
1.46966                  3.12                     0.32051282051282054      4.634941792556489E-13    5.148276793091388E-13    0.25                     5.0E10                   2700                     5714.815054847454        3299.450010285104        2502.294445801098
1.46966                  3.14                     0.3184713375796178       4.635267222689499E-13    5.144538969102288E-13    0.25                     5.0E10                   2700                     5714.815054847454        3299.450010285104        2502.294445801098
1.46966                  3.16                     0.3164556962025316       4.634718004748104E-13    5.139807242642735E-13    0.25                     5.0E10                   2700                     5714.815054847454        3299.450010285104        2502.294445801098
1.46966                  3.18                     0.31446540880503143      4.633348069921882E-13    5.134144773943789E-13    0.25                     5.0E10                   2700                     5714.815054847454        3299.450010285104        2502.294445801098
1.46966                  3.2                      0.3125                   4.631213268499247E-13    5.127616554380691E-13    0.25                     5.0E10                   2700                     5714.815054847454        3299.450010285104        2502.294445801098
1.46966                  3.22                     0.31055900621118004      4.628370752955339E-13    5.120288740099193E-13    0.25                     5.0E10                   2700                     5714.815054847454        3299.450010285104        2502.294445801098
1.46966                  3.24                     0.30864197530864196      4.624878403844009E-13    5.112228033214091E-13    0.25                     5.0E10                   2700                     5714.815054847454        3299.450010285104        2502.294445801098
1.46966                  3.2600000000000002       0.3067484662576687       4.620794302395457E-13    5.10350111479848E-13     0.25                     5.0E10                   2700                     5714.815054847454        3299.450010285104        2502.294445801098
1.46966                  3.2800000000000002       0.3048780487804878       4.616176252256984E-13    5.094174132154548E-13    0.25                     5.0E10                   2700                     5714.815054847454        3299.450010285104        2502.294445801098
1.46966                  3.3000000000000003       0.30303030303030304      4.611081351573756E-13    5.08431224170614E-13     0.25                     5.0E10                   2700                     5714.815054847454        3299.450010285104        2502.294445801098
1.46966                  3.3200000000000003       0.3012048192771084       4.605565615624904E-13    5.073979207374028E-13    0.25                     5.0E10                   2700                     5714.815054847454        3299.450010285104        2502.294445801098
1.46966                  3.3400000000000003       0.29940119760479045      4.599683212371734E-13    5.063273297672226E-13    0.25                     5.0E10                   2700                     5714.815054847454        3299.450010285104        2502.294445801098
1.46966                  3.3600000000000003       0.29761904761904756      4.593481910713133E-13    5.05217051845449E-13     0.25                     5.0E10                   2700                     5714.815054847454        3299.450010285104        2502.294445801098
1.46966                  3.3800000000000003       0.29585798816568043      4.587018084186763E-13    5.040776102375001E-13    0.25                     5.0E10                   2700                     5714.815054847454        3299.450010285104        2502.294445801098
1.46966                  3.4000000000000004       0.2941176470588235       4.580340669270658E-13    5.029145364091757E-13    0.25                     5.0E10                   2700                     5714.815054847454        3299.450010285104        2502.294445801098
1.46966                  3.4200000000000004       0.29239766081871343      4.573496340085799E-13    5.017330992357317E-13    0.25                     5.0E10                   2700                     5714.815054847454        3299.450010285104        2502.294445801098
1.46966                  3.44                     0.29069767441860467      4.566529395913891E-13    5.005382937872532E-13    0.25                     5.0E10                   2700                     5714.815054847454        3299.450010285104        2502.294445801098
1.46966                  3.46                     0.2890173410404624       4.559481682519381E-13    4.993348338179086E-13    0.25                     5.0E10                   2700                     5714.815054847454        3299.450010285104        2502.294445801098
1.46966                  3.48                     0.28735632183908044      4.552392544316807E-13    4.981271475614789E-13    0.25                     5.0E10                   2700                     5714.815054847454        3299.450010285104        2502.294445801098
1.46966                  3.5                      0.2857142857142857       4.545298803520186E-13    4.969193764516931E-13    0.25                     5.0E10                   2700                     5714.815054847454        3299.450010285104        2502.294445801098
1.46966                  3.52                     0.2840909090909091       4.538235876846022E-13    4.957154622935677E-13    0.25                     5.0E10                   2700                     5714.815054847454        3299.450010285104        2502.294445801098
1.46966                  3.54                     0.2824858757062147       4.5312333673359974E-13   4.945188078629962E-13    0.25                     5.0E10                   2700                     5714.815054847454        3299.450010285104        2502.294445801098
1.46966                  3.56                     0.28089887640449435      4.5243217210266143E-13   4.933327958354566E-13    0.25                     5.0E10                   2700                     5714.815054847454        3299.450010285104        2502.294445801098
1.46966                  3.58                     0.2793296089385475       4.5175278949685955E-13   4.921604538861468E-13    0.25                     5.0E10                   2700                     5714.815054847454        3299.450010285104        2502.294445801098
1.46966                  3.6                      0.2777777777777778       4.510876517487237E-13    4.910045482894989E-13    0.25                     5.0E10                   2700                     5714.815054847454        3299.450010285104        2502.294445801098
1.46966                  3.62                     0.27624309392265195      4.5043899668652134E-13   4.898675932233337E-13    0.25                     5.0E10                   2700                     5714.815054847454        3299.450010285104        2502.294445801098
1.46966                  3.64                     0.2747252747252747       4.498088457793012E-13    4.887518608541317E-13    0.25                     5.0E10                   2700                     5714.815054847454        3299.450010285104        2502.294445801098
1.46966                  3.66                     0.27322404371584696      4.4919901334714476E-13   4.876593920222107E-13    0.25                     5.0E10                   2700                     5714.815054847454        3299.450010285104        2502.294445801098
1.46966                  3.68                     0.2717391304347826       4.486111162290872E-13    4.865920073488965E-13    0.25                     5.0E10                   2700                     5714.815054847454        3299.450010285104        2502.294445801098
1.46966                  3.7                      0.2702702702702703       4.480465836829834E-13    4.855513185634498E-13    0.25                     5.0E10                   2700                     5714.815054847454        3299.450010285104        2502.294445801098
1.46966                  3.72                     0.26881720430107525      4.475066674503595E-13    4.845387399650625E-13    0.25                     5.0E10                   2700                     5714.815054847454        3299.450010285104        2502.294445801098
1.46966                  3.74                     0.267379679144385        4.4699245184143834E-13   4.835554998734905E-13    0.25                     5.0E10                   2700                     5714.815054847454        3299.450010285104        2502.294445801098
1.46966                  3.7600000000000002       0.26595744680851063      4.4650486376040797E-13   4.82602651953117E-13     0.25                     5.0E10                   2700                     5714.815054847454        3299.450010285104        2502.294445801098
1.46966                  3.7800000000000002       0.26455026455026454      4.460446825851934E-13    4.816810863625304E-13    0.25                     5.0E10                   2700                     5714.815054847454        3299.450010285104        2502.294445801098
1.46966                  3.8000000000000003       0.2631578947368421       4.4561254984362234E-13   4.807915406339645E-13    0.25                     5.0E10                   2700                     5714.815054847454        3299.450010285104        2502.294445801098
1.46966                  3.8200000000000003       0.26178010471204183      4.4520897862905965E-13   4.799346102380825E-13    0.25                     5.0E10                   2700                     5714.815054847454        3299.450010285104        2502.294445801098
1.46966                  3.8400000000000003       0.26041666666666663      4.448343627168547E-13    4.791107587910977E-13    0.25                     5.0E10                   2700                     5714.815054847454        3299.450010285104        2502.294445801098
1.46966                  3.8600000000000003       0.25906735751295334      4.444889853416687E-13    4.78320327862321E-13     0.25                     5.0E10                   2700                     5714.815054847454        3299.450010285104        2502.294445801098
1.46966                  3.8800000000000003       0.25773195876288657      4.441730276271591E-13    4.775635463769712E-13    0.25                     5.0E10                   2700                     5714.815054847454        3299.450010285104        2502.294445801098
1.46966                  3.9000000000000004       0.2564102564102564       4.438865766384575E-13    4.768405395800672E-13    0.25                     5.0E10                   2700                     5714.815054847454        3299.450010285104        2502.294445801098
1.46966                  3.9200000000000004       0.25510204081632654      4.4362963305245603E-13   4.761513375616032E-13    0.25                     5.0E10                   2700                     5714.815054847454        3299.450010285104        2502.294445801098
1.46966                  3.94                     0.25380710659898476      4.4340211843873595E-13   4.754958833391806E-13    0.25                     5.0E10                   2700                     5714.815054847454        3299.450010285104        2502.294445801098
1.46966                  3.96                     0.2525252525252525       4.4320388216110227E-13   4.748740404997856E-13    0.25                     5.0E10                   2700                     5714.815054847454        3299.450010285104        2502.294445801098
1.46966                  3.98                     0.25125628140703515      4.4303470787893615E-13   4.742856003963498E-13    0.25                     5.0E10                   2700                     5714.815054847454        3299.450010285104        2502.294445801098
1.46966                  4                        0.25                     4.4289431969207613E-13   4.737302889297623E-13    0.25                     5.0E10                   2700                     5714.815054847454        3299.450010285104        2502.294445801098
1.46966                  4.02                     0.24875621890547264      4.427823878987678E-13    4.732077729060307E-13    0.25                     5.0E10                   2700                     5714.815054847454        3299.450010285104        2502.294445801098
1.46966                  4.04                     0.24752475247524755      4.4269853440071024E-13   4.727176659845837E-13    0.25                     5.0E10                   2700                     5714.815054847454        3299.450010285104        2502.294445801098
1.46966                  4.06                     0.24630541871921185      4.4264233776373673E-13   4.722595342502891E-13    0.25                     5.0E10                   2700                     5714.815054847454        3299.450010285104        2502.294445801098
1.46966                  4.08                     0.2450980392156863       4.4261333794772587E-13   4.718329013962885E-13    0.25                     5.0E10                   2700                     5714.815054847454        3299.450010285104        2502.294445801098
1.46966                  4.1                      0.24390243902439027      4.4261104070508194E-13   4.714372535596188E-13    0.25                     5.0E10                   2700                     5714.815054847454        3299.450010285104        2502.294445801098
1.46966                  4.12                     0.24271844660194172      4.4263492169461684E-13   4.710720438186041E-13    0.25                     5.0E10                   2700                     5714.815054847454        3299.450010285104        2502.294445801098
1.46966                  4.14                     0.2415458937198068       4.42684430284129E-13     4.707366963554109E-13    0.25                     5.0E10                   2700                     5714.815054847454        3299.450010285104        2502.294445801098
1.46966                  4.16                     0.24038461538461536      4.4275899309514134E-13   4.704306103199073E-13    0.25                     5.0E10                   2700                     5714.815054847454        3299.450010285104        2502.294445801098
1.46966                  4.18                     0.2392344497607656       4.4285801727606256E-13   4.701531634085508E-13    0.25                     5.0E10                   2700                     5714.815054847454        3299.450010285104        2502.294445801098
1.46966                  4.199999999999999        0.23809523809523814      4.4298089353562104E-13   4.699037151536167E-13    0.25                     5.0E10                   2700                     5714.815054847454        3299.450010285104        2502.294445801098
1.46966                  4.22                     0.23696682464454977      4.4312699894167566E-13   4.696816099794729E-13    0.25                     5.0E10                   2700                     5714.815054847454        3299.450010285104        2502.294445801098
1.46966                  4.239999999999999        0.23584905660377362      4.432956995045432E-13    4.694861799903183E-13    0.25                     5.0E10                   2700                     5714.815054847454        3299.450010285104        2502.294445801098
1.46966                  4.26                     0.2347417840375587       4.43486352553184E-13     4.693167475629117E-13    0.25                     5.0E10                   2700                     5714.815054847454        3299.450010285104        2502.294445801098
1.46966                  4.279999999999999        0.23364485981308417      4.4369830891466647E-13   4.691726276875424E-13    0.25                     5.0E10                   2700                     5714.815054847454        3299.450010285104        2502.294445801098
1.46966                  4.3                      0.23255813953488372      4.4393091493012323E-13   4.690531301617811E-13    0.25                     5.0E10                   2700                     5714.815054847454        3299.450010285104        2502.294445801098
1.46966                  4.319999999999999        0.23148148148148148      4.441835142824983E-13    4.689575615425447E-13    0.25                     5.0E10                   2700                     5714.815054847454        3299.450010285104        2502.294445801098
1.46966                  4.34                     0.2304147465437788       4.4445544967862655E-13   4.688852269726005E-13    0.25                     5.0E10                   2700                     5714.815054847454        3299.450010285104        2502.294445801098
1.46966                  4.359999999999999        0.22935779816513763      4.4474606438771446E-13   4.688354318297855E-13    0.25                     5.0E10                   2700                     5714.815054847454        3299.450010285104        2502.294445801098
1.46966                  4.38                     0.228310502283105        4.450549417265897E-13    4.688076712726632E-13    0.25                     5.0E10                   2700                     5714.815054847454        3299.450010285104        2502.294445801098
1.46966                  4.3999999999999995       0.22727272727272732      4.4538095764616674E-13   4.6880088301899E-13      0.25                     5.0E10                   2700                     5714.815054847454        3299.450010285104        2502.294445801098
1.46966                  4.42                     0.22624434389140272      4.4572369937750227E-13   4.688145659981295E-13    0.25                     5.0E10                   2700                     5714.815054847454        3299.450010285104        2502.294445801098
1.46966                  4.4399999999999995       0.22522522522522526      4.460825251646573E-13    4.688480401481514E-13    0.25                     5.0E10                   2700                     5714.815054847454        3299.450010285104        2502.294445801098
1.46966                  4.46                     0.2242152466367713       4.4645679961455475E-13   4.689006318379284E-13    0.25                     5.0E10                   2700                     5714.815054847454        3299.450010285104        2502.294445801098
1.46966                  4.4799999999999995       0.2232142857142857       4.46845894532735E-13     4.689716747686066E-13    0.25                     5.0E10                   2700                     5714.815054847454        3299.450010285104        2502.294445801098
1.46966                  4.5                      0.22222222222222224      4.472491896934293E-13    4.69060510769259E-13     0.25                     5.0E10                   2700                     5714.815054847454        3299.450010285104        2502.294445801098
1.46966                  4.52                     0.22123893805309736      4.476660734981884E-13    4.691664905139882E-13    0.25                     5.0E10                   2700                     5714.815054847454        3299.450010285104        2502.294445801098
1.46966                  4.54                     0.22026431718061676      4.480959435910288E-13    4.692889741569289E-13    0.25                     5.0E10                   2700                     5714.815054847454        3299.450010285104        2502.294445801098
1.46966                  4.56                     0.21929824561403513      4.485382073737763E-13    4.694273318884917E-13    0.25                     5.0E10                   2700                     5714.815054847454        3299.450010285104        2502.294445801098
1.46966                  4.58                     0.21834061135371177      4.489922824880398E-13    4.695809444237709E-13    0.25                     5.0E10                   2700                     5714.815054847454        3299.450010285104        2502.294445801098
1.46966                  4.6                      0.2173913043478261       4.494575972047056E-13    4.697492034223029E-13    0.25                     5.0E10                   2700                     5714.815054847454        3299.450010285104        2502.294445801098
1.46966                  4.62                     0.21645021645021645      4.4993359078262156E-13   4.699315118663956E-13    0.25                     5.0E10                   2700                     5714.815054847454        3299.450010285104        2502.294445801098
1.46966                  4.64                     0.21551724137931036      4.5041971376677324E-13   4.701272843613859E-13    0.25                     5.0E10                   2700                     5714.815054847454        3299.450010285104        2502.294445801098
1.46966                  4.66                     0.2145922746781116       4.5091542824062217E-13   4.703359473989733E-13    0.25                     5.0E10                   2700                     5714.815054847454        3299.450010285104        2502.294445801098
1.46966                  4.68                     0.21367521367521367      4.5142020802256033E-13   4.705569395648224E-13    0.25                     5.0E10                   2700                     5714.815054847454        3299.450010285104        2502.294445801098
1.46966                  4.7                      0.2127659574468085       4.5193353886084287E-13   4.707897117346306E-13    0.25                     5.0E10                   2700                     5714.815054847454        3299.450010285104        2502.294445801098
1.46966                  4.72                     0.211864406779661        4.524549185322627E-13    4.710337271792593E-13    0.25                     5.0E10                   2700                     5714.815054847454        3299.450010285104        2502.294445801098
1.46966                  4.739999999999999        0.21097046413502113      4.5298385697295263E-13   4.712884616892364E-13    0.25                     5.0E10                   2700                     5714.815054847454        3299.450010285104        2502.294445801098
1.46966                  4.76                     0.21008403361344538      4.5351987631309167E-13   4.715534036137231E-13    0.25                     5.0E10                   2700                     5714.815054847454        3299.450010285104        2502.294445801098
1.46966                  4.779999999999999        0.20920502092050208      4.5406251093565633E-13   4.71828053916304E-13     0.25                     5.0E10                   2700                     5714.815054847454        3299.450010285104        2502.294445801098
1.46966                  4.8                      0.20833333333333334      4.546113074855352E-13    4.721119261815054E-13    0.25                     5.0E10                   2700                     5714.815054847454        3299.450010285104        2502.294445801098
1.46966                  4.819999999999999        0.2074688796680498       4.551658248445887E-13    4.724045465867026E-13    0.25                     5.0E10                   2700                     5714.815054847454        3299.450010285104        2502.294445801098
1.46966                  4.84                     0.20661157024793386      4.557256341112434E-13    4.727054538732618E-13    0.25                     5.0E10                   2700                     5714.815054847454        3299.450010285104        2502.294445801098
1.46966                  4.859999999999999        0.20576131687242802      4.562903185373846E-13    4.730141992812333E-13    0.25                     5.0E10                   2700                     5714.815054847454        3299.450010285104        2502.294445801098
1.46966                  4.88                     0.20491803278688525      4.568594734623575E-13    4.733303464742071E-13    0.25                     5.0E10                   2700                     5714.815054847454        3299.450010285104        2502.294445801098
1.46966                  4.8999999999999995       0.20408163265306126      4.574327062122932E-13    4.736534714416661E-13    0.25                     5.0E10                   2700                     5714.815054847454        3299.450010285104        2502.294445801098
1.46966                  4.92                     0.2032520325203252       4.580096360032185E-13    4.739831623813964E-13    0.25                     5.0E10                   2700                     5714.815054847454        3299.450010285104        2502.294445801098
1.46966                  4.9399999999999995       0.20242914979757085      4.58589893819102E-13     4.743190195914363E-13    0.25                     5.0E10                   2700                     5714.815054847454        3299.450010285104        2502.294445801098
1.46966                  4.96                     0.20161290322580644      4.591731222820465E-13    4.746606553070587E-13    0.25                     5.0E10                   2700                     5714.815054847454        3299.450010285104        2502.294445801098
1.46966                  4.9799999999999995       0.20080321285140565      4.597589755177803E-13    4.750076935775997E-13    0.25                     5.0E10                   2700                     5714.815054847454        3299.450010285104        2502.294445801098
1.46966                  5                        0.2                      4.60436001494517E-13     4.754733992434115E-13    0.25                     5.0E10                   2700                     5714.815054847454        3299.450010285104        2502.294445801098
1.46966                  5.02                     0.19920318725099603      4.610260831163558E-13    4.758301301229123E-13    0.25                     5.0E10                   2700                     5714.815054847454        3299.450010285104        2502.294445801098
1.46966                  5.04                     0.1984126984126984       4.616177696947565E-13    4.761911477036899E-13    0.25                     5.0E10                   2700                     5714.815054847454        3299.450010285104        2502.294445801098
1.46966                  5.06                     0.19762845849802374      4.622107617742527E-13    4.765561241618047E-13    0.25                     5.0E10                   2700                     5714.815054847454        3299.450010285104        2502.294445801098
1.46966                  5.08                     0.19685039370078738      4.62804770487254E-13     4.76924742503417E-13     0.25                     5.0E10                   2700                     5714.815054847454        3299.450010285104        2502.294445801098
1.46966                  5.1                      0.19607843137254904      4.633995173658289E-13    4.772966963828626E-13    0.25                     5.0E10                   2700                     5714.815054847454        3299.450010285104        2502.294445801098
1.46966                  5.12                     0.19531249999999997      4.639947341572354E-13    4.776716898969503E-13    0.25                     5.0E10                   2700                     5714.815054847454        3299.450010285104        2502.294445801098
1.46966                  5.14                     0.1945525291828794       4.645901626294756E-13    4.780494373962164E-13    0.25                     5.0E10                   2700                     5714.815054847454        3299.450010285104        2502.294445801098
1.46966                  5.16                     0.19379844961240308      4.651855543541935E-13    4.784296632687655E-13    0.25                     5.0E10                   2700                     5714.815054847454        3299.450010285104        2502.294445801098
1.46966                  5.18                     0.19305019305019305      4.657806705413729E-13    4.788121017450916E-13    0.25                     5.0E10                   2700                     5714.815054847454        3299.450010285104        2502.294445801098
1.46966                  5.2                      0.1923076923076923       4.663752817873976E-13    4.791964966897236E-13    0.25                     5.0E10                   2700                     5714.815054847454        3299.450010285104        2502.294445801098
1.46966                  5.22                     0.19157088122605365      4.669691679158319E-13    4.7958260138102E-13      0.25                     5.0E10                   2700                     5714.815054847454        3299.450010285104        2502.294445801098
1.46966                  5.239999999999999        0.19083969465648856      4.675621177468325E-13    4.799701783170981E-13    0.25                     5.0E10                   2700                     5714.815054847454        3299.450010285104        2502.294445801098
1.46966                  5.26                     0.19011406844106465      4.681539288864188E-13    4.803589989990182E-13    0.25                     5.0E10                   2700                     5714.815054847454        3299.450010285104        2502.294445801098
1.46966                  5.279999999999999        0.18939393939393942      4.687444075333822E-13    4.807488437061649E-13    0.25                     5.0E10                   2700                     5714.815054847454        3299.450010285104        2502.294445801098
1.46966                  5.3                      0.18867924528301888      4.693333682629552E-13    4.811395013149347E-13    0.25                     5.0E10                   2700                     5714.815054847454        3299.450010285104        2502.294445801098
1.46966                  5.319999999999999        0.1879699248120301       4.699206338206811E-13    4.815307690577143E-13    0.25                     5.0E10                   2700                     5714.815054847454        3299.450010285104        2502.294445801098
1.46966                  5.34                     0.18726591760299627      4.705060349168271E-13    4.819224523405375E-13    0.25                     5.0E10                   2700                     5714.815054847454        3299.450010285104        2502.294445801098
1.46966                  5.359999999999999        0.1865671641791045       4.710894100133079E-13    4.823143645134235E-13    0.25                     5.0E10                   2700                     5714.815054847454        3299.450010285104        2502.294445801098
1.46966                  5.38                     0.1858736059479554       4.716706051390066E-13    4.827063266795136E-13    0.25                     5.0E10                   2700                     5714.815054847454        3299.450010285104        2502.294445801098
1.46966                  5.3999999999999995       0.1851851851851852       4.722494736556887E-13    4.83098167479829E-13     0.25                     5.0E10                   2700                     5714.815054847454        3299.450010285104        2502.294445801098
1.46966                  5.42                     0.18450184501845018      4.728258760862867E-13    4.834897228986463E-13    0.25                     5.0E10                   2700                     5714.815054847454        3299.450010285104        2502.294445801098
1.46966                  5.4399999999999995       0.18382352941176472      4.733996799031689E-13    4.838808360559942E-13    0.25                     5.0E10                   2700                     5714.815054847454        3299.450010285104        2502.294445801098
1.46966                  5.46                     0.18315018315018314      4.739707593210363E-13    4.842713570147134E-13    0.25                     5.0E10                   2700                     5714.815054847454        3299.450010285104        2502.294445801098
1.46966                  5.4799999999999995       0.18248175182481755      4.74538995115526E-13     4.846611425742574E-13    0.25                     5.0E10                   2700                     5714.815054847454        3299.450010285104        2502.294445801098
1.46966                  5.5                      0.18181818181818182      4.751042744364859E-13    4.850500560914602E-13    0.25                     5.0E10                   2700                     5714.815054847454        3299.450010285104        2502.294445801098
1.46966                  5.52                     0.1811594202898551       4.756664905834508E-13    4.85437967278038E-13     0.25                     5.0E10                   2700                     5714.815054847454        3299.450010285104        2502.294445801098
1.46966                  5.54                     0.18050541516245486      4.762255428659066E-13    4.858247520178427E-13    0.25                     5.0E10                   2700                     5714.815054847454        3299.450010285104        2502.294445801098
1.46966                  5.56                     0.1798561151079137       4.767813363833049E-13    4.862102921786304E-13    0.25                     5.0E10                   2700                     5714.815054847454        3299.450010285104        2502.294445801098
1.46966                  5.58                     0.17921146953405018      4.77333781851952E-13     4.865944754313846E-13    0.25                     5.0E10                   2700                     5714.815054847454        3299.450010285104        2502.294445801098
1.46966                  5.6                      0.17857142857142858      4.778827954360216E-13    4.86977195072485E-13     0.25                     5.0E10                   2700                     5714.815054847454        3299.450010285104        2502.294445801098
1.46966                  5.62                     0.17793594306049823      4.78428298558895E-13     4.873583498484386E-13    0.25                     5.0E10                   2700                     5714.815054847454        3299.450010285104        2502.294445801098
1.46966                  5.64                     0.1773049645390071       4.789702177398051E-13    4.877378437749708E-13    0.25                     5.0E10                   2700                     5714.815054847454        3299.450010285104        2502.294445801098
1.46966                  5.66                     0.17667844522968196      4.795084844149069E-13    4.881155859803599E-13    0.25                     5.0E10                   2700                     5714.815054847454        3299.450010285104        2502.294445801098
1.46966                  5.68                     0.17605633802816903      4.800430347859612E-13    4.88491490526796E-13     0.25                     5.0E10                   2700                     5714.815054847454        3299.450010285104        2502.294445801098
1.46966                  5.7                      0.17543859649122806      4.805738096472177E-13    4.88865476262575E-13     0.25                     5.0E10                   2700                     5714.815054847454        3299.450010285104        2502.294445801098
1.46966                  5.72                     0.17482517482517484      4.811007542147537E-13    4.892374666406263E-13    0.25                     5.0E10                   2700                     5714.815054847454        3299.450010285104        2502.294445801098
1.46966                  5.739999999999999        0.17421602787456447      4.816238179979824E-13    4.896073895876377E-13    0.25                     5.0E10                   2700                     5714.815054847454        3299.450010285104        2502.294445801098
1.46966                  5.76                     0.1736111111111111       4.821429546179784E-13    4.899751773287009E-13    0.25                     5.0E10                   2700                     5714.815054847454        3299.450010285104        2502.294445801098
1.46966                  5.779999999999999        0.17301038062283738      4.82658121694144E-13     4.903407662639556E-13    0.25                     5.0E10                   2700                     5714.815054847454        3299.450010285104        2502.294445801098
1.46966                  5.8                      0.1724137931034483       4.831692806557758E-13    4.907040967901071E-13    0.25                     5.0E10                   2700                     5714.815054847454        3299.450010285104        2502.294445801098
1.46966                  5.819999999999999        0.17182130584192443      4.836763966240443E-13    4.910651131872156E-13    0.25                     5.0E10                   2700                     5714.815054847454        3299.450010285104        2502.294445801098
1.46966                  5.84                     0.17123287671232879      4.841799315088197E-13    4.914241964005106E-13    0.25                     5.0E10                   2700                     5714.815054847454        3299.450010285104        2502.294445801098
1.46966                  5.859999999999999        0.17064846416382254      4.846788779285385E-13    4.917804380937302E-13    0.25                     5.0E10                   2700                     5714.815054847454        3299.450010285104        2502.294445801098
1.46966                  5.88                     0.17006802721088435      4.851736975801396E-13    4.921342204351864E-13    0.25                     5.0E10                   2700                     5714.815054847454        3299.450010285104        2502.294445801098
1.46966                  5.8999999999999995       0.16949152542372883      4.856643689783484E-13    4.924855018314475E-13    0.25                     5.0E10                   2700                     5714.815054847454        3299.450010285104        2502.294445801098
1.46966                  5.92                     0.16891891891891891      4.861508736720462E-13    4.928342439063961E-13    0.25                     5.0E10                   2700                     5714.815054847454        3299.450010285104        2502.294445801098
1.46966                  5.9399999999999995       0.16835016835016836      4.866331961107374E-13    4.931804113707296E-13    0.25                     5.0E10                   2700                     5714.815054847454        3299.450010285104        2502.294445801098
1.46966                  5.96                     0.16778523489932884      4.871113235190949E-13    4.935239719018832E-13    0.25                     5.0E10                   2700                     5714.815054847454        3299.450010285104        2502.294445801098
1.46966                  5.9799999999999995       0.16722408026755856      4.875852458062919E-13    4.938648960352741E-13    0.25                     5.0E10                   2700                     5714.815054847454        3299.450010285104        2502.294445801098
1.46966                  6                        0.16666666666666666      4.880549554231721E-13    4.942031570457747E-13    0.25                     5.0E10                   2700                     5714.815054847454        3299.450010285104        2502.294445801098
1.46966                  6.02                     0.16611295681063123      4.88520447275528E-13     4.945387308402838E-13    0.25                     5.0E10                   2700                     5714.815054847454        3299.450010285104        2502.294445801098
1.46966                  6.04                     0.16556291390728478      4.889817186100558E-13    4.948715958547241E-13    0.25                     5.0E10                   2700                     5714.815054847454        3299.450010285104        2502.294445801098
1.46966                  6.06                     0.16501650165016504      4.894387689064658E-13    4.952017329458532E-13    0.25                     5.0E10                   2700                     5714.815054847454        3299.450010285104        2502.294445801098
1.46966                  6.08                     0.16447368421052633      4.898915997813027E-13    4.955291252895609E-13    0.25                     5.0E10                   2700                     5714.815054847454        3299.450010285104        2502.294445801098
1.46966                  6.1                      0.16393442622950818      4.903402149014063E-13    4.958537582971868E-13    0.25                     5.0E10                   2700                     5714.815054847454        3299.450010285104        2502.294445801098
1.46966                  6.12                     0.16339869281045752      4.907846198650508E-13    4.96175619498494E-13     0.25                     5.0E10                   2700                     5714.815054847454        3299.450010285104        2502.294445801098
1.46966                  6.14                     0.16286644951140067      4.912248221274114E-13    4.964946984707849E-13    0.25                     5.0E10                   2700                     5714.815054847454        3299.450010285104        2502.294445801098
1.46966                  6.16                     0.16233766233766234      4.916608309213733E-13    4.968109867406061E-13    0.25                     5.0E10                   2700                     5714.815054847454        3299.450010285104        2502.294445801098
1.46966                  6.18                     0.16181229773462782      4.920926571497647E-13    4.971244776961156E-13    0.25                     5.0E10                   2700                     5714.815054847454        3299.450010285104        2502.294445801098
1.46966                  6.2                      0.16129032258064518      4.92520313312944E-13     4.974351665114049E-13    0.25                     5.0E10                   2700                     5714.815054847454        3299.450010285104        2502.294445801098
1.46966                  6.22                     0.16077170418006428      4.929438134277736E-13    4.977430500570546E-13    0.25                     5.0E10                   2700                     5714.815054847454        3299.450010285104        2502.294445801098
1.46966                  6.24                     0.16025641025641027      4.933631729513672E-13    4.980481268274168E-13    0.25                     5.0E10                   2700                     5714.815054847454        3299.450010285104        2502.294445801098
1.46966                  6.26                     0.1597444089456869       4.937784087077838E-13    4.983503968650968E-13    0.25                     5.0E10                   2700                     5714.815054847454        3299.450010285104        2502.294445801098
1.46966                  6.279999999999999        0.15923566878980894      4.941895388126879E-13    4.986498616888688E-13    0.25                     5.0E10                   2700                     5714.815054847454        3299.450010285104        2502.294445801098
1.46966                  6.3                      0.15873015873015872      4.945965825981089E-13    4.989465242157068E-13    0.25                     5.0E10                   2700                     5714.815054847454        3299.450010285104        2502.294445801098
1.46966                  6.319999999999999        0.15822784810126583      4.949995605462419E-13    4.992403886991565E-13    0.25                     5.0E10                   2700                     5714.815054847454        3299.450010285104        2502.294445801098
1.46966                  6.34                     0.1577287066246057       4.953984942452231E-13    4.995314606694338E-13    0.25                     5.0E10                   2700                     5714.815054847454        3299.450010285104        2502.294445801098
1.46966                  6.359999999999999        0.15723270440251574      4.957934062866509E-13    4.998197468485645E-13    0.25                     5.0E10                   2700                     5714.815054847454        3299.450010285104        2502.294445801098
1.46966                  6.38                     0.15673981191222572      4.961843202362698E-13    5.00105255111725E-13     0.25                     5.0E10                   2700                     5714.815054847454        3299.450010285104        2502.294445801098
1.46966                  6.3999999999999995       0.15625                  4.965712605690404E-13    5.003879944191024E-13    0.25                     5.0E10                   2700                     5714.815054847454        3299.450010285104        2502.294445801098
1.46966                  6.42                     0.1557632398753894       4.969542526080905E-13    5.006679747559913E-13    0.25                     5.0E10                   2700                     5714.815054847454        3299.450010285104        2502.294445801098
1.46966                  6.4399999999999995       0.15527950310559008      4.973333224613288E-13    5.009452070765786E-13    0.25                     5.0E10                   2700                     5714.815054847454        3299.450010285104        2502.294445801098
1.46966                  6.46                     0.15479876160990713      4.977084969918348E-13    5.0121970325992E-13      0.25                     5.0E10                   2700                     5714.815054847454        3299.450010285104        2502.294445801098
1.46966                  6.4799999999999995       0.154320987654321        4.980798037492846E-13    5.014914760489533E-13    0.25                     5.0E10                   2700                     5714.815054847454        3299.450010285104        2502.294445801098
1.46966                  6.5                      0.15384615384615383      4.984472709222896E-13    5.017605390032829E-13    0.25                     5.0E10                   2700                     5714.815054847454        3299.450010285104        2502.294445801098
1.46966                  6.52                     0.15337423312883436      4.988109273088408E-13    5.020269064613199E-13    0.25                     5.0E10                   2700                     5714.815054847454        3299.450010285104        2502.294445801098
1.46966                  6.54                     0.15290519877675843      4.991708022372342E-13    5.022905934704467E-13    0.25                     5.0E10                   2700                     5714.815054847454        3299.450010285104        2502.294445801098
1.46966                  6.56                     0.15243902439024393      4.99526925571632E-13     5.02551615777354E-13     0.25                     5.0E10                   2700                     5714.815054847454        3299.450010285104        2502.294445801098
1.46966                  6.58                     0.1519756838905775       4.998793276260713E-13    5.028099897534955E-13    0.25                     5.0E10                   2700                     5714.815054847454        3299.450010285104        2502.294445801098
1.46966                  6.6                      0.15151515151515152      5.002280391428896E-13    5.030657323708506E-13    0.25                     5.0E10                   2700                     5714.815054847454        3299.450010285104        2502.294445801098
1.46966                  6.62                     0.1510574018126888       5.005730912561412E-13    5.033188611607364E-13    0.25                     5.0E10                   2700                     5714.815054847454        3299.450010285104        2502.294445801098
1.46966                  6.64                     0.1506024096385542       5.009145154626956E-13    5.035693941777374E-13    0.25                     5.0E10                   2700                     5714.815054847454        3299.450010285104        2502.294445801098
1.46966                  6.66                     0.15015015015015015      5.01252343564537E-13     5.038173499556966E-13    0.25                     5.0E10                   2700                     5714.815054847454        3299.450010285104        2502.294445801098
1.46966                  6.68                     0.14970059880239522      5.015866076509851E-13    5.040627474780795E-13    0.25                     5.0E10                   2700                     5714.815054847454        3299.450010285104        2502.294445801098
1.46966                  6.7                      0.1492537313432836       5.019173400710936E-13    5.043056061498615E-13    0.25                     5.0E10                   2700                     5714.815054847454        3299.450010285104        2502.294445801098
1.46966                  6.72                     0.1488095238095238       5.022445733873123E-13    5.045459457545358E-13    0.25                     5.0E10                   2700                     5714.815054847454        3299.450010285104        2502.294445801098
1.46966                  6.74                     0.14836795252225518      5.025683403569573E-13    5.047837864313913E-13    0.25                     5.0E10                   2700                     5714.815054847454        3299.450010285104        2502.294445801098
1.46966                  6.76                     0.14792899408284024      5.028886739065401E-13    5.050191486466155E-13    0.25                     5.0E10                   2700                     5714.815054847454        3299.450010285104        2502.294445801098
1.46966                  6.779999999999999        0.14749262536873156      5.03205607093142E-13     5.052520531561706E-13    0.25                     5.0E10                   2700                     5714.815054847454        3299.450010285104        2502.294445801098
1.46966                  6.8                      0.14705882352941177      5.035191730858135E-13    5.054825209896618E-13    0.25                     5.0E10                   2700                     5714.815054847454        3299.450010285104        2502.294445801098
1.46966                  6.819999999999999        0.1466275659824047       5.038294051474937E-13    5.057105734209711E-13    0.25                     5.0E10                   2700                     5714.815054847454        3299.450010285104        2502.294445801098
1.46966                  6.84                     0.14619883040935674      5.041363366037337E-13    5.059362319410444E-13    0.25                     5.0E10                   2700                     5714.815054847454        3299.450010285104        2502.294445801098
1.46966                  6.859999999999999        0.1457725947521866       5.044400008105642E-13    5.061595182313386E-13    0.25                     5.0E10                   2700                     5714.815054847454        3299.450010285104        2502.294445801098
1.46966                  6.88                     0.14534883720930233      5.047404311631899E-13    5.063804541542996E-13    0.25                     5.0E10                   2700                     5714.815054847454        3299.450010285104        2502.294445801098
1.46966                  6.8999999999999995       0.14492753623188406      5.050376610404752E-13    5.065990617151061E-13    0.25                     5.0E10                   2700                     5714.815054847454        3299.450010285104        2502.294445801098
1.46966                  6.92                     0.1445086705202312       5.053317238140028E-13    5.068153630558967E-13    0.25                     5.0E10                   2700                     5714.815054847454        3299.450010285104        2502.294445801098
1.46966                  6.9399999999999995       0.1440922190201729       5.056226528147546E-13    5.070293804266666E-13    0.25                     5.0E10                   2700                     5714.815054847454        3299.450010285104        2502.294445801098
1.46966                  6.96                     0.14367816091954022      5.059104813176012E-13    5.072411361687754E-13    0.25                     5.0E10                   2700                     5714.815054847454        3299.450010285104        2502.294445801098
1.46966                  6.9799999999999995       0.14326647564469916      5.061952425245548E-13    5.074506526953944E-13    0.25                     5.0E10                   2700                     5714.815054847454        3299.450010285104        2502.294445801098
1.46966                  7                        0.14285714285714285      5.064769695660241E-13    5.076579524849437E-13    0.25                     5.0E10                   2700                     5714.815054847454        3299.450010285104        2502.294445801098
1.46966                  7.02                     0.14245014245014245      5.067556954463351E-13    5.078630580449896E-13    0.25                     5.0E10                   2700                     5714.815054847454        3299.450010285104        2502.294445801098
1.46966                  7.04                     0.14204545454545456      5.070314530834949E-13    5.08065991921123E-13     0.25                     5.0E10                   2700                     5714.815054847454        3299.450010285104        2502.294445801098
1.46966                  7.06                     0.141643059490085        5.073042752438613E-13    5.082667766599234E-13    0.25                     5.0E10                   2700                     5714.815054847454        3299.450010285104        2502.294445801098
1.46966                  7.08                     0.14124293785310735      5.075741945731911E-13    5.084654348123094E-13    0.25                     5.0E10                   2700                     5714.815054847454        3299.450010285104        2502.294445801098
1.46966                  7.1                      0.14084507042253522      5.078412435376026E-13    5.086619889022246E-13    0.25                     5.0E10                   2700                     5714.815054847454        3299.450010285104        2502.294445801098
1.46966                  7.12                     0.14044943820224717      5.081054544787342E-13    5.088564614425444E-13    0.25                     5.0E10                   2700                     5714.815054847454        3299.450010285104        2502.294445801098
1.46966                  7.14                     0.1400560224089636       5.083668595307653E-13    5.090488748871365E-13    0.25                     5.0E10                   2700                     5714.815054847454        3299.450010285104        2502.294445801098
1.46966                  7.16                     0.13966480446927376      5.086254906594578E-13    5.092392516481279E-13    0.25                     5.0E10                   2700                     5714.815054847454        3299.450010285104        2502.294445801098
1.46966                  7.18                     0.1392757660167131       5.088813796357335E-13    5.094276140718456E-13    0.25                     5.0E10                   2700                     5714.815054847454        3299.450010285104        2502.294445801098
1.46966                  7.2                      0.1388888888888889       5.091345580314134E-13    5.096139844343429E-13    0.25                     5.0E10                   2700                     5714.815054847454        3299.450010285104        2502.294445801098
1.46966                  7.22                     0.13850415512465375      5.093850572059789E-13    5.097983849274223E-13    0.25                     5.0E10                   2700                     5714.815054847454        3299.450010285104        2502.294445801098
1.46966                  7.24                     0.13812154696132597      5.096329083024431E-13    5.099808376516745E-13    0.25                     5.0E10                   2700                     5714.815054847454        3299.450010285104        2502.294445801098
1.46966                  7.26                     0.13774104683195593      5.098781422468548E-13    5.101613646116622E-13    0.25                     5.0E10                   2700                     5714.815054847454        3299.450010285104        2502.294445801098
1.46966                  7.279999999999999        0.13736263736263737      5.101207897206974E-13    5.10339987697053E-13     0.25                     5.0E10                   2700                     5714.815054847454        3299.450010285104        2502.294445801098
1.46966                  7.3                      0.13698630136986303      5.10360881183859E-13     5.105167286895587E-13    0.25                     5.0E10                   2700                     5714.815054847454        3299.450010285104        2502.294445801098
1.46966                  7.319999999999999        0.1366120218579235       5.105984468521035E-13    5.106916092491906E-13    0.25                     5.0E10                   2700                     5714.815054847454        3299.450010285104        2502.294445801098
1.46966                  7.34                     0.1362397820163488       5.108335166900716E-13    5.108646509014681E-13    0.25                     5.0E10                   2700                     5714.815054847454        3299.450010285104        2502.294445801098
1.46966                  7.359999999999999        0.13586956521739132      5.110661204026006E-13    5.110358750392022E-13    0.25                     5.0E10                   2700                     5714.815054847454        3299.450010285104        2502.294445801098
1.46966                  7.38                     0.13550135501355012      5.112962874587528E-13    5.112053029179651E-13    0.25                     5.0E10                   2700                     5714.815054847454        3299.450010285104        2502.294445801098
1.46966                  7.3999999999999995       0.13513513513513514      5.115240470534022E-13    5.113729556437096E-13    0.25                     5.0E10                   2700                     5714.815054847454        3299.450010285104        2502.294445801098
1.46966                  7.42                     0.1347708894878706       5.11749428116783E-13     5.115388541702287E-13    0.25                     5.0E10                   2700                     5714.815054847454        3299.450010285104        2502.294445801098
1.46966                  7.4399999999999995       0.13440860215053765      5.119724593278389E-13    5.117030193044451E-13    0.25                     5.0E10                   2700                     5714.815054847454        3299.450010285104        2502.294445801098
1.46966                  7.46                     0.13404825737265413      5.121931690787911E-13    5.118654716835128E-13    0.25                     5.0E10                   2700                     5714.815054847454        3299.450010285104        2502.294445801098
1.46966                  7.4799999999999995       0.1336898395721925       5.12411585496899E-13     5.120262317838736E-13    0.25                     5.0E10                   2700                     5714.815054847454        3299.450010285104        2502.294445801098
1.46966                  7.5                      0.13333333333333333      5.126277364365564E-13    5.121853199153406E-13    0.25                     5.0E10                   2700                     5714.815054847454        3299.450010285104        2502.294445801098
1.46966                  7.52                     0.13297872340425532      5.128416494678535E-13    5.123427562140615E-13    0.25                     5.0E10                   2700                     5714.815054847454        3299.450010285104        2502.294445801098
1.46966                  7.54                     0.13262599469496023      5.130533519004545E-13    5.124985606482618E-13    0.25                     5.0E10                   2700                     5714.815054847454        3299.450010285104        2502.294445801098
1.46966                  7.56                     0.13227513227513227      5.132628707390595E-13    5.126527530014174E-13    0.25                     5.0E10                   2700                     5714.815054847454        3299.450010285104        2502.294445801098
1.46966                  7.58                     0.13192612137203166      5.134702327337087E-13    5.128053528856661E-13    0.25                     5.0E10                   2700                     5714.815054847454        3299.450010285104        2502.294445801098
1.46966                  7.6                      0.13157894736842105      5.136754643306093E-13    5.129563797219775E-13    0.25                     5.0E10                   2700                     5714.815054847454        3299.450010285104        2502.294445801098
1.46966                  7.62                     0.13123359580052493      5.13878591708397E-13     5.131058527556395E-13    0.25                     5.0E10                   2700                     5714.815054847454        3299.450010285104        2502.294445801098
1.46966                  7.64                     0.13089005235602094      5.14079640748797E-13     5.132537910401596E-13    0.25                     5.0E10                   2700                     5714.815054847454        3299.450010285104        2502.294445801098
1.46966                  7.66                     0.13054830287206268      5.142786370730373E-13    5.134002134479691E-13    0.25                     5.0E10                   2700                     5714.815054847454        3299.450010285104        2502.294445801098
1.46966                  7.68                     0.13020833333333334      5.144756059922104E-13    5.135451386592026E-13    0.25                     5.0E10                   2700                     5714.815054847454        3299.450010285104        2502.294445801098
1.46966                  7.7                      0.12987012987012989      5.146705725491877E-13    5.136885851592265E-13    0.25                     5.0E10                   2700                     5714.815054847454        3299.450010285104        2502.294445801098
1.46966                  7.72                     0.1295336787564767       5.148635615008601E-13    5.138305712517158E-13    0.25                     5.0E10                   2700                     5714.815054847454        3299.450010285104        2502.294445801098
1.46966                  7.74                     0.12919896640826872      5.150545973240724E-13    5.139711150430094E-13    0.25                     5.0E10                   2700                     5714.815054847454        3299.450010285104        2502.294445801098
1.46966                  7.76                     0.1288659793814433       5.152437042057221E-13    5.141102344460398E-13    0.25                     5.0E10                   2700                     5714.815054847454        3299.450010285104        2502.294445801098
1.46966                  7.779999999999999        0.12853470437017997      5.154309060571576E-13    5.142479471826732E-13    0.25                     5.0E10                   2700                     5714.815054847454        3299.450010285104        2502.294445801098
1.46966                  7.8                      0.12820512820512822      5.156162265118604E-13    5.143842707820989E-13    0.25                     5.0E10                   2700                     5714.815054847454        3299.450010285104        2502.294445801098
1.46966                  7.819999999999999        0.1278772378516624       5.15799688910107E-13     5.145192225744602E-13    0.25                     5.0E10                   2700                     5714.815054847454        3299.450010285104        2502.294445801098
1.46966                  7.84                     0.12755102040816327      5.159813163288411E-13    5.146528197019375E-13    0.25                     5.0E10                   2700                     5714.815054847454        3299.450010285104        2502.294445801098
1.46966                  7.859999999999999        0.1272264631043257       5.161611315567818E-13    5.147850791075713E-13    0.25                     5.0E10                   2700                     5714.815054847454        3299.450010285104        2502.294445801098
1.46966                  7.88                     0.12690355329949238      5.163391571097125E-13    5.149160175444347E-13    0.25                     5.0E10                   2700                     5714.815054847454        3299.450010285104        2502.294445801098
1.46966                  7.8999999999999995       0.12658227848101267      5.165154152321305E-13    5.150456515707745E-13    0.25                     5.0E10                   2700                     5714.815054847454        3299.450010285104        2502.294445801098
1.46966                  7.92                     0.12626262626262624      5.166899279023464E-13    5.151739975559619E-13    0.25                     5.0E10                   2700                     5714.815054847454        3299.450010285104        2502.294445801098
1.46966                  7.9399999999999995       0.12594458438287154      5.168627167979027E-13    5.153010716633062E-13    0.25                     5.0E10                   2700                     5714.815054847454        3299.450010285104        2502.294445801098
1.46966                  7.96                     0.12562814070351758      5.170338033584179E-13    5.154268898803439E-13    0.25                     5.0E10                   2700                     5714.815054847454        3299.450010285104        2502.294445801098
1.46966                  7.9799999999999995       0.12531328320802007      5.172032087401238E-13    5.155514679922509E-13    0.25                     5.0E10                   2700                     5714.815054847454        3299.450010285104        2502.294445801098
1.46966                  8                        0.125                    5.173709538372729E-13    5.156748215986678E-13    0.25                     5.0E10                   2700                     5714.815054847454        3299.450010285104        2502.294445801098
1.46966                  8.02                     0.12468827930174564      5.175370592754736E-13    5.157969661056226E-13    0.25                     5.0E10                   2700                     5714.815054847454        3299.450010285104        2502.294445801098
1.46966                  8.040000000000001        0.1243781094527363       5.177015454188749E-13    5.159179167307949E-13    0.25                     5.0E10                   2700                     5714.815054847454        3299.450010285104        2502.294445801098
1.46966                  8.06                     0.12406947890818859      5.17864432376181E-13     5.160376885084783E-13    0.25                     5.0E10                   2700                     5714.815054847454        3299.450010285104        2502.294445801098
1.46966                  8.08                     0.12376237623762378      5.180257399899681E-13    5.161562962784302E-13    0.25                     5.0E10                   2700                     5714.815054847454        3299.450010285104        2502.294445801098
1.46966                  8.1                      0.1234567901234568       5.181854878541357E-13    5.162737547009433E-13    0.25                     5.0E10                   2700                     5714.815054847454        3299.450010285104        2502.294445801098
1.46966                  8.12                     0.12315270935960593      5.183436953030882E-13    5.163900782470052E-13    0.25                     5.0E10                   2700                     5714.815054847454        3299.450010285104        2502.294445801098
1.46966                  8.14                     0.12285012285012284      5.185003814257874E-13    5.165052812083471E-13    0.25                     5.0E10                   2700                     5714.815054847454        3299.450010285104        2502.294445801098
1.46966                  8.16                     0.12254901960784315      5.186555650579414E-13    5.166193776932234E-13    0.25                     5.0E10                   2700                     5714.815054847454        3299.450010285104        2502.294445801098
1.46966                  8.18                     0.12224938875305624      5.188092647813711E-13    5.167323816229604E-13    0.25                     5.0E10                   2700                     5714.815054847454        3299.450010285104        2502.294445801098
1.46966                  8.2                      0.12195121951219513      5.189614989472893E-13    5.168443067498897E-13    0.25                     5.0E10                   2700                     5714.815054847454        3299.450010285104        2502.294445801098
1.46966                  8.22                     0.121654501216545        5.191122856557683E-13    5.169551666407176E-13    0.25                     5.0E10                   2700                     5714.815054847454        3299.450010285104        2502.294445801098
1.46966                  8.24                     0.12135922330097086      5.192616427654127E-13    5.170649746874466E-13    0.25                     5.0E10                   2700                     5714.815054847454        3299.450010285104        2502.294445801098
1.46966                  8.26                     0.12106537530266344      5.194095878942902E-13    5.171737441051599E-13    0.25                     5.0E10                   2700                     5714.815054847454        3299.450010285104        2502.294445801098
1.46966                  8.28                     0.1207729468599034       5.195561384431917E-13    5.172814879395857E-13    0.25                     5.0E10                   2700                     5714.815054847454        3299.450010285104        2502.294445801098
1.46966                  8.299999999999999        0.1204819277108434       5.197013115581889E-13    5.1738821906072E-13      0.25                     5.0E10                   2700                     5714.815054847454        3299.450010285104        2502.294445801098
1.46966                  8.32                     0.12019230769230768      5.198451241754833E-13    5.174939501724688E-13    0.25                     5.0E10                   2700                     5714.815054847454        3299.450010285104        2502.294445801098
1.46966                  8.34                     0.11990407673860912      5.199875929829529E-13    5.175986938025105E-13    0.25                     5.0E10                   2700                     5714.815054847454        3299.450010285104        2502.294445801098
1.46966                  8.36                     0.1196172248803828       5.201287344568558E-13    5.177024623163249E-13    0.25                     5.0E10                   2700                     5714.815054847454        3299.450010285104        2502.294445801098
1.46966                  8.379999999999999        0.11933174224343678      5.202685648488702E-13    5.178052679138646E-13    0.25                     5.0E10                   2700                     5714.815054847454        3299.450010285104        2502.294445801098
1.46966                  8.4                      0.11904761904761904      5.204071001861265E-13    5.179071226291371E-13    0.25                     5.0E10                   2700                     5714.815054847454        3299.450010285104        2502.294445801098
1.46966                  8.42                     0.11876484560570072      5.205443562771887E-13    5.180080383311813E-13    0.25                     5.0E10                   2700                     5714.815054847454        3299.450010285104        2502.294445801098
1.46966                  8.44                     0.11848341232227488      5.206803487308426E-13    5.181080267395751E-13    0.25                     5.0E10                   2700                     5714.815054847454        3299.450010285104        2502.294445801098
1.46966                  8.459999999999999        0.11820330969267141      5.208150929254848E-13    5.18207099403861E-13     0.25                     5.0E10                   2700                     5714.815054847454        3299.450010285104        2502.294445801098
1.46966                  8.48                     0.1179245283018868       5.209486040266361E-13    5.183052677146377E-13    0.25                     5.0E10                   2700                     5714.815054847454        3299.450010285104        2502.294445801098
1.46966                  8.5                      0.11764705882352941      5.210808970086266E-13    5.184025429159539E-13    0.25                     5.0E10                   2700                     5714.815054847454        3299.450010285104        2502.294445801098
1.46966                  8.52                     0.11737089201877934      5.212119866350628E-13    5.184989360967642E-13    0.25                     5.0E10                   2700                     5714.815054847454        3299.450010285104        2502.294445801098
1.46966                  8.54                     0.117096018735363        5.213418874617177E-13    5.185944581878088E-13    0.25                     5.0E10                   2700                     5714.815054847454        3299.450010285104        2502.294445801098
1.46966                  8.56                     0.11682242990654204      5.214706138468566E-13    5.186891199751565E-13    0.25                     5.0E10                   2700                     5714.815054847454        3299.450010285104        2502.294445801098
1.46966                  8.58                     0.11655011655011656      5.215981799491419E-13    5.187829320927366E-13    0.25                     5.0E10                   2700                     5714.815054847454        3299.450010285104        2502.294445801098
1.46966                  8.6                      0.11627906976744186      5.217245997344082E-13    5.188759050281676E-13    0.25                     5.0E10                   2700                     5714.815054847454        3299.450010285104        2502.294445801098
1.46966                  8.62                     0.1160092807424594       5.218498869854867E-13    5.189680491311109E-13    0.25                     5.0E10                   2700                     5714.815054847454        3299.450010285104        2502.294445801098
1.46966                  8.64                     0.11574074074074073      5.219740552723316E-13    5.190593745924026E-13    0.25                     5.0E10                   2700                     5714.815054847454        3299.450010285104        2502.294445801098
1.46966                  8.66                     0.11547344110854503      5.22097117997411E-13     5.191498914797206E-13    0.25                     5.0E10                   2700                     5714.815054847454        3299.450010285104        2502.294445801098
1.46966                  8.68                     0.1152073732718894       5.222190883710285E-13    5.192396097093813E-13    0.25                     5.0E10                   2700                     5714.815054847454        3299.450010285104        2502.294445801098
1.46966                  8.7                      0.11494252873563218      5.223399794122372E-13    5.193285390560029E-13    0.25                     5.0E10                   2700                     5714.815054847454        3299.450010285104        2502.294445801098
1.46966                  8.72                     0.1146788990825688       5.224598039746259E-13    5.194166891706067E-13    0.25                     5.0E10                   2700                     5714.815054847454        3299.450010285104        2502.294445801098
1.46966                  8.74                     0.11441647597254004      5.225785747203347E-13    5.195040695583577E-13    0.25                     5.0E10                   2700                     5714.815054847454        3299.450010285104        2502.294445801098
1.46966                  8.76                     0.1141552511415525       5.22698056740231E-13     5.195922805624547E-13    0.25                     5.0E10                   2700                     5714.815054847454        3299.450010285104        2502.294445801098
1.46966                  8.78                     0.11389521640091117      5.228147658188554E-13    5.196781580686196E-13    0.25                     5.0E10                   2700                     5714.815054847454        3299.450010285104        2502.294445801098
1.46966                  8.8                      0.11363636363636362      5.229304580418072E-13    5.197632935893652E-13    0.25                     5.0E10                   2700                     5714.815054847454        3299.450010285104        2502.294445801098
1.46966                  8.82                     0.11337868480725624      5.230451453710404E-13    5.198476961002488E-13    0.25                     5.0E10                   2700                     5714.815054847454        3299.450010285104        2502.294445801098
1.46966                  8.84                     0.11312217194570136      5.231588396306062E-13    5.19931374469875E-13     0.25                     5.0E10                   2700                     5714.815054847454        3299.450010285104        2502.294445801098
1.46966                  8.86                     0.11286681715575621      5.232715524596564E-13    5.200143374332178E-13    0.25                     5.0E10                   2700                     5714.815054847454        3299.450010285104        2502.294445801098
1.46966                  8.879999999999999        0.11261261261261263      5.233832953557848E-13    5.200965936066332E-13    0.25                     5.0E10                   2700                     5714.815054847454        3299.450010285104        2502.294445801098
1.46966                  8.9                      0.11235955056179775      5.234940796272167E-13    5.201781514739171E-13    0.25                     5.0E10                   2700                     5714.815054847454        3299.450010285104        2502.294445801098
1.46966                  8.92                     0.11210762331838565      5.236039164547581E-13    5.202590194166991E-13    0.25                     5.0E10                   2700                     5714.815054847454        3299.450010285104        2502.294445801098
1.46966                  8.94                     0.11185682326621925      5.237128168505681E-13    5.203392056879073E-13    0.25                     5.0E10                   2700                     5714.815054847454        3299.450010285104        2502.294445801098
1.46966                  8.959999999999999        0.11160714285714285      5.238207916767256E-13    5.204187184266155E-13    0.25                     5.0E10                   2700                     5714.815054847454        3299.450010285104        2502.294445801098
1.46966                  8.98                     0.11135857461024498      5.239278516344614E-13    5.20497565653737E-13     0.25                     5.0E10                   2700                     5714.815054847454        3299.450010285104        2502.294445801098
1.46966                  9                        0.11111111111111112      5.240340072893387E-13    5.205757552820052E-13    0.25                     5.0E10                   2700                     5714.815054847454        3299.450010285104        2502.294445801098
1.46966                  9.02                     0.11086474501108647      5.241392690521171E-13    5.206532951100544E-13    0.25                     5.0E10                   2700                     5714.815054847454        3299.450010285104        2502.294445801098
1.46966                  9.04                     0.11061946902654868      5.242436471936111E-13    5.207301928257771E-13    0.25                     5.0E10                   2700                     5714.815054847454        3299.450010285104        2502.294445801098
1.46966                  9.06                     0.11037527593818983      5.243471518404442E-13    5.208064560109052E-13    0.25                     5.0E10                   2700                     5714.815054847454        3299.450010285104        2502.294445801098
1.46966                  9.08                     0.11013215859030838      5.244497929688049E-13    5.208820921340054E-13    0.25                     5.0E10                   2700                     5714.815054847454        3299.450010285104        2502.294445801098
1.46966                  9.1                      0.1098901098901099       5.245515804313726E-13    5.209571085641849E-13    0.25                     5.0E10                   2700                     5714.815054847454        3299.450010285104        2502.294445801098
1.46966                  9.12                     0.10964912280701757      5.246525239383708E-13    5.210315125670695E-13    0.25                     5.0E10                   2700                     5714.815054847454        3299.450010285104        2502.294445801098
1.46966                  9.14                     0.10940919037199125      5.247526330608569E-13    5.211053113012051E-13    0.25                     5.0E10                   2700                     5714.815054847454        3299.450010285104        2502.294445801098
1.46966                  9.16                     0.10917030567685589      5.248519172438224E-13    5.211785118258397E-13    0.25                     5.0E10                   2700                     5714.815054847454        3299.450010285104        2502.294445801098
1.46966                  9.18                     0.10893246187363835      5.249503857930486E-13    5.21251121098768E-13     0.25                     5.0E10                   2700                     5714.815054847454        3299.450010285104        2502.294445801098
1.46966                  9.2                      0.10869565217391305      5.250480478937188E-13    5.213231459828972E-13    0.25                     5.0E10                   2700                     5714.815054847454        3299.450010285104        2502.294445801098
1.46966                  9.22                     0.10845986984815618      5.251449126087845E-13    5.213945932478689E-13    0.25                     5.0E10                   2700                     5714.815054847454        3299.450010285104        2502.294445801098
1.46966                  9.24                     0.10822510822510822      5.252409888510411E-13    5.214654695517295E-13    0.25                     5.0E10                   2700                     5714.815054847454        3299.450010285104        2502.294445801098
1.46966                  9.26                     0.1079913606911447       5.253362854401202E-13    5.215357814783663E-13    0.25                     5.0E10                   2700                     5714.815054847454        3299.450010285104        2502.294445801098
1.46966                  9.28                     0.10775862068965518      5.254308110515762E-13    5.21605535504079E-13     0.25                     5.0E10                   2700                     5714.815054847454        3299.450010285104        2502.294445801098
1.46966                  9.3                      0.10752688172043011      5.25524574258194E-13     5.216747380234344E-13    0.25                     5.0E10                   2700                     5714.815054847454        3299.450010285104        2502.294445801098
1.46966                  9.32                     0.1072961373390558       5.25617583507721E-13     5.217433953414001E-13    0.25                     5.0E10                   2700                     5714.815054847454        3299.450010285104        2502.294445801098
1.46966                  9.34                     0.10706638115631692      5.257098471150417E-13    5.218115136564205E-13    0.25                     5.0E10                   2700                     5714.815054847454        3299.450010285104        2502.294445801098
1.46966                  9.36                     0.10683760683760683      5.258013733117684E-13    5.218790991042835E-13    0.25                     5.0E10                   2700                     5714.815054847454        3299.450010285104        2502.294445801098
1.46966                  9.379999999999999        0.10660980810234544      5.258921701916229E-13    5.21946157720297E-13     0.25                     5.0E10                   2700                     5714.815054847454        3299.450010285104        2502.294445801098
1.46966                  9.4                      0.10638297872340426      5.259822457464911E-13    5.22012695455852E-13     0.25                     5.0E10                   2700                     5714.815054847454        3299.450010285104        2502.294445801098
1.46966                  9.42                     0.10615711252653928      5.260716078685768E-13    5.220787181847892E-13    0.25                     5.0E10                   2700                     5714.815054847454        3299.450010285104        2502.294445801098
1.46966                  9.44                     0.1059322033898305       5.261602643241372E-13    5.221442316964562E-13    0.25                     5.0E10                   2700                     5714.815054847454        3299.450010285104        2502.294445801098
1.46966                  9.459999999999999        0.10570824524312897      5.26248222779841E-13     5.222092416906686E-13    0.25                     5.0E10                   2700                     5714.815054847454        3299.450010285104        2502.294445801098
1.46966                  9.48                     0.10548523206751054      5.263354907871137E-13    5.222737537920111E-13    0.25                     5.0E10                   2700                     5714.815054847454        3299.450010285104        2502.294445801098
1.46966                  9.5                      0.10526315789473685      5.264220758253432E-13    5.223377735570249E-13    0.25                     5.0E10                   2700                     5714.815054847454        3299.450010285104        2502.294445801098
1.46966                  9.52                     0.10504201680672269      5.265079852425674E-13    5.22401306451813E-13     0.25                     5.0E10                   2700                     5714.815054847454        3299.450010285104        2502.294445801098
1.46966                  9.54                     0.10482180293501049      5.265932262923114E-13    5.224643578670502E-13    0.25                     5.0E10                   2700                     5714.815054847454        3299.450010285104        2502.294445801098
1.46966                  9.56                     0.10460251046025104      5.266778061371387E-13    5.225269331243898E-13    0.25                     5.0E10                   2700                     5714.815054847454        3299.450010285104        2502.294445801098
1.46966                  9.58                     0.10438413361169102      5.267617318387101E-13    5.225890374671302E-13    0.25                     5.0E10                   2700                     5714.815054847454        3299.450010285104        2502.294445801098
1.46966                  9.6                      0.10416666666666667      5.268450103620443E-13    5.22650676068042E-13     0.25                     5.0E10                   2700                     5714.815054847454        3299.450010285104        2502.294445801098
1.46966                  9.62                     0.10395010395010396      5.2692764857577E-13      5.227118540230648E-13    0.25                     5.0E10                   2700                     5714.815054847454        3299.450010285104        2502.294445801098
1.46966                  9.64                     0.10373443983402489      5.270096532603642E-13    5.22772576362039E-13     0.25                     5.0E10                   2700                     5714.815054847454        3299.450010285104        2502.294445801098
1.46966                  9.66                     0.10351966873706003      5.270910311036689E-13    5.228328480474209E-13    0.25                     5.0E10                   2700                     5714.815054847454        3299.450010285104        2502.294445801098
1.46966                  9.68                     0.10330578512396693      5.271717886904449E-13    5.22892673958188E-13     0.25                     5.0E10                   2700                     5714.815054847454        3299.450010285104        2502.294445801098
1.46966                  9.7                      0.10309278350515465      5.272519325456513E-13    5.229520589289845E-13    0.25                     5.0E10                   2700                     5714.815054847454        3299.450010285104        2502.294445801098
1.46966                  9.72                     0.102880658436214        5.273314690812825E-13    5.230110077098309E-13    0.25                     5.0E10                   2700                     5714.815054847454        3299.450010285104        2502.294445801098
1.46966                  9.74                     0.1026694045174538       5.274104046255921E-13    5.230695249868907E-13    0.25                     5.0E10                   2700                     5714.815054847454        3299.450010285104        2502.294445801098
1.46966                  9.76                     0.10245901639344263      5.274887454460231E-13    5.231276153982594E-13    0.25                     5.0E10                   2700                     5714.815054847454        3299.450010285104        2502.294445801098
1.46966                  9.78                     0.10224948875255623      5.275664976812786E-13    5.231852834875202E-13    0.25                     5.0E10                   2700                     5714.815054847454        3299.450010285104        2502.294445801098
1.46966                  9.8                      0.10204081632653059      5.276436674309068E-13    5.232425337645939E-13    0.25                     5.0E10                   2700                     5714.815054847454        3299.450010285104        2502.294445801098
1.46966                  9.82                     0.10183299389002037      5.277202606932856E-13    5.232993706647134E-13    0.25                     5.0E10                   2700                     5714.815054847454        3299.450010285104        2502.294445801098
1.46966                  9.84                     0.1016260162601626       5.277962833824618E-13    5.233557985571305E-13    0.25                     5.0E10                   2700                     5714.815054847454        3299.450010285104        2502.294445801098
1.46966                  9.86                     0.10141987829614604      5.27871741361541E-13     5.234118217728054E-13    0.25                     5.0E10                   2700                     5714.815054847454        3299.450010285104        2502.294445801098
1.46966                  9.879999999999999        0.10121457489878542      5.279466403771704E-13    5.234674445550012E-13    0.25                     5.0E10                   2700                     5714.815054847454        3299.450010285104        2502.294445801098
1.46966                  9.9                      0.101010101010101        5.280209861248149E-13    5.235226711095094E-13    0.25                     5.0E10                   2700                     5714.815054847454        3299.450010285104        2502.294445801098
1.46966                  9.92                     0.10080645161290322      5.280947842158236E-13    5.235775055741785E-13    0.25                     5.0E10                   2700                     5714.815054847454        3299.450010285104        2502.294445801098
1.46966                  9.94                     0.1006036217303823       5.281680401956097E-13    5.236319520403686E-13    0.25                     5.0E10                   2700                     5714.815054847454        3299.450010285104        2502.294445801098
1.46966                  9.959999999999999        0.10040160642570282      5.282407595289851E-13    5.236860145353539E-13    0.25                     5.0E10                   2700                     5714.815054847454        3299.450010285104        2502.294445801098
1.46966                  9.98                     0.1002004008016032       5.283129476109792E-13    5.23739697032416E-13     0.25                     5.0E10                   2700                     5714.815054847454        3299.450010285104        2502.294445801098
1.46966                  10                       0.1                      5.283453474463587E-13    5.237287969639203E-13    0.25                     5.0E10                   2700                     5714.815054847454        3299.450010285104        2502.294445801098
