1.29271                  0.1                      10                       5.331213994846524E-13    5.3312451119976E-13      0.25                     5.0E10                   2700                     5359.74709187746         3094.451426283765        2502.294445801098
1.29271                  0.12000000000000001      8.333333333333332        5.362917136283761E-13    5.363418170925266E-13    0.25                     5.0E10                   2700                     5359.74709187746         3094.451426283765        2502.294445801098
1.29271                  0.14                     7.1428571428571415       5.34139036498211E-13     5.339632581843249E-13    0.25                     5.0E10                   2700                     5359.74709187746         3094.451426283765        2502.294445801098
1.29271                  0.16                     6.249999999999999        5.330617802105761E-13    5.331698625395606E-13    0.25                     5.0E10                   2700                     5359.74709187746         3094.451426283765        2502.294445801098
1.29271                  0.18                     5.555555555555555        5.371902914822167E-13    5.372978390967756E-13    0.25                     5.0E10                   2700                     5359.74709187746         3094.451426283765        2502.294445801098
1.29271                  0.2                      5                        5.33205553906976E-13     5.331247199485246E-13    0.25                     5.0E10                   2700                     5359.74709187746         3094.451426283765        2502.294445801098
1.29271                  0.22                     4.545454545454546        5.362887515651878E-13    5.366717604395886E-13    0.25                     5.0E10                   2700                     5359.74709187746         3094.451426283765        2502.294445801098
1.29271                  0.24000000000000002      4.166666666666666        5.356423859998901E-13    5.362875790518183E-13    0.25                     5.0E10                   2700                     5359.74709187746         3094.451426283765        2502.294445801098
1.29271                  0.26                     3.846153846153846        5.34271596901141E-13     5.349081322800073E-13    0.25                     5.0E10                   2700                     5359.74709187746         3094.451426283765        2502.294445801098
1.29271                  0.28                     3.5714285714285707       5.366435580057598E-13    5.372039539716834E-13    0.25                     5.0E10                   2700                     5359.74709187746         3094.451426283765        2502.294445801098
1.29271                  0.30000000000000004      3.3333333333333326       5.365089490229014E-13    5.365383237831849E-13    0.25                     5.0E10                   2700                     5359.74709187746         3094.451426283765        2502.294445801098
1.29271                  0.32                     3.1249999999999996       5.344822206431732E-13    5.334230400039947E-13    0.25                     5.0E10                   2700                     5359.74709187746         3094.451426283765        2502.294445801098
1.29271                  0.33999999999999997      2.9411764705882355       5.397408660648792E-13    5.384392895781632E-13    0.25                     5.0E10                   2700                     5359.74709187746         3094.451426283765        2502.294445801098
1.29271                  0.36                     2.7777777777777777       5.389357431490767E-13    5.359879248786371E-13    0.25                     5.0E10                   2700                     5359.74709187746         3094.451426283765        2502.294445801098
1.29271                  0.38                     2.6315789473684212       5.415633261962671E-13    5.358489479624978E-13    0.25                     5.0E10                   2700                     5359.74709187746         3094.451426283765        2502.294445801098
1.29271                  0.4                      2.5                      5.431312814289955E-13    5.356234154763512E-13    0.25                     5.0E10                   2700                     5359.74709187746         3094.451426283765        2502.294445801098
1.29271                  0.42000000000000004      2.3809523809523805       5.480016536523171E-13    5.369051806874412E-13    0.25                     5.0E10                   2700                     5359.74709187746         3094.451426283765        2502.294445801098
1.29271                  0.44000000000000006      2.272727272727273        5.5234841567079E-13      5.397643073454026E-13    0.25                     5.0E10                   2700                     5359.74709187746         3094.451426283765        2502.294445801098
1.29271                  0.45999999999999996      2.173913043478261        5.583668527315049E-13    5.431385815713355E-13    0.25                     5.0E10                   2700                     5359.74709187746         3094.451426283765        2502.294445801098
1.29271                  0.48                     2.0833333333333335       5.610374458580978E-13    5.429310411815303E-13    0.25                     5.0E10                   2700                     5359.74709187746         3094.451426283765        2502.294445801098
1.29271                  0.5                      2                        5.624200963713358E-13    5.426686290762595E-13    0.25                     5.0E10                   2700                     5359.74709187746         3094.451426283765        2502.294445801098
1.29271                  0.52                     1.923076923076923        5.689684655034283E-13    5.476916205362734E-13    0.25                     5.0E10                   2700                     5359.74709187746         3094.451426283765        2502.294445801098
1.29271                  0.54                     1.8518518518518516       5.680033026118256E-13    5.445692737215592E-13    0.25                     5.0E10                   2700                     5359.74709187746         3094.451426283765        2502.294445801098
1.29271                  0.56                     1.7857142857142854       5.75550884811738E-13     5.486910747554004E-13    0.25                     5.0E10                   2700                     5359.74709187746         3094.451426283765        2502.294445801098
1.29271                  0.58                     1.7241379310344829       5.804489482550873E-13    5.511552289803949E-13    0.25                     5.0E10                   2700                     5359.74709187746         3094.451426283765        2502.294445801098
1.29271                  0.6                      1.6666666666666667       5.837277819320189E-13    5.527688913693882E-13    0.25                     5.0E10                   2700                     5359.74709187746         3094.451426283765        2502.294445801098
1.29271                  0.62                     1.6129032258064515       5.847881614288099E-13    5.515909932809576E-13    0.25                     5.0E10                   2700                     5359.74709187746         3094.451426283765        2502.294445801098
1.29271                  0.64                     1.5624999999999998       5.941811481688304E-13    5.573839579045069E-13    0.25                     5.0E10                   2700                     5359.74709187746         3094.451426283765        2502.294445801098
1.29271                  0.66                     1.515151515151515        5.934600667036271E-13    5.533086924955051E-13    0.25                     5.0E10                   2700                     5359.74709187746         3094.451426283765        2502.294445801098
1.29271                  0.6799999999999999       1.4705882352941178       5.969953922041512E-13    5.537392100020138E-13    0.25                     5.0E10                   2700                     5359.74709187746         3094.451426283765        2502.294445801098
1.29271                  0.7                      1.4285714285714286       6.029265311865098E-13    5.568382848386581E-13    0.25                     5.0E10                   2700                     5359.74709187746         3094.451426283765        2502.294445801098
1.29271                  0.72                     1.3888888888888888       6.078355838778861E-13    5.585396572482509E-13    0.25                     5.0E10                   2700                     5359.74709187746         3094.451426283765        2502.294445801098
1.29271                  0.74                     1.3513513513513513       6.193653467252967E-13    5.659430024547262E-13    0.25                     5.0E10                   2700                     5359.74709187746         3094.451426283765        2502.294445801098
1.29271                  0.76                     1.3157894736842106       6.28356979621411E-13     5.707431448823123E-13    0.25                     5.0E10                   2700                     5359.74709187746         3094.451426283765        2502.294445801098
1.29271                  0.78                     1.2820512820512822       6.266993652017931E-13    5.657944015826094E-13    0.25                     5.0E10                   2700                     5359.74709187746         3094.451426283765        2502.294445801098
1.29271                  0.8                      1.25                     6.235767380918308E-13    5.599964166732544E-13    0.25                     5.0E10                   2700                     5359.74709187746         3094.451426283765        2502.294445801098
1.29271                  0.82                     1.2195121951219514       6.257230083237485E-13    5.597523368358996E-13    0.25                     5.0E10                   2700                     5359.74709187746         3094.451426283765        2502.294445801098
1.29271                  0.84                     1.1904761904761905       6.286439503036691E-13    5.610793275684176E-13    0.25                     5.0E10                   2700                     5359.74709187746         3094.451426283765        2502.294445801098
1.29271                  0.86                     1.1627906976744187       6.299180740362262E-13    5.610843884084663E-13    0.25                     5.0E10                   2700                     5359.74709187746         3094.451426283765        2502.294445801098
1.29271                  0.88                     1.1363636363636365       6.318029419500011E-13    5.614933698985826E-13    0.25                     5.0E10                   2700                     5359.74709187746         3094.451426283765        2502.294445801098
1.29271                  0.9                      1.1111111111111112       6.363728987070599E-13    5.640304045326673E-13    0.25                     5.0E10                   2700                     5359.74709187746         3094.451426283765        2502.294445801098
1.29271                  0.92                     1.0869565217391304       6.411877163958655E-13    5.665839286674507E-13    0.25                     5.0E10                   2700                     5359.74709187746         3094.451426283765        2502.294445801098
1.29271                  0.94                     1.0638297872340425       6.429671722149429E-13    5.664671007713527E-13    0.25                     5.0E10                   2700                     5359.74709187746         3094.451426283765        2502.294445801098
1.29271                  0.96                     1.0416666666666667       6.420750605855365E-13    5.642225883271408E-13    0.25                     5.0E10                   2700                     5359.74709187746         3094.451426283765        2502.294445801098
1.29271                  0.98                     1.0204081632653061       6.417541623298574E-13    5.628853816792522E-13    0.25                     5.0E10                   2700                     5359.74709187746         3094.451426283765        2502.294445801098
1.29271                  1                        1                        6.442870047461297E-13    5.6452862202037E-13      0.25                     5.0E10                   2700                     5359.74709187746         3094.451426283765        2502.294445801098
1.29271                  1.02                     0.9803921568627452       6.492053169230384E-13    5.691515105210547E-13    0.25                     5.0E10                   2700                     5359.74709187746         3094.451426283765        2502.294445801098
1.29271                  1.04                     0.9615384615384615       6.532601294330938E-13    5.737363851840764E-13    0.25                     5.0E10                   2700                     5359.74709187746         3094.451426283765        2502.294445801098
1.29271                  1.06                     0.9433962264150944       6.533630091402021E-13    5.753743357908802E-13    0.25                     5.0E10                   2700                     5359.74709187746         3094.451426283765        2502.294445801098
1.29271                  1.08                     0.9259259259259258       6.484655977870512E-13    5.72824969608575E-13     0.25                     5.0E10                   2700                     5359.74709187746         3094.451426283765        2502.294445801098
1.29271                  1.1                      0.909090909090909        6.398223660965104E-13    5.668762732010257E-13    0.25                     5.0E10                   2700                     5359.74709187746         3094.451426283765        2502.294445801098
1.29271                  1.12                     0.8928571428571427       6.296812385306735E-13    5.593409228286459E-13    0.25                     5.0E10                   2700                     5359.74709187746         3094.451426283765        2502.294445801098
1.29271                  1.1400000000000001       0.8771929824561403       6.201946244460279E-13    5.519313125364373E-13    0.25                     5.0E10                   2700                     5359.74709187746         3094.451426283765        2502.294445801098
1.29271                  1.1600000000000001       0.8620689655172412       6.122887824764634E-13    5.455746317784378E-13    0.25                     5.0E10                   2700                     5359.74709187746         3094.451426283765        2502.294445801098
1.29271                  1.1800000000000002       0.8474576271186439       6.061887593475997E-13    5.405651670000669E-13    0.25                     5.0E10                   2700                     5359.74709187746         3094.451426283765        2502.294445801098
1.29271                  1.2000000000000002       0.8333333333333331       6.017432456148678E-13    5.368874881268464E-13    0.25                     5.0E10                   2700                     5359.74709187746         3094.451426283765        2502.294445801098
1.29271                  1.2200000000000002       0.8196721311475409       5.987789324958974E-13    5.345094252956256E-13    0.25                     5.0E10                   2700                     5359.74709187746         3094.451426283765        2502.294445801098
1.29271                  1.2400000000000002       0.8064516129032256       5.972468571354025E-13    5.335004056830226E-13    0.25                     5.0E10                   2700                     5359.74709187746         3094.451426283765        2502.294445801098
1.29271                  1.26                     0.7936507936507936       5.972021744473837E-13    5.340237670938263E-13    0.25                     5.0E10                   2700                     5359.74709187746         3094.451426283765        2502.294445801098
1.29271                  1.28                     0.7812499999999999       5.986085334541108E-13    5.361108713462929E-13    0.25                     5.0E10                   2700                     5359.74709187746         3094.451426283765        2502.294445801098
1.29271                  1.3                      0.7692307692307692       6.01252242343725E-13     5.396376508370748E-13    0.25                     5.0E10                   2700                     5359.74709187746         3094.451426283765        2502.294445801098
1.29271                  1.32                     0.7575757575757575       6.046579112627591E-13    5.442252662668239E-13    0.25                     5.0E10                   2700                     5359.74709187746         3094.451426283765        2502.294445801098
1.29271                  1.34                     0.7462686567164178       6.081286580656333E-13    5.492703741144166E-13    0.25                     5.0E10                   2700                     5359.74709187746         3094.451426283765        2502.294445801098
1.29271                  1.36                     0.7352941176470588       6.108482108023144E-13    5.540302526878063E-13    0.25                     5.0E10                   2700                     5359.74709187746         3094.451426283765        2502.294445801098
1.29271                  1.3800000000000001       0.7246376811594203       6.120343227297196E-13    5.577571629729261E-13    0.25                     5.0E10                   2700                     5359.74709187746         3094.451426283765        2502.294445801098
1.29271                  1.4000000000000001       0.7142857142857142       6.110994580379722E-13    5.598456590165034E-13    0.25                     5.0E10                   2700                     5359.74709187746         3094.451426283765        2502.294445801098
1.29271                  1.4200000000000002       0.704225352112676        6.077717270035411E-13    5.599517038205002E-13    0.25                     5.0E10                   2700                     5359.74709187746         3094.451426283765        2502.294445801098
1.29271                  1.4400000000000002       0.6944444444444444       6.021982843032195E-13    5.580579821642037E-13    0.25                     5.0E10                   2700                     5359.74709187746         3094.451426283765        2502.294445801098
1.29271                  1.4600000000000002       0.6849315068493149       5.946639656184331E-13    5.544078485862047E-13    0.25                     5.0E10                   2700                     5359.74709187746         3094.451426283765        2502.294445801098
1.29271                  1.4800000000000002       0.6756756756756755       5.858066020913735E-13    5.494629556959177E-13    0.25                     5.0E10                   2700                     5359.74709187746         3094.451426283765        2502.294445801098
1.29271                  1.5000000000000002       0.6666666666666665       5.762921979211866E-13    5.43775337060718E-13     0.25                     5.0E10                   2700                     5359.74709187746         3094.451426283765        2502.294445801098
1.29271                  1.52                     0.6578947368421053       5.667453870967306E-13    5.378866038740688E-13    0.25                     5.0E10                   2700                     5359.74709187746         3094.451426283765        2502.294445801098
1.29271                  1.54                     0.6493506493506493       5.576743774120391E-13    5.322551378834221E-13    0.25                     5.0E10                   2700                     5359.74709187746         3094.451426283765        2502.294445801098
1.29271                  1.56                     0.6410256410256411       5.494370271778645E-13    5.272184614242815E-13    0.25                     5.0E10                   2700                     5359.74709187746         3094.451426283765        2502.294445801098
1.29271                  1.58                     0.6329113924050632       5.422391464245016E-13    5.229847999170321E-13    0.25                     5.0E10                   2700                     5359.74709187746         3094.451426283765        2502.294445801098
1.29271                  1.6                      0.625                    5.361525817550577E-13    5.196437597068076E-13    0.25                     5.0E10                   2700                     5359.74709187746         3094.451426283765        2502.294445801098
1.29271                  1.62                     0.6172839506172839       5.311430726041355E-13    5.171876134118717E-13    0.25                     5.0E10                   2700                     5359.74709187746         3094.451426283765        2502.294445801098
1.29271                  1.6400000000000001       0.6097560975609756       5.270991899115311E-13    5.155349182742174E-13    0.25                     5.0E10                   2700                     5359.74709187746         3094.451426283765        2502.294445801098
1.29271                  1.6600000000000001       0.6024096385542168       5.238604927201887E-13    5.145549494255372E-13    0.25                     5.0E10                   2700                     5359.74709187746         3094.451426283765        2502.294445801098
1.29271                  1.6800000000000002       0.5952380952380951       5.21333316444042E-13     5.14198592110415E-13     0.25                     5.0E10                   2700                     5359.74709187746         3094.451426283765        2502.294445801098
1.29271                  1.7000000000000002       0.588235294117647        5.191537906937762E-13    5.140896651925894E-13    0.25                     5.0E10                   2700                     5359.74709187746         3094.451426283765        2502.294445801098
1.29271                  1.7200000000000002       0.5813953488372092       5.172207834300979E-13    5.141626737027815E-13    0.25                     5.0E10                   2700                     5359.74709187746         3094.451426283765        2502.294445801098
1.29271                  1.7400000000000002       0.5747126436781609       5.153767484705276E-13    5.142732886437074E-13    0.25                     5.0E10                   2700                     5359.74709187746         3094.451426283765        2502.294445801098
1.29271                  1.7600000000000002       0.5681818181818182       5.134941827395686E-13    5.14302893654045E-13     0.25                     5.0E10                   2700                     5359.74709187746         3094.451426283765        2502.294445801098
1.29271                  1.78                     0.5617977528089887       5.114794786155535E-13    5.141627514188899E-13    0.25                     5.0E10                   2700                     5359.74709187746         3094.451426283765        2502.294445801098
1.29271                  1.8                      0.5555555555555556       5.092722966998297E-13    5.137947101342216E-13    0.25                     5.0E10                   2700                     5359.74709187746         3094.451426283765        2502.294445801098
1.29271                  1.82                     0.5494505494505494       5.068432727195082E-13    5.13169370330607E-13     0.25                     5.0E10                   2700                     5359.74709187746         3094.451426283765        2502.294445801098
1.29271                  1.84                     0.5434782608695652       5.041892804745625E-13    5.122821772596612E-13    0.25                     5.0E10                   2700                     5359.74709187746         3094.451426283765        2502.294445801098
1.29271                  1.86                     0.5376344086021505       5.013277384270885E-13    5.111483483000966E-13    0.25                     5.0E10                   2700                     5359.74709187746         3094.451426283765        2502.294445801098
1.29271                  1.8800000000000001       0.5319148936170213       4.982906393960313E-13    5.097973771192679E-13    0.25                     5.0E10                   2700                     5359.74709187746         3094.451426283765        2502.294445801098
1.29271                  1.9000000000000001       0.5263157894736842       4.951189327256151E-13    5.082677436453775E-13    0.25                     5.0E10                   2700                     5359.74709187746         3094.451426283765        2502.294445801098
1.29271                  1.9200000000000002       0.5208333333333333       4.918576884340061E-13    5.066022764347274E-13    0.25                     5.0E10                   2700                     5359.74709187746         3094.451426283765        2502.294445801098
1.29271                  1.9400000000000002       0.5154639175257731       4.885522702526839E-13    5.04844421269463E-13     0.25                     5.0E10                   2700                     5359.74709187746         3094.451426283765        2502.294445801098
1.29271                  1.9600000000000002       0.5102040816326531       4.852454185459364E-13    5.030354547228759E-13    0.25                     5.0E10                   2700                     5359.74709187746         3094.451426283765        2502.294445801098
1.29271                  1.9800000000000002       0.505050505050505        4.819760849258475E-13    5.012128665184949E-13    0.25                     5.0E10                   2700                     5359.74709187746         3094.451426283765        2502.294445801098
1.29271                  2                        0.5                      4.787994862777026E-13    4.994172094633496E-13    0.25                     5.0E10                   2700                     5359.74709187746         3094.451426283765        2502.294445801098
1.29271                  2.02                     0.4950495049504951       4.756991082309788E-13    4.976591468421348E-13    0.25                     5.0E10                   2700                     5359.74709187746         3094.451426283765        2502.294445801098
1.29271                  2.04                     0.4901960784313726       4.727202684763233E-13    4.959693839296712E-13    0.25                     5.0E10                   2700                     5359.74709187746         3094.451426283765        2502.294445801098
1.29271                  2.06                     0.48543689320388345      4.698808658354755E-13    4.94365444482214E-13     0.25                     5.0E10                   2700                     5359.74709187746         3094.451426283765        2502.294445801098
1.29271                  2.08                     0.4807692307692307       4.671946277519007E-13    4.928608273963384E-13    0.25                     5.0E10                   2700                     5359.74709187746         3094.451426283765        2502.294445801098
1.29271                  2.1                      0.47619047619047616      4.646718040880278E-13    4.914656950670343E-13    0.25                     5.0E10                   2700                     5359.74709187746         3094.451426283765        2502.294445801098
1.29271                  2.12                     0.4716981132075472       4.623198405133041E-13    4.901875499556907E-13    0.25                     5.0E10                   2700                     5359.74709187746         3094.451426283765        2502.294445801098
1.29271                  2.14                     0.46728971962616817      4.601439839539763E-13    4.890318483541458E-13    0.25                     5.0E10                   2700                     5359.74709187746         3094.451426283765        2502.294445801098
1.29271                  2.16                     0.4629629629629629       4.581477942646672E-13    4.880025220570594E-13    0.25                     5.0E10                   2700                     5359.74709187746         3094.451426283765        2502.294445801098
1.29271                  2.18                     0.4587155963302752       4.563335525612555E-13    4.871023954440323E-13    0.25                     5.0E10                   2700                     5359.74709187746         3094.451426283765        2502.294445801098
1.29271                  2.2                      0.4545454545454545       4.547025303286902E-13    4.863334979713533E-13    0.25                     5.0E10                   2700                     5359.74709187746         3094.451426283765        2502.294445801098
1.29271                  2.22                     0.45045045045045035      4.5325535275488294E-13   4.856972780019691E-13    0.25                     5.0E10                   2700                     5359.74709187746         3094.451426283765        2502.294445801098
1.29271                  2.24                     0.44642857142857134      4.5199191593473084E-13   4.851947358653381E-13    0.25                     5.0E10                   2700                     5359.74709187746         3094.451426283765        2502.294445801098
1.29271                  2.2600000000000002       0.44247787610619466      4.5091160339181705E-13   4.848264849747441E-13    0.25                     5.0E10                   2700                     5359.74709187746         3094.451426283765        2502.294445801098
1.29271                  2.2800000000000002       0.43859649122807015      4.500132755381761E-13    4.84592761173406E-13     0.25                     5.0E10                   2700                     5359.74709187746         3094.451426283765        2502.294445801098
1.29271                  2.3000000000000003       0.43478260869565216      4.492952607096625E-13    4.844933939761604E-13    0.25                     5.0E10                   2700                     5359.74709187746         3094.451426283765        2502.294445801098
1.29271                  2.3200000000000003       0.4310344827586206       4.487553248903299E-13    4.845277534383823E-13    0.25                     5.0E10                   2700                     5359.74709187746         3094.451426283765        2502.294445801098
1.29271                  2.3400000000000003       0.4273504273504273       4.483906305203708E-13    4.846946842261076E-13    0.25                     5.0E10                   2700                     5359.74709187746         3094.451426283765        2502.294445801098
1.29271                  2.3600000000000003       0.42372881355932196      4.481976927272455E-13    4.849924363330437E-13    0.25                     5.0E10                   2700                     5359.74709187746         3094.451426283765        2502.294445801098
1.29271                  2.3800000000000003       0.4201680672268907       4.48172339237881E-13     4.854185997558567E-13    0.25                     5.0E10                   2700                     5359.74709187746         3094.451426283765        2502.294445801098
1.29271                  2.4000000000000004       0.4166666666666666       4.483096785308051E-13    4.859700485523077E-13    0.25                     5.0E10                   2700                     5359.74709187746         3094.451426283765        2502.294445801098
1.29271                  2.42                     0.4132231404958677       4.486040791928041E-13    4.866428979697833E-13    0.25                     5.0E10                   2700                     5359.74709187746         3094.451426283765        2502.294445801098
1.29271                  2.44                     0.4098360655737705       4.4904916225891003E-13   4.87432476951126E-13     0.25                     5.0E10                   2700                     5359.74709187746         3094.451426283765        2502.294445801098
1.29271                  2.46                     0.4065040650406504       4.4963780734513855E-13   4.883333171717154E-13    0.25                     5.0E10                   2700                     5359.74709187746         3094.451426283765        2502.294445801098
1.29271                  2.48                     0.4032258064516129       4.5036217261504377E-13   4.893391588659076E-13    0.25                     5.0E10                   2700                     5359.74709187746         3094.451426283765        2502.294445801098
1.29271                  2.5                      0.4                      4.514227324367028E-13    4.905824169669142E-13    0.25                     5.0E10                   2700                     5359.74709187746         3094.451426283765        2502.294445801098
1.29271                  2.52                     0.3968253968253968       4.523915857695224E-13    4.917761545753646E-13    0.25                     5.0E10                   2700                     5359.74709187746         3094.451426283765        2502.294445801098
1.29271                  2.54                     0.39370078740157477      4.5346792358847333E-13   4.930509828057093E-13    0.25                     5.0E10                   2700                     5359.74709187746         3094.451426283765        2502.294445801098
1.29271                  2.56                     0.39062499999999994      4.5464134320027137E-13   4.943977176135316E-13    0.25                     5.0E10                   2700                     5359.74709187746         3094.451426283765        2502.294445801098
1.29271                  2.58                     0.38759689922480617      4.559011522273522E-13    4.958067770308008E-13    0.25                     5.0E10                   2700                     5359.74709187746         3094.451426283765        2502.294445801098
1.29271                  2.6                      0.3846153846153846       4.572363154458637E-13    4.972681414422157E-13    0.25                     5.0E10                   2700                     5359.74709187746         3094.451426283765        2502.294445801098
1.29271                  2.62                     0.3816793893129771       4.586355426754713E-13    4.987714451055218E-13    0.25                     5.0E10                   2700                     5359.74709187746         3094.451426283765        2502.294445801098
1.29271                  2.64                     0.37878787878787873      4.600873810969521E-13    5.003060735725101E-13    0.25                     5.0E10                   2700                     5359.74709187746         3094.451426283765        2502.294445801098
1.29271                  2.66                     0.37593984962406013      4.615803105536966E-13    5.018612652679619E-13    0.25                     5.0E10                   2700                     5359.74709187746         3094.451426283765        2502.294445801098
1.29271                  2.68                     0.3731343283582089       4.631028403331186E-13    5.034262154609154E-13    0.25                     5.0E10                   2700                     5359.74709187746         3094.451426283765        2502.294445801098
1.29271                  2.7                      0.37037037037037035      4.646436059258028E-13    5.049901808622486E-13    0.25                     5.0E10                   2700                     5359.74709187746         3094.451426283765        2502.294445801098
1.29271                  2.72                     0.3676470588235294       4.661914642922321E-13    5.065425831284697E-13    0.25                     5.0E10                   2700                     5359.74709187746         3094.451426283765        2502.294445801098
1.29271                  2.74                     0.36496350364963503      4.677355861875451E-13    5.080731096034234E-13    0.25                     5.0E10                   2700                     5359.74709187746         3094.451426283765        2502.294445801098
1.29271                  2.7600000000000002       0.36231884057971014      4.692655441178556E-13    5.095718096689972E-13    0.25                     5.0E10                   2700                     5359.74709187746         3094.451426283765        2502.294445801098
1.29271                  2.7800000000000002       0.35971223021582727      4.707713946548278E-13    5.1102918523073E-13      0.25                     5.0E10                   2700                     5359.74709187746         3094.451426283765        2502.294445801098
1.29271                  2.8000000000000003       0.3571428571428571       4.722437538495952E-13    5.124362739519428E-13    0.25                     5.0E10                   2700                     5359.74709187746         3094.451426283765        2502.294445801098
1.29271                  2.8200000000000003       0.35460992907801414      4.736738647054998E-13    5.137847240246665E-13    0.25                     5.0E10                   2700                     5359.74709187746         3094.451426283765        2502.294445801098
1.29271                  2.8400000000000003       0.352112676056338        4.750536557640156E-13    5.150668594538505E-13    0.25                     5.0E10                   2700                     5359.74709187746         3094.451426283765        2502.294445801098
1.29271                  2.8600000000000003       0.3496503496503496       4.763757900879814E-13    5.162757350279383E-13    0.25                     5.0E10                   2700                     5359.74709187746         3094.451426283765        2502.294445801098
1.29271                  2.8800000000000003       0.3472222222222222       4.776337040948607E-13    5.174051803795254E-13    0.25                     5.0E10                   2700                     5359.74709187746         3094.451426283765        2502.294445801098
1.29271                  2.9000000000000004       0.3448275862068965       4.788216359151282E-13    5.184498327711977E-13    0.25                     5.0E10                   2700                     5359.74709187746         3094.451426283765        2502.294445801098
1.29271                  2.92                     0.34246575342465757      4.799346407514249E-13    5.194051565945567E-13    0.25                     5.0E10                   2700                     5359.74709187746         3094.451426283765        2502.294445801098
1.29271                  2.94                     0.3401360544217687       4.809686153522028E-13    5.202674672104391E-13    0.25                     5.0E10                   2700                     5359.74709187746         3094.451426283765        2502.294445801098
1.29271                  2.96                     0.33783783783783783      4.819202580828522E-13    5.210338999910363E-13    0.25                     5.0E10                   2700                     5359.74709187746         3094.451426283765        2502.294445801098
1.29271                  2.98                     0.3355704697986577       4.827870888113067E-13    5.217024256074858E-13    0.25                     5.0E10                   2700                     5359.74709187746         3094.451426283765        2502.294445801098
1.29271                  3                        0.3333333333333333       4.835674174547031E-13    5.222718208359964E-13    0.25                     5.0E10                   2700                     5359.74709187746         3094.451426283765        2502.294445801098
1.29271                  3.02                     0.33112582781456956      4.842603143738892E-13    5.227416388518608E-13    0.25                     5.0E10                   2700                     5359.74709187746         3094.451426283765        2502.294445801098
1.29271                  3.04                     0.32894736842105265      4.848655735914313E-13    5.231121717478697E-13    0.25                     5.0E10                   2700                     5359.74709187746         3094.451426283765        2502.294445801098
1.29271                  3.06                     0.32679738562091504      4.853836698060941E-13    5.233844063800768E-13    0.25                     5.0E10                   2700                     5359.74709187746         3094.451426283765        2502.294445801098
1.29271                  3.08                     0.3246753246753247       4.858157103247434E-13    5.23559974693809E-13     0.25                     5.0E10                   2700                     5359.74709187746         3094.451426283765        2502.294445801098
1.29271                  3.1                      0.32258064516129037      4.861633829927382E-13    5.236410997258424E-13    0.25                     5.0E10                   2700                     5359.74709187746         3094.451426283765        2502.294445801098
1.29271                  3.12                     0.32051282051282054      4.864289012060548E-13    5.236305384294591E-13    0.25                     5.0E10                   2700                     5359.74709187746         3094.451426283765        2502.294445801098
1.29271                  3.14                     0.3184713375796178       4.866149470777462E-13    5.235315224807194E-13    0.25                     5.0E10                   2700                     5359.74709187746         3094.451426283765        2502.294445801098
1.29271                  3.16                     0.3164556962025316       4.867246137514016E-13    5.233476981167647E-13    0.25                     5.0E10                   2700                     5359.74709187746         3094.451426283765        2502.294445801098
1.29271                  3.18                     0.31446540880503143      4.867613477880701E-13    5.230830660114759E-13    0.25                     5.0E10                   2700                     5359.74709187746         3094.451426283765        2502.294445801098
1.29271                  3.2                      0.3125                   4.867288924561388E-13    5.227419220694324E-13    0.25                     5.0E10                   2700                     5359.74709187746         3094.451426283765        2502.294445801098
1.29271                  3.22                     0.31055900621118004      4.866312326680454E-13    5.223287999319898E-13    0.25                     5.0E10                   2700                     5359.74709187746         3094.451426283765        2502.294445801098
1.29271                  3.24                     0.30864197530864196      4.864725421751449E-13    5.218484158501607E-13    0.25                     5.0E10                   2700                     5359.74709187746         3094.451426283765        2502.294445801098
1.29271                  3.2600000000000002       0.3067484662576687       4.862571335458632E-13    5.213056164902578E-13    0.25                     5.0E10                   2700                     5359.74709187746         3094.451426283765        2502.294445801098
1.29271                  3.2800000000000002       0.3048780487804878       4.859894113410737E-13    5.207053300985341E-13    0.25                     5.0E10                   2700                     5359.74709187746         3094.451426283765        2502.294445801098
1.29271                  3.3000000000000003       0.30303030303030304      4.856738287799173E-13    5.200525213613031E-13    0.25                     5.0E10                   2700                     5359.74709187746         3094.451426283765        2502.294445801098
1.29271                  3.3200000000000003       0.3012048192771084       4.853148481108558E-13    5.193521501581571E-13    0.25                     5.0E10                   2700                     5359.74709187746         3094.451426283765        2502.294445801098
1.29271                  3.3400000000000003       0.29940119760479045      4.849214186547827E-13    5.186176663744877E-13    0.25                     5.0E10                   2700                     5359.74709187746         3094.451426283765        2502.294445801098
1.29271                  3.3600000000000003       0.29761904761904756      4.844882359951824E-13    5.178356841542537E-13    0.25                     5.0E10                   2700                     5359.74709187746         3094.451426283765        2502.294445801098
1.29271                  3.3800000000000003       0.29585798816568043      4.840247239149978E-13    5.170205998707107E-13    0.25                     5.0E10                   2700                     5359.74709187746         3094.451426283765        2502.294445801098
1.29271                  3.4000000000000004       0.2941176470588235       4.835350676080951E-13    5.161770306979345E-13    0.25                     5.0E10                   2700                     5359.74709187746         3094.451426283765        2502.294445801098
1.29271                  3.4200000000000004       0.29239766081871343      4.830233202786296E-13    5.153094430339314E-13    0.25                     5.0E10                   2700                     5359.74709187746         3094.451426283765        2502.294445801098
1.29271                  3.44                     0.29069767441860467      4.82493385724641E-13     5.144221346698002E-13    0.25                     5.0E10                   2700                     5359.74709187746         3094.451426283765        2502.294445801098
1.29271                  3.46                     0.2890173410404624       4.819490041240886E-13    5.135192203712712E-13    0.25                     5.0E10                   2700                     5359.74709187746         3094.451426283765        2502.294445801098
1.29271                  3.48                     0.28735632183908044      4.81393740854745E-13     5.126046206210079E-13    0.25                     5.0E10                   2700                     5359.74709187746         3094.451426283765        2502.294445801098
1.29271                  3.5                      0.2857142857142857       4.808309780491722E-13    5.116820532527591E-13    0.25                     5.0E10                   2700                     5359.74709187746         3094.451426283765        2502.294445801098
1.29271                  3.52                     0.2840909090909091       4.802640119496577E-13    5.107551105016444E-13    0.25                     5.0E10                   2700                     5359.74709187746         3094.451426283765        2502.294445801098
1.29271                  3.54                     0.2824858757062147       4.796956376988948E-13    5.098269241749599E-13    0.25                     5.0E10                   2700                     5359.74709187746         3094.451426283765        2502.294445801098
1.29271                  3.56                     0.28089887640449435      4.791287627515882E-13    5.089006622885365E-13    0.25                     5.0E10                   2700                     5359.74709187746         3094.451426283765        2502.294445801098
1.29271                  3.58                     0.2793296089385475       4.785659984564243E-13    5.079791972506519E-13    0.25                     5.0E10                   2700                     5359.74709187746         3094.451426283765        2502.294445801098
1.29271                  3.6                      0.2777777777777778       4.780097634877489E-13    5.070651913118254E-13    0.25                     5.0E10                   2700                     5359.74709187746         3094.451426283765        2502.294445801098
1.29271                  3.62                     0.27624309392265195      4.774622868401436E-13    5.061611001613688E-13    0.25                     5.0E10                   2700                     5359.74709187746         3094.451426283765        2502.294445801098
1.29271                  3.64                     0.2747252747252747       4.769256119484725E-13    5.05269177678005E-13     0.25                     5.0E10                   2700                     5359.74709187746         3094.451426283765        2502.294445801098
1.29271                  3.66                     0.27322404371584696      4.764016017489734E-13    5.043914816648614E-13    0.25                     5.0E10                   2700                     5359.74709187746         3094.451426283765        2502.294445801098
1.29271                  3.68                     0.2717391304347826       4.758919445039621E-13    5.03529880363703E-13     0.25                     5.0E10                   2700                     5359.74709187746         3094.451426283765        2502.294445801098
1.29271                  3.7                      0.2702702702702703       4.753981602304939E-13    5.026860595777247E-13    0.25                     5.0E10                   2700                     5359.74709187746         3094.451426283765        2502.294445801098
1.29271                  3.72                     0.26881720430107525      4.749216076107822E-13    5.018615302900657E-13    0.25                     5.0E10                   2700                     5359.74709187746         3094.451426283765        2502.294445801098
1.29271                  3.74                     0.267379679144385        4.744634912393377E-13    5.010576366204817E-13    0.25                     5.0E10                   2700                     5359.74709187746         3094.451426283765        2502.294445801098
1.29271                  3.7600000000000002       0.26595744680851063      4.740248691093923E-13    5.002755639979426E-13    0.25                     5.0E10                   2700                     5359.74709187746         3094.451426283765        2502.294445801098
1.29271                  3.7800000000000002       0.26455026455026454      4.736066602375613E-13    4.995163474755996E-13    0.25                     5.0E10                   2700                     5359.74709187746         3094.451426283765        2502.294445801098
1.29271                  3.8000000000000003       0.2631578947368421       4.732096523435424E-13    4.98780880077604E-13     0.25                     5.0E10                   2700                     5359.74709187746         3094.451426283765        2502.294445801098
1.29271                  3.8200000000000003       0.26178010471204183      4.728345095175084E-13    4.980699211156386E-13    0.25                     5.0E10                   2700                     5359.74709187746         3094.451426283765        2502.294445801098
1.29271                  3.8400000000000003       0.26041666666666663      4.724817798118597E-13    4.973841044062217E-13    0.25                     5.0E10                   2700                     5359.74709187746         3094.451426283765        2502.294445801098
1.29271                  3.8600000000000003       0.25906735751295334      4.721519026976628E-13    4.967239463323391E-13    0.25                     5.0E10                   2700                     5359.74709187746         3094.451426283765        2502.294445801098
1.29271                  3.8800000000000003       0.25773195876288657      4.718452163631003E-13    4.960898537217024E-13    0.25                     5.0E10                   2700                     5359.74709187746         3094.451426283765        2502.294445801098
1.29271                  3.9000000000000004       0.2564102564102564       4.715619648037111E-13    4.95482131488036E-13     0.25                     5.0E10                   2700                     5359.74709187746         3094.451426283765        2502.294445801098
1.29271                  3.9200000000000004       0.25510204081632654      4.713023046853104E-13    4.949009900194155E-13    0.25                     5.0E10                   2700                     5359.74709187746         3094.451426283765        2502.294445801098
1.29271                  3.94                     0.25380710659898476      4.710663119507637E-13    4.943465522904363E-13    0.25                     5.0E10                   2700                     5359.74709187746         3094.451426283765        2502.294445801098
1.29271                  3.96                     0.2525252525252525       4.708539881727E-13       4.938188606814434E-13    0.25                     5.0E10                   2700                     5359.74709187746         3094.451426283765        2502.294445801098
1.29271                  3.98                     0.25125628140703515      4.706652666153849E-13    4.933178834901787E-13    0.25                     5.0E10                   2700                     5359.74709187746         3094.451426283765        2502.294445801098
1.29271                  4                        0.25                     4.705000180319704E-13    4.9284352114675E-13      0.25                     5.0E10                   2700                     5359.74709187746         3094.451426283765        2502.294445801098
1.29271                  4.02                     0.24875621890547264      4.703580561619924E-13    4.92395612111214E-13     0.25                     5.0E10                   2700                     5359.74709187746         3094.451426283765        2502.294445801098
1.29271                  4.04                     0.24752475247524755      4.70239142946146E-13     4.919739384545811E-13    0.25                     5.0E10                   2700                     5359.74709187746         3094.451426283765        2502.294445801098
1.29271                  4.06                     0.24630541871921185      4.701429934626358E-13    4.915782311486895E-13    0.25                     5.0E10                   2700                     5359.74709187746         3094.451426283765        2502.294445801098
1.29271                  4.08                     0.2450980392156863       4.700692805839575E-13    4.912081750366174E-13    0.25                     5.0E10                   2700                     5359.74709187746         3094.451426283765        2502.294445801098
1.29271                  4.1                      0.24390243902439027      4.700176393517985E-13    4.908634135216279E-13    0.25                     5.0E10                   2700                     5359.74709187746         3094.451426283765        2502.294445801098
1.29271                  4.12                     0.24271844660194172      4.699876711017283E-13    4.905435529676031E-13    0.25                     5.0E10                   2700                     5359.74709187746         3094.451426283765        2502.294445801098
1.29271                  4.14                     0.2415458937198068       4.699789473147199E-13    4.902481668165759E-13    0.25                     5.0E10                   2700                     5359.74709187746         3094.451426283765        2502.294445801098
1.29271                  4.16                     0.24038461538461536      4.699910132329546E-13    4.899767994422758E-13    0.25                     5.0E10                   2700                     5359.74709187746         3094.451426283765        2502.294445801098
1.29271                  4.18                     0.2392344497607656       4.700233912268702E-13    4.897289697553313E-13    0.25                     5.0E10                   2700                     5359.74709187746         3094.451426283765        2502.294445801098
1.29271                  4.199999999999999        0.23809523809523814      4.700755839408494E-13    4.895041745443497E-13    0.25                     5.0E10                   2700                     5359.74709187746         3094.451426283765        2502.294445801098
1.29271                  4.22                     0.23696682464454977      4.701470772165385E-13    4.893018916085293E-13    0.25                     5.0E10                   2700                     5359.74709187746         3094.451426283765        2502.294445801098
1.29271                  4.239999999999999        0.23584905660377362      4.702373428100162E-13    4.891215826392632E-13    0.25                     5.0E10                   2700                     5359.74709187746         3094.451426283765        2502.294445801098
1.29271                  4.26                     0.2347417840375587       4.703458409096677E-13    4.889626959220132E-13    0.25                     5.0E10                   2700                     5359.74709187746         3094.451426283765        2502.294445801098
1.29271                  4.279999999999999        0.23364485981308417      4.70472022459534E-13     4.888246687970573E-13    0.25                     5.0E10                   2700                     5359.74709187746         3094.451426283765        2502.294445801098
1.29271                  4.3                      0.23255813953488372      4.706153313248305E-13    4.887069299831977E-13    0.25                     5.0E10                   2700                     5359.74709187746         3094.451426283765        2502.294445801098
1.29271                  4.319999999999999        0.23148148148148148      4.707752062634802E-13    4.88608901662701E-13     0.25                     5.0E10                   2700                     5359.74709187746         3094.451426283765        2502.294445801098
1.29271                  4.34                     0.2304147465437788       4.709510827558945E-13    4.885300014442779E-13    0.25                     5.0E10                   2700                     5359.74709187746         3094.451426283765        2502.294445801098
1.29271                  4.359999999999999        0.22935779816513763      4.711423946856389E-13    4.884696441577575E-13    0.25                     5.0E10                   2700                     5359.74709187746         3094.451426283765        2502.294445801098
1.29271                  4.38                     0.228310502283105        4.713487960842529E-13    4.884274138839422E-13    0.25                     5.0E10                   2700                     5359.74709187746         3094.451426283765        2502.294445801098
1.29271                  4.3999999999999995       0.22727272727272732      4.715692855206911E-13    4.884023877355829E-13    0.25                     5.0E10                   2700                     5359.74709187746         3094.451426283765        2502.294445801098
1.29271                  4.42                     0.22624434389140272      4.718035171425107E-13    4.883941479735487E-13    0.25                     5.0E10                   2700                     5359.74709187746         3094.451426283765        2502.294445801098
1.29271                  4.4399999999999995       0.22522522522522526      4.720509325009316E-13    4.884021132969254E-13    0.25                     5.0E10                   2700                     5359.74709187746         3094.451426283765        2502.294445801098
1.29271                  4.46                     0.2242152466367713       4.723109779872509E-13    4.884257064943518E-13    0.25                     5.0E10                   2700                     5359.74709187746         3094.451426283765        2502.294445801098
1.29271                  4.4799999999999995       0.2232142857142857       4.725831057770687E-13    4.884643554703185E-13    0.25                     5.0E10                   2700                     5359.74709187746         3094.451426283765        2502.294445801098
1.29271                  4.5                      0.22222222222222224      4.728667747005519E-13    4.885174941594164E-13    0.25                     5.0E10                   2700                     5359.74709187746         3094.451426283765        2502.294445801098
1.29271                  4.52                     0.22123893805309736      4.731614509956802E-13    4.885845633568123E-13    0.25                     5.0E10                   2700                     5359.74709187746         3094.451426283765        2502.294445801098
1.29271                  4.54                     0.22026431718061676      4.734666090094014E-13    4.886650114612059E-13    0.25                     5.0E10                   2700                     5359.74709187746         3094.451426283765        2502.294445801098
1.29271                  4.56                     0.21929824561403513      4.737817317932712E-13    4.887582951320398E-13    0.25                     5.0E10                   2700                     5359.74709187746         3094.451426283765        2502.294445801098
1.29271                  4.58                     0.21834061135371177      4.741063116566282E-13    4.888638798733193E-13    0.25                     5.0E10                   2700                     5359.74709187746         3094.451426283765        2502.294445801098
1.29271                  4.6                      0.2173913043478261       4.744398506224621E-13    4.889812405427263E-13    0.25                     5.0E10                   2700                     5359.74709187746         3094.451426283765        2502.294445801098
1.29271                  4.62                     0.21645021645021645      4.747818608444423E-13    4.891098618140403E-13    0.25                     5.0E10                   2700                     5359.74709187746         3094.451426283765        2502.294445801098
1.29271                  4.64                     0.21551724137931036      4.751318649595891E-13    4.892492385513182E-13    0.25                     5.0E10                   2700                     5359.74709187746         3094.451426283765        2502.294445801098
1.29271                  4.66                     0.2145922746781116       4.754893963808783E-13    4.893988761490302E-13    0.25                     5.0E10                   2700                     5359.74709187746         3094.451426283765        2502.294445801098
1.29271                  4.68                     0.21367521367521367      4.75853999543278E-13     4.895582907993124E-13    0.25                     5.0E10                   2700                     5359.74709187746         3094.451426283765        2502.294445801098
1.29271                  4.7                      0.2127659574468085       4.762252301197599E-13    4.897270097500609E-13    0.25                     5.0E10                   2700                     5359.74709187746         3094.451426283765        2502.294445801098
1.29271                  4.72                     0.211864406779661        4.766026551679311E-13    4.899045714677035E-13    0.25                     5.0E10                   2700                     5359.74709187746         3094.451426283765        2502.294445801098
1.29271                  4.739999999999999        0.21097046413502113      4.769858532640597E-13    4.900905258052404E-13    0.25                     5.0E10                   2700                     5359.74709187746         3094.451426283765        2502.294445801098
1.29271                  4.76                     0.21008403361344538      4.773744145760287E-13    4.902844340903676E-13    0.25                     5.0E10                   2700                     5359.74709187746         3094.451426283765        2502.294445801098
1.29271                  4.779999999999999        0.20920502092050208      4.777679409214378E-13    4.904858692181307E-13    0.25                     5.0E10                   2700                     5359.74709187746         3094.451426283765        2502.294445801098
1.29271                  4.8                      0.20833333333333334      4.781660457999453E-13    4.906944156950094E-13    0.25                     5.0E10                   2700                     5359.74709187746         3094.451426283765        2502.294445801098
1.29271                  4.819999999999999        0.2074688796680498       4.785683543673451E-13    4.90909669639983E-13     0.25                     5.0E10                   2700                     5359.74709187746         3094.451426283765        2502.294445801098
1.29271                  4.84                     0.20661157024793386      4.789745034243681E-13    4.911312387845459E-13    0.25                     5.0E10                   2700                     5359.74709187746         3094.451426283765        2502.294445801098
1.29271                  4.859999999999999        0.20576131687242802      4.793841413502369E-13    4.913587424295249E-13    0.25                     5.0E10                   2700                     5359.74709187746         3094.451426283765        2502.294445801098
1.29271                  4.88                     0.20491803278688525      4.797969280362809E-13    4.915918113909796E-13    0.25                     5.0E10                   2700                     5359.74709187746         3094.451426283765        2502.294445801098
1.29271                  4.8999999999999995       0.20408163265306126      4.802125347802151E-13    4.918300879203521E-13    0.25                     5.0E10                   2700                     5359.74709187746         3094.451426283765        2502.294445801098
1.29271                  4.92                     0.2032520325203252       4.80630644181061E-13     4.920732255989766E-13    0.25                     5.0E10                   2700                     5359.74709187746         3094.451426283765        2502.294445801098
1.29271                  4.9399999999999995       0.20242914979757085      4.810509500102024E-13    4.92320889243766E-13     0.25                     5.0E10                   2700                     5359.74709187746         3094.451426283765        2502.294445801098
1.29271                  4.96                     0.20161290322580644      4.81473157068593E-13     4.92572754752013E-13     0.25                     5.0E10                   2700                     5359.74709187746         3094.451426283765        2502.294445801098
1.29271                  4.9799999999999995       0.20080321285140565      4.818969810376516E-13    4.928285089840453E-13    0.25                     5.0E10                   2700                     5359.74709187746         3094.451426283765        2502.294445801098
1.29271                  5                        0.2                      4.824140194708061E-13    4.932023611295925E-13    0.25                     5.0E10                   2700                     5359.74709187746         3094.451426283765        2502.294445801098
1.29271                  5.02                     0.19920318725099603      4.828397145884024E-13    4.934644613178783E-13    0.25                     5.0E10                   2700                     5359.74709187746         3094.451426283765        2502.294445801098
1.29271                  5.04                     0.1984126984126984       4.832662065899374E-13    4.937295374474853E-13    0.25                     5.0E10                   2700                     5359.74709187746         3094.451426283765        2502.294445801098
1.29271                  5.06                     0.19762845849802374      4.836932544785766E-13    4.939973206112816E-13    0.25                     5.0E10                   2700                     5359.74709187746         3094.451426283765        2502.294445801098
1.29271                  5.08                     0.19685039370078738      4.841206271569197E-13    4.94267551904076E-13     0.25                     5.0E10                   2700                     5359.74709187746         3094.451426283765        2502.294445801098
1.29271                  5.1                      0.19607843137254904      4.845481032171561E-13    4.945399822376146E-13    0.25                     5.0E10                   2700                     5359.74709187746         3094.451426283765        2502.294445801098
1.29271                  5.12                     0.19531249999999997      4.849754707401758E-13    4.948143721306637E-13    0.25                     5.0E10                   2700                     5359.74709187746         3094.451426283765        2502.294445801098
1.29271                  5.14                     0.1945525291828794       4.854025270831687E-13    4.950904915176257E-13    0.25                     5.0E10                   2700                     5359.74709187746         3094.451426283765        2502.294445801098
1.29271                  5.16                     0.19379844961240308      4.858290786433979E-13    4.953681195264661E-13    0.25                     5.0E10                   2700                     5359.74709187746         3094.451426283765        2502.294445801098
1.29271                  5.18                     0.19305019305019305      4.862549406755161E-13    4.956470442787563E-13    0.25                     5.0E10                   2700                     5359.74709187746         3094.451426283765        2502.294445801098
1.29271                  5.2                      0.1923076923076923       4.866799370222305E-13    4.959270626767247E-13    0.25                     5.0E10                   2700                     5359.74709187746         3094.451426283765        2502.294445801098
1.29271                  5.22                     0.19157088122605365      4.871038999371596E-13    4.962079801763126E-13    0.25                     5.0E10                   2700                     5359.74709187746         3094.451426283765        2502.294445801098
1.29271                  5.239999999999999        0.19083969465648856      4.87526669841108E-13     4.964896105869116E-13    0.25                     5.0E10                   2700                     5359.74709187746         3094.451426283765        2502.294445801098
1.29271                  5.26                     0.19011406844106465      4.87948095088418E-13     4.967717758515621E-13    0.25                     5.0E10                   2700                     5359.74709187746         3094.451426283765        2502.294445801098
1.29271                  5.279999999999999        0.18939393939393942      4.883680317654474E-13    4.97054305814645E-13     0.25                     5.0E10                   2700                     5359.74709187746         3094.451426283765        2502.294445801098
1.29271                  5.3                      0.18867924528301888      4.887863434563902E-13    4.973370380347541E-13    0.25                     5.0E10                   2700                     5359.74709187746         3094.451426283765        2502.294445801098
1.29271                  5.319999999999999        0.1879699248120301       4.892029010236319E-13    4.976198175400326E-13    0.25                     5.0E10                   2700                     5359.74709187746         3094.451426283765        2502.294445801098
1.29271                  5.34                     0.18726591760299627      4.896175823896319E-13    4.979024966396431E-13    0.25                     5.0E10                   2700                     5359.74709187746         3094.451426283765        2502.294445801098
1.29271                  5.359999999999999        0.1865671641791045       4.900302723115565E-13    4.981849346905919E-13    0.25                     5.0E10                   2700                     5359.74709187746         3094.451426283765        2502.294445801098
1.29271                  5.38                     0.1858736059479554       4.904408621861089E-13    4.984669979024375E-13    0.25                     5.0E10                   2700                     5359.74709187746         3094.451426283765        2502.294445801098
1.29271                  5.3999999999999995       0.1851851851851852       4.908492498037894E-13    4.987485591180029E-13    0.25                     5.0E10                   2700                     5359.74709187746         3094.451426283765        2502.294445801098
1.29271                  5.42                     0.18450184501845018      4.912553391700028E-13    4.990294976161249E-13    0.25                     5.0E10                   2700                     5359.74709187746         3094.451426283765        2502.294445801098
1.29271                  5.4399999999999995       0.18382352941176472      4.916590402829406E-13    4.993096989014088E-13    0.25                     5.0E10                   2700                     5359.74709187746         3094.451426283765        2502.294445801098
1.29271                  5.46                     0.18315018315018314      4.920602689210816E-13    4.995890545090794E-13    0.25                     5.0E10                   2700                     5359.74709187746         3094.451426283765        2502.294445801098
1.29271                  5.4799999999999995       0.18248175182481755      4.924589464547582E-13    4.998674617971596E-13    0.25                     5.0E10                   2700                     5359.74709187746         3094.451426283765        2502.294445801098
1.29271                  5.5                      0.18181818181818182      4.928549996528365E-13    5.001448237676302E-13    0.25                     5.0E10                   2700                     5359.74709187746         3094.451426283765        2502.294445801098
1.29271                  5.52                     0.1811594202898551       4.932483604617703E-13    5.004210488594258E-13    0.25                     5.0E10                   2700                     5359.74709187746         3094.451426283765        2502.294445801098
1.29271                  5.54                     0.18050541516245486      4.936389658463688E-13    5.006960507730424E-13    0.25                     5.0E10                   2700                     5359.74709187746         3094.451426283765        2502.294445801098
1.29271                  5.56                     0.1798561151079137       4.940267575852759E-13    5.009697482778865E-13    0.25                     5.0E10                   2700                     5359.74709187746         3094.451426283765        2502.294445801098
1.29271                  5.58                     0.17921146953405018      4.94411682085719E-13     5.012420650335301E-13    0.25                     5.0E10                   2700                     5359.74709187746         3094.451426283765        2502.294445801098
1.29271                  5.6                      0.17857142857142858      4.947936902186917E-13    5.015129294164435E-13    0.25                     5.0E10                   2700                     5359.74709187746         3094.451426283765        2502.294445801098
1.29271                  5.62                     0.17793594306049823      4.951727371301351E-13    5.017822743460611E-13    0.25                     5.0E10                   2700                     5359.74709187746         3094.451426283765        2502.294445801098
1.29271                  5.64                     0.1773049645390071       4.955487820780654E-13    5.020500371069601E-13    0.25                     5.0E10                   2700                     5359.74709187746         3094.451426283765        2502.294445801098
1.29271                  5.66                     0.17667844522968196      4.959217882571654E-13    5.023161591978547E-13    0.25                     5.0E10                   2700                     5359.74709187746         3094.451426283765        2502.294445801098
1.29271                  5.68                     0.17605633802816903      4.962917226506523E-13    5.025805861554868E-13    0.25                     5.0E10                   2700                     5359.74709187746         3094.451426283765        2502.294445801098
1.29271                  5.7                      0.17543859649122806      4.966585558621483E-13    5.028432674138881E-13    0.25                     5.0E10                   2700                     5359.74709187746         3094.451426283765        2502.294445801098
1.29271                  5.72                     0.17482517482517484      4.970222619482731E-13    5.031041561277472E-13    0.25                     5.0E10                   2700                     5359.74709187746         3094.451426283765        2502.294445801098
1.29271                  5.739999999999999        0.17421602787456447      4.973828182969891E-13    5.03363209047522E-13     0.25                     5.0E10                   2700                     5359.74709187746         3094.451426283765        2502.294445801098
1.29271                  5.76                     0.1736111111111111       4.977402054531488E-13    5.03620386352329E-13     0.25                     5.0E10                   2700                     5359.74709187746         3094.451426283765        2502.294445801098
1.29271                  5.779999999999999        0.17301038062283738      4.980944070125292E-13    5.038756515333109E-13    0.25                     5.0E10                   2700                     5359.74709187746         3094.451426283765        2502.294445801098
1.29271                  5.8                      0.1724137931034483       4.984454094383425E-13    5.041289712216345E-13    0.25                     5.0E10                   2700                     5359.74709187746         3094.451426283765        2502.294445801098
1.29271                  5.819999999999999        0.17182130584192443      4.987932019566509E-13    5.043803150863026E-13    0.25                     5.0E10                   2700                     5359.74709187746         3094.451426283765        2502.294445801098
1.29271                  5.84                     0.17123287671232879      4.99138263599414E-13     5.046300935485836E-13    0.25                     5.0E10                   2700                     5359.74709187746         3094.451426283765        2502.294445801098
1.29271                  5.859999999999999        0.17064846416382254      4.9947962152328E-13      5.04877412394822E-13     0.25                     5.0E10                   2700                     5359.74709187746         3094.451426283765        2502.294445801098
1.29271                  5.88                     0.17006802721088435      4.998177525865758E-13    5.051226813685872E-13    0.25                     5.0E10                   2700                     5359.74709187746         3094.451426283765        2502.294445801098
1.29271                  5.8999999999999995       0.16949152542372883      5.001526557778542E-13    5.053658809684797E-13    0.25                     5.0E10                   2700                     5359.74709187746         3094.451426283765        2502.294445801098
1.29271                  5.92                     0.16891891891891891      5.004843322459662E-13    5.056069941140436E-13    0.25                     5.0E10                   2700                     5359.74709187746         3094.451426283765        2502.294445801098
1.29271                  5.9399999999999995       0.16835016835016836      5.00812785168796E-13     5.058460060221338E-13    0.25                     5.0E10                   2700                     5359.74709187746         3094.451426283765        2502.294445801098
1.29271                  5.96                     0.16778523489932884      5.011380196469208E-13    5.060829041005586E-13    0.25                     5.0E10                   2700                     5359.74709187746         3094.451426283765        2502.294445801098
1.29271                  5.9799999999999995       0.16722408026755856      5.014600426222947E-13    5.06317677849504E-13     0.25                     5.0E10                   2700                     5359.74709187746         3094.451426283765        2502.294445801098
1.29271                  6                        0.16666666666666666      5.017788627504284E-13    5.065503187550893E-13    0.25                     5.0E10                   2700                     5359.74709187746         3094.451426283765        2502.294445801098
1.29271                  6.02                     0.16611295681063123      5.020944903228267E-13    5.067808201925888E-13    0.25                     5.0E10                   2700                     5359.74709187746         3094.451426283765        2502.294445801098
1.29271                  6.04                     0.16556291390728478      5.024069371745847E-13    5.070091773384983E-13    0.25                     5.0E10                   2700                     5359.74709187746         3094.451426283765        2502.294445801098
1.29271                  6.06                     0.16501650165016504      5.027162165831479E-13    5.072353870714972E-13    0.25                     5.0E10                   2700                     5359.74709187746         3094.451426283765        2502.294445801098
1.29271                  6.08                     0.16447368421052633      5.030223431895321E-13    5.074594478847392E-13    0.25                     5.0E10                   2700                     5359.74709187746         3094.451426283765        2502.294445801098
1.29271                  6.1                      0.16393442622950818      5.033253329272251E-13    5.076813598156072E-13    0.25                     5.0E10                   2700                     5359.74709187746         3094.451426283765        2502.294445801098
1.29271                  6.12                     0.16339869281045752      5.03625202915253E-13     5.079011243397686E-13    0.25                     5.0E10                   2700                     5359.74709187746         3094.451426283765        2502.294445801098
1.29271                  6.14                     0.16286644951140067      5.039219714024407E-13    5.081187443153106E-13    0.25                     5.0E10                   2700                     5359.74709187746         3094.451426283765        2502.294445801098
1.29271                  6.16                     0.16233766233766234      5.042156576984493E-13    5.083342238956949E-13    0.25                     5.0E10                   2700                     5359.74709187746         3094.451426283765        2502.294445801098
1.29271                  6.18                     0.16181229773462782      5.045062820857857E-13    5.085475684559499E-13    0.25                     5.0E10                   2700                     5359.74709187746         3094.451426283765        2502.294445801098
1.29271                  6.2                      0.16129032258064518      5.047938657581277E-13    5.087587845307872E-13    0.25                     5.0E10                   2700                     5359.74709187746         3094.451426283765        2502.294445801098
1.29271                  6.22                     0.16077170418006428      5.050784307612222E-13    5.089678797388599E-13    0.25                     5.0E10                   2700                     5359.74709187746         3094.451426283765        2502.294445801098
1.29271                  6.24                     0.16025641025641027      5.053599999228935E-13    5.091748627207216E-13    0.25                     5.0E10                   2700                     5359.74709187746         3094.451426283765        2502.294445801098
1.29271                  6.26                     0.1597444089456869       5.056385968026447E-13    5.093797430795829E-13    0.25                     5.0E10                   2700                     5359.74709187746         3094.451426283765        2502.294445801098
1.29271                  6.279999999999999        0.15923566878980894      5.059142456296654E-13    5.095825313218404E-13    0.25                     5.0E10                   2700                     5359.74709187746         3094.451426283765        2502.294445801098
1.29271                  6.3                      0.15873015873015872      5.061869712404783E-13    5.097832387910587E-13    0.25                     5.0E10                   2700                     5359.74709187746         3094.451426283765        2502.294445801098
1.29271                  6.319999999999999        0.15822784810126583      5.064567990321846E-13    5.099818776217309E-13    0.25                     5.0E10                   2700                     5359.74709187746         3094.451426283765        2502.294445801098
1.29271                  6.34                     0.1577287066246057       5.067237549298995E-13    5.101784606912546E-13    0.25                     5.0E10                   2700                     5359.74709187746         3094.451426283765        2502.294445801098
1.29271                  6.359999999999999        0.15723270440251574      5.069878653006214E-13    5.10373001548112E-13     0.25                     5.0E10                   2700                     5359.74709187746         3094.451426283765        2502.294445801098
1.29271                  6.38                     0.15673981191222572      5.072491569417638E-13    5.105655143879911E-13    0.25                     5.0E10                   2700                     5359.74709187746         3094.451426283765        2502.294445801098
1.29271                  6.3999999999999995       0.15625                  5.075076570268349E-13    5.107560139967319E-13    0.25                     5.0E10                   2700                     5359.74709187746         3094.451426283765        2502.294445801098
1.29271                  6.42                     0.1557632398753894       5.077633930623947E-13    5.10944515704604E-13     0.25                     5.0E10                   2700                     5359.74709187746         3094.451426283765        2502.294445801098
1.29271                  6.4399999999999995       0.15527950310559008      5.080163928387718E-13    5.111310353427928E-13    0.25                     5.0E10                   2700                     5359.74709187746         3094.451426283765        2502.294445801098
1.29271                  6.46                     0.15479876160990713      5.082666844154537E-13    5.113155892122042E-13    0.25                     5.0E10                   2700                     5359.74709187746         3094.451426283765        2502.294445801098
1.29271                  6.4799999999999995       0.154320987654321        5.085142960662982E-13    5.114981940347265E-13    0.25                     5.0E10                   2700                     5359.74709187746         3094.451426283765        2502.294445801098
1.29271                  6.5                      0.15384615384615383      5.087592562465951E-13    5.116788669189047E-13    0.25                     5.0E10                   2700                     5359.74709187746         3094.451426283765        2502.294445801098
1.29271                  6.52                     0.15337423312883436      5.090015935784325E-13    5.118576253346131E-13    0.25                     5.0E10                   2700                     5359.74709187746         3094.451426283765        2502.294445801098
1.29271                  6.54                     0.15290519877675843      5.092413367853228E-13    5.120344870549861E-13    0.25                     5.0E10                   2700                     5359.74709187746         3094.451426283765        2502.294445801098
1.29271                  6.56                     0.15243902439024393      5.094785147106839E-13    5.122094701591477E-13    0.25                     5.0E10                   2700                     5359.74709187746         3094.451426283765        2502.294445801098
1.29271                  6.58                     0.1519756838905775       5.097131562483034E-13    5.123825929700296E-13    0.25                     5.0E10                   2700                     5359.74709187746         3094.451426283765        2502.294445801098
1.29271                  6.6                      0.15151515151515152      5.099452903298349E-13    5.125538740407826E-13    0.25                     5.0E10                   2700                     5359.74709187746         3094.451426283765        2502.294445801098
1.29271                  6.62                     0.1510574018126888       5.101749459071811E-13    5.127233321267375E-13    0.25                     5.0E10                   2700                     5359.74709187746         3094.451426283765        2502.294445801098
1.29271                  6.64                     0.1506024096385542       5.10402151932298E-13     5.128909861599038E-13    0.25                     5.0E10                   2700                     5359.74709187746         3094.451426283765        2502.294445801098
1.29271                  6.66                     0.15015015015015015      5.106269373130732E-13    5.130568552153597E-13    0.25                     5.0E10                   2700                     5359.74709187746         3094.451426283765        2502.294445801098
1.29271                  6.68                     0.14970059880239522      5.108493309111963E-13    5.132209584952136E-13    0.25                     5.0E10                   2700                     5359.74709187746         3094.451426283765        2502.294445801098
1.29271                  6.7                      0.1492537313432836       5.110693615219022E-13    5.13383315308154E-13     0.25                     5.0E10                   2700                     5359.74709187746         3094.451426283765        2502.294445801098
1.29271                  6.72                     0.1488095238095238       5.11287057845612E-13     5.135439450401946E-13    0.25                     5.0E10                   2700                     5359.74709187746         3094.451426283765        2502.294445801098
1.29271                  6.74                     0.14836795252225518      5.115024484781224E-13    5.137028671410912E-13    0.25                     5.0E10                   2700                     5359.74709187746         3094.451426283765        2502.294445801098
1.29271                  6.76                     0.14792899408284024      5.117155618964571E-13    5.138601011053869E-13    0.25                     5.0E10                   2700                     5359.74709187746         3094.451426283765        2502.294445801098
1.29271                  6.779999999999999        0.14749262536873156      5.119264264324408E-13    5.140156664458149E-13    0.25                     5.0E10                   2700                     5359.74709187746         3094.451426283765        2502.294445801098
1.29271                  6.8                      0.14705882352941177      5.121350702677727E-13    5.141695826883125E-13    0.25                     5.0E10                   2700                     5359.74709187746         3094.451426283765        2502.294445801098
1.29271                  6.819999999999999        0.1466275659824047       5.123415214226358E-13    5.14321869350153E-13     0.25                     5.0E10                   2700                     5359.74709187746         3094.451426283765        2502.294445801098
1.29271                  6.84                     0.14619883040935674      5.12545807738198E-13     5.144725459239679E-13    0.25                     5.0E10                   2700                     5359.74709187746         3094.451426283765        2502.294445801098
1.29271                  6.859999999999999        0.1457725947521866       5.127479568554704E-13    5.146216318603203E-13    0.25                     5.0E10                   2700                     5359.74709187746         3094.451426283765        2502.294445801098
1.29271                  6.88                     0.14534883720930233      5.12947996232343E-13     5.147691465670106E-13    0.25                     5.0E10                   2700                     5359.74709187746         3094.451426283765        2502.294445801098
1.29271                  6.8999999999999995       0.14492753623188406      5.131459530999731E-13    5.149151093796602E-13    0.25                     5.0E10                   2700                     5359.74709187746         3094.451426283765        2502.294445801098
1.29271                  6.92                     0.1445086705202312       5.133418544804612E-13    5.15059539565092E-13     0.25                     5.0E10                   2700                     5359.74709187746         3094.451426283765        2502.294445801098
1.29271                  6.9399999999999995       0.1440922190201729       5.135357271649634E-13    5.152024563008152E-13    0.25                     5.0E10                   2700                     5359.74709187746         3094.451426283765        2502.294445801098
1.29271                  6.96                     0.14367816091954022      5.137275977053399E-13    5.153438786665724E-13    0.25                     5.0E10                   2700                     5359.74709187746         3094.451426283765        2502.294445801098
1.29271                  6.9799999999999995       0.14326647564469916      5.139174924078972E-13    5.154838256330962E-13    0.25                     5.0E10                   2700                     5359.74709187746         3094.451426283765        2502.294445801098
1.29271                  7                        0.14285714285714285      5.14105437345564E-13     5.156223160641136E-13    0.25                     5.0E10                   2700                     5359.74709187746         3094.451426283765        2502.294445801098
1.29271                  7.02                     0.14245014245014245      5.142914583059773E-13    5.157593686859158E-13    0.25                     5.0E10                   2700                     5359.74709187746         3094.451426283765        2502.294445801098
1.29271                  7.04                     0.14204545454545456      5.14475580849111E-13     5.158950021079805E-13    0.25                     5.0E10                   2700                     5359.74709187746         3094.451426283765        2502.294445801098
1.29271                  7.06                     0.141643059490085        5.146578302412116E-13    5.160292347883653E-13    0.25                     5.0E10                   2700                     5359.74709187746         3094.451426283765        2502.294445801098
1.29271                  7.08                     0.14124293785310735      5.148382314995457E-13    5.161620850480871E-13    0.25                     5.0E10                   2700                     5359.74709187746         3094.451426283765        2502.294445801098
1.29271                  7.1                      0.14084507042253522      5.150168093397224E-13    5.162935710451455E-13    0.25                     5.0E10                   2700                     5359.74709187746         3094.451426283765        2502.294445801098
1.29271                  7.12                     0.14044943820224717      5.151935882365865E-13    5.164237107971201E-13    0.25                     5.0E10                   2700                     5359.74709187746         3094.451426283765        2502.294445801098
1.29271                  7.14                     0.1400560224089636       5.153685923516748E-13    5.165525221407808E-13    0.25                     5.0E10                   2700                     5359.74709187746         3094.451426283765        2502.294445801098
1.29271                  7.16                     0.13966480446927376      5.155418455793596E-13    5.166800227558419E-13    0.25                     5.0E10                   2700                     5359.74709187746         3094.451426283765        2502.294445801098
1.29271                  7.18                     0.1392757660167131       5.157133715233824E-13    5.168062301456465E-13    0.25                     5.0E10                   2700                     5359.74709187746         3094.451426283765        2502.294445801098
1.29271                  7.2                      0.1388888888888889       5.158831935037129E-13    5.169311616405383E-13    0.25                     5.0E10                   2700                     5359.74709187746         3094.451426283765        2502.294445801098
1.29271                  7.22                     0.13850415512465375      5.160513345493087E-13    5.170548343895894E-13    0.25                     5.0E10                   2700                     5359.74709187746         3094.451426283765        2502.294445801098
1.29271                  7.24                     0.13812154696132597      5.162178173969317E-13    5.171772653583042E-13    0.25                     5.0E10                   2700                     5359.74709187746         3094.451426283765        2502.294445801098
1.29271                  7.26                     0.13774104683195593      5.163826645021713E-13    5.172984713306623E-13    0.25                     5.0E10                   2700                     5359.74709187746         3094.451426283765        2502.294445801098
1.29271                  7.279999999999999        0.13736263736263737      5.165458980139232E-13    5.174184688957223E-13    0.25                     5.0E10                   2700                     5359.74709187746         3094.451426283765        2502.294445801098
1.29271                  7.3                      0.13698630136986303      5.167075398070305E-13    5.175372744588792E-13    0.25                     5.0E10                   2700                     5359.74709187746         3094.451426283765        2502.294445801098
1.29271                  7.319999999999999        0.1366120218579235       5.16867611454444E-13     5.176549042322776E-13    0.25                     5.0E10                   2700                     5359.74709187746         3094.451426283765        2502.294445801098
1.29271                  7.34                     0.1362397820163488       5.170261342423878E-13    5.177713742305446E-13    0.25                     5.0E10                   2700                     5359.74709187746         3094.451426283765        2502.294445801098
1.29271                  7.359999999999999        0.13586956521739132      5.1718312915667E-13      5.178867002749927E-13    0.25                     5.0E10                   2700                     5359.74709187746         3094.451426283765        2502.294445801098
1.29271                  7.38                     0.13550135501355012      5.173386169106758E-13    5.180008979927275E-13    0.25                     5.0E10                   2700                     5359.74709187746         3094.451426283765        2502.294445801098
1.29271                  7.3999999999999995       0.13513513513513514      5.17492617916521E-13     5.1811398281099E-13      0.25                     5.0E10                   2700                     5359.74709187746         3094.451426283765        2502.294445801098
1.29271                  7.42                     0.1347708894878706       5.17645152298646E-13     5.182259699582825E-13    0.25                     5.0E10                   2700                     5359.74709187746         3094.451426283765        2502.294445801098
1.29271                  7.4399999999999995       0.13440860215053765      5.1779623990818E-13      5.183368744727038E-13    0.25                     5.0E10                   2700                     5359.74709187746         3094.451426283765        2502.294445801098
1.29271                  7.46                     0.13404825737265413      5.179459002968939E-13    5.184467111850388E-13    0.25                     5.0E10                   2700                     5359.74709187746         3094.451426283765        2502.294445801098
1.29271                  7.4799999999999995       0.1336898395721925       5.180941527396372E-13    5.185554947305435E-13    0.25                     5.0E10                   2700                     5359.74709187746         3094.451426283765        2502.294445801098
1.29271                  7.5                      0.13333333333333333      5.182410162312784E-13    5.186632395470744E-13    0.25                     5.0E10                   2700                     5359.74709187746         3094.451426283765        2502.294445801098
1.29271                  7.52                     0.13297872340425532      5.183865094800455E-13    5.187699598717005E-13    0.25                     5.0E10                   2700                     5359.74709187746         3094.451426283765        2502.294445801098
1.29271                  7.54                     0.13262599469496023      5.185306509339186E-13    5.188756697494466E-13    0.25                     5.0E10                   2700                     5359.74709187746         3094.451426283765        2502.294445801098
1.29271                  7.56                     0.13227513227513227      5.186734587428341E-13    5.189803830227055E-13    0.25                     5.0E10                   2700                     5359.74709187746         3094.451426283765        2502.294445801098
1.29271                  7.58                     0.13192612137203166      5.188149508076141E-13    5.190841133429945E-13    0.25                     5.0E10                   2700                     5359.74709187746         3094.451426283765        2502.294445801098
1.29271                  7.6                      0.13157894736842105      5.189551447374056E-13    5.191868741586586E-13    0.25                     5.0E10                   2700                     5359.74709187746         3094.451426283765        2502.294445801098
1.29271                  7.62                     0.13123359580052493      5.190940578893933E-13    5.192886787318837E-13    0.25                     5.0E10                   2700                     5359.74709187746         3094.451426283765        2502.294445801098
1.29271                  7.64                     0.13089005235602094      5.192317073410821E-13    5.193895401248245E-13    0.25                     5.0E10                   2700                     5359.74709187746         3094.451426283765        2502.294445801098
1.29271                  7.66                     0.13054830287206268      5.193681099304673E-13    5.19489471214676E-13     0.25                     5.0E10                   2700                     5359.74709187746         3094.451426283765        2502.294445801098
1.29271                  7.68                     0.13020833333333334      5.195032822096911E-13    5.195884846840187E-13    0.25                     5.0E10                   2700                     5359.74709187746         3094.451426283765        2502.294445801098
1.29271                  7.7                      0.12987012987012989      5.196372404876243E-13    5.196865930208908E-13    0.25                     5.0E10                   2700                     5359.74709187746         3094.451426283765        2502.294445801098
1.29271                  7.72                     0.1295336787564767       5.197700008176559E-13    5.197838085354236E-13    0.25                     5.0E10                   2700                     5359.74709187746         3094.451426283765        2502.294445801098
1.29271                  7.74                     0.12919896640826872      5.199015790033412E-13    5.198801433456345E-13    0.25                     5.0E10                   2700                     5359.74709187746         3094.451426283765        2502.294445801098
1.29271                  7.76                     0.1288659793814433       5.200319905940665E-13    5.199756093846112E-13    0.25                     5.0E10                   2700                     5359.74709187746         3094.451426283765        2502.294445801098
1.29271                  7.779999999999999        0.12853470437017997      5.201612508981152E-13    5.200702184040337E-13    0.25                     5.0E10                   2700                     5359.74709187746         3094.451426283765        2502.294445801098
1.29271                  7.8                      0.12820512820512822      5.202893749849995E-13    5.201639819753115E-13    0.25                     5.0E10                   2700                     5359.74709187746         3094.451426283765        2502.294445801098
1.29271                  7.819999999999999        0.1278772378516624       5.204163776720546E-13    5.20256911485724E-13     0.25                     5.0E10                   2700                     5359.74709187746         3094.451426283765        2502.294445801098
1.29271                  7.84                     0.12755102040816327      5.205422735542128E-13    5.203490181497014E-13    0.25                     5.0E10                   2700                     5359.74709187746         3094.451426283765        2502.294445801098
1.29271                  7.859999999999999        0.1272264631043257       5.206670769850488E-13    5.204403130027325E-13    0.25                     5.0E10                   2700                     5359.74709187746         3094.451426283765        2502.294445801098
1.29271                  7.88                     0.12690355329949238      5.207908020889302E-13    5.205308069086281E-13    0.25                     5.0E10                   2700                     5359.74709187746         3094.451426283765        2502.294445801098
1.29271                  7.8999999999999995       0.12658227848101267      5.209134627677518E-13    5.206205105587337E-13    0.25                     5.0E10                   2700                     5359.74709187746         3094.451426283765        2502.294445801098
1.29271                  7.92                     0.12626262626262624      5.21035072705016E-13     5.207094344780681E-13    0.25                     5.0E10                   2700                     5359.74709187746         3094.451426283765        2502.294445801098
1.29271                  7.9399999999999995       0.12594458438287154      5.211556453380627E-13    5.207975890125478E-13    0.25                     5.0E10                   2700                     5359.74709187746         3094.451426283765        2502.294445801098
1.29271                  7.96                     0.12562814070351758      5.212751939156003E-13    5.208849843570271E-13    0.25                     5.0E10                   2700                     5359.74709187746         3094.451426283765        2502.294445801098
1.29271                  7.9799999999999995       0.12531328320802007      5.213937314568184E-13    5.209716305320079E-13    0.25                     5.0E10                   2700                     5359.74709187746         3094.451426283765        2502.294445801098
1.29271                  8                        0.125                    5.215112707751453E-13    5.210575374021706E-13    0.25                     5.0E10                   2700                     5359.74709187746         3094.451426283765        2502.294445801098
1.29271                  8.02                     0.12468827930174564      5.216278244709616E-13    5.211427146687013E-13    0.25                     5.0E10                   2700                     5359.74709187746         3094.451426283765        2502.294445801098
1.29271                  8.040000000000001        0.1243781094527363       5.217434049404123E-13    5.212271718762217E-13    0.25                     5.0E10                   2700                     5359.74709187746         3094.451426283765        2502.294445801098
1.29271                  8.06                     0.12406947890818859      5.218580243825155E-13    5.213109184187613E-13    0.25                     5.0E10                   2700                     5359.74709187746         3094.451426283765        2502.294445801098
1.29271                  8.08                     0.12376237623762378      5.219716947902245E-13    5.213939635298742E-13    0.25                     5.0E10                   2700                     5359.74709187746         3094.451426283765        2502.294445801098
1.29271                  8.1                      0.1234567901234568       5.220844279679922E-13    5.214763162990115E-13    0.25                     5.0E10                   2700                     5359.74709187746         3094.451426283765        2502.294445801098
1.29271                  8.12                     0.12315270935960593      5.221962355203702E-13    5.215579856609714E-13    0.25                     5.0E10                   2700                     5359.74709187746         3094.451426283765        2502.294445801098
1.29271                  8.14                     0.12285012285012284      5.223071288704607E-13    5.216389804093678E-13    0.25                     5.0E10                   2700                     5359.74709187746         3094.451426283765        2502.294445801098
1.29271                  8.16                     0.12254901960784315      5.224171192495412E-13    5.217193091914637E-13    0.25                     5.0E10                   2700                     5359.74709187746         3094.451426283765        2502.294445801098
1.29271                  8.18                     0.12224938875305624      5.225262176988566E-13    5.217989805061542E-13    0.25                     5.0E10                   2700                     5359.74709187746         3094.451426283765        2502.294445801098
1.29271                  8.2                      0.12195121951219513      5.22634435092835E-13     5.21878002722972E-13     0.25                     5.0E10                   2700                     5359.74709187746         3094.451426283765        2502.294445801098
1.29271                  8.22                     0.121654501216545        5.227417821195951E-13    5.219563840655096E-13    0.25                     5.0E10                   2700                     5359.74709187746         3094.451426283765        2502.294445801098
1.29271                  8.24                     0.12135922330097086      5.228482692906619E-13    5.220341326233317E-13    0.25                     5.0E10                   2700                     5359.74709187746         3094.451426283765        2502.294445801098
1.29271                  8.26                     0.12106537530266344      5.229539069423506E-13    5.221112563505068E-13    0.25                     5.0E10                   2700                     5359.74709187746         3094.451426283765        2502.294445801098
1.29271                  8.28                     0.1207729468599034       5.230587052607182E-13    5.221877630738416E-13    0.25                     5.0E10                   2700                     5359.74709187746         3094.451426283765        2502.294445801098
1.29271                  8.299999999999999        0.1204819277108434       5.231626742414579E-13    5.222636604859017E-13    0.25                     5.0E10                   2700                     5359.74709187746         3094.451426283765        2502.294445801098
1.29271                  8.32                     0.12019230769230768      5.23265823739282E-13     5.223389561572766E-13    0.25                     5.0E10                   2700                     5359.74709187746         3094.451426283765        2502.294445801098
1.29271                  8.34                     0.11990407673860912      5.233681634252037E-13    5.224136575245303E-13    0.25                     5.0E10                   2700                     5359.74709187746         3094.451426283765        2502.294445801098
1.29271                  8.36                     0.1196172248803828       5.234697028291779E-13    5.224877719070105E-13    0.25                     5.0E10                   2700                     5359.74709187746         3094.451426283765        2502.294445801098
1.29271                  8.379999999999999        0.11933174224343678      5.235704513198549E-13    5.225613065012855E-13    0.25                     5.0E10                   2700                     5359.74709187746         3094.451426283765        2502.294445801098
1.29271                  8.4                      0.11904761904761904      5.236704181128286E-13    5.226342683842508E-13    0.25                     5.0E10                   2700                     5359.74709187746         3094.451426283765        2502.294445801098
1.29271                  8.42                     0.11876484560570072      5.237696122697512E-13    5.227066645107121E-13    0.25                     5.0E10                   2700                     5359.74709187746         3094.451426283765        2502.294445801098
1.29271                  8.44                     0.11848341232227488      5.238680427214873E-13    5.227785017319819E-13    0.25                     5.0E10                   2700                     5359.74709187746         3094.451426283765        2502.294445801098
1.29271                  8.459999999999999        0.11820330969267141      5.239657182371292E-13    5.228497867750384E-13    0.25                     5.0E10                   2700                     5359.74709187746         3094.451426283765        2502.294445801098
1.29271                  8.48                     0.1179245283018868       5.240626474396412E-13    5.229205262529502E-13    0.25                     5.0E10                   2700                     5359.74709187746         3094.451426283765        2502.294445801098
1.29271                  8.5                      0.11764705882352941      5.241588388295399E-13    5.229907266782471E-13    0.25                     5.0E10                   2700                     5359.74709187746         3094.451426283765        2502.294445801098
1.29271                  8.52                     0.11737089201877934      5.2425430076346E-13      5.230603944536345E-13    0.25                     5.0E10                   2700                     5359.74709187746         3094.451426283765        2502.294445801098
1.29271                  8.54                     0.117096018735363        5.243490414591181E-13    5.231295358704916E-13    0.25                     5.0E10                   2700                     5359.74709187746         3094.451426283765        2502.294445801098
1.29271                  8.56                     0.11682242990654204      5.244430690038697E-13    5.231981571211411E-13    0.25                     5.0E10                   2700                     5359.74709187746         3094.451426283765        2502.294445801098
1.29271                  8.58                     0.11655011655011656      5.245363913523674E-13    5.232662642918151E-13    0.25                     5.0E10                   2700                     5359.74709187746         3094.451426283765        2502.294445801098
1.29271                  8.6                      0.11627906976744186      5.246290163356611E-13    5.233338633693165E-13    0.25                     5.0E10                   2700                     5359.74709187746         3094.451426283765        2502.294445801098
1.29271                  8.62                     0.1160092807424594       5.24720951667473E-13     5.234009602481845E-13    0.25                     5.0E10                   2700                     5359.74709187746         3094.451426283765        2502.294445801098
1.29271                  8.64                     0.11574074074074073      5.24812204915782E-13     5.23467560710379E-13     0.25                     5.0E10                   2700                     5359.74709187746         3094.451426283765        2502.294445801098
1.29271                  8.66                     0.11547344110854503      5.249027835497979E-13    5.235336704619425E-13    0.25                     5.0E10                   2700                     5359.74709187746         3094.451426283765        2502.294445801098
1.29271                  8.68                     0.1152073732718894       5.249926949111103E-13    5.235992951026413E-13    0.25                     5.0E10                   2700                     5359.74709187746         3094.451426283765        2502.294445801098
1.29271                  8.7                      0.11494252873563218      5.250819462170004E-13    5.236644401372967E-13    0.25                     5.0E10                   2700                     5359.74709187746         3094.451426283765        2502.294445801098
1.29271                  8.72                     0.1146788990825688       5.251705445858596E-13    5.237291109932218E-13    0.25                     5.0E10                   2700                     5359.74709187746         3094.451426283765        2502.294445801098
1.29271                  8.74                     0.11441647597254004      5.252584970108758E-13    5.237933129980886E-13    0.25                     5.0E10                   2700                     5359.74709187746         3094.451426283765        2502.294445801098
1.29271                  8.76                     0.1141552511415525       5.253475766433717E-13    5.238586712965899E-13    0.25                     5.0E10                   2700                     5359.74709187746         3094.451426283765        2502.294445801098
1.29271                  8.78                     0.11389521640091117      5.254342665075635E-13    5.239219599668147E-13    0.25                     5.0E10                   2700                     5359.74709187746         3094.451426283765        2502.294445801098
1.29271                  8.8                      0.11363636363636362      5.255203307707884E-13    5.239847952695724E-13    0.25                     5.0E10                   2700                     5359.74709187746         3094.451426283765        2502.294445801098
1.29271                  8.82                     0.11337868480725624      5.256057759867204E-13    5.240471821863121E-13    0.25                     5.0E10                   2700                     5359.74709187746         3094.451426283765        2502.294445801098
1.29271                  8.84                     0.11312217194570136      5.256906086343788E-13    5.241091256365832E-13    0.25                     5.0E10                   2700                     5359.74709187746         3094.451426283765        2502.294445801098
1.29271                  8.86                     0.11286681715575621      5.257748350704927E-13    5.241706304506635E-13    0.25                     5.0E10                   2700                     5359.74709187746         3094.451426283765        2502.294445801098
1.29271                  8.879999999999999        0.11261261261261263      5.258584615761494E-13    5.242317013873059E-13    0.25                     5.0E10                   2700                     5359.74709187746         3094.451426283765        2502.294445801098
1.29271                  8.9                      0.11235955056179775      5.259414943040027E-13    5.242923431150118E-13    0.25                     5.0E10                   2700                     5359.74709187746         3094.451426283765        2502.294445801098
1.29271                  8.92                     0.11210762331838565      5.260239393423792E-13    5.243525602463926E-13    0.25                     5.0E10                   2700                     5359.74709187746         3094.451426283765        2502.294445801098
1.29271                  8.94                     0.11185682326621925      5.261058026732129E-13    5.244123573088775E-13    0.25                     5.0E10                   2700                     5359.74709187746         3094.451426283765        2502.294445801098
1.29271                  8.959999999999999        0.11160714285714285      5.261870901899551E-13    5.244717387606365E-13    0.25                     5.0E10                   2700                     5359.74709187746         3094.451426283765        2502.294445801098
1.29271                  8.98                     0.11135857461024498      5.262678076875119E-13    5.245307089857832E-13    0.25                     5.0E10                   2700                     5359.74709187746         3094.451426283765        2502.294445801098
1.29271                  9                        0.11111111111111112      5.263479608844478E-13    5.245892723035148E-13    0.25                     5.0E10                   2700                     5359.74709187746         3094.451426283765        2502.294445801098
1.29271                  9.02                     0.11086474501108647      5.264275554055634E-13    5.246474329622373E-13    0.25                     5.0E10                   2700                     5359.74709187746         3094.451426283765        2502.294445801098
1.29271                  9.04                     0.11061946902654868      5.265065967956475E-13    5.247051951427693E-13    0.25                     5.0E10                   2700                     5359.74709187746         3094.451426283765        2502.294445801098
1.29271                  9.06                     0.11037527593818983      5.265850905152285E-13    5.247625629633493E-13    0.25                     5.0E10                   2700                     5359.74709187746         3094.451426283765        2502.294445801098
1.29271                  9.08                     0.11013215859030838      5.266630419325868E-13    5.248195404705704E-13    0.25                     5.0E10                   2700                     5359.74709187746         3094.451426283765        2502.294445801098
1.29271                  9.1                      0.1098901098901099       5.267404563511326E-13    5.248761316543931E-13    0.25                     5.0E10                   2700                     5359.74709187746         3094.451426283765        2502.294445801098
1.29271                  9.12                     0.10964912280701757      5.268173389899501E-13    5.249323404429664E-13    0.25                     5.0E10                   2700                     5359.74709187746         3094.451426283765        2502.294445801098
1.29271                  9.14                     0.10940919037199125      5.268936949865305E-13    5.249881706993342E-13    0.25                     5.0E10                   2700                     5359.74709187746         3094.451426283765        2502.294445801098
1.29271                  9.16                     0.10917030567685589      5.269695294099376E-13    5.250436262289299E-13    0.25                     5.0E10                   2700                     5359.74709187746         3094.451426283765        2502.294445801098
1.29271                  9.18                     0.10893246187363835      5.270448472440146E-13    5.25098710775107E-13     0.25                     5.0E10                   2700                     5359.74709187746         3094.451426283765        2502.294445801098
1.29271                  9.2                      0.10869565217391305      5.271196534118049E-13    5.251534280295021E-13    0.25                     5.0E10                   2700                     5359.74709187746         3094.451426283765        2502.294445801098
1.29271                  9.22                     0.10845986984815618      5.271939527661537E-13    5.252077816290106E-13    0.25                     5.0E10                   2700                     5359.74709187746         3094.451426283765        2502.294445801098
1.29271                  9.24                     0.10822510822510822      5.272677500671352E-13    5.252617751394051E-13    0.25                     5.0E10                   2700                     5359.74709187746         3094.451426283765        2502.294445801098
1.29271                  9.26                     0.1079913606911447       5.273410500336661E-13    5.253154120923066E-13    0.25                     5.0E10                   2700                     5359.74709187746         3094.451426283765        2502.294445801098
1.29271                  9.28                     0.10775862068965518      5.274138572971686E-13    5.253686959511797E-13    0.25                     5.0E10                   2700                     5359.74709187746         3094.451426283765        2502.294445801098
1.29271                  9.3                      0.10752688172043011      5.274861764378001E-13    5.254216301365239E-13    0.25                     5.0E10                   2700                     5359.74709187746         3094.451426283765        2502.294445801098
1.29271                  9.32                     0.1072961373390558       5.275580119643624E-13    5.2547421801792E-13      0.25                     5.0E10                   2700                     5359.74709187746         3094.451426283765        2502.294445801098
1.29271                  9.34                     0.10706638115631692      5.276293683050907E-13    5.255264628972094E-13    0.25                     5.0E10                   2700                     5359.74709187746         3094.451426283765        2502.294445801098
1.29271                  9.36                     0.10683760683760683      5.277002498566561E-13    5.255783680510685E-13    0.25                     5.0E10                   2700                     5359.74709187746         3094.451426283765        2502.294445801098
1.29271                  9.379999999999999        0.10660980810234544      5.277706609285066E-13    5.25629936693331E-13     0.25                     5.0E10                   2700                     5359.74709187746         3094.451426283765        2502.294445801098
1.29271                  9.4                      0.10638297872340426      5.278406057802511E-13    5.256811719916452E-13    0.25                     5.0E10                   2700                     5359.74709187746         3094.451426283765        2502.294445801098
1.29271                  9.42                     0.10615711252653928      5.279100886223865E-13    5.257320770736717E-13    0.25                     5.0E10                   2700                     5359.74709187746         3094.451426283765        2502.294445801098
1.29271                  9.44                     0.1059322033898305       5.279791135860763E-13    5.257826550167563E-13    0.25                     5.0E10                   2700                     5359.74709187746         3094.451426283765        2502.294445801098
1.29271                  9.459999999999999        0.10570824524312897      5.280476847560787E-13    5.258329088478104E-13    0.25                     5.0E10                   2700                     5359.74709187746         3094.451426283765        2502.294445801098
1.29271                  9.48                     0.10548523206751054      5.281158061488033E-13    5.258828415530075E-13    0.25                     5.0E10                   2700                     5359.74709187746         3094.451426283765        2502.294445801098
1.29271                  9.5                      0.10526315789473685      5.281834817558294E-13    5.25932456085402E-13     0.25                     5.0E10                   2700                     5359.74709187746         3094.451426283765        2502.294445801098
1.29271                  9.52                     0.10504201680672269      5.282507154867945E-13    5.259817553442541E-13    0.25                     5.0E10                   2700                     5359.74709187746         3094.451426283765        2502.294445801098
1.29271                  9.54                     0.10482180293501049      5.283175112031185E-13    5.260307421873041E-13    0.25                     5.0E10                   2700                     5359.74709187746         3094.451426283765        2502.294445801098
1.29271                  9.56                     0.10460251046025104      5.283838727209426E-13    5.260794194374971E-13    0.25                     5.0E10                   2700                     5359.74709187746         3094.451426283765        2502.294445801098
1.29271                  9.58                     0.10438413361169102      5.284498038030146E-13    5.261277898738994E-13    0.25                     5.0E10                   2700                     5359.74709187746         3094.451426283765        2502.294445801098
1.29271                  9.6                      0.10416666666666667      5.285153081614639E-13    5.261758562395272E-13    0.25                     5.0E10                   2700                     5359.74709187746         3094.451426283765        2502.294445801098
1.29271                  9.62                     0.10395010395010396      5.285803894547224E-13    5.262236212324317E-13    0.25                     5.0E10                   2700                     5359.74709187746         3094.451426283765        2502.294445801098
1.29271                  9.64                     0.10373443983402489      5.286450512994902E-13    5.262710875183946E-13    0.25                     5.0E10                   2700                     5359.74709187746         3094.451426283765        2502.294445801098
1.29271                  9.66                     0.10351966873706003      5.287092972625555E-13    5.263182577278931E-13    0.25                     5.0E10                   2700                     5359.74709187746         3094.451426283765        2502.294445801098
1.29271                  9.68                     0.10330578512396693      5.287731308531899E-13    5.263651344416194E-13    0.25                     5.0E10                   2700                     5359.74709187746         3094.451426283765        2502.294445801098
1.29271                  9.7                      0.10309278350515465      5.288365555612593E-13    5.264117202260967E-13    0.25                     5.0E10                   2700                     5359.74709187746         3094.451426283765        2502.294445801098
1.29271                  9.72                     0.102880658436214        5.288995748084927E-13    5.264580175962762E-13    0.25                     5.0E10                   2700                     5359.74709187746         3094.451426283765        2502.294445801098
1.29271                  9.74                     0.1026694045174538       5.289621919728277E-13    5.265040290333016E-13    0.25                     5.0E10                   2700                     5359.74709187746         3094.451426283765        2502.294445801098
1.29271                  9.76                     0.10245901639344263      5.290244104142255E-13    5.265497570017464E-13    0.25                     5.0E10                   2700                     5359.74709187746         3094.451426283765        2502.294445801098
1.29271                  9.78                     0.10224948875255623      5.29086233405109E-13     5.265952039024816E-13    0.25                     5.0E10                   2700                     5359.74709187746         3094.451426283765        2502.294445801098
1.29271                  9.8                      0.10204081632653059      5.29147664217543E-13     5.266403721317434E-13    0.25                     5.0E10                   2700                     5359.74709187746         3094.451426283765        2502.294445801098
1.29271                  9.82                     0.10183299389002037      5.292087060652324E-13    5.266852640426947E-13    0.25                     5.0E10                   2700                     5359.74709187746         3094.451426283765        2502.294445801098
1.29271                  9.84                     0.1016260162601626       5.292693621144863E-13    5.267298819504261E-13    0.25                     5.0E10                   2700                     5359.74709187746         3094.451426283765        2502.294445801098
1.29271                  9.86                     0.10141987829614604      5.29329635519409E-13     5.26774228160522E-13     0.25                     5.0E10                   2700                     5359.74709187746         3094.451426283765        2502.294445801098
1.29271                  9.879999999999999        0.10121457489878542      5.293895293595889E-13    5.268183049219106E-13    0.25                     5.0E10                   2700                     5359.74709187746         3094.451426283765        2502.294445801098
1.29271                  9.9                      0.101010101010101        5.294490466983955E-13    5.268621144723113E-13    0.25                     5.0E10                   2700                     5359.74709187746         3094.451426283765        2502.294445801098
1.29271                  9.92                     0.10080645161290322      5.295081905539435E-13    5.269056590106553E-13    0.25                     5.0E10                   2700                     5359.74709187746         3094.451426283765        2502.294445801098
1.29271                  9.94                     0.1006036217303823       5.295669639145073E-13    5.269489407163726E-13    0.25                     5.0E10                   2700                     5359.74709187746         3094.451426283765        2502.294445801098
1.29271                  9.959999999999999        0.10040160642570282      5.296253697259507E-13    5.269919617330379E-13    0.25                     5.0E10                   2700                     5359.74709187746         3094.451426283765        2502.294445801098
1.29271                  9.98                     0.1002004008016032       5.296834109004217E-13    5.270347241774605E-13    0.25                     5.0E10                   2700                     5359.74709187746         3094.451426283765        2502.294445801098
1.29271                  10                       0.1                      5.296979694966813E-13    5.270098592064914E-13    0.25                     5.0E10                   2700                     5359.74709187746         3094.451426283765        2502.294445801098
