1.45091                  0.1                      10                       5.331264160432443E-13    5.331298412369765E-13    0.25                     5.0E10                   2700                     5678.2430772594125       3278.3351691798507       2502.294445801098
1.45091                  0.12000000000000001      8.333333333333332        5.362983343156706E-13    5.363487231213151E-13    0.25                     5.0E10                   2700                     5678.2430772594125       3278.3351691798507       2502.294445801098
1.45091                  0.14                     7.1428571428571415       5.341394235323387E-13    5.339684339041697E-13    0.25                     5.0E10                   2700                     5678.2430772594125       3278.3351691798507       2502.294445801098
1.45091                  0.16                     6.249999999999999        5.330597921019193E-13    5.331757541965843E-13    0.25                     5.0E10                   2700                     5678.2430772594125       3278.3351691798507       2502.294445801098
1.45091                  0.18                     5.555555555555555        5.37143281204348E-13     5.372995729551248E-13    0.25                     5.0E10                   2700                     5678.2430772594125       3278.3351691798507       2502.294445801098
1.45091                  0.2                      5                        5.330541344034581E-13    5.331291134006468E-13    0.25                     5.0E10                   2700                     5678.2430772594125       3278.3351691798507       2502.294445801098
1.45091                  0.22                     4.545454545454546        5.360525613817425E-13    5.36690108333496E-13     0.25                     5.0E10                   2700                     5678.2430772594125       3278.3351691798507       2502.294445801098
1.45091                  0.24000000000000002      4.166666666666666        5.353360249540419E-13    5.362762543080569E-13    0.25                     5.0E10                   2700                     5678.2430772594125       3278.3351691798507       2502.294445801098
1.45091                  0.26                     3.846153846153846        5.340224300061869E-13    5.348931740732533E-13    0.25                     5.0E10                   2700                     5678.2430772594125       3278.3351691798507       2502.294445801098
1.45091                  0.28                     3.5714285714285707       5.365739636449604E-13    5.371385968680765E-13    0.25                     5.0E10                   2700                     5678.2430772594125       3278.3351691798507       2502.294445801098
1.45091                  0.30000000000000004      3.3333333333333326       5.367254184691073E-13    5.36412882339722E-13     0.25                     5.0E10                   2700                     5678.2430772594125       3278.3351691798507       2502.294445801098
1.45091                  0.32                     3.1249999999999996       5.352296606802315E-13    5.330928589890715E-13    0.25                     5.0E10                   2700                     5678.2430772594125       3278.3351691798507       2502.294445801098
1.45091                  0.33999999999999997      2.9411764705882355       5.412794474593291E-13    5.382020800447888E-13    0.25                     5.0E10                   2700                     5678.2430772594125       3278.3351691798507       2502.294445801098
1.45091                  0.36                     2.7777777777777777       5.413701188266177E-13    5.353095580122135E-13    0.25                     5.0E10                   2700                     5678.2430772594125       3278.3351691798507       2502.294445801098
1.45091                  0.38                     2.6315789473684212       5.455629254481855E-13    5.356449445016573E-13    0.25                     5.0E10                   2700                     5678.2430772594125       3278.3351691798507       2502.294445801098
1.45091                  0.4                      2.5                      5.484425361166294E-13    5.349759590627355E-13    0.25                     5.0E10                   2700                     5678.2430772594125       3278.3351691798507       2502.294445801098
1.45091                  0.42000000000000004      2.3809523809523805       5.545322790059083E-13    5.36158728128032E-13     0.25                     5.0E10                   2700                     5678.2430772594125       3278.3351691798507       2502.294445801098
1.45091                  0.44000000000000006      2.272727272727273        5.604886141542262E-13    5.397958169249719E-13    0.25                     5.0E10                   2700                     5678.2430772594125       3278.3351691798507       2502.294445801098
1.45091                  0.45999999999999996      2.173913043478261        5.671106814653487E-13    5.426378394927328E-13    0.25                     5.0E10                   2700                     5678.2430772594125       3278.3351691798507       2502.294445801098
1.45091                  0.48                     2.0833333333333335       5.715119215193516E-13    5.426549154936532E-13    0.25                     5.0E10                   2700                     5678.2430772594125       3278.3351691798507       2502.294445801098
1.45091                  0.5                      2                        5.748766742456409E-13    5.436635973969684E-13    0.25                     5.0E10                   2700                     5678.2430772594125       3278.3351691798507       2502.294445801098
1.45091                  0.52                     1.923076923076923        5.819260978427458E-13    5.480627337628923E-13    0.25                     5.0E10                   2700                     5678.2430772594125       3278.3351691798507       2502.294445801098
1.45091                  0.54                     1.8518518518518516       5.831648599032096E-13    5.457817288794929E-13    0.25                     5.0E10                   2700                     5678.2430772594125       3278.3351691798507       2502.294445801098
1.45091                  0.56                     1.7857142857142854       5.926811665336545E-13    5.508252157459322E-13    0.25                     5.0E10                   2700                     5678.2430772594125       3278.3351691798507       2502.294445801098
1.45091                  0.58                     1.7241379310344829       5.982087402909421E-13    5.530061215762316E-13    0.25                     5.0E10                   2700                     5678.2430772594125       3278.3351691798507       2502.294445801098
1.45091                  0.6                      1.6666666666666667       6.036045716965312E-13    5.554283757471829E-13    0.25                     5.0E10                   2700                     5678.2430772594125       3278.3351691798507       2502.294445801098
1.45091                  0.62                     1.6129032258064515       6.082424699616073E-13    5.566162036299416E-13    0.25                     5.0E10                   2700                     5678.2430772594125       3278.3351691798507       2502.294445801098
1.45091                  0.64                     1.5624999999999998       6.18521512415531E-13     5.622900272576486E-13    0.25                     5.0E10                   2700                     5678.2430772594125       3278.3351691798507       2502.294445801098
1.45091                  0.66                     1.515151515151515        6.165563347825086E-13    5.563095880160178E-13    0.25                     5.0E10                   2700                     5678.2430772594125       3278.3351691798507       2502.294445801098
1.45091                  0.6799999999999999       1.4705882352941178       6.215688783690587E-13    5.567662258908825E-13    0.25                     5.0E10                   2700                     5678.2430772594125       3278.3351691798507       2502.294445801098
1.45091                  0.7                      1.4285714285714286       6.320683255146352E-13    5.622903894357484E-13    0.25                     5.0E10                   2700                     5678.2430772594125       3278.3351691798507       2502.294445801098
1.45091                  0.72                     1.3888888888888888       6.424382145873542E-13    5.672988093419544E-13    0.25                     5.0E10                   2700                     5678.2430772594125       3278.3351691798507       2502.294445801098
1.45091                  0.74                     1.3513513513513513       6.578161536300489E-13    5.76511997138335E-13     0.25                     5.0E10                   2700                     5678.2430772594125       3278.3351691798507       2502.294445801098
1.45091                  0.76                     1.3157894736842106       6.677007747853879E-13    5.806416737174259E-13    0.25                     5.0E10                   2700                     5678.2430772594125       3278.3351691798507       2502.294445801098
1.45091                  0.78                     1.2820512820512822       6.658832237457145E-13    5.744811116440596E-13    0.25                     5.0E10                   2700                     5678.2430772594125       3278.3351691798507       2502.294445801098
1.45091                  0.8                      1.25                     6.640003240321317E-13    5.688042085109745E-13    0.25                     5.0E10                   2700                     5678.2430772594125       3278.3351691798507       2502.294445801098
1.45091                  0.82                     1.2195121951219514       6.683469323866765E-13    5.694291385257713E-13    0.25                     5.0E10                   2700                     5678.2430772594125       3278.3351691798507       2502.294445801098
1.45091                  0.84                     1.1904761904761905       6.729622087180446E-13    5.712869930316221E-13    0.25                     5.0E10                   2700                     5678.2430772594125       3278.3351691798507       2502.294445801098
1.45091                  0.86                     1.1627906976744187       6.752175015835468E-13    5.714027783681536E-13    0.25                     5.0E10                   2700                     5678.2430772594125       3278.3351691798507       2502.294445801098
1.45091                  0.88                     1.1363636363636365       6.778519800293092E-13    5.717918566920964E-13    0.25                     5.0E10                   2700                     5678.2430772594125       3278.3351691798507       2502.294445801098
1.45091                  0.9                      1.1111111111111112       6.829449836569464E-13    5.740933165162493E-13    0.25                     5.0E10                   2700                     5678.2430772594125       3278.3351691798507       2502.294445801098
1.45091                  0.92                     1.0869565217391304       6.879000550856583E-13    5.761849443912076E-13    0.25                     5.0E10                   2700                     5678.2430772594125       3278.3351691798507       2502.294445801098
1.45091                  0.94                     1.0638297872340425       6.899230467466196E-13    5.759696872980721E-13    0.25                     5.0E10                   2700                     5678.2430772594125       3278.3351691798507       2502.294445801098
1.45091                  0.96                     1.0416666666666667       6.902766051055729E-13    5.74761680445717E-13     0.25                     5.0E10                   2700                     5678.2430772594125       3278.3351691798507       2502.294445801098
1.45091                  0.98                     1.0204081632653061       6.924495905889741E-13    5.75675833724772E-13     0.25                     5.0E10                   2700                     5678.2430772594125       3278.3351691798507       2502.294445801098
1.45091                  1                        1                        6.979835782210332E-13    5.800594621374245E-13    0.25                     5.0E10                   2700                     5678.2430772594125       3278.3351691798507       2502.294445801098
1.45091                  1.02                     0.9803921568627452       7.050486343517994E-13    5.867557255442364E-13    0.25                     5.0E10                   2700                     5678.2430772594125       3278.3351691798507       2502.294445801098
1.45091                  1.04                     0.9615384615384615       7.09253581772261E-13     5.918511238877353E-13    0.25                     5.0E10                   2700                     5678.2430772594125       3278.3351691798507       2502.294445801098
1.45091                  1.06                     0.9433962264150944       7.071591695245129E-13    5.921713854355947E-13    0.25                     5.0E10                   2700                     5678.2430772594125       3278.3351691798507       2502.294445801098
1.45091                  1.08                     0.9259259259259258       6.9828125877334E-13      5.869099947373212E-13    0.25                     5.0E10                   2700                     5678.2430772594125       3278.3351691798507       2502.294445801098
1.45091                  1.1                      0.909090909090909        6.848437956267054E-13    5.775883246652745E-13    0.25                     5.0E10                   2700                     5678.2430772594125       3278.3351691798507       2502.294445801098
1.45091                  1.12                     0.8928571428571427       6.699137566007632E-13    5.666245579213563E-13    0.25                     5.0E10                   2700                     5678.2430772594125       3278.3351691798507       2502.294445801098
1.45091                  1.1400000000000001       0.8771929824561403       6.560453435572815E-13    5.560659893877435E-13    0.25                     5.0E10                   2700                     5678.2430772594125       3278.3351691798507       2502.294445801098
1.45091                  1.1600000000000001       0.8620689655172412       6.443927725371588E-13    5.470353381728952E-13    0.25                     5.0E10                   2700                     5678.2430772594125       3278.3351691798507       2502.294445801098
1.45091                  1.1800000000000002       0.8474576271186439       6.353270018895298E-13    5.399892127119467E-13    0.25                     5.0E10                   2700                     5678.2430772594125       3278.3351691798507       2502.294445801098
1.45091                  1.2000000000000002       0.8333333333333331       6.288268368610228E-13    5.350660761955147E-13    0.25                     5.0E10                   2700                     5678.2430772594125       3278.3351691798507       2502.294445801098
1.45091                  1.2200000000000002       0.8196721311475409       6.247942851961045E-13    5.323330369492521E-13    0.25                     5.0E10                   2700                     5678.2430772594125       3278.3351691798507       2502.294445801098
1.45091                  1.2400000000000002       0.8064516129032256       6.231410678554435E-13    5.318502181501911E-13    0.25                     5.0E10                   2700                     5678.2430772594125       3278.3351691798507       2502.294445801098
1.45091                  1.26                     0.7936507936507936       6.237794657803543E-13    5.336729959063634E-13    0.25                     5.0E10                   2700                     5678.2430772594125       3278.3351691798507       2502.294445801098
1.45091                  1.28                     0.7812499999999999       6.262868171635157E-13    5.375222871305064E-13    0.25                     5.0E10                   2700                     5678.2430772594125       3278.3351691798507       2502.294445801098
1.45091                  1.3                      0.7692307692307692       6.300733684068064E-13    5.42966738886255E-13     0.25                     5.0E10                   2700                     5678.2430772594125       3278.3351691798507       2502.294445801098
1.45091                  1.32                     0.7575757575757575       6.342344804832785E-13    5.492732105135045E-13    0.25                     5.0E10                   2700                     5678.2430772594125       3278.3351691798507       2502.294445801098
1.45091                  1.34                     0.7462686567164178       6.3768508968015E-13      5.555095909392657E-13    0.25                     5.0E10                   2700                     5678.2430772594125       3278.3351691798507       2502.294445801098
1.45091                  1.36                     0.7352941176470588       6.393349792386398E-13    5.606868376837921E-13    0.25                     5.0E10                   2700                     5678.2430772594125       3278.3351691798507       2502.294445801098
1.45091                  1.3800000000000001       0.7246376811594203       6.383039083049436E-13    5.639444805298811E-13    0.25                     5.0E10                   2700                     5678.2430772594125       3278.3351691798507       2502.294445801098
1.45091                  1.4000000000000001       0.7142857142857142       6.341081729973415E-13    5.647241388818076E-13    0.25                     5.0E10                   2700                     5678.2430772594125       3278.3351691798507       2502.294445801098
1.45091                  1.4200000000000002       0.704225352112676        6.267535883855763E-13    5.628734793874852E-13    0.25                     5.0E10                   2700                     5678.2430772594125       3278.3351691798507       2502.294445801098
1.45091                  1.4400000000000002       0.6944444444444444       6.167785282092212E-13    5.586639471760601E-13    0.25                     5.0E10                   2700                     5678.2430772594125       3278.3351691798507       2502.294445801098
1.45091                  1.4600000000000002       0.6849315068493149       6.048147579558675E-13    5.526200288416578E-13    0.25                     5.0E10                   2700                     5678.2430772594125       3278.3351691798507       2502.294445801098
1.45091                  1.4800000000000002       0.6756756756756755       5.918250041253697E-13    5.454607260923663E-13    0.25                     5.0E10                   2700                     5678.2430772594125       3278.3351691798507       2502.294445801098
1.45091                  1.5000000000000002       0.6666666666666665       5.786740047577395E-13    5.379063696355101E-13    0.25                     5.0E10                   2700                     5678.2430772594125       3278.3351691798507       2502.294445801098
1.45091                  1.52                     0.6578947368421053       5.660732325529307E-13    5.305795432167841E-13    0.25                     5.0E10                   2700                     5678.2430772594125       3278.3351691798507       2502.294445801098
1.45091                  1.54                     0.6493506493506493       5.545281922368895E-13    5.239472820922078E-13    0.25                     5.0E10                   2700                     5678.2430772594125       3278.3351691798507       2502.294445801098
1.45091                  1.56                     0.6410256410256411       5.443347699159151E-13    5.183060384102083E-13    0.25                     5.0E10                   2700                     5678.2430772594125       3278.3351691798507       2502.294445801098
1.45091                  1.58                     0.6329113924050632       5.356049454015799E-13    5.137944494578618E-13    0.25                     5.0E10                   2700                     5678.2430772594125       3278.3351691798507       2502.294445801098
1.45091                  1.6                      0.625                    5.283049610771976E-13    5.104198698772675E-13    0.25                     5.0E10                   2700                     5678.2430772594125       3278.3351691798507       2502.294445801098
1.45091                  1.62                     0.6172839506172839       5.222959613350197E-13    5.080898519681467E-13    0.25                     5.0E10                   2700                     5678.2430772594125       3278.3351691798507       2502.294445801098
1.45091                  1.6400000000000001       0.6097560975609756       5.173700188479258E-13    5.066416878875685E-13    0.25                     5.0E10                   2700                     5678.2430772594125       3278.3351691798507       2502.294445801098
1.45091                  1.6600000000000001       0.6024096385542168       5.132821579321348E-13    5.058702351975173E-13    0.25                     5.0E10                   2700                     5678.2430772594125       3278.3351691798507       2502.294445801098
1.45091                  1.6800000000000002       0.5952380952380951       5.098703675967992E-13    5.056592944183276E-13    0.25                     5.0E10                   2700                     5678.2430772594125       3278.3351691798507       2502.294445801098
1.45091                  1.7000000000000002       0.588235294117647        5.067073122905698E-13    5.055783525114846E-13    0.25                     5.0E10                   2700                     5678.2430772594125       3278.3351691798507       2502.294445801098
1.45091                  1.7200000000000002       0.5813953488372092       5.03658002576265E-13     5.055205893533056E-13    0.25                     5.0E10                   2700                     5678.2430772594125       3278.3351691798507       2502.294445801098
1.45091                  1.7400000000000002       0.5747126436781609       5.005419327531302E-13    5.053130304981308E-13    0.25                     5.0E10                   2700                     5678.2430772594125       3278.3351691798507       2502.294445801098
1.45091                  1.7600000000000002       0.5681818181818182       4.972242480219554E-13    5.048224003072449E-13    0.25                     5.0E10                   2700                     5678.2430772594125       3278.3351691798507       2502.294445801098
1.45091                  1.78                     0.5617977528089887       4.936183339251497E-13    5.039589827837878E-13    0.25                     5.0E10                   2700                     5678.2430772594125       3278.3351691798507       2502.294445801098
1.45091                  1.8                      0.5555555555555556       4.896830046476408E-13    5.026762029527839E-13    0.25                     5.0E10                   2700                     5678.2430772594125       3278.3351691798507       2502.294445801098
1.45091                  1.82                     0.5494505494505494       4.854174799583284E-13    5.009667355330908E-13    0.25                     5.0E10                   2700                     5678.2430772594125       3278.3351691798507       2502.294445801098
1.45091                  1.84                     0.5434782608695652       4.80853517634069E-13     4.988560118841124E-13    0.25                     5.0E10                   2700                     5678.2430772594125       3278.3351691798507       2502.294445801098
1.45091                  1.86                     0.5376344086021505       4.760465969495511E-13    4.963943069504678E-13    0.25                     5.0E10                   2700                     5678.2430772594125       3278.3351691798507       2502.294445801098
1.45091                  1.8800000000000001       0.5319148936170213       4.710671335277829E-13    4.936484897657718E-13    0.25                     5.0E10                   2700                     5678.2430772594125       3278.3351691798507       2502.294445801098
1.45091                  1.9000000000000001       0.5263157894736842       4.659925725990353E-13    4.906943280829848E-13    0.25                     5.0E10                   2700                     5678.2430772594125       3278.3351691798507       2502.294445801098
1.45091                  1.9200000000000002       0.5208333333333333       4.609008923399618E-13    4.876099507449283E-13    0.25                     5.0E10                   2700                     5678.2430772594125       3278.3351691798507       2502.294445801098
1.45091                  1.9400000000000002       0.5154639175257731       4.558657410605524E-13    4.844707730837846E-13    0.25                     5.0E10                   2700                     5678.2430772594125       3278.3351691798507       2502.294445801098
1.45091                  1.9600000000000002       0.5102040816326531       4.5095302290544186E-13   4.813458911346126E-13    0.25                     5.0E10                   2700                     5678.2430772594125       3278.3351691798507       2502.294445801098
1.45091                  1.9800000000000002       0.505050505050505        4.462197029194676E-13    4.782960879928262E-13    0.25                     5.0E10                   2700                     5678.2430772594125       3278.3351691798507       2502.294445801098
1.45091                  2                        0.5                      4.4173287717589736E-13   4.753801193213123E-13    0.25                     5.0E10                   2700                     5678.2430772594125       3278.3351691798507       2502.294445801098
1.45091                  2.02                     0.4950495049504951       4.374866990779843E-13    4.726240167140501E-13    0.25                     5.0E10                   2700                     5678.2430772594125       3278.3351691798507       2502.294445801098
1.45091                  2.04                     0.4901960784313726       4.335301216203718E-13    4.700682463627314E-13    0.25                     5.0E10                   2700                     5678.2430772594125       3278.3351691798507       2502.294445801098
1.45091                  2.06                     0.48543689320388345      4.298821612286644E-13    4.677369600328039E-13    0.25                     5.0E10                   2700                     5678.2430772594125       3278.3351691798507       2502.294445801098
1.45091                  2.08                     0.4807692307692307       4.2655475364764133E-13   4.656470593024615E-13    0.25                     5.0E10                   2700                     5678.2430772594125       3278.3351691798507       2502.294445801098
1.45091                  2.1                      0.47619047619047616      4.235539448562107E-13    4.638093084369868E-13    0.25                     5.0E10                   2700                     5678.2430772594125       3278.3351691798507       2502.294445801098
1.45091                  2.12                     0.4716981132075472       4.2088101459225864E-13   4.622294156536184E-13    0.25                     5.0E10                   2700                     5678.2430772594125       3278.3351691798507       2502.294445801098
1.45091                  2.14                     0.46728971962616817      4.185334829753677E-13    4.609090241505744E-13    0.25                     5.0E10                   2700                     5678.2430772594125       3278.3351691798507       2502.294445801098
1.45091                  2.16                     0.4629629629629629       4.1650597673182576E-13   4.598465812052902E-13    0.25                     5.0E10                   2700                     5678.2430772594125       3278.3351691798507       2502.294445801098
1.45091                  2.18                     0.4587155963302752       4.1479094956920984E-13   4.590380730434669E-13    0.25                     5.0E10                   2700                     5678.2430772594125       3278.3351691798507       2502.294445801098
1.45091                  2.2                      0.4545454545454545       4.1337919079433604E-13   4.58477603048538E-13     0.25                     5.0E10                   2700                     5678.2430772594125       3278.3351691798507       2502.294445801098
1.45091                  2.22                     0.45045045045045035      4.1226056450456243E-13   4.581579603062594E-13    0.25                     5.0E10                   2700                     5678.2430772594125       3278.3351691798507       2502.294445801098
1.45091                  2.24                     0.44642857142857134      4.114239311922103E-13    4.58070851713173E-13     0.25                     5.0E10                   2700                     5678.2430772594125       3278.3351691798507       2502.294445801098
1.45091                  2.2600000000000002       0.44247787610619466      4.108576770994667E-13    4.582072617139743E-13    0.25                     5.0E10                   2700                     5678.2430772594125       3278.3351691798507       2502.294445801098
1.45091                  2.2800000000000002       0.43859649122807015      4.105498213827195E-13    4.585576240150194E-13    0.25                     5.0E10                   2700                     5678.2430772594125       3278.3351691798507       2502.294445801098
1.45091                  2.3000000000000003       0.43478260869565216      4.104881321587959E-13    4.59111951783596E-13     0.25                     5.0E10                   2700                     5678.2430772594125       3278.3351691798507       2502.294445801098
1.45091                  2.3200000000000003       0.4310344827586206       4.1066019685714706E-13   4.598599189558018E-13    0.25                     5.0E10                   2700                     5678.2430772594125       3278.3351691798507       2502.294445801098
1.45091                  2.3400000000000003       0.4273504273504273       4.110534590438486E-13    4.607909052047985E-13    0.25                     5.0E10                   2700                     5678.2430772594125       3278.3351691798507       2502.294445801098
1.45091                  2.3600000000000003       0.42372881355932196      4.116552320086959E-13    4.618940153810083E-13    0.25                     5.0E10                   2700                     5678.2430772594125       3278.3351691798507       2502.294445801098
1.45091                  2.3800000000000003       0.4201680672268907       4.12452697563598E-13     4.631580824979005E-13    0.25                     5.0E10                   2700                     5678.2430772594125       3278.3351691798507       2502.294445801098
1.45091                  2.4000000000000004       0.4166666666666666       4.134328969748669E-13    4.645716617747252E-13    0.25                     5.0E10                   2700                     5678.2430772594125       3278.3351691798507       2502.294445801098
1.45091                  2.42                     0.4132231404958677       4.14582719481614E-13     4.661230217618242E-13    0.25                     5.0E10                   2700                     5678.2430772594125       3278.3351691798507       2502.294445801098
1.45091                  2.44                     0.4098360655737705       4.158888926607859E-13    4.678001372992559E-13    0.25                     5.0E10                   2700                     5678.2430772594125       3278.3351691798507       2502.294445801098
1.45091                  2.46                     0.4065040650406504       4.173379778651981E-13    4.695906879324708E-13    0.25                     5.0E10                   2700                     5678.2430772594125       3278.3351691798507       2502.294445801098
1.45091                  2.48                     0.4032258064516129       4.189163730240474E-13    4.71482064422848E-13     0.25                     5.0E10                   2700                     5678.2430772594125       3278.3351691798507       2502.294445801098
1.45091                  2.5                      0.4                      4.208520155716234E-13    4.736436299856366E-13    0.25                     5.0E10                   2700                     5678.2430772594125       3278.3351691798507       2502.294445801098
1.45091                  2.52                     0.3968253968253968       4.22644964233675E-13     4.756954169834844E-13    0.25                     5.0E10                   2700                     5678.2430772594125       3278.3351691798507       2502.294445801098
1.45091                  2.54                     0.39370078740157477      4.245247409259721E-13    4.778078568078738E-13    0.25                     5.0E10                   2700                     5678.2430772594125       3278.3351691798507       2502.294445801098
1.45091                  2.56                     0.39062499999999994      4.264771957095958E-13    4.799673514937551E-13    0.25                     5.0E10                   2700                     5678.2430772594125       3278.3351691798507       2502.294445801098
1.45091                  2.58                     0.38759689922480617      4.284883295280754E-13    4.821603542618358E-13    0.25                     5.0E10                   2700                     5678.2430772594125       3278.3351691798507       2502.294445801098
1.45091                  2.6                      0.3846153846153846       4.305442123158665E-13    4.843733076554447E-13    0.25                     5.0E10                   2700                     5678.2430772594125       3278.3351691798507       2502.294445801098
1.45091                  2.62                     0.3816793893129771       4.326310503159765E-13    4.865927216946467E-13    0.25                     5.0E10                   2700                     5678.2430772594125       3278.3351691798507       2502.294445801098
1.45091                  2.64                     0.37878787878787873      4.3473525977226416E-13   4.888052590043261E-13    0.25                     5.0E10                   2700                     5678.2430772594125       3278.3351691798507       2502.294445801098
1.45091                  2.66                     0.37593984962406013      4.368435454808964E-13    4.909978251817653E-13    0.25                     5.0E10                   2700                     5678.2430772594125       3278.3351691798507       2502.294445801098
1.45091                  2.68                     0.3731343283582089       4.389429824767196E-13    4.931576624840735E-13    0.25                     5.0E10                   2700                     5678.2430772594125       3278.3351691798507       2502.294445801098
1.45091                  2.7                      0.37037037037037035      4.410210990324536E-13    4.952724447798965E-13    0.25                     5.0E10                   2700                     5678.2430772594125       3278.3351691798507       2502.294445801098
1.45091                  2.72                     0.3676470588235294       4.430659590973568E-13    4.973303716726488E-13    0.25                     5.0E10                   2700                     5678.2430772594125       3278.3351691798507       2502.294445801098
1.45091                  2.74                     0.36496350364963503      4.450662423030822E-13    4.993202597049244E-13    0.25                     5.0E10                   2700                     5678.2430772594125       3278.3351691798507       2502.294445801098
1.45091                  2.7600000000000002       0.36231884057971014      4.470113196707478E-13    5.012316285834921E-13    0.25                     5.0E10                   2700                     5678.2430772594125       3278.3351691798507       2502.294445801098
1.45091                  2.7800000000000002       0.35971223021582727      4.4889132332579894E-13   5.030547805341538E-13    0.25                     5.0E10                   2700                     5678.2430772594125       3278.3351691798507       2502.294445801098
1.45091                  2.8000000000000003       0.3571428571428571       4.50697208628682E-13     5.04780871051861E-13     0.25                     5.0E10                   2700                     5678.2430772594125       3278.3351691798507       2502.294445801098
1.45091                  2.8200000000000003       0.35460992907801414      4.524208073579673E-13    5.064019695343418E-13    0.25                     5.0E10                   2700                     5678.2430772594125       3278.3351691798507       2502.294445801098
1.45091                  2.8400000000000003       0.352112676056338        4.5405487081136145E-13   5.079111085878245E-13    0.25                     5.0E10                   2700                     5678.2430772594125       3278.3351691798507       2502.294445801098
1.45091                  2.8600000000000003       0.3496503496503496       4.55593101981701E-13     5.093023210727398E-13    0.25                     5.0E10                   2700                     5678.2430772594125       3278.3351691798507       2502.294445801098
1.45091                  2.8800000000000003       0.3472222222222222       4.570301762285204E-13    5.105706643014203E-13    0.25                     5.0E10                   2700                     5678.2430772594125       3278.3351691798507       2502.294445801098
1.45091                  2.9000000000000004       0.3448275862068965       4.583617501965536E-13    5.117122311282499E-13    0.25                     5.0E10                   2700                     5678.2430772594125       3278.3351691798507       2502.294445801098
1.45091                  2.92                     0.34246575342465757      4.595844795038806E-13    5.127241570645217E-13    0.25                     5.0E10                   2700                     5678.2430772594125       3278.3351691798507       2502.294445801098
1.45091                  2.94                     0.3401360544217687       4.606959294999658E-13    5.136045748902996E-13    0.25                     5.0E10                   2700                     5678.2430772594125       3278.3351691798507       2502.294445801098
1.45091                  2.96                     0.33783783783783783      4.61694652167973E-13     5.143526258204649E-13    0.25                     5.0E10                   2700                     5678.2430772594125       3278.3351691798507       2502.294445801098
1.45091                  2.98                     0.3355704697986577       4.625800904378202E-13    5.149684025863211E-13    0.25                     5.0E10                   2700                     5678.2430772594125       3278.3351691798507       2502.294445801098
1.45091                  3                        0.3333333333333333       4.633525475524719E-13    5.154529052957344E-13    0.25                     5.0E10                   2700                     5678.2430772594125       3278.3351691798507       2502.294445801098
1.45091                  3.02                     0.33112582781456956      4.640131352990011E-13    5.158079853760544E-13    0.25                     5.0E10                   2700                     5678.2430772594125       3278.3351691798507       2502.294445801098
1.45091                  3.04                     0.32894736842105265      4.645637157210976E-13    5.160362823736218E-13    0.25                     5.0E10                   2700                     5678.2430772594125       3278.3351691798507       2502.294445801098
1.45091                  3.06                     0.32679738562091504      4.650068376478505E-13    5.161411550900066E-13    0.25                     5.0E10                   2700                     5678.2430772594125       3278.3351691798507       2502.294445801098
1.45091                  3.08                     0.3246753246753247       4.653456693913649E-13    5.161266085680731E-13    0.25                     5.0E10                   2700                     5678.2430772594125       3278.3351691798507       2502.294445801098
1.45091                  3.1                      0.32258064516129037      4.655839289871359E-13    5.159972184143789E-13    0.25                     5.0E10                   2700                     5678.2430772594125       3278.3351691798507       2502.294445801098
1.45091                  3.12                     0.32051282051282054      4.657258132029023E-13    5.157580538564945E-13    0.25                     5.0E10                   2700                     5678.2430772594125       3278.3351691798507       2502.294445801098
1.45091                  3.14                     0.3184713375796178       4.657759265692871E-13    5.154146008759173E-13    0.25                     5.0E10                   2700                     5678.2430772594125       3278.3351691798507       2502.294445801098
1.45091                  3.16                     0.3164556962025316       4.657392114850886E-13    5.14972686587158E-13     0.25                     5.0E10                   2700                     5678.2430772594125       3278.3351691798507       2502.294445801098
1.45091                  3.18                     0.31446540880503143      4.656208803739718E-13    5.144384059302769E-13    0.25                     5.0E10                   2700                     5678.2430772594125       3278.3351691798507       2502.294445801098
1.45091                  3.2                      0.3125                   4.654263507107127E-13    5.138180515706994E-13    0.25                     5.0E10                   2700                     5678.2430772594125       3278.3351691798507       2502.294445801098
1.45091                  3.22                     0.31055900621118004      4.651611836047146E-13    5.131180477451601E-13    0.25                     5.0E10                   2700                     5678.2430772594125       3278.3351691798507       2502.294445801098
1.45091                  3.24                     0.30864197530864196      4.64831026465165E-13     5.123448886289309E-13    0.25                     5.0E10                   2700                     5678.2430772594125       3278.3351691798507       2502.294445801098
1.45091                  3.2600000000000002       0.3067484662576687       4.64441560157606E-13     5.115050816594006E-13    0.25                     5.0E10                   2700                     5678.2430772594125       3278.3351691798507       2502.294445801098
1.45091                  3.2800000000000002       0.3048780487804878       4.639984509195722E-13    5.106050960962454E-13    0.25                     5.0E10                   2700                     5678.2430772594125       3278.3351691798507       2502.294445801098
1.45091                  3.3000000000000003       0.30303030303030304      4.635073071759103E-13    5.096513169747489E-13    0.25                     5.0E10                   2700                     5678.2430772594125       3278.3351691798507       2502.294445801098
1.45091                  3.3200000000000003       0.3012048192771084       4.629736412990289E-13    5.086500044669931E-13    0.25                     5.0E10                   2700                     5678.2430772594125       3278.3351691798507       2502.294445801098
1.45091                  3.3400000000000003       0.29940119760479045      4.6240322207157E-13      5.076113655843978E-13    0.25                     5.0E10                   2700                     5678.2430772594125       3278.3351691798507       2502.294445801098
1.45091                  3.3600000000000003       0.29761904761904756      4.617998935346058E-13    5.065319417766218E-13    0.25                     5.0E10                   2700                     5678.2430772594125       3278.3351691798507       2502.294445801098
1.45091                  3.3800000000000003       0.29585798816568043      4.611696724632636E-13    5.054226651241276E-13    0.25                     5.0E10                   2700                     5678.2430772594125       3278.3351691798507       2502.294445801098
1.45091                  3.4000000000000004       0.2941176470588235       4.60517405876148E-13     5.04289001785942E-13     0.25                     5.0E10                   2700                     5678.2430772594125       3278.3351691798507       2502.294445801098
1.45091                  3.4200000000000004       0.29239766081871343      4.598477233422882E-13    5.031361660657952E-13    0.25                     5.0E10                   2700                     5678.2430772594125       3278.3351691798507       2502.294445801098
1.45091                  3.44                     0.29069767441860467      4.59165024974232E-13     5.019691083541239E-13    0.25                     5.0E10                   2700                     5678.2430772594125       3278.3351691798507       2502.294445801098
1.45091                  3.46                     0.2890173410404624       4.584734728135295E-13    5.007925067755582E-13    0.25                     5.0E10                   2700                     5678.2430772594125       3278.3351691798507       2502.294445801098
1.45091                  3.48                     0.28735632183908044      4.577769853165186E-13    4.996107621561861E-13    0.25                     5.0E10                   2700                     5678.2430772594125       3278.3351691798507       2502.294445801098
1.45091                  3.5                      0.2857142857142857       4.570792345679342E-13    4.98427995938109E-13     0.25                     5.0E10                   2700                     5678.2430772594125       3278.3351691798507       2502.294445801098
1.45091                  3.52                     0.2840909090909091       4.563837562881934E-13    4.972481361250847E-13    0.25                     5.0E10                   2700                     5678.2430772594125       3278.3351691798507       2502.294445801098
1.45091                  3.54                     0.2824858757062147       4.556935122818208E-13    4.960745788481231E-13    0.25                     5.0E10                   2700                     5678.2430772594125       3278.3351691798507       2502.294445801098
1.45091                  3.56                     0.28089887640449435      4.550115497740641E-13    4.949107042042479E-13    0.25                     5.0E10                   2700                     5678.2430772594125       3278.3351691798507       2502.294445801098
1.45091                  3.58                     0.2793296089385475       4.5434057140943554E-13   4.937595421870894E-13    0.25                     5.0E10                   2700                     5678.2430772594125       3278.3351691798507       2502.294445801098
1.45091                  3.6                      0.2777777777777778       4.536830498645072E-13    4.926238653484359E-13    0.25                     5.0E10                   2700                     5678.2430772594125       3278.3351691798507       2502.294445801098
1.45091                  3.62                     0.27624309392265195      4.5304123524493163E-13   4.915061975371499E-13    0.25                     5.0E10                   2700                     5678.2430772594125       3278.3351691798507       2502.294445801098
1.45091                  3.64                     0.2747252747252747       4.5241716330304766E-13   4.904088234698095E-13    0.25                     5.0E10                   2700                     5678.2430772594125       3278.3351691798507       2502.294445801098
1.45091                  3.66                     0.27322404371584696      4.518126642867191E-13    4.893337989582261E-13    0.25                     5.0E10                   2700                     5678.2430772594125       3278.3351691798507       2502.294445801098
1.45091                  3.68                     0.2717391304347826       4.512293722476887E-13    4.882829615866688E-13    0.25                     5.0E10                   2700                     5678.2430772594125       3278.3351691798507       2502.294445801098
1.45091                  3.7                      0.2702702702702703       4.506687346501966E-13    4.872579416640025E-13    0.25                     5.0E10                   2700                     5678.2430772594125       3278.3351691798507       2502.294445801098
1.45091                  3.72                     0.26881720430107525      4.5013202216294425E-13   4.862601733461998E-13    0.25                     5.0E10                   2700                     5678.2430772594125       3278.3351691798507       2502.294445801098
1.45091                  3.74                     0.267379679144385        4.496203385163923E-13    4.852909057861946E-13    0.25                     5.0E10                   2700                     5678.2430772594125       3278.3351691798507       2502.294445801098
1.45091                  3.7600000000000002       0.26595744680851063      4.491346303173884E-13    4.843512141923049E-13    0.25                     5.0E10                   2700                     5678.2430772594125       3278.3351691798507       2502.294445801098
1.45091                  3.7800000000000002       0.26455026455026454      4.486756967584289E-13    4.834420107458582E-13    0.25                     5.0E10                   2700                     5678.2430772594125       3278.3351691798507       2502.294445801098
1.45091                  3.8000000000000003       0.2631578947368421       4.4824419914048863E-13   4.825640552771265E-13    0.25                     5.0E10                   2700                     5678.2430772594125       3278.3351691798507       2502.294445801098
1.45091                  3.8200000000000003       0.26178010471204183      4.4784067016417867E-13   4.817179656569422E-13    0.25                     5.0E10                   2700                     5678.2430772594125       3278.3351691798507       2502.294445801098
1.45091                  3.8400000000000003       0.26041666666666663      4.4746552294026994E-13   4.809042278533948E-13    0.25                     5.0E10                   2700                     5678.2430772594125       3278.3351691798507       2502.294445801098
1.45091                  3.8600000000000003       0.25906735751295334      4.4711905967948524E-13   4.801232056130371E-13    0.25                     5.0E10                   2700                     5678.2430772594125       3278.3351691798507       2502.294445801098
1.45091                  3.8800000000000003       0.25773195876288657      4.468014800516965E-13    4.793751497568233E-13    0.25                     5.0E10                   2700                     5678.2430772594125       3278.3351691798507       2502.294445801098
1.45091                  3.9000000000000004       0.2564102564102564       4.4651288918560106E-13   4.786602070575092E-13    0.25                     5.0E10                   2700                     5678.2430772594125       3278.3351691798507       2502.294445801098
1.45091                  3.9200000000000004       0.25510204081632654      4.4625330529354554E-13   4.779784286917169E-13    0.25                     5.0E10                   2700                     5678.2430772594125       3278.3351691798507       2502.294445801098
1.45091                  3.94                     0.25380710659898476      4.4602266692335274E-13   4.773297782662777E-13    0.25                     5.0E10                   2700                     5678.2430772594125       3278.3351691798507       2502.294445801098
1.45091                  3.96                     0.2525252525252525       4.458208398414564E-13    4.767141394164769E-13    0.25                     5.0E10                   2700                     5678.2430772594125       3278.3351691798507       2502.294445801098
1.45091                  3.98                     0.25125628140703515      4.456476235179338E-13    4.761313229679733E-13    0.25                     5.0E10                   2700                     5678.2430772594125       3278.3351691798507       2502.294445801098
1.45091                  4                        0.25                     4.4550275726932047E-13   4.755810736966713E-13    0.25                     5.0E10                   2700                     5678.2430772594125       3278.3351691798507       2502.294445801098
1.45091                  4.02                     0.24875621890547264      4.4538592601761305E-13   4.750630766704832E-13    0.25                     5.0E10                   2700                     5678.2430772594125       3278.3351691798507       2502.294445801098
1.45091                  4.04                     0.24752475247524755      4.4529676570178303E-13   4.74576963190118E-13     0.25                     5.0E10                   2700                     5678.2430772594125       3278.3351691798507       2502.294445801098
1.45091                  4.06                     0.24630541871921185      4.4523486834953563E-13   4.741223163596658E-13    0.25                     5.0E10                   2700                     5678.2430772594125       3278.3351691798507       2502.294445801098
1.45091                  4.08                     0.2450980392156863       4.451997868219972E-13    4.736986762728895E-13    0.25                     5.0E10                   2700                     5678.2430772594125       3278.3351691798507       2502.294445801098
1.45091                  4.1                      0.24390243902439027      4.4519103923027594E-13   4.733055448576808E-13    0.25                     5.0E10                   2700                     5678.2430772594125       3278.3351691798507       2502.294445801098
1.45091                  4.12                     0.24271844660194172      4.4520811306737774E-13   4.729423903841554E-13    0.25                     5.0E10                   2700                     5678.2430772594125       3278.3351691798507       2502.294445801098
1.45091                  4.14                     0.2415458937198068       4.452504690351381E-13    4.726086516435458E-13    0.25                     5.0E10                   2700                     5678.2430772594125       3278.3351691798507       2502.294445801098
1.45091                  4.16                     0.24038461538461536      4.453175446086725E-13    4.723037418274815E-13    0.25                     5.0E10                   2700                     5678.2430772594125       3278.3351691798507       2502.294445801098
1.45091                  4.18                     0.2392344497607656       4.4540875733512284E-13   4.720270521270501E-13    0.25                     5.0E10                   2700                     5678.2430772594125       3278.3351691798507       2502.294445801098
1.45091                  4.199999999999999        0.23809523809523814      4.4552350789020026E-13   4.717779550418025E-13    0.25                     5.0E10                   2700                     5678.2430772594125       3278.3351691798507       2502.294445801098
1.45091                  4.22                     0.23696682464454977      4.456611829013198E-13    4.71555807457471E-13     0.25                     5.0E10                   2700                     5678.2430772594125       3278.3351691798507       2502.294445801098
1.45091                  4.239999999999999        0.23584905660377362      4.458211575556063E-13    4.713599534560757E-13    0.25                     5.0E10                   2700                     5678.2430772594125       3278.3351691798507       2502.294445801098
1.45091                  4.26                     0.2347417840375587       4.4600279799813716E-13   4.711897269304157E-13    0.25                     5.0E10                   2700                     5678.2430772594125       3278.3351691798507       2502.294445801098
1.45091                  4.279999999999999        0.23364485981308417      4.462054635397554E-13    4.710444539487992E-13    0.25                     5.0E10                   2700                     5678.2430772594125       3278.3351691798507       2502.294445801098
1.45091                  4.3                      0.23255813953488372      4.464285086873757E-13    4.709234549693845E-13    0.25                     5.0E10                   2700                     5678.2430772594125       3278.3351691798507       2502.294445801098
1.45091                  4.319999999999999        0.23148148148148148      4.466712850017037E-13    4.708260468160024E-13    0.25                     5.0E10                   2700                     5678.2430772594125       3278.3351691798507       2502.294445801098
1.45091                  4.34                     0.2304147465437788       4.469331427964342E-13    4.707515445258575E-13    0.25                     5.0E10                   2700                     5678.2430772594125       3278.3351691798507       2502.294445801098
1.45091                  4.359999999999999        0.22935779816513763      4.4721343269846366E-13   4.706992630199499E-13    0.25                     5.0E10                   2700                     5678.2430772594125       3278.3351691798507       2502.294445801098
1.45091                  4.38                     0.228310502283105        4.475117432470601E-13    4.706687047900966E-13    0.25                     5.0E10                   2700                     5678.2430772594125       3278.3351691798507       2502.294445801098
1.45091                  4.3999999999999995       0.22727272727272732      4.4782696113098967E-13   4.706588202379107E-13    0.25                     5.0E10                   2700                     5678.2430772594125       3278.3351691798507       2502.294445801098
1.45091                  4.42                     0.22624434389140272      4.4815867838442576E-13   4.706691150005943E-13    0.25                     5.0E10                   2700                     5678.2430772594125       3278.3351691798507       2502.294445801098
1.45091                  4.4399999999999995       0.22522522522522526      4.485062597946505E-13    4.706989173531614E-13    0.25                     5.0E10                   2700                     5678.2430772594125       3278.3351691798507       2502.294445801098
1.45091                  4.46                     0.2242152466367713       4.4886907634803016E-13   4.707475617451283E-13    0.25                     5.0E10                   2700                     5678.2430772594125       3278.3351691798507       2502.294445801098
1.45091                  4.4799999999999995       0.2232142857142857       4.4924650608142604E-13   4.708143897187358E-13    0.25                     5.0E10                   2700                     5678.2430772594125       3278.3351691798507       2502.294445801098
1.45091                  4.5                      0.22222222222222224      4.496379348649426E-13    4.708987507206189E-13    0.25                     5.0E10                   2700                     5678.2430772594125       3278.3351691798507       2502.294445801098
1.45091                  4.52                     0.22123893805309736      4.5004275707321904E-13   4.710000028333916E-13    0.25                     5.0E10                   2700                     5678.2430772594125       3278.3351691798507       2502.294445801098
1.45091                  4.54                     0.22026431718061676      4.5046037621120774E-13   4.711175134245903E-13    0.25                     5.0E10                   2700                     5678.2430772594125       3278.3351691798507       2502.294445801098
1.45091                  4.56                     0.21929824561403513      4.508902054409917E-13    4.712506597160778E-13    0.25                     5.0E10                   2700                     5678.2430772594125       3278.3351691798507       2502.294445801098
1.45091                  4.58                     0.21834061135371177      4.513316680721386E-13    4.713988292845514E-13    0.25                     5.0E10                   2700                     5678.2430772594125       3278.3351691798507       2502.294445801098
1.45091                  4.6                      0.2173913043478261       4.517841979603256E-13    4.71561420492329E-13     0.25                     5.0E10                   2700                     5678.2430772594125       3278.3351691798507       2502.294445801098
1.45091                  4.62                     0.21645021645021645      4.522472398734973E-13    4.717378428775081E-13    0.25                     5.0E10                   2700                     5678.2430772594125       3278.3351691798507       2502.294445801098
1.45091                  4.64                     0.21551724137931036      4.527202497987819E-13    4.719275174602033E-13    0.25                     5.0E10                   2700                     5678.2430772594125       3278.3351691798507       2502.294445801098
1.45091                  4.66                     0.2145922746781116       4.5320269519666005E-13   4.721298770211341E-13    0.25                     5.0E10                   2700                     5678.2430772594125       3278.3351691798507       2502.294445801098
1.45091                  4.68                     0.21367521367521367      4.536940552099858E-13    4.723443663125869E-13    0.25                     5.0E10                   2700                     5678.2430772594125       3278.3351691798507       2502.294445801098
1.45091                  4.7                      0.2127659574468085       4.5419382085305626E-13   4.725704422615425E-13    0.25                     5.0E10                   2700                     5678.2430772594125       3278.3351691798507       2502.294445801098
1.45091                  4.72                     0.211864406779661        4.5470149512811226E-13   4.72807574086934E-13     0.25                     5.0E10                   2700                     5678.2430772594125       3278.3351691798507       2502.294445801098
1.45091                  4.739999999999999        0.21097046413502113      4.552165931481813E-13    4.730552434240084E-13    0.25                     5.0E10                   2700                     5678.2430772594125       3278.3351691798507       2502.294445801098
1.45091                  4.76                     0.21008403361344538      4.557386421821762E-13    4.733129443740087E-13    0.25                     5.0E10                   2700                     5678.2430772594125       3278.3351691798507       2502.294445801098
1.45091                  4.779999999999999        0.20920502092050208      4.562671817094885E-13    4.735801835616432E-13    0.25                     5.0E10                   2700                     5678.2430772594125       3278.3351691798507       2502.294445801098
1.45091                  4.8                      0.20833333333333334      4.568017634378424E-13    4.738564801492914E-13    0.25                     5.0E10                   2700                     5678.2430772594125       3278.3351691798507       2502.294445801098
1.45091                  4.819999999999999        0.2074688796680498       4.573419512768667E-13    4.741413658096875E-13    0.25                     5.0E10                   2700                     5678.2430772594125       3278.3351691798507       2502.294445801098
1.45091                  4.84                     0.20661157024793386      4.578873213173277E-13    4.744343847031255E-13    0.25                     5.0E10                   2700                     5678.2430772594125       3278.3351691798507       2502.294445801098
1.45091                  4.859999999999999        0.20576131687242802      4.584374617712103E-13    4.747350934140726E-13    0.25                     5.0E10                   2700                     5678.2430772594125       3278.3351691798507       2502.294445801098
1.45091                  4.88                     0.20491803278688525      4.589919729063275E-13    4.750430608800025E-13    0.25                     5.0E10                   2700                     5678.2430772594125       3278.3351691798507       2502.294445801098
1.45091                  4.8999999999999995       0.20408163265306126      4.5955046694242E-13      4.753578682940586E-13    0.25                     5.0E10                   2700                     5678.2430772594125       3278.3351691798507       2502.294445801098
1.45091                  4.92                     0.2032520325203252       4.601125679603157E-13    4.756791089924961E-13    0.25                     5.0E10                   2700                     5678.2430772594125       3278.3351691798507       2502.294445801098
1.45091                  4.9399999999999995       0.20242914979757085      4.606779117713124E-13    4.760063883449034E-13    0.25                     5.0E10                   2700                     5678.2430772594125       3278.3351691798507       2502.294445801098
1.45091                  4.96                     0.20161290322580644      4.612461457951552E-13    4.763393235960957E-13    0.25                     5.0E10                   2700                     5678.2430772594125       3278.3351691798507       2502.294445801098
1.45091                  4.9799999999999995       0.20080321285140565      4.618169289170284E-13    4.766775437407073E-13    0.25                     5.0E10                   2700                     5678.2430772594125       3278.3351691798507       2502.294445801098
1.45091                  5                        0.2                      4.624790424930084E-13    4.771343424150267E-13    0.25                     5.0E10                   2700                     5678.2430772594125       3278.3351691798507       2502.294445801098
1.45091                  5.02                     0.19920318725099603      4.630538725108746E-13    4.774819917583169E-13    0.25                     5.0E10                   2700                     5678.2430772594125       3278.3351691798507       2502.294445801098
1.45091                  5.04                     0.1984126984126984       4.636302474638621E-13    4.778338262852442E-13    0.25                     5.0E10                   2700                     5678.2430772594125       3278.3351691798507       2502.294445801098
1.45091                  5.06                     0.19762845849802374      4.642078724689468E-13    4.781895228294595E-13    0.25                     5.0E10                   2700                     5678.2430772594125       3278.3351691798507       2502.294445801098
1.45091                  5.08                     0.19685039370078738      4.647864631908297E-13    4.785487689958336E-13    0.25                     5.0E10                   2700                     5678.2430772594125       3278.3351691798507       2502.294445801098
1.45091                  5.1                      0.19607843137254904      4.653657456521064E-13    4.789112629786363E-13    0.25                     5.0E10                   2700                     5678.2430772594125       3278.3351691798507       2502.294445801098
1.45091                  5.12                     0.19531249999999997      4.659454560466299E-13    4.792767133551881E-13    0.25                     5.0E10                   2700                     5678.2430772594125       3278.3351691798507       2502.294445801098
1.45091                  5.14                     0.1945525291828794       4.665253405437883E-13    4.796448388979105E-13    0.25                     5.0E10                   2700                     5678.2430772594125       3278.3351691798507       2502.294445801098
1.45091                  5.16                     0.19379844961240308      4.671051550697098E-13    4.800153683566764E-13    0.25                     5.0E10                   2700                     5678.2430772594125       3278.3351691798507       2502.294445801098
1.45091                  5.18                     0.19305019305019305      4.676846651395562E-13    4.80388040263828E-13     0.25                     5.0E10                   2700                     5678.2430772594125       3278.3351691798507       2502.294445801098
1.45091                  5.2                      0.1923076923076923       4.682636456045556E-13    4.807626027253853E-13    0.25                     5.0E10                   2700                     5678.2430772594125       3278.3351691798507       2502.294445801098
1.45091                  5.22                     0.19157088122605365      4.688418804897118E-13    4.811388132001704E-13    0.25                     5.0E10                   2700                     5678.2430772594125       3278.3351691798507       2502.294445801098
1.45091                  5.239999999999999        0.19083969465648856      4.694191627645132E-13    4.815164383037214E-13    0.25                     5.0E10                   2700                     5678.2430772594125       3278.3351691798507       2502.294445801098
1.45091                  5.26                     0.19011406844106465      4.69995294125727E-13     4.818952535936888E-13    0.25                     5.0E10                   2700                     5678.2430772594125       3278.3351691798507       2502.294445801098
1.45091                  5.279999999999999        0.18939393939393942      4.705700848068774E-13    4.822750433437947E-13    0.25                     5.0E10                   2700                     5678.2430772594125       3278.3351691798507       2502.294445801098
1.45091                  5.3                      0.18867924528301888      4.711433533579124E-13    4.826556003592235E-13    0.25                     5.0E10                   2700                     5678.2430772594125       3278.3351691798507       2502.294445801098
1.45091                  5.319999999999999        0.1879699248120301       4.717149264388387E-13    4.830367257385135E-13    0.25                     5.0E10                   2700                     5678.2430772594125       3278.3351691798507       2502.294445801098
1.45091                  5.34                     0.18726591760299627      4.722846386110628E-13    4.834182286882784E-13    0.25                     5.0E10                   2700                     5678.2430772594125       3278.3351691798507       2502.294445801098
1.45091                  5.359999999999999        0.1865671641791045       4.728523321250459E-13    4.837999262936143E-13    0.25                     5.0E10                   2700                     5678.2430772594125       3278.3351691798507       2502.294445801098
1.45091                  5.38                     0.1858736059479554       4.734178567316933E-13    4.841816433277188E-13    0.25                     5.0E10                   2700                     5678.2430772594125       3278.3351691798507       2502.294445801098
1.45091                  5.3999999999999995       0.1851851851851852       4.739810694488173E-13    4.845632120341858E-13    0.25                     5.0E10                   2700                     5678.2430772594125       3278.3351691798507       2502.294445801098
1.45091                  5.42                     0.18450184501845018      4.745418343875474E-13    4.849444719331995E-13    0.25                     5.0E10                   2700                     5678.2430772594125       3278.3351691798507       2502.294445801098
1.45091                  5.4399999999999995       0.18382352941176472      4.751000225393615E-13    4.853252696129403E-13    0.25                     5.0E10                   2700                     5678.2430772594125       3278.3351691798507       2502.294445801098
1.45091                  5.46                     0.18315018315018314      4.756555115680028E-13    4.857054585366021E-13    0.25                     5.0E10                   2700                     5678.2430772594125       3278.3351691798507       2502.294445801098
1.45091                  5.4799999999999995       0.18248175182481755      4.762081856274351E-13    4.860848988351382E-13    0.25                     5.0E10                   2700                     5678.2430772594125       3278.3351691798507       2502.294445801098
1.45091                  5.5                      0.18181818181818182      4.767579351712928E-13    4.864634571292083E-13    0.25                     5.0E10                   2700                     5678.2430772594125       3278.3351691798507       2502.294445801098
1.45091                  5.52                     0.1811594202898551       4.773046567382669E-13    4.868410063222376E-13    0.25                     5.0E10                   2700                     5678.2430772594125       3278.3351691798507       2502.294445801098
1.45091                  5.54                     0.18050541516245486      4.778482527920588E-13    4.872174254239392E-13    0.25                     5.0E10                   2700                     5678.2430772594125       3278.3351691798507       2502.294445801098
1.45091                  5.56                     0.1798561151079137       4.783886315194332E-13    4.875925993569317E-13    0.25                     5.0E10                   2700                     5678.2430772594125       3278.3351691798507       2502.294445801098
1.45091                  5.58                     0.17921146953405018      4.789257066475178E-13    4.879664187763741E-13    0.25                     5.0E10                   2700                     5678.2430772594125       3278.3351691798507       2502.294445801098
1.45091                  5.6                      0.17857142857142858      4.794593972761929E-13    4.883387798937355E-13    0.25                     5.0E10                   2700                     5678.2430772594125       3278.3351691798507       2502.294445801098
1.45091                  5.62                     0.17793594306049823      4.799896276890455E-13    4.887095843004627E-13    0.25                     5.0E10                   2700                     5678.2430772594125       3278.3351691798507       2502.294445801098
1.45091                  5.64                     0.1773049645390071       4.805163271893716E-13    4.890787387868863E-13    0.25                     5.0E10                   2700                     5678.2430772594125       3278.3351691798507       2502.294445801098
1.45091                  5.66                     0.17667844522968196      4.810394299215292E-13    4.894461551864189E-13    0.25                     5.0E10                   2700                     5678.2430772594125       3278.3351691798507       2502.294445801098
1.45091                  5.68                     0.17605633802816903      4.815588747188698E-13    4.898117501959328E-13    0.25                     5.0E10                   2700                     5678.2430772594125       3278.3351691798507       2502.294445801098
1.45091                  5.7                      0.17543859649122806      4.82074604931296E-13     4.901754452288931E-13    0.25                     5.0E10                   2700                     5678.2430772594125       3278.3351691798507       2502.294445801098
1.45091                  5.72                     0.17482517482517484      4.825865682539145E-13    4.905371662338346E-13    0.25                     5.0E10                   2700                     5678.2430772594125       3278.3351691798507       2502.294445801098
1.45091                  5.739999999999999        0.17421602787456447      4.830947165995609E-13    4.908968435637123E-13    0.25                     5.0E10                   2700                     5678.2430772594125       3278.3351691798507       2502.294445801098
1.45091                  5.76                     0.1736111111111111       4.835990059159583E-13    4.912544118007302E-13    0.25                     5.0E10                   2700                     5678.2430772594125       3278.3351691798507       2502.294445801098
1.45091                  5.779999999999999        0.17301038062283738      4.840993960738167E-13    4.91609809633693E-13     0.25                     5.0E10                   2700                     5678.2430772594125       3278.3351691798507       2502.294445801098
1.45091                  5.8                      0.1724137931034483       4.845958506782056E-13    4.919629796795091E-13    0.25                     5.0E10                   2700                     5678.2430772594125       3278.3351691798507       2502.294445801098
1.45091                  5.819999999999999        0.17182130584192443      4.850883369508672E-13    4.923138683706389E-13    0.25                     5.0E10                   2700                     5678.2430772594125       3278.3351691798507       2502.294445801098
1.45091                  5.84                     0.17123287671232879      4.855773179174886E-13    4.926628588084479E-13    0.25                     5.0E10                   2700                     5678.2430772594125       3278.3351691798507       2502.294445801098
1.45091                  5.859999999999999        0.17064846416382254      4.860617899844577E-13    4.930090445554346E-13    0.25                     5.0E10                   2700                     5678.2430772594125       3278.3351691798507       2502.294445801098
1.45091                  5.88                     0.17006802721088435      4.865422158012002E-13    4.933528097801801E-13    0.25                     5.0E10                   2700                     5678.2430772594125       3278.3351691798507       2502.294445801098
1.45091                  5.8999999999999995       0.16949152542372883      4.870185756877988E-13    4.936941147754028E-13    0.25                     5.0E10                   2700                     5678.2430772594125       3278.3351691798507       2502.294445801098
1.45091                  5.92                     0.16891891891891891      4.874908529262639E-13    4.940329229863652E-13    0.25                     5.0E10                   2700                     5678.2430772594125       3278.3351691798507       2502.294445801098
1.45091                  5.9399999999999995       0.16835016835016836      4.879590336268117E-13    4.943692008804038E-13    0.25                     5.0E10                   2700                     5678.2430772594125       3278.3351691798507       2502.294445801098
1.45091                  5.96                     0.16778523489932884      4.884231066049033E-13    4.947029178283278E-13    0.25                     5.0E10                   2700                     5678.2430772594125       3278.3351691798507       2502.294445801098
1.45091                  5.9799999999999995       0.16722408026755856      4.888830632904639E-13    4.950340459961115E-13    0.25                     5.0E10                   2700                     5678.2430772594125       3278.3351691798507       2502.294445801098
1.45091                  6                        0.16666666666666666      4.89338897586277E-13     4.953625602271624E-13    0.25                     5.0E10                   2700                     5678.2430772594125       3278.3351691798507       2502.294445801098
1.45091                  6.02                     0.16611295681063123      4.89790605779286E-13     4.956884379347214E-13    0.25                     5.0E10                   2700                     5678.2430772594125       3278.3351691798507       2502.294445801098
1.45091                  6.04                     0.16556291390728478      4.90238186433814E-13     4.960116590022912E-13    0.25                     5.0E10                   2700                     5678.2430772594125       3278.3351691798507       2502.294445801098
1.45091                  6.06                     0.16501650165016504      4.906816402783927E-13    4.963322056732343E-13    0.25                     5.0E10                   2700                     5678.2430772594125       3278.3351691798507       2502.294445801098
1.45091                  6.08                     0.16447368421052633      4.911209701133905E-13    4.966500624517172E-13    0.25                     5.0E10                   2700                     5678.2430772594125       3278.3351691798507       2502.294445801098
1.45091                  6.1                      0.16393442622950818      4.915561807258038E-13    4.969652160200845E-13    0.25                     5.0E10                   2700                     5678.2430772594125       3278.3351691798507       2502.294445801098
1.45091                  6.12                     0.16339869281045752      4.919872787696689E-13    4.972776551216308E-13    0.25                     5.0E10                   2700                     5678.2430772594125       3278.3351691798507       2502.294445801098
1.45091                  6.14                     0.16286644951140067      4.924142726948586E-13    4.975873704915179E-13    0.25                     5.0E10                   2700                     5678.2430772594125       3278.3351691798507       2502.294445801098
1.45091                  6.16                     0.16233766233766234      4.928371726677121E-13    4.978943547594728E-13    0.25                     5.0E10                   2700                     5678.2430772594125       3278.3351691798507       2502.294445801098
1.45091                  6.18                     0.16181229773462782      4.932559904634068E-13    4.981986023625036E-13    0.25                     5.0E10                   2700                     5678.2430772594125       3278.3351691798507       2502.294445801098
1.45091                  6.2                      0.16129032258064518      4.936707393961674E-13    4.985001094700829E-13    0.25                     5.0E10                   2700                     5678.2430772594125       3278.3351691798507       2502.294445801098
1.45091                  6.22                     0.16077170418006428      4.940814342419909E-13    4.987988738984563E-13    0.25                     5.0E10                   2700                     5678.2430772594125       3278.3351691798507       2502.294445801098
1.45091                  6.24                     0.16025641025641027      4.944880911555193E-13    4.990948950336313E-13    0.25                     5.0E10                   2700                     5678.2430772594125       3278.3351691798507       2502.294445801098
1.45091                  6.26                     0.1597444089456869       4.948907276059977E-13    4.993881737617138E-13    0.25                     5.0E10                   2700                     5678.2430772594125       3278.3351691798507       2502.294445801098
1.45091                  6.279999999999999        0.15923566878980894      4.952893622998815E-13    4.996787123957351E-13    0.25                     5.0E10                   2700                     5678.2430772594125       3278.3351691798507       2502.294445801098
1.45091                  6.3                      0.15873015873015872      4.956840151066203E-13    4.999665145989071E-13    0.25                     5.0E10                   2700                     5678.2430772594125       3278.3351691798507       2502.294445801098
1.45091                  6.319999999999999        0.15822784810126583      4.96074706995003E-13     5.002515853244986E-13    0.25                     5.0E10                   2700                     5678.2430772594125       3278.3351691798507       2502.294445801098
1.45091                  6.34                     0.1577287066246057       4.964614599874659E-13    5.005339307562041E-13    0.25                     5.0E10                   2700                     5678.2430772594125       3278.3351691798507       2502.294445801098
1.45091                  6.359999999999999        0.15723270440251574      4.968442970618971E-13    5.008135582251096E-13    0.25                     5.0E10                   2700                     5678.2430772594125       3278.3351691798507       2502.294445801098
1.45091                  6.38                     0.15673981191222572      4.972232421216743E-13    5.010904761713677E-13    0.25                     5.0E10                   2700                     5678.2430772594125       3278.3351691798507       2502.294445801098
1.45091                  6.3999999999999995       0.15625                  4.9759831993241E-13      5.013646940775955E-13    0.25                     5.0E10                   2700                     5678.2430772594125       3278.3351691798507       2502.294445801098
1.45091                  6.42                     0.1557632398753894       4.979695560626562E-13    5.016362224100476E-13    0.25                     5.0E10                   2700                     5678.2430772594125       3278.3351691798507       2502.294445801098
1.45091                  6.4399999999999995       0.15527950310559008      4.983369768204344E-13    5.01905072562946E-13     0.25                     5.0E10                   2700                     5678.2430772594125       3278.3351691798507       2502.294445801098
1.45091                  6.46                     0.15479876160990713      4.987006092263999E-13    5.02171256816013E-13     0.25                     5.0E10                   2700                     5678.2430772594125       3278.3351691798507       2502.294445801098
1.45091                  6.4799999999999995       0.154320987654321        4.9906048094493E-13      5.024347882740255E-13    0.25                     5.0E10                   2700                     5678.2430772594125       3278.3351691798507       2502.294445801098
1.45091                  6.5                      0.15384615384615383      4.994166202388381E-13    5.026956808211489E-13    0.25                     5.0E10                   2700                     5678.2430772594125       3278.3351691798507       2502.294445801098
1.45091                  6.52                     0.15337423312883436      4.997690559402993E-13    5.029539490835651E-13    0.25                     5.0E10                   2700                     5678.2430772594125       3278.3351691798507       2502.294445801098
1.45091                  6.54                     0.15290519877675843      5.001178173734364E-13    5.032096083610648E-13    0.25                     5.0E10                   2700                     5678.2430772594125       3278.3351691798507       2502.294445801098
1.45091                  6.56                     0.15243902439024393      5.004629343602741E-13    5.034626746179496E-13    0.25                     5.0E10                   2700                     5678.2430772594125       3278.3351691798507       2502.294445801098
1.45091                  6.58                     0.1519756838905775       5.008044371374895E-13    5.037131644101812E-13    0.25                     5.0E10                   2700                     5678.2430772594125       3278.3351691798507       2502.294445801098
1.45091                  6.6                      0.15151515151515152      5.011423563325518E-13    5.039610948608092E-13    0.25                     5.0E10                   2700                     5678.2430772594125       3278.3351691798507       2502.294445801098
1.45091                  6.62                     0.1510574018126888       5.014767229336242E-13    5.04206483621484E-13     0.25                     5.0E10                   2700                     5678.2430772594125       3278.3351691798507       2502.294445801098
1.45091                  6.64                     0.1506024096385542       5.018075682564148E-13    5.044493488359991E-13    0.25                     5.0E10                   2700                     5678.2430772594125       3278.3351691798507       2502.294445801098
1.45091                  6.66                     0.15015015015015015      5.021349238910026E-13    5.046897090976787E-13    0.25                     5.0E10                   2700                     5678.2430772594125       3278.3351691798507       2502.294445801098
1.45091                  6.68                     0.14970059880239522      5.024588216840681E-13    5.049275834210036E-13    0.25                     5.0E10                   2700                     5678.2430772594125       3278.3351691798507       2502.294445801098
1.45091                  6.7                      0.1492537313432836       5.02779293710836E-13     5.051629912132676E-13    0.25                     5.0E10                   2700                     5678.2430772594125       3278.3351691798507       2502.294445801098
1.45091                  6.72                     0.1488095238095238       5.030963722332893E-13    5.053959522341748E-13    0.25                     5.0E10                   2700                     5678.2430772594125       3278.3351691798507       2502.294445801098
1.45091                  6.74                     0.14836795252225518      5.03410089679293E-13     5.056264865726084E-13    0.25                     5.0E10                   2700                     5678.2430772594125       3278.3351691798507       2502.294445801098
1.45091                  6.76                     0.14792899408284024      5.037204786199005E-13    5.058546146194021E-13    0.25                     5.0E10                   2700                     5678.2430772594125       3278.3351691798507       2502.294445801098
1.45091                  6.779999999999999        0.14749262536873156      5.040275717309729E-13    5.060803570308589E-13    0.25                     5.0E10                   2700                     5678.2430772594125       3278.3351691798507       2502.294445801098
1.45091                  6.8                      0.14705882352941177      5.043314017751674E-13    5.063037347127131E-13    0.25                     5.0E10                   2700                     5678.2430772594125       3278.3351691798507       2502.294445801098
1.45091                  6.819999999999999        0.1466275659824047       5.046320015861877E-13    5.065247687932329E-13    0.25                     5.0E10                   2700                     5678.2430772594125       3278.3351691798507       2502.294445801098
1.45091                  6.84                     0.14619883040935674      5.049294040370526E-13    5.067434805953394E-13    0.25                     5.0E10                   2700                     5678.2430772594125       3278.3351691798507       2502.294445801098
1.45091                  6.859999999999999        0.1457725947521866       5.052236420097643E-13    5.069598916115885E-13    0.25                     5.0E10                   2700                     5678.2430772594125       3278.3351691798507       2502.294445801098
1.45091                  6.88                     0.14534883720930233      5.055147484043093E-13    5.071740234953528E-13    0.25                     5.0E10                   2700                     5678.2430772594125       3278.3351691798507       2502.294445801098
1.45091                  6.8999999999999995       0.14492753623188406      5.058027560847162E-13    5.073858980229319E-13    0.25                     5.0E10                   2700                     5678.2430772594125       3278.3351691798507       2502.294445801098
1.45091                  6.92                     0.1445086705202312       5.060876978881204E-13    5.075955370890697E-13    0.25                     5.0E10                   2700                     5678.2430772594125       3278.3351691798507       2502.294445801098
1.45091                  6.9399999999999995       0.1440922190201729       5.063696065932008E-13    5.07802962678403E-13     0.25                     5.0E10                   2700                     5678.2430772594125       3278.3351691798507       2502.294445801098
1.45091                  6.96                     0.14367816091954022      5.066485149049969E-13    5.0800819684958E-13      0.25                     5.0E10                   2700                     5678.2430772594125       3278.3351691798507       2502.294445801098
1.45091                  6.9799999999999995       0.14326647564469916      5.06924455438874E-13     5.082112617167523E-13    0.25                     5.0E10                   2700                     5678.2430772594125       3278.3351691798507       2502.294445801098
1.45091                  7                        0.14285714285714285      5.07197460722878E-13     5.084121794429188E-13    0.25                     5.0E10                   2700                     5678.2430772594125       3278.3351691798507       2502.294445801098
1.45091                  7.02                     0.14245014245014245      5.074675631441925E-13    5.08610972205515E-13     0.25                     5.0E10                   2700                     5678.2430772594125       3278.3351691798507       2502.294445801098
1.45091                  7.04                     0.14204545454545456      5.077347949891374E-13    5.088076622056721E-13    0.25                     5.0E10                   2700                     5678.2430772594125       3278.3351691798507       2502.294445801098
1.45091                  7.06                     0.141643059490085        5.079991883788347E-13    5.090022716310412E-13    0.25                     5.0E10                   2700                     5678.2430772594125       3278.3351691798507       2502.294445801098
1.45091                  7.08                     0.14124293785310735      5.082607753011633E-13    5.09194822660856E-13     0.25                     5.0E10                   2700                     5678.2430772594125       3278.3351691798507       2502.294445801098
1.45091                  7.1                      0.14084507042253522      5.085195875523466E-13    5.093853374345325E-13    0.25                     5.0E10                   2700                     5678.2430772594125       3278.3351691798507       2502.294445801098
1.45091                  7.12                     0.14044943820224717      5.087756567924873E-13    5.095738380688293E-13    0.25                     5.0E10                   2700                     5678.2430772594125       3278.3351691798507       2502.294445801098
1.45091                  7.14                     0.1400560224089636       5.090290144630361E-13    5.097603466093394E-13    0.25                     5.0E10                   2700                     5678.2430772594125       3278.3351691798507       2502.294445801098
1.45091                  7.16                     0.13966480446927376      5.092796918290231E-13    5.099448850502599E-13    0.25                     5.0E10                   2700                     5678.2430772594125       3278.3351691798507       2502.294445801098
1.45091                  7.18                     0.1392757660167131       5.095277199484839E-13    5.101274753084852E-13    0.25                     5.0E10                   2700                     5678.2430772594125       3278.3351691798507       2502.294445801098
1.45091                  7.2                      0.1388888888888889       5.097731296723987E-13    5.103081392211282E-13    0.25                     5.0E10                   2700                     5678.2430772594125       3278.3351691798507       2502.294445801098
1.45091                  7.22                     0.13850415512465375      5.100159516330241E-13    5.104868985329282E-13    0.25                     5.0E10                   2700                     5678.2430772594125       3278.3351691798507       2502.294445801098
1.45091                  7.24                     0.13812154696132597      5.102562162352492E-13    5.106637748874991E-13    0.25                     5.0E10                   2700                     5678.2430772594125       3278.3351691798507       2502.294445801098
1.45091                  7.26                     0.13774104683195593      5.10493953664413E-13     5.108387898251683E-13    0.25                     5.0E10                   2700                     5678.2430772594125       3278.3351691798507       2502.294445801098
1.45091                  7.279999999999999        0.13736263736263737      5.107291938507243E-13    5.110119647641971E-13    0.25                     5.0E10                   2700                     5678.2430772594125       3278.3351691798507       2502.294445801098
1.45091                  7.3                      0.13698630136986303      5.109619664956871E-13    5.111833210038218E-13    0.25                     5.0E10                   2700                     5678.2430772594125       3278.3351691798507       2502.294445801098
1.45091                  7.319999999999999        0.1366120218579235       5.111923010574431E-13    5.113528797203759E-13    0.25                     5.0E10                   2700                     5678.2430772594125       3278.3351691798507       2502.294445801098
1.45091                  7.34                     0.1362397820163488       5.114202267331401E-13    5.115206619461272E-13    0.25                     5.0E10                   2700                     5678.2430772594125       3278.3351691798507       2502.294445801098
1.45091                  7.359999999999999        0.13586956521739132      5.116457724574118E-13    5.116866885756283E-13    0.25                     5.0E10                   2700                     5678.2430772594125       3278.3351691798507       2502.294445801098
1.45091                  7.38                     0.13550135501355012      5.11868966924157E-13     5.118509803603723E-13    0.25                     5.0E10                   2700                     5678.2430772594125       3278.3351691798507       2502.294445801098
1.45091                  7.3999999999999995       0.13513513513513514      5.120898385498721E-13    5.120135578973812E-13    0.25                     5.0E10                   2700                     5678.2430772594125       3278.3351691798507       2502.294445801098
1.45091                  7.42                     0.1347708894878706       5.123084154840308E-13    5.121744416272341E-13    0.25                     5.0E10                   2700                     5678.2430772594125       3278.3351691798507       2502.294445801098
1.45091                  7.4399999999999995       0.13440860215053765      5.125247256213313E-13    5.123336518388823E-13    0.25                     5.0E10                   2700                     5678.2430772594125       3278.3351691798507       2502.294445801098
1.45091                  7.46                     0.13404825737265413      5.127387965681007E-13    5.124912086479906E-13    0.25                     5.0E10                   2700                     5678.2430772594125       3278.3351691798507       2502.294445801098
1.45091                  7.4799999999999995       0.1336898395721925       5.12950655663688E-13     5.126471320057601E-13    0.25                     5.0E10                   2700                     5678.2430772594125       3278.3351691798507       2502.294445801098
1.45091                  7.5                      0.13333333333333333      5.13160329973031E-13     5.12801441694098E-13     0.25                     5.0E10                   2700                     5678.2430772594125       3278.3351691798507       2502.294445801098
1.45091                  7.52                     0.13297872340425532      5.13367846275521E-13     5.129541573177032E-13    0.25                     5.0E10                   2700                     5678.2430772594125       3278.3351691798507       2502.294445801098
1.45091                  7.54                     0.13262599469496023      5.135732310897792E-13    5.131052983112279E-13    0.25                     5.0E10                   2700                     5678.2430772594125       3278.3351691798507       2502.294445801098
1.45091                  7.56                     0.13227513227513227      5.137765106288954E-13    5.132548839224288E-13    0.25                     5.0E10                   2700                     5678.2430772594125       3278.3351691798507       2502.294445801098
1.45091                  7.58                     0.13192612137203166      5.139777108517447E-13    5.134029332259734E-13    0.25                     5.0E10                   2700                     5678.2430772594125       3278.3351691798507       2502.294445801098
1.45091                  7.6                      0.13157894736842105      5.141768574124555E-13    5.135494651033351E-13    0.25                     5.0E10                   2700                     5678.2430772594125       3278.3351691798507       2502.294445801098
1.45091                  7.62                     0.13123359580052493      5.143739756996145E-13    5.136944982594775E-13    0.25                     5.0E10                   2700                     5678.2430772594125       3278.3351691798507       2502.294445801098
1.45091                  7.64                     0.13089005235602094      5.145690908048878E-13    5.138380512063127E-13    0.25                     5.0E10                   2700                     5678.2430772594125       3278.3351691798507       2502.294445801098
1.45091                  7.66                     0.13054830287206268      5.14762227560916E-13     5.139801422739595E-13    0.25                     5.0E10                   2700                     5678.2430772594125       3278.3351691798507       2502.294445801098
1.45091                  7.68                     0.13020833333333334      5.149534104916309E-13    5.141207895997585E-13    0.25                     5.0E10                   2700                     5678.2430772594125       3278.3351691798507       2502.294445801098
1.45091                  7.7                      0.12987012987012989      5.151426638545995E-13    5.142600111259963E-13    0.25                     5.0E10                   2700                     5678.2430772594125       3278.3351691798507       2502.294445801098
1.45091                  7.72                     0.1295336787564767       5.153300116231854E-13    5.143978246132883E-13    0.25                     5.0E10                   2700                     5678.2430772594125       3278.3351691798507       2502.294445801098
1.45091                  7.74                     0.12919896640826872      5.155154774930224E-13    5.145342476251335E-13    0.25                     5.0E10                   2700                     5678.2430772594125       3278.3351691798507       2502.294445801098
1.45091                  7.76                     0.1288659793814433       5.156990848722083E-13    5.146692975318808E-13    0.25                     5.0E10                   2700                     5678.2430772594125       3278.3351691798507       2502.294445801098
1.45091                  7.779999999999999        0.12853470437017997      5.158808568961514E-13    5.148029915137246E-13    0.25                     5.0E10                   2700                     5678.2430772594125       3278.3351691798507       2502.294445801098
1.45091                  7.8                      0.12820512820512822      5.160608164250349E-13    5.14935346558703E-13     0.25                     5.0E10                   2700                     5678.2430772594125       3278.3351691798507       2502.294445801098
1.45091                  7.819999999999999        0.1278772378516624       5.162389860290419E-13    5.150663794571658E-13    0.25                     5.0E10                   2700                     5678.2430772594125       3278.3351691798507       2502.294445801098
1.45091                  7.84                     0.12755102040816327      5.164153880185328E-13    5.151961068124345E-13    0.25                     5.0E10                   2700                     5678.2430772594125       3278.3351691798507       2502.294445801098
1.45091                  7.859999999999999        0.1272264631043257       5.165900444188827E-13    5.15324545030299E-13     0.25                     5.0E10                   2700                     5678.2430772594125       3278.3351691798507       2502.294445801098
1.45091                  7.88                     0.12690355329949238      5.16762976986121E-13     5.154517103279189E-13    0.25                     5.0E10                   2700                     5678.2430772594125       3278.3351691798507       2502.294445801098
1.45091                  7.8999999999999995       0.12658227848101267      5.169342072092099E-13    5.155776187296593E-13    0.25                     5.0E10                   2700                     5678.2430772594125       3278.3351691798507       2502.294445801098
1.45091                  7.92                     0.12626262626262624      5.171037563142108E-13    5.157022860723288E-13    0.25                     5.0E10                   2700                     5678.2430772594125       3278.3351691798507       2502.294445801098
1.45091                  7.9399999999999995       0.12594458438287154      5.172716452313176E-13    5.158257279893914E-13    0.25                     5.0E10                   2700                     5678.2430772594125       3278.3351691798507       2502.294445801098
1.45091                  7.96                     0.12562814070351758      5.174378946570685E-13    5.159479599404506E-13    0.25                     5.0E10                   2700                     5678.2430772594125       3278.3351691798507       2502.294445801098
1.45091                  7.9799999999999995       0.12531328320802007      5.176025250080482E-13    5.160689971847743E-13    0.25                     5.0E10                   2700                     5678.2430772594125       3278.3351691798507       2502.294445801098
1.45091                  8                        0.125                    5.177655564445412E-13    5.161888547988144E-13    0.25                     5.0E10                   2700                     5678.2430772594125       3278.3351691798507       2502.294445801098
1.45091                  8.02                     0.12468827930174564      5.179270088625197E-13    5.16307547668035E-13     0.25                     5.0E10                   2700                     5678.2430772594125       3278.3351691798507       2502.294445801098
1.45091                  8.040000000000001        0.1243781094527363       5.180869019009474E-13    5.164250904919193E-13    0.25                     5.0E10                   2700                     5678.2430772594125       3278.3351691798507       2502.294445801098
1.45091                  8.06                     0.12406947890818859      5.182452549487536E-13    5.165414977896867E-13    0.25                     5.0E10                   2700                     5678.2430772594125       3278.3351691798507       2502.294445801098
1.45091                  8.08                     0.12376237623762378      5.18402087133723E-13     5.166567838887805E-13    0.25                     5.0E10                   2700                     5678.2430772594125       3278.3351691798507       2502.294445801098
1.45091                  8.1                      0.1234567901234568       5.185574173395241E-13    5.167709629401566E-13    0.25                     5.0E10                   2700                     5678.2430772594125       3278.3351691798507       2502.294445801098
1.45091                  8.12                     0.12315270935960593      5.187112641958276E-13    5.168840489084713E-13    0.25                     5.0E10                   2700                     5678.2430772594125       3278.3351691798507       2502.294445801098
1.45091                  8.14                     0.12285012285012284      5.188636460926221E-13    5.169960555825263E-13    0.25                     5.0E10                   2700                     5678.2430772594125       3278.3351691798507       2502.294445801098
1.45091                  8.16                     0.12254901960784315      5.190145811713032E-13    5.171069965707364E-13    0.25                     5.0E10                   2700                     5678.2430772594125       3278.3351691798507       2502.294445801098
1.45091                  8.18                     0.12224938875305624      5.191640873252936E-13    5.172168852979812E-13    0.25                     5.0E10                   2700                     5678.2430772594125       3278.3351691798507       2502.294445801098
1.45091                  8.2                      0.12195121951219513      5.19312182222441E-13     5.173257350235056E-13    0.25                     5.0E10                   2700                     5678.2430772594125       3278.3351691798507       2502.294445801098
1.45091                  8.22                     0.121654501216545        5.194588832856575E-13    5.174335588246243E-13    0.25                     5.0E10                   2700                     5678.2430772594125       3278.3351691798507       2502.294445801098
1.45091                  8.24                     0.12135922330097086      5.196042077016228E-13    5.175403696073365E-13    0.25                     5.0E10                   2700                     5678.2430772594125       3278.3351691798507       2502.294445801098
1.45091                  8.26                     0.12106537530266344      5.197481724219976E-13    5.17646180104313E-13     0.25                     5.0E10                   2700                     5678.2430772594125       3278.3351691798507       2502.294445801098
1.45091                  8.28                     0.1207729468599034       5.1989079418752E-13      5.177510028827509E-13    0.25                     5.0E10                   2700                     5678.2430772594125       3278.3351691798507       2502.294445801098
1.45091                  8.299999999999999        0.1204819277108434       5.200320894892093E-13    5.178548503375367E-13    0.25                     5.0E10                   2700                     5678.2430772594125       3278.3351691798507       2502.294445801098
1.45091                  8.32                     0.12019230769230768      5.201720746148115E-13    5.179577347016112E-13    0.25                     5.0E10                   2700                     5678.2430772594125       3278.3351691798507       2502.294445801098
1.45091                  8.34                     0.11990407673860912      5.203107656080741E-13    5.180596680348929E-13    0.25                     5.0E10                   2700                     5678.2430772594125       3278.3351691798507       2502.294445801098
1.45091                  8.36                     0.1196172248803828       5.20448178310792E-13     5.181606622404645E-13    0.25                     5.0E10                   2700                     5678.2430772594125       3278.3351691798507       2502.294445801098
1.45091                  8.379999999999999        0.11933174224343678      5.205843283410587E-13    5.182607290578015E-13    0.25                     5.0E10                   2700                     5678.2430772594125       3278.3351691798507       2502.294445801098
1.45091                  8.4                      0.11904761904761904      5.207192311019057E-13    5.183598800657947E-13    0.25                     5.0E10                   2700                     5678.2430772594125       3278.3351691798507       2502.294445801098
1.45091                  8.42                     0.11876484560570072      5.208529017818957E-13    5.184581266816381E-13    0.25                     5.0E10                   2700                     5678.2430772594125       3278.3351691798507       2502.294445801098
1.45091                  8.44                     0.11848341232227488      5.209853553767775E-13    5.185554801773575E-13    0.25                     5.0E10                   2700                     5678.2430772594125       3278.3351691798507       2502.294445801098
1.45091                  8.459999999999999        0.11820330969267141      5.211166066582705E-13    5.186519516592655E-13    0.25                     5.0E10                   2700                     5678.2430772594125       3278.3351691798507       2502.294445801098
1.45091                  8.48                     0.1179245283018868       5.212466701902045E-13    5.187475520783123E-13    0.25                     5.0E10                   2700                     5678.2430772594125       3278.3351691798507       2502.294445801098
1.45091                  8.5                      0.11764705882352941      5.21375560351198E-13     5.188422922431634E-13    0.25                     5.0E10                   2700                     5678.2430772594125       3278.3351691798507       2502.294445801098
1.45091                  8.52                     0.11737089201877934      5.215032913164338E-13    5.189361828115464E-13    0.25                     5.0E10                   2700                     5678.2430772594125       3278.3351691798507       2502.294445801098
1.45091                  8.54                     0.117096018735363        5.216298770582707E-13    5.190292342871512E-13    0.25                     5.0E10                   2700                     5678.2430772594125       3278.3351691798507       2502.294445801098
1.45091                  8.56                     0.11682242990654204      5.217553313576743E-13    5.191214570329742E-13    0.25                     5.0E10                   2700                     5678.2430772594125       3278.3351691798507       2502.294445801098
1.45091                  8.58                     0.11655011655011656      5.21879667801783E-13     5.192128612640022E-13    0.25                     5.0E10                   2700                     5678.2430772594125       3278.3351691798507       2502.294445801098
1.45091                  8.6                      0.11627906976744186      5.220028997920802E-13    5.193034570534155E-13    0.25                     5.0E10                   2700                     5678.2430772594125       3278.3351691798507       2502.294445801098
1.45091                  8.62                     0.1160092807424594       5.221250405518099E-13    5.193932543401492E-13    0.25                     5.0E10                   2700                     5678.2430772594125       3278.3351691798507       2502.294445801098
1.45091                  8.64                     0.11574074074074073      5.222461030977014E-13    5.194822629087013E-13    0.25                     5.0E10                   2700                     5678.2430772594125       3278.3351691798507       2502.294445801098
1.45091                  8.66                     0.11547344110854503      5.223661002857044E-13    5.195704924248635E-13    0.25                     5.0E10                   2700                     5678.2430772594125       3278.3351691798507       2502.294445801098
1.45091                  8.68                     0.1152073732718894       5.224850447846456E-13    5.196579524066667E-13    0.25                     5.0E10                   2700                     5678.2430772594125       3278.3351691798507       2502.294445801098
1.45091                  8.7                      0.11494252873563218      5.226029490778138E-13    5.197446522347864E-13    0.25                     5.0E10                   2700                     5678.2430772594125       3278.3351691798507       2502.294445801098
1.45091                  8.72                     0.1146788990825688       5.227198254899354E-13    5.198306011707736E-13    0.25                     5.0E10                   2700                     5678.2430772594125       3278.3351691798507       2502.294445801098
1.45091                  8.74                     0.11441647597254004      5.228356861601652E-13    5.199158083343388E-13    0.25                     5.0E10                   2700                     5678.2430772594125       3278.3351691798507       2502.294445801098
1.45091                  8.76                     0.1141552511415525       5.22952297614953E-13     5.200018764785503E-13    0.25                     5.0E10                   2700                     5678.2430772594125       3278.3351691798507       2502.294445801098
1.45091                  8.78                     0.11389521640091117      5.230661712391774E-13    5.200856355474413E-13    0.25                     5.0E10                   2700                     5678.2430772594125       3278.3351691798507       2502.294445801098
1.45091                  8.8                      0.11363636363636362      5.231790645471531E-13    5.201686794536069E-13    0.25                     5.0E10                   2700                     5678.2430772594125       3278.3351691798507       2502.294445801098
1.45091                  8.82                     0.11337868480725624      5.232909890014686E-13    5.202510168039327E-13    0.25                     5.0E10                   2700                     5678.2430772594125       3278.3351691798507       2502.294445801098
1.45091                  8.84                     0.11312217194570136      5.234019559316578E-13    5.203326561020691E-13    0.25                     5.0E10                   2700                     5678.2430772594125       3278.3351691798507       2502.294445801098
1.45091                  8.86                     0.11286681715575621      5.235119764885962E-13    5.204136057223638E-13    0.25                     5.0E10                   2700                     5678.2430772594125       3278.3351691798507       2502.294445801098
1.45091                  8.879999999999999        0.11261261261261263      5.236210616874041E-13    5.204938739248639E-13    0.25                     5.0E10                   2700                     5678.2430772594125       3278.3351691798507       2502.294445801098
1.45091                  8.9                      0.11235955056179775      5.237292223591225E-13    5.205734688402664E-13    0.25                     5.0E10                   2700                     5678.2430772594125       3278.3351691798507       2502.294445801098
1.45091                  8.92                     0.11210762331838565      5.238364692133959E-13    5.206523985022136E-13    0.25                     5.0E10                   2700                     5678.2430772594125       3278.3351691798507       2502.294445801098
1.45091                  8.94                     0.11185682326621925      5.23942812796944E-13     5.207306708190003E-13    0.25                     5.0E10                   2700                     5678.2430772594125       3278.3351691798507       2502.294445801098
1.45091                  8.959999999999999        0.11160714285714285      5.240482635117049E-13    5.208082935894185E-13    0.25                     5.0E10                   2700                     5678.2430772594125       3278.3351691798507       2502.294445801098
1.45091                  8.98                     0.11135857461024498      5.241528316044035E-13    5.208852744978308E-13    0.25                     5.0E10                   2700                     5678.2430772594125       3278.3351691798507       2502.294445801098
1.45091                  9                        0.11111111111111112      5.242565271919577E-13    5.209616211249108E-13    0.25                     5.0E10                   2700                     5678.2430772594125       3278.3351691798507       2502.294445801098
1.45091                  9.02                     0.11086474501108647      5.243593602408888E-13    5.210373409402739E-13    0.25                     5.0E10                   2700                     5678.2430772594125       3278.3351691798507       2502.294445801098
1.45091                  9.04                     0.11061946902654868      5.24461340584889E-13     5.211124413077654E-13    0.25                     5.0E10                   2700                     5678.2430772594125       3278.3351691798507       2502.294445801098
1.45091                  9.06                     0.11037527593818983      5.245624779174377E-13    5.211869294882444E-13    0.25                     5.0E10                   2700                     5678.2430772594125       3278.3351691798507       2502.294445801098
1.45091                  9.08                     0.11013215859030838      5.246627817880783E-13    5.212608126339134E-13    0.25                     5.0E10                   2700                     5678.2430772594125       3278.3351691798507       2502.294445801098
1.45091                  9.1                      0.1098901098901099       5.24762261626844E-13     5.213340978005314E-13    0.25                     5.0E10                   2700                     5678.2430772594125       3278.3351691798507       2502.294445801098
1.45091                  9.12                     0.10964912280701757      5.248609267280759E-13    5.214067919451676E-13    0.25                     5.0E10                   2700                     5678.2430772594125       3278.3351691798507       2502.294445801098
1.45091                  9.14                     0.10940919037199125      5.249587862506613E-13    5.214789019207026E-13    0.25                     5.0E10                   2700                     5678.2430772594125       3278.3351691798507       2502.294445801098
1.45091                  9.16                     0.10917030567685589      5.2505584923441E-13      5.215504344856729E-13    0.25                     5.0E10                   2700                     5678.2430772594125       3278.3351691798507       2502.294445801098
1.45091                  9.18                     0.10893246187363835      5.251521245831502E-13    5.216213962992166E-13    0.25                     5.0E10                   2700                     5678.2430772594125       3278.3351691798507       2502.294445801098
1.45091                  9.2                      0.10869565217391305      5.252476210863729E-13    5.216917939307949E-13    0.25                     5.0E10                   2700                     5678.2430772594125       3278.3351691798507       2502.294445801098
1.45091                  9.22                     0.10845986984815618      5.253423474176264E-13    5.217616338608549E-13    0.25                     5.0E10                   2700                     5678.2430772594125       3278.3351691798507       2502.294445801098
1.45091                  9.24                     0.10822510822510822      5.254363121018574E-13    5.218309224590294E-13    0.25                     5.0E10                   2700                     5678.2430772594125       3278.3351691798507       2502.294445801098
1.45091                  9.26                     0.1079913606911447       5.255295235778244E-13    5.218996660269041E-13    0.25                     5.0E10                   2700                     5678.2430772594125       3278.3351691798507       2502.294445801098
1.45091                  9.28                     0.10775862068965518      5.256219901473027E-13    5.219678707624201E-13    0.25                     5.0E10                   2700                     5678.2430772594125       3278.3351691798507       2502.294445801098
1.45091                  9.3                      0.10752688172043011      5.257137200101128E-13    5.220355427832535E-13    0.25                     5.0E10                   2700                     5678.2430772594125       3278.3351691798507       2502.294445801098
1.45091                  9.32                     0.1072961373390558       5.258047212488958E-13    5.221026881227972E-13    0.25                     5.0E10                   2700                     5678.2430772594125       3278.3351691798507       2502.294445801098
1.45091                  9.34                     0.10706638115631692      5.258950018168082E-13    5.221693127107448E-13    0.25                     5.0E10                   2700                     5678.2430772594125       3278.3351691798507       2502.294445801098
1.45091                  9.36                     0.10683760683760683      5.259845695890087E-13    5.222354224177786E-13    0.25                     5.0E10                   2700                     5678.2430772594125       3278.3351691798507       2502.294445801098
1.45091                  9.379999999999999        0.10660980810234544      5.260734323069299E-13    5.223010230172858E-13    0.25                     5.0E10                   2700                     5678.2430772594125       3278.3351691798507       2502.294445801098
1.45091                  9.4                      0.10638297872340426      5.261615976159846E-13    5.223661202028219E-13    0.25                     5.0E10                   2700                     5678.2430772594125       3278.3351691798507       2502.294445801098
1.45091                  9.42                     0.10615711252653928      5.262490730653063E-13    5.224307195930681E-13    0.25                     5.0E10                   2700                     5678.2430772594125       3278.3351691798507       2502.294445801098
1.45091                  9.44                     0.1059322033898305       5.263358660829253E-13    5.224948267259581E-13    0.25                     5.0E10                   2700                     5678.2430772594125       3278.3351691798507       2502.294445801098
1.45091                  9.459999999999999        0.10570824524312897      5.264219840019586E-13    5.225584470528835E-13    0.25                     5.0E10                   2700                     5678.2430772594125       3278.3351691798507       2502.294445801098
1.45091                  9.48                     0.10548523206751054      5.265074340447763E-13    5.226215859536477E-13    0.25                     5.0E10                   2700                     5678.2430772594125       3278.3351691798507       2502.294445801098
1.45091                  9.5                      0.10526315789473685      5.265922233666576E-13    5.22684248743573E-13     0.25                     5.0E10                   2700                     5678.2430772594125       3278.3351691798507       2502.294445801098
1.45091                  9.52                     0.10504201680672269      5.266763589951803E-13    5.227464406502343E-13    0.25                     5.0E10                   2700                     5678.2430772594125       3278.3351691798507       2502.294445801098
1.45091                  9.54                     0.10482180293501049      5.267598478677696E-13    5.228081668290246E-13    0.25                     5.0E10                   2700                     5678.2430772594125       3278.3351691798507       2502.294445801098
1.45091                  9.56                     0.10460251046025104      5.268426968351239E-13    5.228694323696685E-13    0.25                     5.0E10                   2700                     5678.2430772594125       3278.3351691798507       2502.294445801098
1.45091                  9.58                     0.10438413361169102      5.269249126520487E-13    5.229302422867023E-13    0.25                     5.0E10                   2700                     5678.2430772594125       3278.3351691798507       2502.294445801098
1.45091                  9.6                      0.10416666666666667      5.270065019804244E-13    5.229906015272621E-13    0.25                     5.0E10                   2700                     5678.2430772594125       3278.3351691798507       2502.294445801098
1.45091                  9.62                     0.10395010395010396      5.270874713894552E-13    5.230505149645962E-13    0.25                     5.0E10                   2700                     5678.2430772594125       3278.3351691798507       2502.294445801098
1.45091                  9.64                     0.10373443983402489      5.271678273650982E-13    5.23109987409067E-13     0.25                     5.0E10                   2700                     5678.2430772594125       3278.3351691798507       2502.294445801098
1.45091                  9.66                     0.10351966873706003      5.272475763032363E-13    5.23169023605743E-13     0.25                     5.0E10                   2700                     5678.2430772594125       3278.3351691798507       2502.294445801098
1.45091                  9.68                     0.10330578512396693      5.273267245032465E-13    5.232276282210254E-13    0.25                     5.0E10                   2700                     5678.2430772594125       3278.3351691798507       2502.294445801098
1.45091                  9.7                      0.10309278350515465      5.274052782062158E-13    5.232858058783387E-13    0.25                     5.0E10                   2700                     5678.2430772594125       3278.3351691798507       2502.294445801098
1.45091                  9.72                     0.102880658436214        5.274832435460073E-13    5.233435611204089E-13    0.25                     5.0E10                   2700                     5678.2430772594125       3278.3351691798507       2502.294445801098
1.45091                  9.74                     0.1026694045174538       5.27560626574824E-13     5.234008984280304E-13    0.25                     5.0E10                   2700                     5678.2430772594125       3278.3351691798507       2502.294445801098
1.45091                  9.76                     0.10245901639344263      5.276374332895504E-13    5.234578222376443E-13    0.25                     5.0E10                   2700                     5678.2430772594125       3278.3351691798507       2502.294445801098
1.45091                  9.78                     0.10224948875255623      5.27713669560971E-13     5.235143368933951E-13    0.25                     5.0E10                   2700                     5678.2430772594125       3278.3351691798507       2502.294445801098
1.45091                  9.8                      0.10204081632653059      5.277893412255354E-13    5.235704467091921E-13    0.25                     5.0E10                   2700                     5678.2430772594125       3278.3351691798507       2502.294445801098
1.45091                  9.82                     0.10183299389002037      5.278644540206559E-13    5.236261559259482E-13    0.25                     5.0E10                   2700                     5678.2430772594125       3278.3351691798507       2502.294445801098
1.45091                  9.84                     0.1016260162601626       5.27939013605595E-13     5.236814687232387E-13    0.25                     5.0E10                   2700                     5678.2430772594125       3278.3351691798507       2502.294445801098
1.45091                  9.86                     0.10141987829614604      5.2801302558876E-13      5.237363892423593E-13    0.25                     5.0E10                   2700                     5678.2430772594125       3278.3351691798507       2502.294445801098
1.45091                  9.879999999999999        0.10121457489878542      5.28086495469038E-13     5.237909215420128E-13    0.25                     5.0E10                   2700                     5678.2430772594125       3278.3351691798507       2502.294445801098
1.45091                  9.9                      0.101010101010101        5.281594286957419E-13    5.23845069644683E-13     0.25                     5.0E10                   2700                     5678.2430772594125       3278.3351691798507       2502.294445801098
1.45091                  9.92                     0.10080645161290322      5.282318306379524E-13    5.238988375078424E-13    0.25                     5.0E10                   2700                     5678.2430772594125       3278.3351691798507       2502.294445801098
1.45091                  9.94                     0.1006036217303823       5.28303706602162E-13     5.239522290451266E-13    0.25                     5.0E10                   2700                     5678.2430772594125       3278.3351691798507       2502.294445801098
1.45091                  9.959999999999999        0.10040160642570282      5.283750618181701E-13    5.240052481086181E-13    0.25                     5.0E10                   2700                     5678.2430772594125       3278.3351691798507       2502.294445801098
1.45091                  9.98                     0.1002004008016032       5.284459014491561E-13    5.240578984990391E-13    0.25                     5.0E10                   2700                     5678.2430772594125       3278.3351691798507       2502.294445801098
1.45091                  10                       0.1                      5.284765469148889E-13    5.240456547099884E-13    0.25                     5.0E10                   2700                     5678.2430772594125       3278.3351691798507       2502.294445801098
