1.23265                  0.1                      10                       5.33121634803794E-13     5.331228744630538E-13    0.25                     5.0E10                   2700                     5233.757944557832        3021.711558163807        2502.294445801098
1.23265                  0.12000000000000001      8.333333333333332        5.362897703972821E-13    5.363414423871558E-13    0.25                     5.0E10                   2700                     5233.757944557832        3021.711558163807        2502.294445801098
1.23265                  0.14                     7.1428571428571415       5.341315142901509E-13    5.339577777649575E-13    0.25                     5.0E10                   2700                     5233.757944557832        3021.711558163807        2502.294445801098
1.23265                  0.16                     6.249999999999999        5.330647655200588E-13    5.331697507083168E-13    0.25                     5.0E10                   2700                     5233.757944557832        3021.711558163807        2502.294445801098
1.23265                  0.18                     5.555555555555555        5.372066138821022E-13    5.372933145175827E-13    0.25                     5.0E10                   2700                     5233.757944557832        3021.711558163807        2502.294445801098
1.23265                  0.2                      5                        5.332630572206684E-13    5.331256577805923E-13    0.25                     5.0E10                   2700                     5233.757944557832        3021.711558163807        2502.294445801098
1.23265                  0.22                     4.545454545454546        5.363909073670814E-13    5.366773959456671E-13    0.25                     5.0E10                   2700                     5233.757944557832        3021.711558163807        2502.294445801098
1.23265                  0.24000000000000002      4.166666666666666        5.357777601018432E-13    5.363080394269618E-13    0.25                     5.0E10                   2700                     5233.757944557832        3021.711558163807        2502.294445801098
1.23265                  0.26                     3.846153846153846        5.34399670209225E-13     5.349423865023144E-13    0.25                     5.0E10                   2700                     5233.757944557832        3021.711558163807        2502.294445801098
1.23265                  0.28                     3.5714285714285707       5.367188727827652E-13    5.372503955865381E-13    0.25                     5.0E10                   2700                     5233.757944557832        3021.711558163807        2502.294445801098
1.23265                  0.30000000000000004      3.3333333333333326       5.364754879461552E-13    5.36591244370493E-13     0.25                     5.0E10                   2700                     5233.757944557832        3021.711558163807        2502.294445801098
1.23265                  0.32                     3.1249999999999996       5.342454789808744E-13    5.335309917040446E-13    0.25                     5.0E10                   2700                     5233.757944557832        3021.711558163807        2502.294445801098
1.23265                  0.33999999999999997      2.9411764705882355       5.391778311342667E-13    5.384942608826191E-13    0.25                     5.0E10                   2700                     5233.757944557832        3021.711558163807        2502.294445801098
1.23265                  0.36                     2.7777777777777777       5.380347536486365E-13    5.361720807542748E-13    0.25                     5.0E10                   2700                     5233.757944557832        3021.711558163807        2502.294445801098
1.23265                  0.38                     2.6315789473684212       5.399535826954214E-13    5.357468067421247E-13    0.25                     5.0E10                   2700                     5233.757944557832        3021.711558163807        2502.294445801098
1.23265                  0.4                      2.5                      5.410564347911738E-13    5.357236006922849E-13    0.25                     5.0E10                   2700                     5233.757944557832        3021.711558163807        2502.294445801098
1.23265                  0.42000000000000004      2.3809523809523805       5.452499465636166E-13    5.368522371379541E-13    0.25                     5.0E10                   2700                     5233.757944557832        3021.711558163807        2502.294445801098
1.23265                  0.44000000000000006      2.272727272727273        5.489551239685406E-13    5.394899749740203E-13    0.25                     5.0E10                   2700                     5233.757944557832        3021.711558163807        2502.294445801098
1.23265                  0.45999999999999996      2.173913043478261        5.545581065101188E-13    5.428165980543832E-13    0.25                     5.0E10                   2700                     5233.757944557832        3021.711558163807        2502.294445801098
1.23265                  0.48                     2.0833333333333335       5.566752507648849E-13    5.426695751338615E-13    0.25                     5.0E10                   2700                     5233.757944557832        3021.711558163807        2502.294445801098
1.23265                  0.5                      2                        5.570877075784853E-13    5.417320671323876E-13    0.25                     5.0E10                   2700                     5233.757944557832        3021.711558163807        2502.294445801098
1.23265                  0.52                     1.923076923076923        5.634250431368584E-13    5.469058131791735E-13    0.25                     5.0E10                   2700                     5233.757944557832        3021.711558163807        2502.294445801098
1.23265                  0.54                     1.8518518518518516       5.617785307101981E-13    5.436589613228847E-13    0.25                     5.0E10                   2700                     5233.757944557832        3021.711558163807        2502.294445801098
1.23265                  0.56                     1.7857142857142854       5.68187562859907E-13     5.471643224941598E-13    0.25                     5.0E10                   2700                     5233.757944557832        3021.711558163807        2502.294445801098
1.23265                  0.58                     1.7241379310344829       5.726085358523874E-13    5.495025802216903E-13    0.25                     5.0E10                   2700                     5233.757944557832        3021.711558163807        2502.294445801098
1.23265                  0.6                      1.6666666666666667       5.753917425095375E-13    5.510895869393351E-13    0.25                     5.0E10                   2700                     5233.757944557832        3021.711558163807        2502.294445801098
1.23265                  0.62                     1.6129032258064515       5.750309330671116E-13    5.490383695617686E-13    0.25                     5.0E10                   2700                     5233.757944557832        3021.711558163807        2502.294445801098
1.23265                  0.64                     1.5624999999999998       5.836471018473621E-13    5.545822915520515E-13    0.25                     5.0E10                   2700                     5233.757944557832        3021.711558163807        2502.294445801098
1.23265                  0.66                     1.515151515151515        5.832118216915661E-13    5.51126645943406E-13     0.25                     5.0E10                   2700                     5233.757944557832        3021.711558163807        2502.294445801098
1.23265                  0.6799999999999999       1.4705882352941178       5.864236703920274E-13    5.517609579705094E-13    0.25                     5.0E10                   2700                     5233.757944557832        3021.711558163807        2502.294445801098
1.23265                  0.7                      1.4285714285714286       5.90885823136559E-13     5.541690572376868E-13    0.25                     5.0E10                   2700                     5233.757944557832        3021.711558163807        2502.294445801098
1.23265                  0.72                     1.3888888888888888       5.935603620968536E-13    5.544816490293112E-13    0.25                     5.0E10                   2700                     5233.757944557832        3021.711558163807        2502.294445801098
1.23265                  0.74                     1.3513513513513513       6.03217917624697E-13     5.608647587438591E-13    0.25                     5.0E10                   2700                     5233.757944557832        3021.711558163807        2502.294445801098
1.23265                  0.76                     1.3157894736842106       6.116534997070748E-13    5.657807982285142E-13    0.25                     5.0E10                   2700                     5233.757944557832        3021.711558163807        2502.294445801098
1.23265                  0.78                     1.2820512820512822       6.102398742711452E-13    5.615021289787196E-13    0.25                     5.0E10                   2700                     5233.757944557832        3021.711558163807        2502.294445801098
1.23265                  0.8                      1.25                     6.070062999466847E-13    5.560025178893967E-13    0.25                     5.0E10                   2700                     5233.757944557832        3021.711558163807        2502.294445801098
1.23265                  0.82                     1.2195121951219514       6.085490812472061E-13    5.556633860081956E-13    0.25                     5.0E10                   2700                     5233.757944557832        3021.711558163807        2502.294445801098
1.23265                  0.84                     1.1904761904761905       6.10794064445988E-13     5.568086505727476E-13    0.25                     5.0E10                   2700                     5233.757944557832        3021.711558163807        2502.294445801098
1.23265                  0.86                     1.1627906976744187       6.11447633929033E-13     5.566070712185268E-13    0.25                     5.0E10                   2700                     5233.757944557832        3021.711558163807        2502.294445801098
1.23265                  0.88                     1.1363636363636365       6.127312747886275E-13    5.567920815711552E-13    0.25                     5.0E10                   2700                     5233.757944557832        3021.711558163807        2502.294445801098
1.23265                  0.9                      1.1111111111111112       6.168583480034108E-13    5.592519187598977E-13    0.25                     5.0E10                   2700                     5233.757944557832        3021.711558163807        2502.294445801098
1.23265                  0.92                     1.0869565217391304       6.215575769135741E-13    5.619809509754779E-13    0.25                     5.0E10                   2700                     5233.757944557832        3021.711558163807        2502.294445801098
1.23265                  0.94                     1.0638297872340425       6.234013697659053E-13    5.620875502377828E-13    0.25                     5.0E10                   2700                     5233.757944557832        3021.711558163807        2502.294445801098
1.23265                  0.96                     1.0416666666666667       6.223261717789331E-13    5.597252915165554E-13    0.25                     5.0E10                   2700                     5233.757944557832        3021.711558163807        2502.294445801098
1.23265                  0.98                     1.0204081632653061       6.213277336483546E-13    5.577601543038104E-13    0.25                     5.0E10                   2700                     5233.757944557832        3021.711558163807        2502.294445801098
1.23265                  1                        1                        6.228457731107912E-13    5.584469653136612E-13    0.25                     5.0E10                   2700                     5233.757944557832        3021.711558163807        2502.294445801098
1.23265                  1.02                     0.9803921568627452       6.268796622488817E-13    5.621992933909344E-13    0.25                     5.0E10                   2700                     5233.757944557832        3021.711558163807        2502.294445801098
1.23265                  1.04                     0.9615384615384615       6.306511046571989E-13    5.663823786020535E-13    0.25                     5.0E10                   2700                     5233.757944557832        3021.711558163807        2502.294445801098
1.23265                  1.06                     0.9433962264150944       6.313099401737637E-13    5.682791592265959E-13    0.25                     5.0E10                   2700                     5233.757944557832        3021.711558163807        2502.294445801098
1.23265                  1.08                     0.9259259259259258       6.277092460016713E-13    5.665796267863179E-13    0.25                     5.0E10                   2700                     5233.757944557832        3021.711558163807        2502.294445801098
1.23265                  1.1                      0.909090909090909        6.207970224263851E-13    5.618439421347297E-13    0.25                     5.0E10                   2700                     5233.757944557832        3021.711558163807        2502.294445801098
1.23265                  1.12                     0.8928571428571427       6.125076904057176E-13    5.556554657876413E-13    0.25                     5.0E10                   2700                     5233.757944557832        3021.711558163807        2502.294445801098
1.23265                  1.1400000000000001       0.8771929824561403       6.048113102405315E-13    5.495752634496212E-13    0.25                     5.0E10                   2700                     5233.757944557832        3021.711558163807        2502.294445801098
1.23265                  1.1600000000000001       0.8620689655172412       5.985167743186143E-13    5.44430604527532E-13     0.25                     5.0E10                   2700                     5233.757944557832        3021.711558163807        2502.294445801098
1.23265                  1.1800000000000002       0.8474576271186439       5.937658689198798E-13    5.404264814825557E-13    0.25                     5.0E10                   2700                     5233.757944557832        3021.711558163807        2502.294445801098
1.23265                  1.2000000000000002       0.8333333333333331       5.903265792894812E-13    5.374558833215407E-13    0.25                     5.0E10                   2700                     5233.757944557832        3021.711558163807        2502.294445801098
1.23265                  1.2200000000000002       0.8196721311475409       5.879605842475301E-13    5.354118159084372E-13    0.25                     5.0E10                   2700                     5233.757944557832        3021.711558163807        2502.294445801098
1.23265                  1.2400000000000002       0.8064516129032256       5.865982814009909E-13    5.343338774845719E-13    0.25                     5.0E10                   2700                     5233.757944557832        3021.711558163807        2502.294445801098
1.23265                  1.26                     0.7936507936507936       5.863225861848711E-13    5.344037630095476E-13    0.25                     5.0E10                   2700                     5233.757944557832        3021.711558163807        2502.294445801098
1.23265                  1.28                     0.7812499999999999       5.872272565550049E-13    5.357628117507025E-13    0.25                     5.0E10                   2700                     5233.757944557832        3021.711558163807        2502.294445801098
1.23265                  1.3                      0.7692307692307692       5.892403570651663E-13    5.384075443090521E-13    0.25                     5.0E10                   2700                     5233.757944557832        3021.711558163807        2502.294445801098
1.23265                  1.32                     0.7575757575757575       5.920580776283549E-13    5.421056279555875E-13    0.25                     5.0E10                   2700                     5233.757944557832        3021.711558163807        2502.294445801098
1.23265                  1.34                     0.7462686567164178       5.951514574782148E-13    5.463983680855124E-13    0.25                     5.0E10                   2700                     5233.757944557832        3021.711558163807        2502.294445801098
1.23265                  1.36                     0.7352941176470588       5.97842677754621E-13     5.506652740188712E-13    0.25                     5.0E10                   2700                     5233.757944557832        3021.711558163807        2502.294445801098
1.23265                  1.3800000000000001       0.7246376811594203       5.99434495394244E-13     5.542389277118212E-13    0.25                     5.0E10                   2700                     5233.757944557832        3021.711558163807        2502.294445801098
1.23265                  1.4000000000000001       0.7142857142857142       5.993548249432786E-13    5.565382405828915E-13    0.25                     5.0E10                   2700                     5233.757944557832        3021.711558163807        2502.294445801098
1.23265                  1.4200000000000002       0.704225352112676        5.972766176681384E-13    5.57184942487911E-13     0.25                     5.0E10                   2700                     5233.757944557832        3021.711558163807        2502.294445801098
1.23265                  1.4400000000000002       0.6944444444444444       5.932315488139219E-13    5.560776071800936E-13    0.25                     5.0E10                   2700                     5233.757944557832        3021.711558163807        2502.294445801098
1.23265                  1.4600000000000002       0.6849315068493149       5.873821327535536E-13    5.533595298387558E-13    0.25                     5.0E10                   2700                     5233.757944557832        3021.711558163807        2502.294445801098
1.23265                  1.4800000000000002       0.6756756756756755       5.802296023704376E-13    5.493840957272061E-13    0.25                     5.0E10                   2700                     5233.757944557832        3021.711558163807        2502.294445801098
1.23265                  1.5000000000000002       0.6666666666666665       5.723354368292714E-13    5.446161688062828E-13    0.25                     5.0E10                   2700                     5233.757944557832        3021.711558163807        2502.294445801098
1.23265                  1.52                     0.6578947368421053       5.64256025929478E-13     5.395382876061179E-13    0.25                     5.0E10                   2700                     5233.757944557832        3021.711558163807        2502.294445801098
1.23265                  1.54                     0.6493506493506493       5.5646674032152E-13      5.345781623688129E-13    0.25                     5.0E10                   2700                     5233.757944557832        3021.711558163807        2502.294445801098
1.23265                  1.56                     0.6410256410256411       5.493207896096031E-13    5.300658466421873E-13    0.25                     5.0E10                   2700                     5233.757944557832        3021.711558163807        2502.294445801098
1.23265                  1.58                     0.6329113924050632       5.430383858253183E-13    5.262182380057031E-13    0.25                     5.0E10                   2700                     5233.757944557832        3021.711558163807        2502.294445801098
1.23265                  1.6                      0.625                    5.377166254009434E-13    5.231432593587043E-13    0.25                     5.0E10                   2700                     5233.757944557832        3021.711558163807        2502.294445801098
1.23265                  1.62                     0.6172839506172839       5.333512152925392E-13    5.208562469527948E-13    0.25                     5.0E10                   2700                     5233.757944557832        3021.711558163807        2502.294445801098
1.23265                  1.6400000000000001       0.6097560975609756       5.298614261212167E-13    5.193003419589565E-13    0.25                     5.0E10                   2700                     5233.757944557832        3021.711558163807        2502.294445801098
1.23265                  1.6600000000000001       0.6024096385542168       5.271158727839912E-13    5.183689895545063E-13    0.25                     5.0E10                   2700                     5233.757944557832        3021.711558163807        2502.294445801098
1.23265                  1.6800000000000002       0.5952380952380951       5.250462091074076E-13    5.18036497031061E-13     0.25                     5.0E10                   2700                     5233.757944557832        3021.711558163807        2502.294445801098
1.23265                  1.7000000000000002       0.588235294117647        5.233133904988755E-13    5.179461099089327E-13    0.25                     5.0E10                   2700                     5233.757944557832        3021.711558163807        2502.294445801098
1.23265                  1.7200000000000002       0.5813953488372092       5.218335632948125E-13    5.180506292077085E-13    0.25                     5.0E10                   2700                     5233.757944557832        3021.711558163807        2502.294445801098
1.23265                  1.7400000000000002       0.5747126436781609       5.204634749074603E-13    5.182204304298032E-13    0.25                     5.0E10                   2700                     5233.757944557832        3021.711558163807        2502.294445801098
1.23265                  1.7600000000000002       0.5681818181818182       5.190857777706225E-13    5.183483394090468E-13    0.25                     5.0E10                   2700                     5233.757944557832        3021.711558163807        2502.294445801098
1.23265                  1.78                     0.5617977528089887       5.176129779999729E-13    5.183536509146894E-13    0.25                     5.0E10                   2700                     5233.757944557832        3021.711558163807        2502.294445801098
1.23265                  1.8                      0.5555555555555556       5.159870824378567E-13    5.18182804906786E-13     0.25                     5.0E10                   2700                     5233.757944557832        3021.711558163807        2502.294445801098
1.23265                  1.82                     0.5494505494505494       5.141776901553124E-13    5.178077162501919E-13    0.25                     5.0E10                   2700                     5233.757944557832        3021.711558163807        2502.294445801098
1.23265                  1.84                     0.5434782608695652       5.12177774536117E-13     5.172221739147259E-13    0.25                     5.0E10                   2700                     5233.757944557832        3021.711558163807        2502.294445801098
1.23265                  1.86                     0.5376344086021505       5.099985815329212E-13    5.164372024334859E-13    0.25                     5.0E10                   2700                     5233.757944557832        3021.711558163807        2502.294445801098
1.23265                  1.8800000000000001       0.5319148936170213       5.076642757439002E-13    5.15476076306082E-13     0.25                     5.0E10                   2700                     5233.757944557832        3021.711558163807        2502.294445801098
1.23265                  1.9000000000000001       0.5263157894736842       5.052069158947977E-13    5.143695651684473E-13    0.25                     5.0E10                   2700                     5233.757944557832        3021.711558163807        2502.294445801098
1.23265                  1.9200000000000002       0.5208333333333333       5.026621528092753E-13    5.131518122828508E-13    0.25                     5.0E10                   2700                     5233.757944557832        3021.711558163807        2502.294445801098
1.23265                  1.9400000000000002       0.5154639175257731       5.000658552592046E-13    5.118570690843509E-13    0.25                     5.0E10                   2700                     5233.757944557832        3021.711558163807        2502.294445801098
1.23265                  1.9600000000000002       0.5102040816326531       4.974515617838257E-13    5.105173073602842E-13    0.25                     5.0E10                   2700                     5233.757944557832        3021.711558163807        2502.294445801098
1.23265                  1.9800000000000002       0.505050505050505        4.948495772870987E-13    5.091609289857644E-13    0.25                     5.0E10                   2700                     5233.757944557832        3021.711558163807        2502.294445801098
1.23265                  2                        0.5                      4.923072744833594E-13    5.078200366600739E-13    0.25                     5.0E10                   2700                     5233.757944557832        3021.711558163807        2502.294445801098
1.23265                  2.02                     0.4950495049504951       4.898012690448349E-13    5.064970231489389E-13    0.25                     5.0E10                   2700                     5233.757944557832        3021.711558163807        2502.294445801098
1.23265                  2.04                     0.4901960784313726       4.873708410973691E-13    5.052156308398961E-13    0.25                     5.0E10                   2700                     5233.757944557832        3021.711558163807        2502.294445801098
1.23265                  2.06                     0.48543689320388345      4.850290090964814E-13    5.039871720862357E-13    0.25                     5.0E10                   2700                     5233.757944557832        3021.711558163807        2502.294445801098
1.23265                  2.08                     0.4807692307692307       4.827856998874745E-13    5.028199150460055E-13    0.25                     5.0E10                   2700                     5233.757944557832        3021.711558163807        2502.294445801098
1.23265                  2.1                      0.47619047619047616      4.806484351076501E-13    5.017198051073703E-13    0.25                     5.0E10                   2700                     5233.757944557832        3021.711558163807        2502.294445801098
1.23265                  2.12                     0.4716981132075472       4.786229739358874E-13    5.006911468500843E-13    0.25                     5.0E10                   2700                     5233.757944557832        3021.711558163807        2502.294445801098
1.23265                  2.14                     0.46728971962616817      4.767138675670923E-13    4.99737198483226E-13     0.25                     5.0E10                   2700                     5233.757944557832        3021.711558163807        2502.294445801098
1.23265                  2.16                     0.4629629629629629       4.749249022097012E-13    4.988606521715087E-13    0.25                     5.0E10                   2700                     5233.757944557832        3021.711558163807        2502.294445801098
1.23265                  2.18                     0.4587155963302752       4.732594238478185E-13    4.980639905912242E-13    0.25                     5.0E10                   2700                     5233.757944557832        3021.711558163807        2502.294445801098
1.23265                  2.2                      0.4545454545454545       4.71720525925541E-13     4.973497304413629E-13    0.25                     5.0E10                   2700                     5233.757944557832        3021.711558163807        2502.294445801098
1.23265                  2.22                     0.45045045045045035      4.703112543074489E-13    4.967205182005739E-13    0.25                     5.0E10                   2700                     5233.757944557832        3021.711558163807        2502.294445801098
1.23265                  2.24                     0.44642857142857134      4.690344977163217E-13    4.961792083630088E-13    0.25                     5.0E10                   2700                     5233.757944557832        3021.711558163807        2502.294445801098
1.23265                  2.2600000000000002       0.44247787610619466      4.678930422766072E-13    4.957287954242264E-13    0.25                     5.0E10                   2700                     5233.757944557832        3021.711558163807        2502.294445801098
1.23265                  2.2800000000000002       0.43859649122807015      4.668894682540867E-13    4.95372327442007E-13     0.25                     5.0E10                   2700                     5233.757944557832        3021.711558163807        2502.294445801098
1.23265                  2.3000000000000003       0.43478260869565216      4.660260411246402E-13    4.951127777342649E-13    0.25                     5.0E10                   2700                     5233.757944557832        3021.711558163807        2502.294445801098
1.23265                  2.3200000000000003       0.4310344827586206       4.653045897247641E-13    4.949528979940194E-13    0.25                     5.0E10                   2700                     5233.757944557832        3021.711558163807        2502.294445801098
1.23265                  2.3400000000000003       0.4273504273504273       4.647263836275879E-13    4.948950666394052E-13    0.25                     5.0E10                   2700                     5233.757944557832        3021.711558163807        2502.294445801098
1.23265                  2.3600000000000003       0.42372881355932196      4.642920192088272E-13    4.949411434257217E-13    0.25                     5.0E10                   2700                     5233.757944557832        3021.711558163807        2502.294445801098
1.23265                  2.3800000000000003       0.4201680672268907       4.640013210382098E-13    4.950923384805255E-13    0.25                     5.0E10                   2700                     5233.757944557832        3021.711558163807        2502.294445801098
1.23265                  2.4000000000000004       0.4166666666666666       4.638532630264823E-13    4.953491014490926E-13    0.25                     5.0E10                   2700                     5233.757944557832        3021.711558163807        2502.294445801098
1.23265                  2.42                     0.4132231404958677       4.638459116396658E-13    4.957110341582821E-13    0.25                     5.0E10                   2700                     5233.757944557832        3021.711558163807        2502.294445801098
1.23265                  2.44                     0.4098360655737705       4.639763920036488E-13    4.961768284239714E-13    0.25                     5.0E10                   2700                     5233.757944557832        3021.711558163807        2502.294445801098
1.23265                  2.46                     0.4065040650406504       4.642408764813242E-13    4.967442291791835E-13    0.25                     5.0E10                   2700                     5233.757944557832        3021.711558163807        2502.294445801098
1.23265                  2.48                     0.4032258064516129       4.646345944582135E-13    4.974100220385918E-13    0.25                     5.0E10                   2700                     5233.757944557832        3021.711558163807        2502.294445801098
1.23265                  2.5                      0.4                      4.653459368928147E-13    4.982912348887221E-13    0.25                     5.0E10                   2700                     5233.757944557832        3021.711558163807        2502.294445801098
1.23265                  2.52                     0.3968253968253968       4.659801573640513E-13    4.991407589512362E-13    0.25                     5.0E10                   2700                     5233.757944557832        3021.711558163807        2502.294445801098
1.23265                  2.54                     0.39370078740157477      4.667232876405131E-13    5.000728769507563E-13    0.25                     5.0E10                   2700                     5233.757944557832        3021.711558163807        2502.294445801098
1.23265                  2.56                     0.39062499999999994      4.675671066519864E-13    5.010806989829425E-13    0.25                     5.0E10                   2700                     5233.757944557832        3021.711558163807        2502.294445801098
1.23265                  2.58                     0.38759689922480617      4.685028911373387E-13    5.021567472642045E-13    0.25                     5.0E10                   2700                     5233.757944557832        3021.711558163807        2502.294445801098
1.23265                  2.6                      0.3846153846153846       4.695213790174156E-13    5.032929253205217E-13    0.25                     5.0E10                   2700                     5233.757944557832        3021.711558163807        2502.294445801098
1.23265                  2.62                     0.3816793893129771       4.706128663261575E-13    5.044806139447194E-13    0.25                     5.0E10                   2700                     5233.757944557832        3021.711558163807        2502.294445801098
1.23265                  2.64                     0.37878787878787873      4.717673084389237E-13    5.057107733645821E-13    0.25                     5.0E10                   2700                     5233.757944557832        3021.711558163807        2502.294445801098
1.23265                  2.66                     0.37593984962406013      4.729744238766812E-13    5.069740495745867E-13    0.25                     5.0E10                   2700                     5233.757944557832        3021.711558163807        2502.294445801098
1.23265                  2.68                     0.3731343283582089       4.742237990339043E-13    5.082608828909122E-13    0.25                     5.0E10                   2700                     5233.757944557832        3021.711558163807        2502.294445801098
1.23265                  2.7                      0.37037037037037035      4.755049922692196E-13    5.095616168815373E-13    0.25                     5.0E10                   2700                     5233.757944557832        3021.711558163807        2502.294445801098
1.23265                  2.72                     0.3676470588235294       4.768076359059866E-13    5.108666059550094E-13    0.25                     5.0E10                   2700                     5233.757944557832        3021.711558163807        2502.294445801098
1.23265                  2.74                     0.36496350364963503      4.781215347743484E-13    5.121663200006563E-13    0.25                     5.0E10                   2700                     5233.757944557832        3021.711558163807        2502.294445801098
1.23265                  2.7600000000000002       0.36231884057971014      4.794367599930206E-13    5.134514445662667E-13    0.25                     5.0E10                   2700                     5233.757944557832        3021.711558163807        2502.294445801098
1.23265                  2.7800000000000002       0.35971223021582727      4.807437368375145E-13    5.147129752205976E-13    0.25                     5.0E10                   2700                     5233.757944557832        3021.711558163807        2502.294445801098
1.23265                  2.8000000000000003       0.3571428571428571       4.820333256277123E-13    5.159423048734748E-13    0.25                     5.0E10                   2700                     5233.757944557832        3021.711558163807        2502.294445801098
1.23265                  2.8200000000000003       0.35460992907801414      4.832968946960802E-13    5.171313029679191E-13    0.25                     5.0E10                   2700                     5233.757944557832        3021.711558163807        2502.294445801098
1.23265                  2.8400000000000003       0.352112676056338        4.845263846583478E-13    5.182723856548708E-13    0.25                     5.0E10                   2700                     5233.757944557832        3021.711558163807        2502.294445801098
1.23265                  2.8600000000000003       0.3496503496503496       4.857143633639693E-13    5.193585762222092E-13    0.25                     5.0E10                   2700                     5233.757944557832        3021.711558163807        2502.294445801098
1.23265                  2.8800000000000003       0.3472222222222222       4.868540710689867E-13    5.203835552528273E-13    0.25                     5.0E10                   2700                     5233.757944557832        3021.711558163807        2502.294445801098
1.23265                  2.9000000000000004       0.3448275862068965       4.879394555566061E-13    5.213417001872278E-13    0.25                     5.0E10                   2700                     5233.757944557832        3021.711558163807        2502.294445801098
1.23265                  2.92                     0.34246575342465757      4.889651868765325E-13    5.222281079436687E-13    0.25                     5.0E10                   2700                     5233.757944557832        3021.711558163807        2502.294445801098
1.23265                  2.94                     0.3401360544217687       4.89926720756099E-13     5.230386443522295E-13    0.25                     5.0E10                   2700                     5233.757944557832        3021.711558163807        2502.294445801098
1.23265                  2.96                     0.33783783783783783      4.908202197361283E-13    5.237698954438495E-13    0.25                     5.0E10                   2700                     5233.757944557832        3021.711558163807        2502.294445801098
1.23265                  2.98                     0.3355704697986577       4.916426126534743E-13    5.244192096503257E-13    0.25                     5.0E10                   2700                     5233.757944557832        3021.711558163807        2502.294445801098
1.23265                  3                        0.3333333333333333       4.92391563957401E-13     5.249846737093383E-13    0.25                     5.0E10                   2700                     5233.757944557832        3021.711558163807        2502.294445801098
1.23265                  3.02                     0.33112582781456956      4.930654527890452E-13    5.254650927703883E-13    0.25                     5.0E10                   2700                     5233.757944557832        3021.711558163807        2502.294445801098
1.23265                  3.04                     0.32894736842105265      4.936633449054937E-13    5.258599628072803E-13    0.25                     5.0E10                   2700                     5233.757944557832        3021.711558163807        2502.294445801098
1.23265                  3.06                     0.32679738562091504      4.941849582938929E-13    5.261694363353823E-13    0.25                     5.0E10                   2700                     5233.757944557832        3021.711558163807        2502.294445801098
1.23265                  3.08                     0.3246753246753247       4.946306234731026E-13    5.263942824238439E-13    0.25                     5.0E10                   2700                     5233.757944557832        3021.711558163807        2502.294445801098
1.23265                  3.1                      0.32258064516129037      4.950012394745797E-13    5.265358420637563E-13    0.25                     5.0E10                   2700                     5233.757944557832        3021.711558163807        2502.294445801098
1.23265                  3.12                     0.32051282051282054      4.952982264649155E-13    5.265959799245701E-13    0.25                     5.0E10                   2700                     5233.757944557832        3021.711558163807        2502.294445801098
1.23265                  3.14                     0.3184713375796178       4.955234760134329E-13    5.265770335393949E-13    0.25                     5.0E10                   2700                     5233.757944557832        3021.711558163807        2502.294445801098
1.23265                  3.16                     0.3164556962025316       4.956792999144008E-13    5.264817608926088E-13    0.25                     5.0E10                   2700                     5233.757944557832        3021.711558163807        2502.294445801098
1.23265                  3.18                     0.31446540880503143      4.957683784431861E-13    5.263132873357524E-13    0.25                     5.0E10                   2700                     5233.757944557832        3021.711558163807        2502.294445801098
1.23265                  3.2                      0.3125                   4.957937088369187E-13    5.260750526679087E-13    0.25                     5.0E10                   2700                     5233.757944557832        3021.711558163807        2502.294445801098
1.23265                  3.22                     0.31055900621118004      4.957585547230851E-13    5.257707591460386E-13    0.25                     5.0E10                   2700                     5233.757944557832        3021.711558163807        2502.294445801098
1.23265                  3.24                     0.30864197530864196      4.956663971046113E-13    5.254043210649277E-13    0.25                     5.0E10                   2700                     5233.757944557832        3021.711558163807        2502.294445801098
1.23265                  3.2600000000000002       0.3067484662576687       4.955208874385166E-13    5.249798164829153E-13    0.25                     5.0E10                   2700                     5233.757944557832        3021.711558163807        2502.294445801098
1.23265                  3.2800000000000002       0.3048780487804878       4.953258032402236E-13    5.245014415388403E-13    0.25                     5.0E10                   2700                     5233.757944557832        3021.711558163807        2502.294445801098
1.23265                  3.3000000000000003       0.30303030303030304      4.950850065482583E-13    5.239734677334702E-13    0.25                     5.0E10                   2700                     5233.757944557832        3021.711558163807        2502.294445801098
1.23265                  3.3200000000000003       0.3012048192771084       4.948024055014624E-13    5.234002024146505E-13    0.25                     5.0E10                   2700                     5233.757944557832        3021.711558163807        2502.294445801098
1.23265                  3.3400000000000003       0.29940119760479045      4.944882554040226E-13    5.2279631775699E-13      0.25                     5.0E10                   2700                     5233.757944557832        3021.711558163807        2502.294445801098
1.23265                  3.3600000000000003       0.29761904761904756      4.941331243405676E-13    5.221442079817032E-13    0.25                     5.0E10                   2700                     5233.757944557832        3021.711558163807        2502.294445801098
1.23265                  3.3800000000000003       0.29585798816568043      4.937478160892131E-13    5.214595547158464E-13    0.25                     5.0E10                   2700                     5233.757944557832        3021.711558163807        2502.294445801098
1.23265                  3.4000000000000004       0.2941176470588235       4.933361123098357E-13    5.207464909297345E-13    0.25                     5.0E10                   2700                     5233.757944557832        3021.711558163807        2502.294445801098
1.23265                  3.4200000000000004       0.29239766081871343      4.929016987874549E-13    5.200090398652987E-13    0.25                     5.0E10                   2700                     5233.757944557832        3021.711558163807        2502.294445801098
1.23265                  3.44                     0.29069767441860467      4.924481467939973E-13    5.192510960404043E-13    0.25                     5.0E10                   2700                     5233.757944557832        3021.711558163807        2502.294445801098
1.23265                  3.46                     0.2890173410404624       4.919788974428025E-13    5.184764093979416E-13    0.25                     5.0E10                   2700                     5233.757944557832        3021.711558163807        2502.294445801098
1.23265                  3.48                     0.28735632183908044      4.914972489109036E-13    5.176885724021469E-13    0.25                     5.0E10                   2700                     5233.757944557832        3021.711558163807        2502.294445801098
1.23265                  3.5                      0.2857142857142857       4.910063462761371E-13    5.168910098646448E-13    0.25                     5.0E10                   2700                     5233.757944557832        3021.711558163807        2502.294445801098
1.23265                  3.52                     0.2840909090909091       4.905092751062451E-13    5.160870535984574E-13    0.25                     5.0E10                   2700                     5233.757944557832        3021.711558163807        2502.294445801098
1.23265                  3.54                     0.2824858757062147       4.900086520113939E-13    5.152796071408707E-13    0.25                     5.0E10                   2700                     5233.757944557832        3021.711558163807        2502.294445801098
1.23265                  3.56                     0.28089887640449435      4.895072251546111E-13    5.144716385200078E-13    0.25                     5.0E10                   2700                     5233.757944557832        3021.711558163807        2502.294445801098
1.23265                  3.58                     0.2793296089385475       4.890074710996106E-13    5.136658472890278E-13    0.25                     5.0E10                   2700                     5233.757944557832        3021.711558163807        2502.294445801098
1.23265                  3.6                      0.2777777777777778       4.88511694702889E-13     5.128647478052035E-13    0.25                     5.0E10                   2700                     5233.757944557832        3021.711558163807        2502.294445801098
1.23265                  3.62                     0.27624309392265195      4.88022030337914E-13     5.120706708372106E-13    0.25                     5.0E10                   2700                     5233.757944557832        3021.711558163807        2502.294445801098
1.23265                  3.64                     0.2747252747252747       4.875404443148813E-13    5.112857663933029E-13    0.25                     5.0E10                   2700                     5233.757944557832        3021.711558163807        2502.294445801098
1.23265                  3.66                     0.27322404371584696      4.870687383098005E-13    5.10512007599595E-13     0.25                     5.0E10                   2700                     5233.757944557832        3021.711558163807        2502.294445801098
1.23265                  3.68                     0.2717391304347826       4.866085536488446E-13    5.097511954463685E-13    0.25                     5.0E10                   2700                     5233.757944557832        3021.711558163807        2502.294445801098
1.23265                  3.7                      0.2702702702702703       4.86161376279631E-13     5.090049642339597E-13    0.25                     5.0E10                   2700                     5233.757944557832        3021.711558163807        2502.294445801098
1.23265                  3.72                     0.26881720430107525      4.857285423234946E-13    5.082747876112734E-13    0.25                     5.0E10                   2700                     5233.757944557832        3021.711558163807        2502.294445801098
1.23265                  3.74                     0.267379679144385        4.853112440544938E-13    5.075619850538016E-13    0.25                     5.0E10                   2700                     5233.757944557832        3021.711558163807        2502.294445801098
1.23265                  3.7600000000000002       0.26595744680851063      4.849105362137665E-13    5.068677286588991E-13    0.25                     5.0E10                   2700                     5233.757944557832        3021.711558163807        2502.294445801098
1.23265                  3.7800000000000002       0.26455026455026454      4.845273425576806E-13    5.061930501848104E-13    0.25                     5.0E10                   2700                     5233.757944557832        3021.711558163807        2502.294445801098
1.23265                  3.8000000000000003       0.2631578947368421       4.841624625454097E-13    5.055388482200428E-13    0.25                     5.0E10                   2700                     5233.757944557832        3021.711558163807        2502.294445801098
1.23265                  3.8200000000000003       0.26178010471204183      4.838165781108594E-13    5.04905895422055E-13     0.25                     5.0E10                   2700                     5233.757944557832        3021.711558163807        2502.294445801098
1.23265                  3.8400000000000003       0.26041666666666663      4.834902604342376E-13    5.042948457466582E-13    0.25                     5.0E10                   2700                     5233.757944557832        3021.711558163807        2502.294445801098
1.23265                  3.8600000000000003       0.25906735751295334      4.831839766580358E-13    5.037062416115905E-13    0.25                     5.0E10                   2700                     5233.757944557832        3021.711558163807        2502.294445801098
1.23265                  3.8800000000000003       0.25773195876288657      4.828980965290914E-13    5.031405209643644E-13    0.25                     5.0E10                   2700                     5233.757944557832        3021.711558163807        2502.294445801098
1.23265                  3.9000000000000004       0.2564102564102564       4.826328988893531E-13    5.025980241870075E-13    0.25                     5.0E10                   2700                     5233.757944557832        3021.711558163807        2502.294445801098
1.23265                  3.9200000000000004       0.25510204081632654      4.823885780110811E-13    5.020790008283118E-13    0.25                     5.0E10                   2700                     5233.757944557832        3021.711558163807        2502.294445801098
1.23265                  3.94                     0.25380710659898476      4.821652497377042E-13    5.01583616123934E-13     0.25                     5.0E10                   2700                     5233.757944557832        3021.711558163807        2502.294445801098
1.23265                  3.96                     0.2525252525252525       4.81962957419688E-13     5.011119572924104E-13    0.25                     5.0E10                   2700                     5233.757944557832        3021.711558163807        2502.294445801098
1.23265                  3.98                     0.25125628140703515      4.817816776134989E-13    5.006640395787539E-13    0.25                     5.0E10                   2700                     5233.757944557832        3021.711558163807        2502.294445801098
1.23265                  4                        0.25                     4.816213255625483E-13    5.002398120591947E-13    0.25                     5.0E10                   2700                     5233.757944557832        3021.711558163807        2502.294445801098
1.23265                  4.02                     0.24875621890547264      4.814817604186638E-13    4.998391631760848E-13    0.25                     5.0E10                   2700                     5233.757944557832        3021.711558163807        2502.294445801098
1.23265                  4.04                     0.24752475247524755      4.813627902177449E-13    4.994619260017758E-13    0.25                     5.0E10                   2700                     5233.757944557832        3021.711558163807        2502.294445801098
1.23265                  4.06                     0.24630541871921185      4.812641766128042E-13    4.991078832532534E-13    0.25                     5.0E10                   2700                     5233.757944557832        3021.711558163807        2502.294445801098
1.23265                  4.08                     0.2450980392156863       4.811856393567371E-13    4.987767720232187E-13    0.25                     5.0E10                   2700                     5233.757944557832        3021.711558163807        2502.294445801098
1.23265                  4.1                      0.24390243902439027      4.811268605287669E-13    4.984682882638073E-13    0.25                     5.0E10                   2700                     5233.757944557832        3021.711558163807        2502.294445801098
1.23265                  4.12                     0.24271844660194172      4.810874885364063E-13    4.981820910107002E-13    0.25                     5.0E10                   2700                     5233.757944557832        3021.711558163807        2502.294445801098
1.23265                  4.14                     0.2415458937198068       4.810671418649224E-13    4.979178063521582E-13    0.25                     5.0E10                   2700                     5233.757944557832        3021.711558163807        2502.294445801098
1.23265                  4.16                     0.24038461538461536      4.810654126066317E-13    4.976750311557333E-13    0.25                     5.0E10                   2700                     5233.757944557832        3021.711558163807        2502.294445801098
1.23265                  4.18                     0.2392344497607656       4.810818697641656E-13    4.974533365704212E-13    0.25                     5.0E10                   2700                     5233.757944557832        3021.711558163807        2502.294445801098
1.23265                  4.199999999999999        0.23809523809523814      4.811160623382298E-13    4.972522712798705E-13    0.25                     5.0E10                   2700                     5233.757944557832        3021.711558163807        2502.294445801098
1.23265                  4.22                     0.23696682464454977      4.811675222101004E-13    4.970713645654701E-13    0.25                     5.0E10                   2700                     5233.757944557832        3021.711558163807        2502.294445801098
1.23265                  4.239999999999999        0.23584905660377362      4.812357668274586E-13    4.969101291314141E-13    0.25                     5.0E10                   2700                     5233.757944557832        3021.711558163807        2502.294445801098
1.23265                  4.26                     0.2347417840375587       4.813203016979507E-13    4.967680637625852E-13    0.25                     5.0E10                   2700                     5233.757944557832        3021.711558163807        2502.294445801098
1.23265                  4.279999999999999        0.23364485981308417      4.814206226982335E-13    4.966446557526898E-13    0.25                     5.0E10                   2700                     5233.757944557832        3021.711558163807        2502.294445801098
1.23265                  4.3                      0.23255813953488372      4.815362182263932E-13    4.96539383201276E-13     0.25                     5.0E10                   2700                     5233.757944557832        3021.711558163807        2502.294445801098
1.23265                  4.319999999999999        0.23148148148148148      4.816665711725544E-13    4.964517170831673E-13    0.25                     5.0E10                   2700                     5233.757944557832        3021.711558163807        2502.294445801098
1.23265                  4.34                     0.2304147465437788       4.81811160744156E-13     4.963811232023172E-13    0.25                     5.0E10                   2700                     5233.757944557832        3021.711558163807        2502.294445801098
1.23265                  4.359999999999999        0.22935779816513763      4.819694641508895E-13    4.963270639772227E-13    0.25                     5.0E10                   2700                     5233.757944557832        3021.711558163807        2502.294445801098
1.23265                  4.38                     0.228310502283105        4.821411725636261E-13    4.962891647947094E-13    0.25                     5.0E10                   2700                     5233.757944557832        3021.711558163807        2502.294445801098
1.23265                  4.3999999999999995       0.22727272727272732      4.823253387438253E-13    4.962665606245739E-13    0.25                     5.0E10                   2700                     5233.757944557832        3021.711558163807        2502.294445801098
1.23265                  4.42                     0.22624434389140272      4.825216531295615E-13    4.962588737227594E-13    0.25                     5.0E10                   2700                     5233.757944557832        3021.711558163807        2502.294445801098
1.23265                  4.4399999999999995       0.22522522522522526      4.82729599050967E-13     4.962655679844163E-13    0.25                     5.0E10                   2700                     5233.757944557832        3021.711558163807        2502.294445801098
1.23265                  4.46                     0.2242152466367713       4.829486643095603E-13    4.962861108146712E-13    0.25                     5.0E10                   2700                     5233.757944557832        3021.711558163807        2502.294445801098
1.23265                  4.4799999999999995       0.2232142857142857       4.831783421332801E-13    4.963199741643998E-13    0.25                     5.0E10                   2700                     5233.757944557832        3021.711558163807        2502.294445801098
1.23265                  4.5                      0.22222222222222224      4.834181320535895E-13    4.963666354569184E-13    0.25                     5.0E10                   2700                     5233.757944557832        3021.711558163807        2502.294445801098
1.23265                  4.52                     0.22123893805309736      4.836675406663528E-13    4.964255784291911E-13    0.25                     5.0E10                   2700                     5233.757944557832        3021.711558163807        2502.294445801098
1.23265                  4.54                     0.22026431718061676      4.839260823403189E-13    4.964962938869336E-13    0.25                     5.0E10                   2700                     5233.757944557832        3021.711558163807        2502.294445801098
1.23265                  4.56                     0.21929824561403513      4.841932798182988E-13    4.965782803726338E-13    0.25                     5.0E10                   2700                     5233.757944557832        3021.711558163807        2502.294445801098
1.23265                  4.58                     0.21834061135371177      4.844686647756752E-13    4.96671044761046E-13     0.25                     5.0E10                   2700                     5233.757944557832        3021.711558163807        2502.294445801098
1.23265                  4.6                      0.2173913043478261       4.847517782800734E-13    4.967741027784615E-13    0.25                     5.0E10                   2700                     5233.757944557832        3021.711558163807        2502.294445801098
1.23265                  4.62                     0.21645021645021645      4.850421712113243E-13    4.968869794752934E-13    0.25                     5.0E10                   2700                     5233.757944557832        3021.711558163807        2502.294445801098
1.23265                  4.64                     0.21551724137931036      4.853394046144536E-13    4.970092096090637E-13    0.25                     5.0E10                   2700                     5233.757944557832        3021.711558163807        2502.294445801098
1.23265                  4.66                     0.2145922746781116       4.85643050001261E-13     4.971403379937916E-13    0.25                     5.0E10                   2700                     5233.757944557832        3021.711558163807        2502.294445801098
1.23265                  4.68                     0.21367521367521367      4.859526895802249E-13    4.972799197731895E-13    0.25                     5.0E10                   2700                     5233.757944557832        3021.711558163807        2502.294445801098
1.23265                  4.7                      0.2127659574468085       4.862679164865993E-13    4.97427520686924E-13     0.25                     5.0E10                   2700                     5233.757944557832        3021.711558163807        2502.294445801098
1.23265                  4.72                     0.211864406779661        4.865883349179786E-13    4.975827172371867E-13    0.25                     5.0E10                   2700                     5233.757944557832        3021.711558163807        2502.294445801098
1.23265                  4.739999999999999        0.21097046413502113      4.869135602709516E-13    4.977450968643223E-13    0.25                     5.0E10                   2700                     5233.757944557832        3021.711558163807        2502.294445801098
1.23265                  4.76                     0.21008403361344538      4.872432192029934E-13    4.979142580357347E-13    0.25                     5.0E10                   2700                     5233.757944557832        3021.711558163807        2502.294445801098
1.23265                  4.779999999999999        0.20920502092050208      4.87576949689706E-13     4.980898103436364E-13    0.25                     5.0E10                   2700                     5233.757944557832        3021.711558163807        2502.294445801098
1.23265                  4.8                      0.20833333333333334      4.879144010532824E-13    4.98271374550697E-13     0.25                     5.0E10                   2700                     5233.757944557832        3021.711558163807        2502.294445801098
1.23265                  4.819999999999999        0.2074688796680498       4.882552339269471E-13    4.984585825928347E-13    0.25                     5.0E10                   2700                     5233.757944557832        3021.711558163807        2502.294445801098
1.23265                  4.84                     0.20661157024793386      4.885991202347555E-13    4.98651077578687E-13     0.25                     5.0E10                   2700                     5233.757944557832        3021.711558163807        2502.294445801098
1.23265                  4.859999999999999        0.20576131687242802      4.889457431241576E-13    4.988485137483553E-13    0.25                     5.0E10                   2700                     5233.757944557832        3021.711558163807        2502.294445801098
1.23265                  4.88                     0.20491803278688525      4.892947968861951E-13    4.990505564180407E-13    0.25                     5.0E10                   2700                     5233.757944557832        3021.711558163807        2502.294445801098
1.23265                  4.8999999999999995       0.20408163265306126      4.896459868427843E-13    4.992568818983451E-13    0.25                     5.0E10                   2700                     5233.757944557832        3021.711558163807        2502.294445801098
1.23265                  4.92                     0.2032520325203252       4.899990292335393E-13    4.99467177387502E-13     0.25                     5.0E10                   2700                     5233.757944557832        3021.711558163807        2502.294445801098
1.23265                  4.9399999999999995       0.20242914979757085      4.903536510775878E-13    4.996811408755709E-13    0.25                     5.0E10                   2700                     5233.757944557832        3021.711558163807        2502.294445801098
1.23265                  4.96                     0.20161290322580644      4.90709590021383E-13     4.998984809862434E-13    0.25                     5.0E10                   2700                     5233.757944557832        3021.711558163807        2502.294445801098
1.23265                  4.9799999999999995       0.20080321285140565      4.910665941812822E-13    5.001189168568042E-13    0.25                     5.0E10                   2700                     5233.757944557832        3021.711558163807        2502.294445801098
1.23265                  5                        0.2                      4.915179002729705E-13    5.004574698314898E-13    0.25                     5.0E10                   2700                     5233.757944557832        3021.711558163807        2502.294445801098
1.23265                  5.02                     0.19920318725099603      4.918755199786829E-13    5.006825229021208E-13    0.25                     5.0E10                   2700                     5233.757944557832        3021.711558163807        2502.294445801098
1.23265                  5.04                     0.1984126984126984       4.922334887208882E-13    5.009098622922217E-13    0.25                     5.0E10                   2700                     5233.757944557832        3021.711558163807        2502.294445801098
1.23265                  5.06                     0.19762845849802374      4.925915959799299E-13    5.011392493013575E-13    0.25                     5.0E10                   2700                     5233.757944557832        3021.711558163807        2502.294445801098
1.23265                  5.08                     0.19685039370078738      4.929496406817314E-13    5.01370454768205E-13     0.25                     5.0E10                   2700                     5233.757944557832        3021.711558163807        2502.294445801098
1.23265                  5.1                      0.19607843137254904      4.933074309806425E-13    5.016032588835356E-13    0.25                     5.0E10                   2700                     5233.757944557832        3021.711558163807        2502.294445801098
1.23265                  5.12                     0.19531249999999997      4.936647840497505E-13    5.018374509754361E-13    0.25                     5.0E10                   2700                     5233.757944557832        3021.711558163807        2502.294445801098
1.23265                  5.14                     0.1945525291828794       4.940215258614312E-13    5.020728293154304E-13    0.25                     5.0E10                   2700                     5233.757944557832        3021.711558163807        2502.294445801098
1.23265                  5.16                     0.19379844961240308      4.943774909426264E-13    5.023092008920548E-13    0.25                     5.0E10                   2700                     5233.757944557832        3021.711558163807        2502.294445801098
1.23265                  5.18                     0.19305019305019305      4.947325221857572E-13    5.025463812080467E-13    0.25                     5.0E10                   2700                     5233.757944557832        3021.711558163807        2502.294445801098
1.23265                  5.2                      0.1923076923076923       4.950864705716935E-13    5.027841940640368E-13    0.25                     5.0E10                   2700                     5233.757944557832        3021.711558163807        2502.294445801098
1.23265                  5.22                     0.19157088122605365      4.954391949876247E-13    5.03022471328681E-13     0.25                     5.0E10                   2700                     5233.757944557832        3021.711558163807        2502.294445801098
1.23265                  5.239999999999999        0.19083969465648856      4.957905619764816E-13    5.032610527359218E-13    0.25                     5.0E10                   2700                     5233.757944557832        3021.711558163807        2502.294445801098
1.23265                  5.26                     0.19011406844106465      4.961404454985792E-13    5.034997856627857E-13    0.25                     5.0E10                   2700                     5233.757944557832        3021.711558163807        2502.294445801098
1.23265                  5.279999999999999        0.18939393939393942      4.964887267248465E-13    5.037385248941485E-13    0.25                     5.0E10                   2700                     5233.757944557832        3021.711558163807        2502.294445801098
1.23265                  5.3                      0.18867924528301888      4.968352937988706E-13    5.039771324347897E-13    0.25                     5.0E10                   2700                     5233.757944557832        3021.711558163807        2502.294445801098
1.23265                  5.319999999999999        0.1879699248120301       4.971800416124714E-13    5.042154772625465E-13    0.25                     5.0E10                   2700                     5233.757944557832        3021.711558163807        2502.294445801098
1.23265                  5.34                     0.18726591760299627      4.97522871585406E-13     5.044534351389666E-13    0.25                     5.0E10                   2700                     5233.757944557832        3021.711558163807        2502.294445801098
1.23265                  5.359999999999999        0.1865671641791045       4.978636914372961E-13    5.046908883743673E-13    0.25                     5.0E10                   2700                     5233.757944557832        3021.711558163807        2502.294445801098
1.23265                  5.38                     0.1858736059479554       4.982024149888619E-13    5.049277256333714E-13    0.25                     5.0E10                   2700                     5233.757944557832        3021.711558163807        2502.294445801098
1.23265                  5.3999999999999995       0.1851851851851852       4.985389619160354E-13    5.05163841714095E-13     0.25                     5.0E10                   2700                     5233.757944557832        3021.711558163807        2502.294445801098
1.23265                  5.42                     0.18450184501845018      4.988732575694246E-13    5.053991373517114E-13    0.25                     5.0E10                   2700                     5233.757944557832        3021.711558163807        2502.294445801098
1.23265                  5.4399999999999995       0.18382352941176472      4.992052327512152E-13    5.056335190086627E-13    0.25                     5.0E10                   2700                     5233.757944557832        3021.711558163807        2502.294445801098
1.23265                  5.46                     0.18315018315018314      4.995348235030574E-13    5.058668986801783E-13    0.25                     5.0E10                   2700                     5233.757944557832        3021.711558163807        2502.294445801098
1.23265                  5.4799999999999995       0.18248175182481755      4.998619709177747E-13    5.060991936876585E-13    0.25                     5.0E10                   2700                     5233.757944557832        3021.711558163807        2502.294445801098
1.23265                  5.5                      0.18181818181818182      5.001866209473379E-13    5.063303265015682E-13    0.25                     5.0E10                   2700                     5233.757944557832        3021.711558163807        2502.294445801098
1.23265                  5.52                     0.1811594202898551       5.005087241818939E-13    5.06560224535784E-13     0.25                     5.0E10                   2700                     5233.757944557832        3021.711558163807        2502.294445801098
1.23265                  5.54                     0.18050541516245486      5.008282356949437E-13    5.06788819975567E-13     0.25                     5.0E10                   2700                     5233.757944557832        3021.711558163807        2502.294445801098
1.23265                  5.56                     0.1798561151079137       5.011451148384627E-13    5.07016049585678E-13     0.25                     5.0E10                   2700                     5233.757944557832        3021.711558163807        2502.294445801098
1.23265                  5.58                     0.17921146953405018      5.014593250625524E-13    5.072418545366237E-13    0.25                     5.0E10                   2700                     5233.757944557832        3021.711558163807        2502.294445801098
1.23265                  5.6                      0.17857142857142858      5.017708337514486E-13    5.074661802326127E-13    0.25                     5.0E10                   2700                     5233.757944557832        3021.711558163807        2502.294445801098
1.23265                  5.62                     0.17793594306049823      5.020796120415119E-13    5.076889761424771E-13    0.25                     5.0E10                   2700                     5233.757944557832        3021.711558163807        2502.294445801098
1.23265                  5.64                     0.1773049645390071       5.023856346590399E-13    5.079101956250185E-13    0.25                     5.0E10                   2700                     5233.757944557832        3021.711558163807        2502.294445801098
1.23265                  5.66                     0.17667844522968196      5.026888797512132E-13    5.081297957822493E-13    0.25                     5.0E10                   2700                     5233.757944557832        3021.711558163807        2502.294445801098
1.23265                  5.68                     0.17605633802816903      5.029893287424385E-13    5.083477372875781E-13    0.25                     5.0E10                   2700                     5233.757944557832        3021.711558163807        2502.294445801098
1.23265                  5.7                      0.17543859649122806      5.03286966170894E-13     5.085639842496294E-13    0.25                     5.0E10                   2700                     5233.757944557832        3021.711558163807        2502.294445801098
1.23265                  5.72                     0.17482517482517484      5.03581779526057E-13     5.08778504040441E-13     0.25                     5.0E10                   2700                     5233.757944557832        3021.711558163807        2502.294445801098
1.23265                  5.739999999999999        0.17421602787456447      5.03873759135618E-13     5.089912671772518E-13    0.25                     5.0E10                   2700                     5233.757944557832        3021.711558163807        2502.294445801098
1.23265                  5.76                     0.1736111111111111       5.041628979913517E-13    5.092022471565833E-13    0.25                     5.0E10                   2700                     5233.757944557832        3021.711558163807        2502.294445801098
1.23265                  5.779999999999999        0.17301038062283738      5.04449191655934E-13     5.094114203480851E-13    0.25                     5.0E10                   2700                     5233.757944557832        3021.711558163807        2502.294445801098
1.23265                  5.8                      0.1724137931034483       5.047326380811246E-13    5.096187658249458E-13    0.25                     5.0E10                   2700                     5233.757944557832        3021.711558163807        2502.294445801098
1.23265                  5.819999999999999        0.17182130584192443      5.050132375126451E-13    5.098242652691449E-13    0.25                     5.0E10                   2700                     5233.757944557832        3021.711558163807        2502.294445801098
1.23265                  5.84                     0.17123287671232879      5.052914793300842E-13    5.100283454202248E-13    0.25                     5.0E10                   2700                     5233.757944557832        3021.711558163807        2502.294445801098
1.23265                  5.859999999999999        0.17064846416382254      5.055664012589378E-13    5.102301138868339E-13    0.25                     5.0E10                   2700                     5233.757944557832        3021.711558163807        2502.294445801098
1.23265                  5.88                     0.17006802721088435      5.058384895519816E-13    5.104299957944319E-13    0.25                     5.0E10                   2700                     5233.757944557832        3021.711558163807        2502.294445801098
1.23265                  5.8999999999999995       0.16949152542372883      5.06107752406456E-13     5.10627981998201E-13     0.25                     5.0E10                   2700                     5233.757944557832        3021.711558163807        2502.294445801098
1.23265                  5.92                     0.16891891891891891      5.063741997541036E-13    5.108240653789919E-13    0.25                     5.0E10                   2700                     5233.757944557832        3021.711558163807        2502.294445801098
1.23265                  5.9399999999999995       0.16835016835016836      5.06637843127942E-13     5.110182407231682E-13    0.25                     5.0E10                   2700                     5233.757944557832        3021.711558163807        2502.294445801098
1.23265                  5.96                     0.16778523489932884      5.068986955590563E-13    5.112105046221329E-13    0.25                     5.0E10                   2700                     5233.757944557832        3021.711558163807        2502.294445801098
1.23265                  5.9799999999999995       0.16722408026755856      5.071567715231419E-13    5.114008553864231E-13    0.25                     5.0E10                   2700                     5233.757944557832        3021.711558163807        2502.294445801098
1.23265                  6                        0.16666666666666666      5.074120867999596E-13    5.11589292940272E-13     0.25                     5.0E10                   2700                     5233.757944557832        3021.711558163807        2502.294445801098
1.23265                  6.02                     0.16611295681063123      5.076646584155248E-13    5.117758187349648E-13    0.25                     5.0E10                   2700                     5233.757944557832        3021.711558163807        2502.294445801098
1.23265                  6.04                     0.16556291390728478      5.079145045535571E-13    5.119604356675964E-13    0.25                     5.0E10                   2700                     5233.757944557832        3021.711558163807        2502.294445801098
1.23265                  6.06                     0.16501650165016504      5.081616444655613E-13    5.121431479891758E-13    0.25                     5.0E10                   2700                     5233.757944557832        3021.711558163807        2502.294445801098
1.23265                  6.08                     0.16447368421052633      5.084060983965254E-13    5.123239612233788E-13    0.25                     5.0E10                   2700                     5233.757944557832        3021.711558163807        2502.294445801098
1.23265                  6.1                      0.16393442622950818      5.086478875273342E-13    5.125028821054253E-13    0.25                     5.0E10                   2700                     5233.757944557832        3021.711558163807        2502.294445801098
1.23265                  6.12                     0.16339869281045752      5.088870338717625E-13    5.126799184814951E-13    0.25                     5.0E10                   2700                     5233.757944557832        3021.711558163807        2502.294445801098
1.23265                  6.14                     0.16286644951140067      5.091235602302364E-13    5.128550792606227E-13    0.25                     5.0E10                   2700                     5233.757944557832        3021.711558163807        2502.294445801098
1.23265                  6.16                     0.16233766233766234      5.093574901332384E-13    5.130283743368796E-13    0.25                     5.0E10                   2700                     5233.757944557832        3021.711558163807        2502.294445801098
1.23265                  6.18                     0.16181229773462782      5.095888477522684E-13    5.131998145187386E-13    0.25                     5.0E10                   2700                     5233.757944557832        3021.711558163807        2502.294445801098
1.23265                  6.2                      0.16129032258064518      5.098176578606967E-13    5.13369411479613E-13     0.25                     5.0E10                   2700                     5233.757944557832        3021.711558163807        2502.294445801098
1.23265                  6.22                     0.16077170418006428      5.100439457665252E-13    5.135371776837564E-13    0.25                     5.0E10                   2700                     5233.757944557832        3021.711558163807        2502.294445801098
1.23265                  6.24                     0.16025641025641027      5.102677372640252E-13    5.137031263360142E-13    0.25                     5.0E10                   2700                     5233.757944557832        3021.711558163807        2502.294445801098
1.23265                  6.26                     0.1597444089456869       5.104890585858926E-13    5.138672713279787E-13    0.25                     5.0E10                   2700                     5233.757944557832        3021.711558163807        2502.294445801098
1.23265                  6.279999999999999        0.15923566878980894      5.107079363492857E-13    5.140296271850631E-13    0.25                     5.0E10                   2700                     5233.757944557832        3021.711558163807        2502.294445801098
1.23265                  6.3                      0.15873015873015872      5.109243975031046E-13    5.141902090083871E-13    0.25                     5.0E10                   2700                     5233.757944557832        3021.711558163807        2502.294445801098
1.23265                  6.319999999999999        0.15822784810126583      5.111384692873896E-13    5.143490324348323E-13    0.25                     5.0E10                   2700                     5233.757944557832        3021.711558163807        2502.294445801098
1.23265                  6.34                     0.1577287066246057       5.113501792111976E-13    5.1450611359701E-13      0.25                     5.0E10                   2700                     5233.757944557832        3021.711558163807        2502.294445801098
1.23265                  6.359999999999999        0.15723270440251574      5.115595549720863E-13    5.146614690570273E-13    0.25                     5.0E10                   2700                     5233.757944557832        3021.711558163807        2502.294445801098
1.23265                  6.38                     0.15673981191222572      5.117666244530194E-13    5.148151157899402E-13    0.25                     5.0E10                   2700                     5233.757944557832        3021.711558163807        2502.294445801098
1.23265                  6.3999999999999995       0.15625                  5.119714156768979E-13    5.149670711340668E-13    0.25                     5.0E10                   2700                     5233.757944557832        3021.711558163807        2502.294445801098
1.23265                  6.42                     0.1557632398753894       5.121739567695754E-13    5.151173527506482E-13    0.25                     5.0E10                   2700                     5233.757944557832        3021.711558163807        2502.294445801098
1.23265                  6.4399999999999995       0.15527950310559008      5.123742759183496E-13    5.152659785877665E-13    0.25                     5.0E10                   2700                     5233.757944557832        3021.711558163807        2502.294445801098
1.23265                  6.46                     0.15479876160990713      5.125724013653752E-13    5.154129668552622E-13    0.25                     5.0E10                   2700                     5233.757944557832        3021.711558163807        2502.294445801098
1.23265                  6.4799999999999995       0.154320987654321        5.127683613595407E-13    5.155583359824026E-13    0.25                     5.0E10                   2700                     5233.757944557832        3021.711558163807        2502.294445801098
1.23265                  6.5                      0.15384615384615383      5.129621841304043E-13    5.157021045896734E-13    0.25                     5.0E10                   2700                     5233.757944557832        3021.711558163807        2502.294445801098
1.23265                  6.52                     0.15337423312883436      5.131538978814873E-13    5.158442914700926E-13    0.25                     5.0E10                   2700                     5233.757944557832        3021.711558163807        2502.294445801098
1.23265                  6.54                     0.15290519877675843      5.133435307306966E-13    5.159849155365559E-13    0.25                     5.0E10                   2700                     5233.757944557832        3021.711558163807        2502.294445801098
1.23265                  6.56                     0.15243902439024393      5.135311107361461E-13    5.161239958308357E-13    0.25                     5.0E10                   2700                     5233.757944557832        3021.711558163807        2502.294445801098
1.23265                  6.58                     0.1519756838905775       5.137166658334701E-13    5.162615514674876E-13    0.25                     5.0E10                   2700                     5233.757944557832        3021.711558163807        2502.294445801098
1.23265                  6.6                      0.15151515151515152      5.139002238293925E-13    5.163976016258148E-13    0.25                     5.0E10                   2700                     5233.757944557832        3021.711558163807        2502.294445801098
1.23265                  6.62                     0.1510574018126888       5.140818123905178E-13    5.165321655273405E-13    0.25                     5.0E10                   2700                     5233.757944557832        3021.711558163807        2502.294445801098
1.23265                  6.64                     0.1506024096385542       5.142614590291655E-13    5.166652624157556E-13    0.25                     5.0E10                   2700                     5233.757944557832        3021.711558163807        2502.294445801098
1.23265                  6.66                     0.15015015015015015      5.144391910660419E-13    5.16796911529247E-13     0.25                     5.0E10                   2700                     5233.757944557832        3021.711558163807        2502.294445801098
1.23265                  6.68                     0.14970059880239522      5.146150356337509E-13    5.169271320894461E-13    0.25                     5.0E10                   2700                     5233.757944557832        3021.711558163807        2502.294445801098
1.23265                  6.7                      0.1492537313432836       5.1478901966214E-13      5.170559432862742E-13    0.25                     5.0E10                   2700                     5233.757944557832        3021.711558163807        2502.294445801098
1.23265                  6.72                     0.1488095238095238       5.14961169855512E-13     5.171833642534479E-13    0.25                     5.0E10                   2700                     5233.757944557832        3021.711558163807        2502.294445801098
1.23265                  6.74                     0.14836795252225518      5.151315126898674E-13    5.173094140608556E-13    0.25                     5.0E10                   2700                     5233.757944557832        3021.711558163807        2502.294445801098
1.23265                  6.76                     0.14792899408284024      5.153000744021486E-13    5.174341116992504E-13    0.25                     5.0E10                   2700                     5233.757944557832        3021.711558163807        2502.294445801098
1.23265                  6.779999999999999        0.14749262536873156      5.154668809705815E-13    5.175574760594385E-13    0.25                     5.0E10                   2700                     5233.757944557832        3021.711558163807        2502.294445801098
1.23265                  6.8                      0.14705882352941177      5.156319581151617E-13    5.176795259327304E-13    0.25                     5.0E10                   2700                     5233.757944557832        3021.711558163807        2502.294445801098
1.23265                  6.819999999999999        0.1466275659824047       5.157953312856478E-13    5.178002799863479E-13    0.25                     5.0E10                   2700                     5233.757944557832        3021.711558163807        2502.294445801098
1.23265                  6.84                     0.14619883040935674      5.159570256627396E-13    5.179197567677018E-13    0.25                     5.0E10                   2700                     5233.757944557832        3021.711558163807        2502.294445801098
1.23265                  6.859999999999999        0.1457725947521866       5.161170661269984E-13    5.180379746752665E-13    0.25                     5.0E10                   2700                     5233.757944557832        3021.711558163807        2502.294445801098
1.23265                  6.88                     0.14534883720930233      5.162754772878884E-13    5.181549519697258E-13    0.25                     5.0E10                   2700                     5233.757944557832        3021.711558163807        2502.294445801098
1.23265                  6.8999999999999995       0.14492753623188406      5.164322834435908E-13    5.182707067478125E-13    0.25                     5.0E10                   2700                     5233.757944557832        3021.711558163807        2502.294445801098
1.23265                  6.92                     0.1445086705202312       5.165875086032398E-13    5.183852569493089E-13    0.25                     5.0E10                   2700                     5233.757944557832        3021.711558163807        2502.294445801098
1.23265                  6.9399999999999995       0.1440922190201729       5.167411764687165E-13    5.184986203403816E-13    0.25                     5.0E10                   2700                     5233.757944557832        3021.711558163807        2502.294445801098
1.23265                  6.96                     0.14367816091954022      5.168933104311381E-13    5.186108145092777E-13    0.25                     5.0E10                   2700                     5233.757944557832        3021.711558163807        2502.294445801098
1.23265                  6.9799999999999995       0.14326647564469916      5.170439335682179E-13    5.187218568584656E-13    0.25                     5.0E10                   2700                     5233.757944557832        3021.711558163807        2502.294445801098
1.23265                  7                        0.14285714285714285      5.171930686602378E-13    5.18831764610169E-13     0.25                     5.0E10                   2700                     5233.757944557832        3021.711558163807        2502.294445801098
1.23265                  7.02                     0.14245014245014245      5.173407381448979E-13    5.189405547811289E-13    0.25                     5.0E10                   2700                     5233.757944557832        3021.711558163807        2502.294445801098
1.23265                  7.04                     0.14204545454545456      5.174869641721194E-13    5.190482442030007E-13    0.25                     5.0E10                   2700                     5233.757944557832        3021.711558163807        2502.294445801098
1.23265                  7.06                     0.141643059490085        5.176317685485764E-13    5.191548494950592E-13    0.25                     5.0E10                   2700                     5233.757944557832        3021.711558163807        2502.294445801098
1.23265                  7.08                     0.14124293785310735      5.177751727818244E-13    5.192603870791205E-13    0.25                     5.0E10                   2700                     5233.757944557832        3021.711558163807        2502.294445801098
1.23265                  7.1                      0.14084507042253522      5.179171980328088E-13    5.193648731583591E-13    0.25                     5.0E10                   2700                     5233.757944557832        3021.711558163807        2502.294445801098
1.23265                  7.12                     0.14044943820224717      5.180578651788451E-13    5.194683237416379E-13    0.25                     5.0E10                   2700                     5233.757944557832        3021.711558163807        2502.294445801098
1.23265                  7.14                     0.1400560224089636       5.181971947461464E-13    5.195707546072877E-13    0.25                     5.0E10                   2700                     5233.757944557832        3021.711558163807        2502.294445801098
1.23265                  7.16                     0.13966480446927376      5.183352069560955E-13    5.196721813285838E-13    0.25                     5.0E10                   2700                     5233.757944557832        3021.711558163807        2502.294445801098
1.23265                  7.18                     0.1392757660167131       5.184719217071198E-13    5.197726192577874E-13    0.25                     5.0E10                   2700                     5233.757944557832        3021.711558163807        2502.294445801098
1.23265                  7.2                      0.1388888888888889       5.186073585853485E-13    5.198720835328196E-13    0.25                     5.0E10                   2700                     5233.757944557832        3021.711558163807        2502.294445801098
1.23265                  7.22                     0.13850415512465375      5.187415368567693E-13    5.199705890713517E-13    0.25                     5.0E10                   2700                     5233.757944557832        3021.711558163807        2502.294445801098
1.23265                  7.24                     0.13812154696132597      5.188744754709646E-13    5.200681505687857E-13    0.25                     5.0E10                   2700                     5233.757944557832        3021.711558163807        2502.294445801098
1.23265                  7.26                     0.13774104683195593      5.190061930757672E-13    5.201647825068118E-13    0.25                     5.0E10                   2700                     5233.757944557832        3021.711558163807        2502.294445801098
1.23265                  7.279999999999999        0.13736263736263737      5.191367079905777E-13    5.202604991385411E-13    0.25                     5.0E10                   2700                     5233.757944557832        3021.711558163807        2502.294445801098
1.23265                  7.3                      0.13698630136986303      5.19266038244778E-13     5.203553145045572E-13    0.25                     5.0E10                   2700                     5233.757944557832        3021.711558163807        2502.294445801098
1.23265                  7.319999999999999        0.1366120218579235       5.193942015489691E-13    5.204492424232149E-13    0.25                     5.0E10                   2700                     5233.757944557832        3021.711558163807        2502.294445801098
1.23265                  7.34                     0.1362397820163488       5.195212153220268E-13    5.205422964943106E-13    0.25                     5.0E10                   2700                     5233.757944557832        3021.711558163807        2502.294445801098
1.23265                  7.359999999999999        0.13586956521739132      5.196470966645049E-13    5.206344900965621E-13    0.25                     5.0E10                   2700                     5233.757944557832        3021.711558163807        2502.294445801098
1.23265                  7.38                     0.13550135501355012      5.197718624001748E-13    5.207258363956171E-13    0.25                     5.0E10                   2700                     5233.757944557832        3021.711558163807        2502.294445801098
1.23265                  7.3999999999999995       0.13513513513513514      5.198955290433904E-13    5.208163483368575E-13    0.25                     5.0E10                   2700                     5233.757944557832        3021.711558163807        2502.294445801098
1.23265                  7.42                     0.1347708894878706       5.200181128180232E-13    5.209060386500918E-13    0.25                     5.0E10                   2700                     5233.757944557832        3021.711558163807        2502.294445801098
1.23265                  7.4399999999999995       0.13440860215053765      5.201396296717943E-13    5.20994919859017E-13     0.25                     5.0E10                   2700                     5233.757944557832        3021.711558163807        2502.294445801098
1.23265                  7.46                     0.13404825737265413      5.202600952526796E-13    5.210830042659243E-13    0.25                     5.0E10                   2700                     5233.757944557832        3021.711558163807        2502.294445801098
1.23265                  7.4799999999999995       0.1336898395721925       5.203795249331366E-13    5.211703039656758E-13    0.25                     5.0E10                   2700                     5233.757944557832        3021.711558163807        2502.294445801098
1.23265                  7.5                      0.13333333333333333      5.204979338081774E-13    5.212568308449651E-13    0.25                     5.0E10                   2700                     5233.757944557832        3021.711558163807        2502.294445801098
1.23265                  7.52                     0.13297872340425532      5.206153366907467E-13    5.213425965806007E-13    0.25                     5.0E10                   2700                     5233.757944557832        3021.711558163807        2502.294445801098
1.23265                  7.54                     0.13262599469496023      5.207317481401119E-13    5.214276126503502E-13    0.25                     5.0E10                   2700                     5233.757944557832        3021.711558163807        2502.294445801098
1.23265                  7.56                     0.13227513227513227      5.208471824231802E-13    5.215118903216123E-13    0.25                     5.0E10                   2700                     5233.757944557832        3021.711558163807        2502.294445801098
1.23265                  7.58                     0.13192612137203166      5.209616535683694E-13    5.215954406685915E-13    0.25                     5.0E10                   2700                     5233.757944557832        3021.711558163807        2502.294445801098
1.23265                  7.6                      0.13157894736842105      5.210751753217844E-13    5.21678274557008E-13     0.25                     5.0E10                   2700                     5233.757944557832        3021.711558163807        2502.294445801098
1.23265                  7.62                     0.13123359580052493      5.211877611897767E-13    5.2176040266561E-13      0.25                     5.0E10                   2700                     5233.757944557832        3021.711558163807        2502.294445801098
1.23265                  7.64                     0.13089005235602094      5.212994244102796E-13    5.218418354711173E-13    0.25                     5.0E10                   2700                     5233.757944557832        3021.711558163807        2502.294445801098
1.23265                  7.66                     0.13054830287206268      5.214101779960421E-13    5.219225832659128E-13    0.25                     5.0E10                   2700                     5233.757944557832        3021.711558163807        2502.294445801098
1.23265                  7.68                     0.13020833333333334      5.215200346900785E-13    5.220026561501642E-13    0.25                     5.0E10                   2700                     5233.757944557832        3021.711558163807        2502.294445801098
1.23265                  7.7                      0.12987012987012989      5.216290070061996E-13    5.220820640304957E-13    0.25                     5.0E10                   2700                     5233.757944557832        3021.711558163807        2502.294445801098
1.23265                  7.72                     0.1295336787564767       5.217371072209249E-13    5.22160816640263E-13     0.25                     5.0E10                   2700                     5233.757944557832        3021.711558163807        2502.294445801098
1.23265                  7.74                     0.12919896640826872      5.218443473783903E-13    5.222389235246747E-13    0.25                     5.0E10                   2700                     5233.757944557832        3021.711558163807        2502.294445801098
1.23265                  7.76                     0.1288659793814433       5.219507392877986E-13    5.223163940498723E-13    0.25                     5.0E10                   2700                     5233.757944557832        3021.711558163807        2502.294445801098
1.23265                  7.779999999999999        0.12853470437017997      5.220562945365136E-13    5.223932374066815E-13    0.25                     5.0E10                   2700                     5233.757944557832        3021.711558163807        2502.294445801098
1.23265                  7.8                      0.12820512820512822      5.221610244937032E-13    5.224694626129977E-13    0.25                     5.0E10                   2700                     5233.757944557832        3021.711558163807        2502.294445801098
1.23265                  7.819999999999999        0.1278772378516624       5.222649402982378E-13    5.225450785110318E-13    0.25                     5.0E10                   2700                     5233.757944557832        3021.711558163807        2502.294445801098
1.23265                  7.84                     0.12755102040816327      5.223680528875073E-13    5.226200937783659E-13    0.25                     5.0E10                   2700                     5233.757944557832        3021.711558163807        2502.294445801098
1.23265                  7.859999999999999        0.1272264631043257       5.224703729816007E-13    5.22694516924025E-13     0.25                     5.0E10                   2700                     5233.757944557832        3021.711558163807        2502.294445801098
1.23265                  7.88                     0.12690355329949238      5.225719110939485E-13    5.227683562952929E-13    0.25                     5.0E10                   2700                     5233.757944557832        3021.711558163807        2502.294445801098
1.23265                  7.8999999999999995       0.12658227848101267      5.226726775395676E-13    5.228416200780522E-13    0.25                     5.0E10                   2700                     5233.757944557832        3021.711558163807        2502.294445801098
1.23265                  7.92                     0.12626262626262624      5.227726824391863E-13    5.229143163033275E-13    0.25                     5.0E10                   2700                     5233.757944557832        3021.711558163807        2502.294445801098
1.23265                  7.9399999999999995       0.12594458438287154      5.228719356940265E-13    5.229864528362171E-13    0.25                     5.0E10                   2700                     5233.757944557832        3021.711558163807        2502.294445801098
1.23265                  7.96                     0.12562814070351758      5.229704470407856E-13    5.230580374027366E-13    0.25                     5.0E10                   2700                     5233.757944557832        3021.711558163807        2502.294445801098
1.23265                  7.9799999999999995       0.12531328320802007      5.230682260132527E-13    5.231290775684022E-13    0.25                     5.0E10                   2700                     5233.757944557832        3021.711558163807        2502.294445801098
1.23265                  8                        0.125                    5.231652819661409E-13    5.231995807568143E-13    0.25                     5.0E10                   2700                     5233.757944557832        3021.711558163807        2502.294445801098
1.23265                  8.02                     0.12468827930174564      5.232616240680162E-13    5.23269554242907E-13     0.25                     5.0E10                   2700                     5233.757944557832        3021.711558163807        2502.294445801098
1.23265                  8.040000000000001        0.1243781094527363       5.233572613107559E-13    5.233390051596618E-13    0.25                     5.0E10                   2700                     5233.757944557832        3021.711558163807        2502.294445801098
1.23265                  8.06                     0.12406947890818859      5.234522025161045E-13    5.234079405046624E-13    0.25                     5.0E10                   2700                     5233.757944557832        3021.711558163807        2502.294445801098
1.23265                  8.08                     0.12376237623762378      5.235464563283427E-13    5.234763671311917E-13    0.25                     5.0E10                   2700                     5233.757944557832        3021.711558163807        2502.294445801098
1.23265                  8.1                      0.1234567901234568       5.236400312318455E-13    5.235442917648564E-13    0.25                     5.0E10                   2700                     5233.757944557832        3021.711558163807        2502.294445801098
1.23265                  8.12                     0.12315270935960593      5.237329355389547E-13    5.236117209926276E-13    0.25                     5.0E10                   2700                     5233.757944557832        3021.711558163807        2502.294445801098
1.23265                  8.14                     0.12285012285012284      5.238251774102016E-13    5.236786612777547E-13    0.25                     5.0E10                   2700                     5233.757944557832        3021.711558163807        2502.294445801098
1.23265                  8.16                     0.12254901960784315      5.239167648426357E-13    5.237451189539878E-13    0.25                     5.0E10                   2700                     5233.757944557832        3021.711558163807        2502.294445801098
1.23265                  8.18                     0.12224938875305624      5.240077056734326E-13    5.238111002248133E-13    0.25                     5.0E10                   2700                     5233.757944557832        3021.711558163807        2502.294445801098
1.23265                  8.2                      0.12195121951219513      5.240980076008581E-13    5.238766111809316E-13    0.25                     5.0E10                   2700                     5233.757944557832        3021.711558163807        2502.294445801098
1.23265                  8.22                     0.121654501216545        5.241876781685889E-13    5.239416577870155E-13    0.25                     5.0E10                   2700                     5233.757944557832        3021.711558163807        2502.294445801098
1.23265                  8.24                     0.12135922330097086      5.24276724772407E-13     5.240062458909881E-13    0.25                     5.0E10                   2700                     5233.757944557832        3021.711558163807        2502.294445801098
1.23265                  8.26                     0.12106537530266344      5.243651546623423E-13    5.240703812238108E-13    0.25                     5.0E10                   2700                     5233.757944557832        3021.711558163807        2502.294445801098
1.23265                  8.28                     0.1207729468599034       5.24452974969185E-13     5.241340694083605E-13    0.25                     5.0E10                   2700                     5233.757944557832        3021.711558163807        2502.294445801098
1.23265                  8.299999999999999        0.1204819277108434       5.245401926624845E-13    5.241973159519295E-13    0.25                     5.0E10                   2700                     5233.757944557832        3021.711558163807        2502.294445801098
1.23265                  8.32                     0.12019230769230768      5.246268146016161E-13    5.242601262591572E-13    0.25                     5.0E10                   2700                     5233.757944557832        3021.711558163807        2502.294445801098
1.23265                  8.34                     0.11990407673860912      5.247128474922849E-13    5.243225056199083E-13    0.25                     5.0E10                   2700                     5233.757944557832        3021.711558163807        2502.294445801098
1.23265                  8.36                     0.1196172248803828       5.247982979298295E-13    5.243844592266911E-13    0.25                     5.0E10                   2700                     5233.757944557832        3021.711558163807        2502.294445801098
1.23265                  8.379999999999999        0.11933174224343678      5.248831723771139E-13    5.244459921674955E-13    0.25                     5.0E10                   2700                     5233.757944557832        3021.711558163807        2502.294445801098
1.23265                  8.4                      0.11904761904761904      5.249674771757898E-13    5.245071094318938E-13    0.25                     5.0E10                   2700                     5233.757944557832        3021.711558163807        2502.294445801098
1.23265                  8.42                     0.11876484560570072      5.250512185430744E-13    5.245678159062061E-13    0.25                     5.0E10                   2700                     5233.757944557832        3021.711558163807        2502.294445801098
1.23265                  8.44                     0.11848341232227488      5.251344025954922E-13    5.246281163933674E-13    0.25                     5.0E10                   2700                     5233.757944557832        3021.711558163807        2502.294445801098
1.23265                  8.459999999999999        0.11820330969267141      5.252170353187398E-13    5.24688015592001E-13     0.25                     5.0E10                   2700                     5233.757944557832        3021.711558163807        2502.294445801098
1.23265                  8.48                     0.1179245283018868       5.252991225811924E-13    5.24747518106235E-13     0.25                     5.0E10                   2700                     5233.757944557832        3021.711558163807        2502.294445801098
1.23265                  8.5                      0.11764705882352941      5.253806701609791E-13    5.248066284609439E-13    0.25                     5.0E10                   2700                     5233.757944557832        3021.711558163807        2502.294445801098
1.23265                  8.52                     0.11737089201877934      5.254616837200441E-13    5.24865351089865E-13     0.25                     5.0E10                   2700                     5233.757944557832        3021.711558163807        2502.294445801098
1.23265                  8.54                     0.117096018735363        5.255421688125803E-13    5.249236903362591E-13    0.25                     5.0E10                   2700                     5233.757944557832        3021.711558163807        2502.294445801098
1.23265                  8.56                     0.11682242990654204      5.256221308920866E-13    5.249816504641999E-13    0.25                     5.0E10                   2700                     5233.757944557832        3021.711558163807        2502.294445801098
1.23265                  8.58                     0.11655011655011656      5.257015753091307E-13    5.25039235651974E-13     0.25                     5.0E10                   2700                     5233.757944557832        3021.711558163807        2502.294445801098
1.23265                  8.6                      0.11627906976744186      5.25780507320343E-13     5.250964499984884E-13    0.25                     5.0E10                   2700                     5233.757944557832        3021.711558163807        2502.294445801098
1.23265                  8.62                     0.1160092807424594       5.258589320941488E-13    5.251532975303248E-13    0.25                     5.0E10                   2700                     5233.757944557832        3021.711558163807        2502.294445801098
1.23265                  8.64                     0.11574074074074073      5.259368546829222E-13    5.252097821816841E-13    0.25                     5.0E10                   2700                     5233.757944557832        3021.711558163807        2502.294445801098
1.23265                  8.66                     0.11547344110854503      5.260142800696797E-13    5.252659078309539E-13    0.25                     5.0E10                   2700                     5233.757944557832        3021.711558163807        2502.294445801098
1.23265                  8.68                     0.1152073732718894       5.260912131388331E-13    5.253216782703697E-13    0.25                     5.0E10                   2700                     5233.757944557832        3021.711558163807        2502.294445801098
1.23265                  8.7                      0.11494252873563218      5.261676586789053E-13    5.253770972166446E-13    0.25                     5.0E10                   2700                     5233.757944557832        3021.711558163807        2502.294445801098
1.23265                  8.72                     0.1146788990825688       5.262436214091037E-13    5.254321683296889E-13    0.25                     5.0E10                   2700                     5233.757944557832        3021.711558163807        2502.294445801098
1.23265                  8.74                     0.11441647597254004      5.263191059515922E-13    5.254868951891104E-13    0.25                     5.0E10                   2700                     5233.757944557832        3021.711558163807        2502.294445801098
1.23265                  8.76                     0.1141552511415525       5.263958844658179E-13    5.255429126377388E-13    0.25                     5.0E10                   2700                     5233.757944557832        3021.711558163807        2502.294445801098
1.23265                  8.78                     0.11389521640091117      5.2647043495168E-13      5.255969702232834E-13    0.25                     5.0E10                   2700                     5233.757944557832        3021.711558163807        2502.294445801098
1.23265                  8.8                      0.11363636363636362      5.265445206496413E-13    5.256506939132764E-13    0.25                     5.0E10                   2700                     5233.757944557832        3021.711558163807        2502.294445801098
1.23265                  8.82                     0.11337868480725624      5.266181458553414E-13    5.257040870200643E-13    0.25                     5.0E10                   2700                     5233.757944557832        3021.711558163807        2502.294445801098
1.23265                  8.84                     0.11312217194570136      5.266913148176381E-13    5.257571528134929E-13    0.25                     5.0E10                   2700                     5233.757944557832        3021.711558163807        2502.294445801098
1.23265                  8.86                     0.11286681715575621      5.267640316905554E-13    5.258098944937909E-13    0.25                     5.0E10                   2700                     5233.757944557832        3021.711558163807        2502.294445801098
1.23265                  8.879999999999999        0.11261261261261263      5.268363005778686E-13    5.258623152069542E-13    0.25                     5.0E10                   2700                     5233.757944557832        3021.711558163807        2502.294445801098
1.23265                  8.9                      0.11235955056179775      5.26908125485854E-13     5.259144180313022E-13    0.25                     5.0E10                   2700                     5233.757944557832        3021.711558163807        2502.294445801098
1.23265                  8.92                     0.11210762331838565      5.269795103804987E-13    5.259662060058784E-13    0.25                     5.0E10                   2700                     5233.757944557832        3021.711558163807        2502.294445801098
1.23265                  8.94                     0.11185682326621925      5.270504591490933E-13    5.260176821041915E-13    0.25                     5.0E10                   2700                     5233.757944557832        3021.711558163807        2502.294445801098
1.23265                  8.959999999999999        0.11160714285714285      5.271209756161416E-13    5.26068849249037E-13     0.25                     5.0E10                   2700                     5233.757944557832        3021.711558163807        2502.294445801098
1.23265                  8.98                     0.11135857461024498      5.271910635350512E-13    5.261197103082852E-13    0.25                     5.0E10                   2700                     5233.757944557832        3021.711558163807        2502.294445801098
1.23265                  9                        0.11111111111111112      5.272607266081603E-13    5.261702681032614E-13    0.25                     5.0E10                   2700                     5233.757944557832        3021.711558163807        2502.294445801098
1.23265                  9.02                     0.11086474501108647      5.273299684700863E-13    5.262205254029907E-13    0.25                     5.0E10                   2700                     5233.757944557832        3021.711558163807        2502.294445801098
1.23265                  9.04                     0.11061946902654868      5.273987927012479E-13    5.262704849272668E-13    0.25                     5.0E10                   2700                     5233.757944557832        3021.711558163807        2502.294445801098
1.23265                  9.06                     0.11037527593818983      5.274672028230693E-13    5.263201493516575E-13    0.25                     5.0E10                   2700                     5233.757944557832        3021.711558163807        2502.294445801098
1.23265                  9.08                     0.11013215859030838      5.275352022898479E-13    5.263695212979378E-13    0.25                     5.0E10                   2700                     5233.757944557832        3021.711558163807        2502.294445801098
1.23265                  9.1                      0.1098901098901099       5.276027945152317E-13    5.264186033487633E-13    0.25                     5.0E10                   2700                     5233.757944557832        3021.711558163807        2502.294445801098
1.23265                  9.12                     0.10964912280701757      5.276699828549334E-13    5.264673980440189E-13    0.25                     5.0E10                   2700                     5233.757944557832        3021.711558163807        2502.294445801098
1.23265                  9.14                     0.10940919037199125      5.27736770606121E-13     5.265159078748998E-13    0.25                     5.0E10                   2700                     5233.757944557832        3021.711558163807        2502.294445801098
1.23265                  9.16                     0.10917030567685589      5.278031610223311E-13    5.265641352931607E-13    0.25                     5.0E10                   2700                     5233.757944557832        3021.711558163807        2502.294445801098
1.23265                  9.18                     0.10893246187363835      5.278691572956301E-13    5.266120827055873E-13    0.25                     5.0E10                   2700                     5233.757944557832        3021.711558163807        2502.294445801098
1.23265                  9.2                      0.10869565217391305      5.279347625811036E-13    5.266597524843626E-13    0.25                     5.0E10                   2700                     5233.757944557832        3021.711558163807        2502.294445801098
1.23265                  9.22                     0.10845986984815618      5.279999799884347E-13    5.267071469649689E-13    0.25                     5.0E10                   2700                     5233.757944557832        3021.711558163807        2502.294445801098
1.23265                  9.24                     0.10822510822510822      5.280648125544881E-13    5.267542684266394E-13    0.25                     5.0E10                   2700                     5233.757944557832        3021.711558163807        2502.294445801098
1.23265                  9.26                     0.1079913606911447       5.281292633019403E-13    5.268011191333656E-13    0.25                     5.0E10                   2700                     5233.757944557832        3021.711558163807        2502.294445801098
1.23265                  9.28                     0.10775862068965518      5.281933351868372E-13    5.268477012966497E-13    0.25                     5.0E10                   2700                     5233.757944557832        3021.711558163807        2502.294445801098
1.23265                  9.3                      0.10752688172043011      5.282570311367341E-13    5.268940171015058E-13    0.25                     5.0E10                   2700                     5233.757944557832        3021.711558163807        2502.294445801098
1.23265                  9.32                     0.1072961373390558       5.283203540300556E-13    5.269400686984006E-13    0.25                     5.0E10                   2700                     5233.757944557832        3021.711558163807        2502.294445801098
1.23265                  9.34                     0.10706638115631692      5.283833066869505E-13    5.269858581860074E-13    0.25                     5.0E10                   2700                     5233.757944557832        3021.711558163807        2502.294445801098
1.23265                  9.36                     0.10683760683760683      5.284458919184656E-13    5.270313876545206E-13    0.25                     5.0E10                   2700                     5233.757944557832        3021.711558163807        2502.294445801098
1.23265                  9.379999999999999        0.10660980810234544      5.285081124690076E-13    5.270766591463222E-13    0.25                     5.0E10                   2700                     5233.757944557832        3021.711558163807        2502.294445801098
1.23265                  9.4                      0.10638297872340426      5.285699710553851E-13    5.271216746738766E-13    0.25                     5.0E10                   2700                     5233.757944557832        3021.711558163807        2502.294445801098
1.23265                  9.42                     0.10615711252653928      5.286314703658937E-13    5.271664362247065E-13    0.25                     5.0E10                   2700                     5233.757944557832        3021.711558163807        2502.294445801098
1.23265                  9.44                     0.1059322033898305       5.286926130309121E-13    5.272109457519674E-13    0.25                     5.0E10                   2700                     5233.757944557832        3021.711558163807        2502.294445801098
1.23265                  9.459999999999999        0.10570824524312897      5.287534016553861E-13    5.272552051735081E-13    0.25                     5.0E10                   2700                     5233.757944557832        3021.711558163807        2502.294445801098
1.23265                  9.48                     0.10548523206751054      5.288138387952399E-13    5.272992163807498E-13    0.25                     5.0E10                   2700                     5233.757944557832        3021.711558163807        2502.294445801098
1.23265                  9.5                      0.10526315789473685      5.288739270027513E-13    5.273429812479475E-13    0.25                     5.0E10                   2700                     5233.757944557832        3021.711558163807        2502.294445801098
1.23265                  9.52                     0.10504201680672269      5.289336687681311E-13    5.27386501609574E-13     0.25                     5.0E10                   2700                     5233.757944557832        3021.711558163807        2502.294445801098
1.23265                  9.54                     0.10482180293501049      5.289930665534509E-13    5.274297792738299E-13    0.25                     5.0E10                   2700                     5233.757944557832        3021.711558163807        2502.294445801098
1.23265                  9.56                     0.10460251046025104      5.290521227939085E-13    5.274728160276413E-13    0.25                     5.0E10                   2700                     5233.757944557832        3021.711558163807        2502.294445801098
1.23265                  9.58                     0.10438413361169102      5.291108398918165E-13    5.275156136291546E-13    0.25                     5.0E10                   2700                     5233.757944557832        3021.711558163807        2502.294445801098
1.23265                  9.6                      0.10416666666666667      5.291692202177853E-13    5.275581738144641E-13    0.25                     5.0E10                   2700                     5233.757944557832        3021.711558163807        2502.294445801098
1.23265                  9.62                     0.10395010395010396      5.292272661069986E-13    5.276004982882707E-13    0.25                     5.0E10                   2700                     5233.757944557832        3021.711558163807        2502.294445801098
1.23265                  9.64                     0.10373443983402489      5.292849798720953E-13    5.276425887371232E-13    0.25                     5.0E10                   2700                     5233.757944557832        3021.711558163807        2502.294445801098
1.23265                  9.66                     0.10351966873706003      5.29342363793693E-13     5.276844468257028E-13    0.25                     5.0E10                   2700                     5233.757944557832        3021.711558163807        2502.294445801098
1.23265                  9.68                     0.10330578512396693      5.29399420114289E-13     5.277260741829199E-13    0.25                     5.0E10                   2700                     5233.757944557832        3021.711558163807        2502.294445801098
1.23265                  9.7                      0.10309278350515465      5.294561510735647E-13    5.277674724363865E-13    0.25                     5.0E10                   2700                     5233.757944557832        3021.711558163807        2502.294445801098
1.23265                  9.72                     0.102880658436214        5.295125588616921E-13    5.278086431754897E-13    0.25                     5.0E10                   2700                     5233.757944557832        3021.711558163807        2502.294445801098
1.23265                  9.74                     0.1026694045174538       5.295686456419291E-13    5.278495879686052E-13    0.25                     5.0E10                   2700                     5233.757944557832        3021.711558163807        2502.294445801098
1.23265                  9.76                     0.10245901639344263      5.296244135776704E-13    5.278903083810558E-13    0.25                     5.0E10                   2700                     5233.757944557832        3021.711558163807        2502.294445801098
1.23265                  9.78                     0.10224948875255623      5.296798647615992E-13    5.279308059267126E-13    0.25                     5.0E10                   2700                     5233.757944557832        3021.711558163807        2502.294445801098
1.23265                  9.8                      0.10204081632653059      5.297350013022647E-13    5.279710821272308E-13    0.25                     5.0E10                   2700                     5233.757944557832        3021.711558163807        2502.294445801098
1.23265                  9.82                     0.10183299389002037      5.297898252678897E-13    5.280111384743776E-13    0.25                     5.0E10                   2700                     5233.757944557832        3021.711558163807        2502.294445801098
1.23265                  9.84                     0.1016260162601626       5.298443386941546E-13    5.280509764330091E-13    0.25                     5.0E10                   2700                     5233.757944557832        3021.711558163807        2502.294445801098
1.23265                  9.86                     0.10141987829614604      5.298985436218248E-13    5.280905974716118E-13    0.25                     5.0E10                   2700                     5233.757944557832        3021.711558163807        2502.294445801098
1.23265                  9.879999999999999        0.10121457489878542      5.299524420341639E-13    5.281300030141432E-13    0.25                     5.0E10                   2700                     5233.757944557832        3021.711558163807        2502.294445801098
1.23265                  9.9                      0.101010101010101        5.300060359119811E-13    5.281691944842348E-13    0.25                     5.0E10                   2700                     5233.757944557832        3021.711558163807        2502.294445801098
1.23265                  9.92                     0.10080645161290322      5.300593272077565E-13    5.282081732790771E-13    0.25                     5.0E10                   2700                     5233.757944557832        3021.711558163807        2502.294445801098
1.23265                  9.94                     0.1006036217303823       5.301123178592005E-13    5.282469407878464E-13    0.25                     5.0E10                   2700                     5233.757944557832        3021.711558163807        2502.294445801098
1.23265                  9.959999999999999        0.10040160642570282      5.301650097771049E-13    5.282854983751292E-13    0.25                     5.0E10                   2700                     5233.757944557832        3021.711558163807        2502.294445801098
1.23265                  9.98                     0.1002004008016032       5.302174048539433E-13    5.283238473904398E-13    0.25                     5.0E10                   2700                     5233.757944557832        3021.711558163807        2502.294445801098
1.23265                  10                       0.1                      5.302251885906687E-13    5.282934850879319E-13    0.25                     5.0E10                   2700                     5233.757944557832        3021.711558163807        2502.294445801098
