1.37047                  0.1                      10                       5.331258509182301E-13    5.331299302092621E-13    0.25                     5.0E10                   2700                     5518.594829201442        3186.1622101879293       2502.294445801098
1.37047                  0.12000000000000001      8.333333333333332        5.362977102922656E-13    5.363474505649784E-13    0.25                     5.0E10                   2700                     5518.594829201442        3186.1622101879293       2502.294445801098
1.37047                  0.14                     7.1428571428571415       5.341431926831393E-13    5.339683792177433E-13    0.25                     5.0E10                   2700                     5518.594829201442        3186.1622101879293       2502.294445801098
1.37047                  0.16                     6.249999999999999        5.330599822924426E-13    5.331724126797835E-13    0.25                     5.0E10                   2700                     5518.594829201442        3186.1622101879293       2502.294445801098
1.37047                  0.18                     5.555555555555555        5.371697270645528E-13    5.373017397320367E-13    0.25                     5.0E10                   2700                     5518.594829201442        3186.1622101879293       2502.294445801098
1.37047                  0.2                      5                        5.331292293969282E-13    5.331252114183175E-13    0.25                     5.0E10                   2700                     5518.594829201442        3186.1622101879293       2502.294445801098
1.37047                  0.22                     4.545454545454546        5.361655373640842E-13    5.366757467070942E-13    0.25                     5.0E10                   2700                     5518.594829201442        3186.1622101879293       2502.294445801098
1.37047                  0.24000000000000002      4.166666666666666        5.354858652901116E-13    5.362743660680921E-13    0.25                     5.0E10                   2700                     5518.594829201442        3186.1622101879293       2502.294445801098
1.37047                  0.26                     3.846153846153846        5.341332245003902E-13    5.34887870876674E-13     0.25                     5.0E10                   2700                     5518.594829201442        3186.1622101879293       2502.294445801098
1.37047                  0.28                     3.5714285714285707       5.365877004789421E-13    5.371627021466454E-13    0.25                     5.0E10                   2700                     5518.594829201442        3186.1622101879293       2502.294445801098
1.37047                  0.30000000000000004      3.3333333333333326       5.36594838506765E-13     5.364720550575422E-13    0.25                     5.0E10                   2700                     5518.594829201442        3186.1622101879293       2502.294445801098
1.37047                  0.32                     3.1249999999999996       5.348302823858983E-13    5.332651941583062E-13    0.25                     5.0E10                   2700                     5518.594829201442        3186.1622101879293       2502.294445801098
1.37047                  0.33999999999999997      2.9411764705882355       5.404959575702128E-13    5.383277219445317E-13    0.25                     5.0E10                   2700                     5518.594829201442        3186.1622101879293       2502.294445801098
1.37047                  0.36                     2.7777777777777777       5.401282262851692E-13    5.356556171754973E-13    0.25                     5.0E10                   2700                     5518.594829201442        3186.1622101879293       2502.294445801098
1.37047                  0.38                     2.6315789473684212       5.435769918386388E-13    5.35814499054199E-13     0.25                     5.0E10                   2700                     5518.594829201442        3186.1622101879293       2502.294445801098
1.37047                  0.4                      2.5                      5.45786291085755E-13     5.353489992414754E-13    0.25                     5.0E10                   2700                     5518.594829201442        3186.1622101879293       2502.294445801098
1.37047                  0.42000000000000004      2.3809523809523805       5.513364815545305E-13    5.366523009140969E-13    0.25                     5.0E10                   2700                     5518.594829201442        3186.1622101879293       2502.294445801098
1.37047                  0.44000000000000006      2.272727272727273        5.564989127499717E-13    5.398701916744072E-13    0.25                     5.0E10                   2700                     5518.594829201442        3186.1622101879293       2502.294445801098
1.37047                  0.45999999999999996      2.173913043478261        5.628693022717617E-13    5.430877072822195E-13    0.25                     5.0E10                   2700                     5518.594829201442        3186.1622101879293       2502.294445801098
1.37047                  0.48                     2.0833333333333335       5.663565011975549E-13    5.429121388680699E-13    0.25                     5.0E10                   2700                     5518.594829201442        3186.1622101879293       2502.294445801098
1.37047                  0.5                      2                        5.688171477643159E-13    5.433790356149349E-13    0.25                     5.0E10                   2700                     5518.594829201442        3186.1622101879293       2502.294445801098
1.37047                  0.52                     1.923076923076923        5.756037846914175E-13    5.481082763717622E-13    0.25                     5.0E10                   2700                     5518.594829201442        3186.1622101879293       2502.294445801098
1.37047                  0.54                     1.8518518518518516       5.756851100685558E-13    5.45329851315795E-13     0.25                     5.0E10                   2700                     5518.594829201442        3186.1622101879293       2502.294445801098
1.37047                  0.56                     1.7857142857142854       5.843906271333121E-13    5.500426164559951E-13    0.25                     5.0E10                   2700                     5518.594829201442        3186.1622101879293       2502.294445801098
1.37047                  0.58                     1.7241379310344829       5.896572730744833E-13    5.52434412960772E-13     0.25                     5.0E10                   2700                     5518.594829201442        3186.1622101879293       2502.294445801098
1.37047                  0.6                      1.6666666666666667       5.938489779521815E-13    5.543202756507888E-13    0.25                     5.0E10                   2700                     5518.594829201442        3186.1622101879293       2502.294445801098
1.37047                  0.62                     1.6129032258064515       5.967439603064711E-13    5.54333825282829E-13     0.25                     5.0E10                   2700                     5518.594829201442        3186.1622101879293       2502.294445801098
1.37047                  0.64                     1.5624999999999998       6.067592634171452E-13    5.601959635581809E-13    0.25                     5.0E10                   2700                     5518.594829201442        3186.1622101879293       2502.294445801098
1.37047                  0.66                     1.515151515151515        6.054625063554227E-13    5.551963328799557E-13    0.25                     5.0E10                   2700                     5518.594829201442        3186.1622101879293       2502.294445801098
1.37047                  0.6799999999999999       1.4705882352941178       6.0960206757885E-13      5.555336312663112E-13    0.25                     5.0E10                   2700                     5518.594829201442        3186.1622101879293       2502.294445801098
1.37047                  0.7                      1.4285714285714286       6.177032340092283E-13    5.597563408388321E-13    0.25                     5.0E10                   2700                     5518.594829201442        3186.1622101879293       2502.294445801098
1.37047                  0.72                     1.3888888888888888       6.254061934064703E-13    5.631701753256637E-13    0.25                     5.0E10                   2700                     5518.594829201442        3186.1622101879293       2502.294445801098
1.37047                  0.74                     1.3513513513513513       6.390059658223017E-13    5.716031616334932E-13    0.25                     5.0E10                   2700                     5518.594829201442        3186.1622101879293       2502.294445801098
1.37047                  0.76                     1.3157894736842106       6.485044598123089E-13    5.761092131755219E-13    0.25                     5.0E10                   2700                     5518.594829201442        3186.1622101879293       2502.294445801098
1.37047                  0.78                     1.2820512820512822       6.466663629009912E-13    5.704556215281257E-13    0.25                     5.0E10                   2700                     5518.594829201442        3186.1622101879293       2502.294445801098
1.37047                  0.8                      1.25                     6.440007325985692E-13    5.645725364355503E-13    0.25                     5.0E10                   2700                     5518.594829201442        3186.1622101879293       2502.294445801098
1.37047                  0.82                     1.2195121951219514       6.471536918048569E-13    5.646754668033177E-13    0.25                     5.0E10                   2700                     5518.594829201442        3186.1622101879293       2502.294445801098
1.37047                  0.84                     1.1904761904761905       6.509497310948857E-13    5.662765600592848E-13    0.25                     5.0E10                   2700                     5518.594829201442        3186.1622101879293       2502.294445801098
1.37047                  0.86                     1.1627906976744187       6.528256646494034E-13    5.664144801577564E-13    0.25                     5.0E10                   2700                     5518.594829201442        3186.1622101879293       2502.294445801098
1.37047                  0.88                     1.1363636363636365       6.552101867375742E-13    5.669058372587195E-13    0.25                     5.0E10                   2700                     5518.594829201442        3186.1622101879293       2502.294445801098
1.37047                  0.9                      1.1111111111111112       6.601273471143202E-13    5.693839130309971E-13    0.25                     5.0E10                   2700                     5518.594829201442        3186.1622101879293       2502.294445801098
1.37047                  0.92                     1.0869565217391304       6.650201795956143E-13    5.716956380749923E-13    0.25                     5.0E10                   2700                     5518.594829201442        3186.1622101879293       2502.294445801098
1.37047                  0.94                     1.0638297872340425       6.668375959045656E-13    5.714422690095792E-13    0.25                     5.0E10                   2700                     5518.594829201442        3186.1622101879293       2502.294445801098
1.37047                  0.96                     1.0416666666666667       6.664274436294043E-13    5.695909081145887E-13    0.25                     5.0E10                   2700                     5518.594829201442        3186.1622101879293       2502.294445801098
1.37047                  0.98                     1.0204081632653061       6.672206485969626E-13    5.692746656806578E-13    0.25                     5.0E10                   2700                     5518.594829201442        3186.1622101879293       2502.294445801098
1.37047                  1                        1                        6.711859699897814E-13    5.722463968522002E-13    0.25                     5.0E10                   2700                     5518.594829201442        3186.1622101879293       2502.294445801098
1.37047                  1.02                     0.9803921568627452       6.77201074766648E-13     5.779419110090424E-13    0.25                     5.0E10                   2700                     5518.594829201442        3186.1622101879293       2502.294445801098
1.37047                  1.04                     0.9615384615384615       6.81432012509254E-13     5.828783498595221E-13    0.25                     5.0E10                   2700                     5518.594829201442        3186.1622101879293       2502.294445801098
1.37047                  1.06                     0.9433962264150944       6.805667186252345E-13    5.839721381699015E-13    0.25                     5.0E10                   2700                     5518.594829201442        3186.1622101879293       2502.294445801098
1.37047                  1.08                     0.9259259259259258       6.737850812942295E-13    5.801556345477578E-13    0.25                     5.0E10                   2700                     5518.594829201442        3186.1622101879293       2502.294445801098
1.37047                  1.1                      0.909090909090909        6.627984089339761E-13    5.72561002206192E-13     0.25                     5.0E10                   2700                     5518.594829201442        3186.1622101879293       2502.294445801098
1.37047                  1.12                     0.8928571428571427       6.50265731622614E-13     5.633043504347973E-13    0.25                     5.0E10                   2700                     5518.594829201442        3186.1622101879293       2502.294445801098
1.37047                  1.1400000000000001       0.8771929824561403       6.385533922882374E-13    5.542765024050922E-13    0.25                     5.0E10                   2700                     5518.594829201442        3186.1622101879293       2502.294445801098
1.37047                  1.1600000000000001       0.8620689655172412       6.287141411530511E-13    5.465130746749569E-13    0.25                     5.0E10                   2700                     5518.594829201442        3186.1622101879293       2502.294445801098
1.37047                  1.1800000000000002       0.8474576271186439       6.210566677291605E-13    5.404002759741469E-13    0.25                     5.0E10                   2700                     5518.594829201442        3186.1622101879293       2502.294445801098
1.37047                  1.2000000000000002       0.8333333333333331       6.155067593674723E-13    5.360123096414889E-13    0.25                     5.0E10                   2700                     5518.594829201442        3186.1622101879293       2502.294445801098
1.37047                  1.2200000000000002       0.8196721311475409       6.119431783319368E-13    5.333809538259069E-13    0.25                     5.0E10                   2700                     5518.594829201442        3186.1622101879293       2502.294445801098
1.37047                  1.2400000000000002       0.8064516129032256       6.103119787504271E-13    5.325841531053643E-13    0.25                     5.0E10                   2700                     5518.594829201442        3186.1622101879293       2502.294445801098
1.37047                  1.26                     0.7936507936507936       6.106084950199695E-13    5.337407336555137E-13    0.25                     5.0E10                   2700                     5518.594829201442        3186.1622101879293       2502.294445801098
1.37047                  1.28                     0.7812499999999999       6.126127051837024E-13    5.367318570478848E-13    0.25                     5.0E10                   2700                     5518.594829201442        3186.1622101879293       2502.294445801098
1.37047                  1.3                      0.7692307692307692       6.159258420026808E-13    5.412803685422613E-13    0.25                     5.0E10                   2700                     5518.594829201442        3186.1622101879293       2502.294445801098
1.37047                  1.32                     0.7575757575757575       6.198567571867749E-13    5.468276728162273E-13    0.25                     5.0E10                   2700                     5518.594829201442        3186.1622101879293       2502.294445801098
1.37047                  1.34                     0.7462686567164178       6.235069428059304E-13    5.525993283014617E-13    0.25                     5.0E10                   2700                     5518.594829201442        3186.1622101879293       2502.294445801098
1.37047                  1.36                     0.7352941176470588       6.259075856071654E-13    5.577174565899509E-13    0.25                     5.0E10                   2700                     5518.594829201442        3186.1622101879293       2502.294445801098
1.37047                  1.3800000000000001       0.7246376811594203       6.262041159567823E-13    5.613605814930616E-13    0.25                     5.0E10                   2700                     5518.594829201442        3186.1622101879293       2502.294445801098
1.37047                  1.4000000000000001       0.7142857142857142       6.238335352743181E-13    5.629264169194264E-13    0.25                     5.0E10                   2700                     5518.594829201442        3186.1622101879293       2502.294445801098
1.37047                  1.4200000000000002       0.704225352112676        6.186378897584565E-13    5.621480557399383E-13    0.25                     5.0E10                   2700                     5518.594829201442        3186.1622101879293       2502.294445801098
1.37047                  1.4400000000000002       0.6944444444444444       6.109440055276997E-13    5.591403759013753E-13    0.25                     5.0E10                   2700                     5518.594829201442        3186.1622101879293       2502.294445801098
1.37047                  1.4600000000000002       0.6849315068493149       6.012065299504143E-13    5.542844686704586E-13    0.25                     5.0E10                   2700                     5518.594829201442        3186.1622101879293       2502.294445801098
1.37047                  1.4800000000000002       0.6756756756756755       5.902328124140821E-13    5.481759979204678E-13    0.25                     5.0E10                   2700                     5518.594829201442        3186.1622101879293       2502.294445801098
1.37047                  1.5000000000000002       0.6666666666666665       5.788026052239485E-13    5.414622384593698E-13    0.25                     5.0E10                   2700                     5518.594829201442        3186.1622101879293       2502.294445801098
1.37047                  1.52                     0.6578947368421053       5.67600765372324E-13     5.34738389728434E-13     0.25                     5.0E10                   2700                     5518.594829201442        3186.1622101879293       2502.294445801098
1.37047                  1.54                     0.6493506493506493       5.571498541535265E-13    5.284795451587349E-13    0.25                     5.0E10                   2700                     5518.594829201442        3186.1622101879293       2502.294445801098
1.37047                  1.56                     0.6410256410256411       5.47789556435867E-13     5.230129633264802E-13    0.25                     5.0E10                   2700                     5518.594829201442        3186.1622101879293       2502.294445801098
1.37047                  1.58                     0.6329113924050632       5.396882993810933E-13    5.185199353408797E-13    0.25                     5.0E10                   2700                     5518.594829201442        3186.1622101879293       2502.294445801098
1.37047                  1.6                      0.625                    5.328717722775823E-13    5.150547002236004E-13    0.25                     5.0E10                   2700                     5518.594829201442        3186.1622101879293       2502.294445801098
1.37047                  1.62                     0.6172839506172839       5.272578039355562E-13    5.125713175878067E-13    0.25                     5.0E10                   2700                     5518.594829201442        3186.1622101879293       2502.294445801098
1.37047                  1.6400000000000001       0.6097560975609756       5.226894187445356E-13    5.109506597880786E-13    0.25                     5.0E10                   2700                     5518.594829201442        3186.1622101879293       2502.294445801098
1.37047                  1.6600000000000001       0.6024096385542168       5.189652891193936E-13    5.100267731496886E-13    0.25                     5.0E10                   2700                     5518.594829201442        3186.1622101879293       2502.294445801098
1.37047                  1.6800000000000002       0.5952380952380951       5.159579731371315E-13    5.097182030482938E-13    0.25                     5.0E10                   2700                     5518.594829201442        3186.1622101879293       2502.294445801098
1.37047                  1.7000000000000002       0.588235294117647        5.13271017694707E-13     5.096217353530013E-13    0.25                     5.0E10                   2700                     5518.594829201442        3186.1622101879293       2502.294445801098
1.37047                  1.7200000000000002       0.5813953488372092       5.107841976897873E-13    5.096500284361748E-13    0.25                     5.0E10                   2700                     5518.594829201442        3186.1622101879293       2502.294445801098
1.37047                  1.7400000000000002       0.5747126436781609       5.083255017022629E-13    5.096423382380143E-13    0.25                     5.0E10                   2700                     5518.594829201442        3186.1622101879293       2502.294445801098
1.37047                  1.7600000000000002       0.5681818181818182       5.057598621978797E-13    5.094695557267778E-13    0.25                     5.0E10                   2700                     5518.594829201442        3186.1622101879293       2502.294445801098
1.37047                  1.78                     0.5617977528089887       5.029926175504031E-13    5.090383957224843E-13    0.25                     5.0E10                   2700                     5518.594829201442        3186.1622101879293       2502.294445801098
1.37047                  1.8                      0.5555555555555556       4.999681221116344E-13    5.082918233195017E-13    0.25                     5.0E10                   2700                     5518.594829201442        3186.1622101879293       2502.294445801098
1.37047                  1.82                     0.5494505494505494       4.966664596221364E-13    5.072065530762963E-13    0.25                     5.0E10                   2700                     5518.594829201442        3186.1622101879293       2502.294445801098
1.37047                  1.84                     0.5434782608695652       4.93097500631229E-13     5.057882243412317E-13    0.25                     5.0E10                   2700                     5518.594829201442        3186.1622101879293       2502.294445801098
1.37047                  1.86                     0.5376344086021505       4.892939447836612E-13    5.040652472616608E-13    0.25                     5.0E10                   2700                     5518.594829201442        3186.1622101879293       2502.294445801098
1.37047                  1.8800000000000001       0.5319148936170213       4.85304144673016E-13     5.020821901630532E-13    0.25                     5.0E10                   2700                     5518.594829201442        3186.1622101879293       2502.294445801098
1.37047                  1.9000000000000001       0.5263157894736842       4.811854373873495E-13    4.998934467987422E-13    0.25                     5.0E10                   2700                     5518.594829201442        3186.1622101879293       2502.294445801098
1.37047                  1.9200000000000002       0.5208333333333333       4.769984715230153E-13    4.97557707257785E-13     0.25                     5.0E10                   2700                     5518.594829201442        3186.1622101879293       2502.294445801098
1.37047                  1.9400000000000002       0.5154639175257731       4.728027754430552E-13    4.951335259746783E-13    0.25                     5.0E10                   2700                     5518.594829201442        3186.1622101879293       2502.294445801098
1.37047                  1.9600000000000002       0.5102040816326531       4.686534503199248E-13    4.926760318574193E-13    0.25                     5.0E10                   2700                     5518.594829201442        3186.1622101879293       2502.294445801098
1.37047                  1.9800000000000002       0.505050505050505        4.645998244019045E-13    4.902349868116721E-13    0.25                     5.0E10                   2700                     5518.594829201442        3186.1622101879293       2502.294445801098
1.37047                  2                        0.5                      4.607050275933485E-13    4.878612206399073E-13    0.25                     5.0E10                   2700                     5518.594829201442        3186.1622101879293       2502.294445801098
1.37047                  2.02                     0.4950495049504951       4.569595245049614E-13    4.855745794635519E-13    0.25                     5.0E10                   2700                     5518.594829201442        3186.1622101879293       2502.294445801098
1.37047                  2.04                     0.4901960784313726       4.534127940284484E-13    4.834124360980646E-13    0.25                     5.0E10                   2700                     5518.594829201442        3186.1622101879293       2502.294445801098
1.37047                  2.06                     0.48543689320388345      4.5008542939564756E-13   4.813975093996749E-13    0.25                     5.0E10                   2700                     5518.594829201442        3186.1622101879293       2502.294445801098
1.37047                  2.08                     0.4807692307692307       4.469922975850572E-13    4.795468906231487E-13    0.25                     5.0E10                   2700                     5518.594829201442        3186.1622101879293       2502.294445801098
1.37047                  2.1                      0.47619047619047616      4.4414341559572346E-13   4.778728646547044E-13    0.25                     5.0E10                   2700                     5518.594829201442        3186.1622101879293       2502.294445801098
1.37047                  2.12                     0.4716981132075472       4.4154480530764933E-13   4.763837306455248E-13    0.25                     5.0E10                   2700                     5518.594829201442        3186.1622101879293       2502.294445801098
1.37047                  2.14                     0.46728971962616817      4.391992750478542E-13    4.750845649677498E-13    0.25                     5.0E10                   2700                     5518.594829201442        3186.1622101879293       2502.294445801098
1.37047                  2.16                     0.4629629629629629       4.371070996661714E-13    4.739778932680019E-13    0.25                     5.0E10                   2700                     5518.594829201442        3186.1622101879293       2502.294445801098
1.37047                  2.18                     0.4587155963302752       4.352665882249781E-13    4.730642563702444E-13    0.25                     5.0E10                   2700                     5518.594829201442        3186.1622101879293       2502.294445801098
1.37047                  2.2                      0.4545454545454545       4.336744849224905E-13    4.723426566880568E-13    0.25                     5.0E10                   2700                     5518.594829201442        3186.1622101879293       2502.294445801098
1.37047                  2.22                     0.45045045045045035      4.323265405076906E-13    4.718109550966915E-13    0.25                     5.0E10                   2700                     5518.594829201442        3186.1622101879293       2502.294445801098
1.37047                  2.24                     0.44642857142857134      4.312174527663695E-13    4.714660717185966E-13    0.25                     5.0E10                   2700                     5518.594829201442        3186.1622101879293       2502.294445801098
1.37047                  2.2600000000000002       0.44247787610619466      4.303412653633977E-13    4.713042111533919E-13    0.25                     5.0E10                   2700                     5518.594829201442        3186.1622101879293       2502.294445801098
1.37047                  2.2800000000000002       0.43859649122807015      4.2969144143662486E-13   4.713209734934459E-13    0.25                     5.0E10                   2700                     5518.594829201442        3186.1622101879293       2502.294445801098
1.37047                  2.3000000000000003       0.43478260869565216      4.292609418825011E-13    4.715114254403947E-13    0.25                     5.0E10                   2700                     5518.594829201442        3186.1622101879293       2502.294445801098
1.37047                  2.3200000000000003       0.4310344827586206       4.290422686131613E-13    4.718701344388629E-13    0.25                     5.0E10                   2700                     5518.594829201442        3186.1622101879293       2502.294445801098
1.37047                  2.3400000000000003       0.4273504273504273       4.290274834114351E-13    4.723911770925061E-13    0.25                     5.0E10                   2700                     5518.594829201442        3186.1622101879293       2502.294445801098
1.37047                  2.3600000000000003       0.42372881355932196      4.292082113717268E-13    4.730681314749266E-13    0.25                     5.0E10                   2700                     5518.594829201442        3186.1622101879293       2502.294445801098
1.37047                  2.3800000000000003       0.4201680672268907       4.2957563610825774E-13   4.7389406120331E-13      0.25                     5.0E10                   2700                     5518.594829201442        3186.1622101879293       2502.294445801098
1.37047                  2.4000000000000004       0.4166666666666666       4.3012049248544705E-13   4.748614975961842E-13    0.25                     5.0E10                   2700                     5518.594829201442        3186.1622101879293       2502.294445801098
1.37047                  2.42                     0.4132231404958677       4.3083306119214894E-13   4.759624247620097E-13    0.25                     5.0E10                   2700                     5518.594829201442        3186.1622101879293       2502.294445801098
1.37047                  2.44                     0.4098360655737705       4.3170316839536043E-13   4.771882712387044E-13    0.25                     5.0E10                   2700                     5518.594829201442        3186.1622101879293       2502.294445801098
1.37047                  2.46                     0.4065040650406504       4.327201927294037E-13    4.785299107296368E-13    0.25                     5.0E10                   2700                     5518.594829201442        3186.1622101879293       2502.294445801098
1.37047                  2.48                     0.4032258064516129       4.338730810909321E-13    4.799776735978191E-13    0.25                     5.0E10                   2700                     5518.594829201442        3186.1622101879293       2502.294445801098
1.37047                  2.5                      0.4                      4.3537660812587086E-13   4.816828368043515E-13    0.25                     5.0E10                   2700                     5518.594829201442        3186.1622101879293       2502.294445801098
1.37047                  2.52                     0.3968253968253968       4.3676480980081015E-13   4.833105372512471E-13    0.25                     5.0E10                   2700                     5518.594829201442        3186.1622101879293       2502.294445801098
1.37047                  2.54                     0.39370078740157477      4.382526062095131E-13    4.850116205879495E-13    0.25                     5.0E10                   2700                     5518.594829201442        3186.1622101879293       2502.294445801098
1.37047                  2.56                     0.39062499999999994      4.3982744915735266E-13   4.867744750496743E-13    0.25                     5.0E10                   2700                     5518.594829201442        3186.1622101879293       2502.294445801098
1.37047                  2.58                     0.38759689922480617      4.4147673831848344E-13   4.885873224034569E-13    0.25                     5.0E10                   2700                     5518.594829201442        3186.1622101879293       2502.294445801098
1.37047                  2.6                      0.3846153846153846       4.4318775061971294E-13   4.904381661123664E-13    0.25                     5.0E10                   2700                     5518.594829201442        3186.1622101879293       2502.294445801098
1.37047                  2.62                     0.3816793893129771       4.449477167499814E-13    4.923148758324872E-13    0.25                     5.0E10                   2700                     5518.594829201442        3186.1622101879293       2502.294445801098
1.37047                  2.64                     0.37878787878787873      4.4674390300816307E-13   4.942052782244693E-13    0.25                     5.0E10                   2700                     5518.594829201442        3186.1622101879293       2502.294445801098
1.37047                  2.66                     0.37593984962406013      4.4856369709854937E-13   4.960972524429026E-13    0.25                     5.0E10                   2700                     5518.594829201442        3186.1622101879293       2502.294445801098
1.37047                  2.68                     0.3731343283582089       4.5039469633632437E-13   4.979788285392504E-13    0.25                     5.0E10                   2700                     5518.594829201442        3186.1622101879293       2502.294445801098
1.37047                  2.7                      0.37037037037037035      4.52224796656194E-13     4.998382869283299E-13    0.25                     5.0E10                   2700                     5518.594829201442        3186.1622101879293       2502.294445801098
1.37047                  2.72                     0.3676470588235294       4.540422807809241E-13    5.016642570489421E-13    0.25                     5.0E10                   2700                     5518.594829201442        3186.1622101879293       2502.294445801098
1.37047                  2.74                     0.36496350364963503      4.558359039062815E-13    5.034458133644876E-13    0.25                     5.0E10                   2700                     5518.594829201442        3186.1622101879293       2502.294445801098
1.37047                  2.7600000000000002       0.36231884057971014      4.575949752682111E-13    5.051725668680029E-13    0.25                     5.0E10                   2700                     5518.594829201442        3186.1622101879293       2502.294445801098
1.37047                  2.7800000000000002       0.35971223021582727      4.593094340810075E-13    5.068347503990094E-13    0.25                     5.0E10                   2700                     5518.594829201442        3186.1622101879293       2502.294445801098
1.37047                  2.8000000000000003       0.3571428571428571       4.609699184276709E-13    5.084232962027852E-13    0.25                     5.0E10                   2700                     5518.594829201442        3186.1622101879293       2502.294445801098
1.37047                  2.8200000000000003       0.35460992907801414      4.625678258468897E-13    5.099299043373208E-13    0.25                     5.0E10                   2700                     5518.594829201442        3186.1622101879293       2502.294445801098
1.37047                  2.8400000000000003       0.352112676056338        4.640953645675755E-13    5.113471007845731E-13    0.25                     5.0E10                   2700                     5518.594829201442        3186.1622101879293       2502.294445801098
1.37047                  2.8600000000000003       0.3496503496503496       4.655455945578451E-13    5.12668284344482E-13     0.25                     5.0E10                   2700                     5518.594829201442        3186.1622101879293       2502.294445801098
1.37047                  2.8800000000000003       0.3472222222222222       4.669124578000093E-13    5.138877616841735E-13    0.25                     5.0E10                   2700                     5518.594829201442        3186.1622101879293       2502.294445801098
1.37047                  2.9000000000000004       0.3448275862068965       4.681907974573474E-13    5.150007701851678E-13    0.25                     5.0E10                   2700                     5518.594829201442        3186.1622101879293       2502.294445801098
1.37047                  2.92                     0.34246575342465757      4.693763745058095E-13    5.160034921731369E-13    0.25                     5.0E10                   2700                     5518.594829201442        3186.1622101879293       2502.294445801098
1.37047                  2.94                     0.3401360544217687       4.704658374572075E-13    5.16893044742955E-13     0.25                     5.0E10                   2700                     5518.594829201442        3186.1622101879293       2502.294445801098
1.37047                  2.96                     0.33783783783783783      4.714567386066249E-13    5.176674707244481E-13    0.25                     5.0E10                   2700                     5518.594829201442        3186.1622101879293       2502.294445801098
1.37047                  2.98                     0.3355704697986577       4.723474981946925E-13    5.183257183219763E-13    0.25                     5.0E10                   2700                     5518.594829201442        3186.1622101879293       2502.294445801098
1.37047                  3                        0.3333333333333333       4.731373730183538E-13    5.188676048255013E-13    0.25                     5.0E10                   2700                     5518.594829201442        3186.1622101879293       2502.294445801098
1.37047                  3.02                     0.33112582781456956      4.738264157371486E-13    5.192937739274401E-13    0.25                     5.0E10                   2700                     5518.594829201442        3186.1622101879293       2502.294445801098
1.37047                  3.04                     0.32894736842105265      4.744154271877013E-13    5.196056454091277E-13    0.25                     5.0E10                   2700                     5518.594829201442        3186.1622101879293       2502.294445801098
1.37047                  3.06                     0.32679738562091504      4.749059028707796E-13    5.198053584838916E-13    0.25                     5.0E10                   2700                     5518.594829201442        3186.1622101879293       2502.294445801098
1.37047                  3.08                     0.3246753246753247       4.752999748506654E-13    5.198957101385035E-13    0.25                     5.0E10                   2700                     5518.594829201442        3186.1622101879293       2502.294445801098
1.37047                  3.1                      0.32258064516129037      4.756003502977208E-13    5.198800898265772E-13    0.25                     5.0E10                   2700                     5518.594829201442        3186.1622101879293       2502.294445801098
1.37047                  3.12                     0.32051282051282054      4.75810247858282E-13     5.197624118043562E-13    0.25                     5.0E10                   2700                     5518.594829201442        3186.1622101879293       2502.294445801098
1.37047                  3.14                     0.3184713375796178       4.759333330193674E-13    5.195470463732681E-13    0.25                     5.0E10                   2700                     5518.594829201442        3186.1622101879293       2502.294445801098
1.37047                  3.16                     0.3164556962025316       4.759736535167714E-13    5.192387511702854E-13    0.25                     5.0E10                   2700                     5518.594829201442        3186.1622101879293       2502.294445801098
1.37047                  3.18                     0.31446540880503143      4.759355757554645E-13    5.188426035562276E-13    0.25                     5.0E10                   2700                     5518.594829201442        3186.1622101879293       2502.294445801098
1.37047                  3.2                      0.3125                   4.758237230856491E-13    5.183639350175323E-13    0.25                     5.0E10                   2700                     5518.594829201442        3186.1622101879293       2502.294445801098
1.37047                  3.22                     0.31055900621118004      4.756429166697603E-13    5.178082683717979E-13    0.25                     5.0E10                   2700                     5518.594829201442        3186.1622101879293       2502.294445801098
1.37047                  3.24                     0.30864197530864196      4.753981195261126E-13    5.171812584050607E-13    0.25                     5.0E10                   2700                     5518.594829201442        3186.1622101879293       2502.294445801098
1.37047                  3.2600000000000002       0.3067484662576687       4.750943842308467E-13    5.164886364699515E-13    0.25                     5.0E10                   2700                     5518.594829201442        3186.1622101879293       2502.294445801098
1.37047                  3.2800000000000002       0.3048780487804878       4.7473680463361E-13      5.15736159406886E-13     0.25                     5.0E10                   2700                     5518.594829201442        3186.1622101879293       2502.294445801098
1.37047                  3.3000000000000003       0.30303030303030304      4.74330471814076E-13     5.149295630531984E-13    0.25                     5.0E10                   2700                     5518.594829201442        3186.1622101879293       2502.294445801098
1.37047                  3.3200000000000003       0.3012048192771084       4.738804344194853E-13    5.140745204557291E-13    0.25                     5.0E10                   2700                     5518.594829201442        3186.1622101879293       2502.294445801098
1.37047                  3.3400000000000003       0.29940119760479045      4.733940313511718E-13    5.131828841976923E-13    0.25                     5.0E10                   2700                     5518.594829201442        3186.1622101879293       2502.294445801098
1.37047                  3.3600000000000003       0.29761904761904756      4.728707527369335E-13    5.122463697266434E-13    0.25                     5.0E10                   2700                     5518.594829201442        3186.1622101879293       2502.294445801098
1.37047                  3.3800000000000003       0.29585798816568043      4.723183033102297E-13    5.112776737884672E-13    0.25                     5.0E10                   2700                     5518.594829201442        3186.1622101879293       2502.294445801098
1.37047                  3.4000000000000004       0.2941176470588235       4.717412588405194E-13    5.102819021567724E-13    0.25                     5.0E10                   2700                     5518.594829201442        3186.1622101879293       2502.294445801098
1.37047                  3.4200000000000004       0.29239766081871343      4.711440187887504E-13    5.092639581285481E-13    0.25                     5.0E10                   2700                     5518.594829201442        3186.1622101879293       2502.294445801098
1.37047                  3.44                     0.29069767441860467      4.705307912612524E-13    5.082285271570422E-13    0.25                     5.0E10                   2700                     5518.594829201442        3186.1622101879293       2502.294445801098
1.37047                  3.46                     0.2890173410404624       4.69905581328399E-13     5.071800651143892E-13    0.25                     5.0E10                   2700                     5518.594829201442        3186.1622101879293       2502.294445801098
1.37047                  3.48                     0.28735632183908044      4.692721824620459E-13    5.061227898588042E-13    0.25                     5.0E10                   2700                     5518.594829201442        3186.1622101879293       2502.294445801098
1.37047                  3.5                      0.2857142857142857       4.686341707609567E-13    5.050606757828161E-13    0.25                     5.0E10                   2700                     5518.594829201442        3186.1622101879293       2502.294445801098
1.37047                  3.52                     0.2840909090909091       4.679950081536729E-13    5.039975348533701E-13    0.25                     5.0E10                   2700                     5518.594829201442        3186.1622101879293       2502.294445801098
1.37047                  3.54                     0.2824858757062147       4.673576174302457E-13    5.029366810028005E-13    0.25                     5.0E10                   2700                     5518.594829201442        3186.1622101879293       2502.294445801098
1.37047                  3.56                     0.28089887640449435      4.667250163546418E-13    5.01881434584926E-13     0.25                     5.0E10                   2700                     5518.594829201442        3186.1622101879293       2502.294445801098
1.37047                  3.58                     0.2793296089385475       4.660998999493967E-13    5.008347905296332E-13    0.25                     5.0E10                   2700                     5518.594829201442        3186.1622101879293       2502.294445801098
1.37047                  3.6                      0.2777777777777778       4.654847491733777E-13    4.99799507107751E-13     0.25                     5.0E10                   2700                     5518.594829201442        3186.1622101879293       2502.294445801098
1.37047                  3.62                     0.27624309392265195      4.64881836172879E-13     4.987781121347581E-13    0.25                     5.0E10                   2700                     5518.594829201442        3186.1622101879293       2502.294445801098
1.37047                  3.64                     0.2747252747252747       4.642932305225845E-13    4.977729101797494E-13    0.25                     5.0E10                   2700                     5518.594829201442        3186.1622101879293       2502.294445801098
1.37047                  3.66                     0.27322404371584696      4.63720806266763E-13     4.967859906148159E-13    0.25                     5.0E10                   2700                     5518.594829201442        3186.1622101879293       2502.294445801098
1.37047                  3.68                     0.2717391304347826       4.631662495930002E-13    4.958192363062978E-13    0.25                     5.0E10                   2700                     5518.594829201442        3186.1622101879293       2502.294445801098
1.37047                  3.7                      0.2702702702702703       4.626310669503994E-13    4.948743327444353E-13    0.25                     5.0E10                   2700                     5518.594829201442        3186.1622101879293       2502.294445801098
1.37047                  3.72                     0.26881720430107525      4.6211659352422E-13      4.939527775280529E-13    0.25                     5.0E10                   2700                     5518.594829201442        3186.1622101879293       2502.294445801098
1.37047                  3.74                     0.267379679144385        4.616240019024689E-13    4.93055890033003E-13     0.25                     5.0E10                   2700                     5518.594829201442        3186.1622101879293       2502.294445801098
1.37047                  3.7600000000000002       0.26595744680851063      4.611543108497669E-13    4.921848211475343E-13    0.25                     5.0E10                   2700                     5518.594829201442        3186.1622101879293       2502.294445801098
1.37047                  3.7800000000000002       0.26455026455026454      4.607083940942475E-13    4.913405630115349E-13    0.25                     5.0E10                   2700                     5518.594829201442        3186.1622101879293       2502.294445801098
1.37047                  3.8000000000000003       0.2631578947368421       4.60286989049113E-13     4.90523958650739E-13     0.25                     5.0E10                   2700                     5518.594829201442        3186.1622101879293       2502.294445801098
1.37047                  3.8200000000000003       0.26178010471204183      4.598907054082773E-13    4.897357114517817E-13    0.25                     5.0E10                   2700                     5518.594829201442        3186.1622101879293       2502.294445801098
1.37047                  3.8400000000000003       0.26041666666666663      4.595200335610682E-13    4.889763944191731E-13    0.25                     5.0E10                   2700                     5518.594829201442        3186.1622101879293       2502.294445801098
1.37047                  3.8600000000000003       0.25906735751295334      4.591753527778265E-13    4.882464591636211E-13    0.25                     5.0E10                   2700                     5518.594829201442        3186.1622101879293       2502.294445801098
1.37047                  3.8800000000000003       0.25773195876288657      4.588569391404526E-13    4.875462446000241E-13    0.25                     5.0E10                   2700                     5518.594829201442        3186.1622101879293       2502.294445801098
1.37047                  3.9000000000000004       0.2564102564102564       4.585649731887422E-13    4.868759853150238E-13    0.25                     5.0E10                   2700                     5518.594829201442        3186.1622101879293       2502.294445801098
1.37047                  3.9200000000000004       0.25510204081632654      4.582995472588255E-13    4.862358195905827E-13    0.25                     5.0E10                   2700                     5518.594829201442        3186.1622101879293       2502.294445801098
1.37047                  3.94                     0.25380710659898476      4.580606725034114E-13    4.856257970699428E-13    0.25                     5.0E10                   2700                     5518.594829201442        3186.1622101879293       2502.294445801098
1.37047                  3.96                     0.2525252525252525       4.578482855911144E-13    4.850458860594333E-13    0.25                     5.0E10                   2700                     5518.594829201442        3186.1622101879293       2502.294445801098
1.37047                  3.98                     0.25125628140703515      4.57662255060009E-13     4.844959804509286E-13    0.25                     5.0E10                   2700                     5518.594829201442        3186.1622101879293       2502.294445801098
1.37047                  4                        0.25                     4.57502387361238E-13     4.839759062920491E-13    0.25                     5.0E10                   2700                     5518.594829201442        3186.1622101879293       2502.294445801098
1.37047                  4.02                     0.24875621890547264      4.57368432554949E-13     4.834854279810762E-13    0.25                     5.0E10                   2700                     5518.594829201442        3186.1622101879293       2502.294445801098
1.37047                  4.04                     0.24752475247524755      4.572600896858486E-13    4.83024254098823E-13     0.25                     5.0E10                   2700                     5518.594829201442        3186.1622101879293       2502.294445801098
1.37047                  4.06                     0.24630541871921185      4.571770118479321E-13    4.825920429055334E-13    0.25                     5.0E10                   2700                     5518.594829201442        3186.1622101879293       2502.294445801098
1.37047                  4.08                     0.2450980392156863       4.57118810937001E-13     4.82188407479392E-13     0.25                     5.0E10                   2700                     5518.594829201442        3186.1622101879293       2502.294445801098
1.37047                  4.1                      0.24390243902439027      4.57085062097161E-13     4.818129205403849E-13    0.25                     5.0E10                   2700                     5518.594829201442        3186.1622101879293       2502.294445801098
1.37047                  4.12                     0.24271844660194172      4.570753078947325E-13    4.814651189566997E-13    0.25                     5.0E10                   2700                     5518.594829201442        3186.1622101879293       2502.294445801098
1.37047                  4.14                     0.2415458937198068       4.570890621990945E-13    4.811445079406925E-13    0.25                     5.0E10                   2700                     5518.594829201442        3186.1622101879293       2502.294445801098
1.37047                  4.16                     0.24038461538461536      4.571258138117822E-13    4.808505649601746E-13    0.25                     5.0E10                   2700                     5518.594829201442        3186.1622101879293       2502.294445801098
1.37047                  4.18                     0.2392344497607656       4.571850298342175E-13    4.805827433805708E-13    0.25                     5.0E10                   2700                     5518.594829201442        3186.1622101879293       2502.294445801098
1.37047                  4.199999999999999        0.23809523809523814      4.572661588010751E-13    4.803404758275724E-13    0.25                     5.0E10                   2700                     5518.594829201442        3186.1622101879293       2502.294445801098
1.37047                  4.22                     0.23696682464454977      4.573686335829765E-13    4.801231773264717E-13    0.25                     5.0E10                   2700                     5518.594829201442        3186.1622101879293       2502.294445801098
1.37047                  4.239999999999999        0.23584905660377362      4.574918740758367E-13    4.799302481790774E-13    0.25                     5.0E10                   2700                     5518.594829201442        3186.1622101879293       2502.294445801098
1.37047                  4.26                     0.2347417840375587       4.576352896834357E-13    4.797610766505453E-13    0.25                     5.0E10                   2700                     5518.594829201442        3186.1622101879293       2502.294445801098
1.37047                  4.279999999999999        0.23364485981308417      4.577982816048036E-13    4.796150414084979E-13    0.25                     5.0E10                   2700                     5518.594829201442        3186.1622101879293       2502.294445801098
1.37047                  4.3                      0.23255813953488372      4.579802449540815E-13    4.79491513815553E-13     0.25                     5.0E10                   2700                     5518.594829201442        3186.1622101879293       2502.294445801098
1.37047                  4.319999999999999        0.23148148148148148      4.581805706917386E-13    4.793898599811209E-13    0.25                     5.0E10                   2700                     5518.594829201442        3186.1622101879293       2502.294445801098
1.37047                  4.34                     0.2304147465437788       4.58398647407168E-13     4.793094426885562E-13    0.25                     5.0E10                   2700                     5518.594829201442        3186.1622101879293       2502.294445801098
1.37047                  4.359999999999999        0.22935779816513763      4.586338629541601E-13    4.792496231425598E-13    0.25                     5.0E10                   2700                     5518.594829201442        3186.1622101879293       2502.294445801098
1.37047                  4.38                     0.228310502283105        4.588858339429185E-13    4.792099406503082E-13    0.25                     5.0E10                   2700                     5518.594829201442        3186.1622101879293       2502.294445801098
1.37047                  4.3999999999999995       0.22727272727272732      4.591534988360468E-13    4.791894054738461E-13    0.25                     5.0E10                   2700                     5518.594829201442        3186.1622101879293       2502.294445801098
1.37047                  4.42                     0.22624434389140272      4.594364759340958E-13    4.791875574091191E-13    0.25                     5.0E10                   2700                     5518.594829201442        3186.1622101879293       2502.294445801098
1.37047                  4.4399999999999995       0.22522522522522526      4.597341637595922E-13    4.792037659076027E-13    0.25                     5.0E10                   2700                     5518.594829201442        3186.1622101879293       2502.294445801098
1.37047                  4.46                     0.2242152466367713       4.600459663199905E-13    4.792374054930463E-13    0.25                     5.0E10                   2700                     5518.594829201442        3186.1622101879293       2502.294445801098
1.37047                  4.4799999999999995       0.2232142857142857       4.603712940148552E-13    4.792878567442072E-13    0.25                     5.0E10                   2700                     5518.594829201442        3186.1622101879293       2502.294445801098
1.37047                  4.5                      0.22222222222222224      4.607095644703667E-13    4.79354507167204E-13     0.25                     5.0E10                   2700                     5518.594829201442        3186.1622101879293       2502.294445801098
1.37047                  4.52                     0.22123893805309736      4.610602032603442E-13    4.794367519858491E-13    0.25                     5.0E10                   2700                     5518.594829201442        3186.1622101879293       2502.294445801098
1.37047                  4.54                     0.22026431718061676      4.614226445744724E-13    4.79533994845114E-13     0.25                     5.0E10                   2700                     5518.594829201442        3186.1622101879293       2502.294445801098
1.37047                  4.56                     0.21929824561403513      4.617963317881652E-13    4.796456484320057E-13    0.25                     5.0E10                   2700                     5518.594829201442        3186.1622101879293       2502.294445801098
1.37047                  4.58                     0.21834061135371177      4.621807179893271E-13    4.797711350249133E-13    0.25                     5.0E10                   2700                     5518.594829201442        3186.1622101879293       2502.294445801098
1.37047                  4.6                      0.2173913043478261       4.625752664111339E-13    4.799098869692465E-13    0.25                     5.0E10                   2700                     5518.594829201442        3186.1622101879293       2502.294445801098
1.37047                  4.62                     0.21645021645021645      4.629794508291299E-13    4.800613471098674E-13    0.25                     5.0E10                   2700                     5518.594829201442        3186.1622101879293       2502.294445801098
1.37047                  4.64                     0.21551724137931036      4.633927558950699E-13    4.802249691362666E-13    0.25                     5.0E10                   2700                     5518.594829201442        3186.1622101879293       2502.294445801098
1.37047                  4.66                     0.2145922746781116       4.638146774160753E-13    4.804002178975578E-13    0.25                     5.0E10                   2700                     5518.594829201442        3186.1622101879293       2502.294445801098
1.37047                  4.68                     0.21367521367521367      4.642447225837855E-13    4.805865696454066E-13    0.25                     5.0E10                   2700                     5518.594829201442        3186.1622101879293       2502.294445801098
1.37047                  4.7                      0.2127659574468085       4.646824101835424E-13    4.807835122686946E-13    0.25                     5.0E10                   2700                     5518.594829201442        3186.1622101879293       2502.294445801098
1.37047                  4.72                     0.211864406779661        4.65127270728103E-13     4.809905454378747E-13    0.25                     5.0E10                   2700                     5518.594829201442        3186.1622101879293       2502.294445801098
1.37047                  4.739999999999999        0.21097046413502113      4.655788465893202E-13    4.812071807549701E-13    0.25                     5.0E10                   2700                     5518.594829201442        3186.1622101879293       2502.294445801098
1.37047                  4.76                     0.21008403361344538      4.66036692051349E-13     4.814329418273647E-13    0.25                     5.0E10                   2700                     5518.594829201442        3186.1622101879293       2502.294445801098
1.37047                  4.779999999999999        0.20920502092050208      4.665003734130132E-13    4.816673643359899E-13    0.25                     5.0E10                   2700                     5518.594829201442        3186.1622101879293       2502.294445801098
1.37047                  4.8                      0.20833333333333334      4.669694689315733E-13    4.819099960871033E-13    0.25                     5.0E10                   2700                     5518.594829201442        3186.1622101879293       2502.294445801098
1.37047                  4.819999999999999        0.2074688796680498       4.674435688827025E-13    4.821603969833185E-13    0.25                     5.0E10                   2700                     5518.594829201442        3186.1622101879293       2502.294445801098
1.37047                  4.84                     0.20661157024793386      4.679222755031206E-13    4.824181390219814E-13    0.25                     5.0E10                   2700                     5518.594829201442        3186.1622101879293       2502.294445801098
1.37047                  4.859999999999999        0.20576131687242802      4.684052029410073E-13    4.826828062447191E-13    0.25                     5.0E10                   2700                     5518.594829201442        3186.1622101879293       2502.294445801098
1.37047                  4.88                     0.20491803278688525      4.68891977189901E-13     4.829539946755191E-13    0.25                     5.0E10                   2700                     5518.594829201442        3186.1622101879293       2502.294445801098
1.37047                  4.8999999999999995       0.20408163265306126      4.693822359870101E-13    4.832313122347971E-13    0.25                     5.0E10                   2700                     5518.594829201442        3186.1622101879293       2502.294445801098
1.37047                  4.92                     0.2032520325203252       4.698756287154399E-13    4.835143786311998E-13    0.25                     5.0E10                   2700                     5518.594829201442        3186.1622101879293       2502.294445801098
1.37047                  4.9399999999999995       0.20242914979757085      4.703718162768975E-13    4.838028252625773E-13    0.25                     5.0E10                   2700                     5518.594829201442        3186.1622101879293       2502.294445801098
1.37047                  4.96                     0.20161290322580644      4.708704709618093E-13    4.840962950597737E-13    0.25                     5.0E10                   2700                     5518.594829201442        3186.1622101879293       2502.294445801098
1.37047                  4.9799999999999995       0.20080321285140565      4.713712763023388E-13    4.843944423671493E-13    0.25                     5.0E10                   2700                     5518.594829201442        3186.1622101879293       2502.294445801098
1.37047                  5                        0.2                      4.719642276577977E-13    4.848108513824651E-13    0.25                     5.0E10                   2700                     5518.594829201442        3186.1622101879293       2502.294445801098
1.37047                  5.02                     0.19920318725099603      4.724681386974251E-13    4.851170784815286E-13    0.25                     5.0E10                   2700                     5518.594829201442        3186.1622101879293       2502.294445801098
1.37047                  5.04                     0.1984126984126984       4.729732766211801E-13    4.854269656302885E-13    0.25                     5.0E10                   2700                     5518.594829201442        3186.1622101879293       2502.294445801098
1.37047                  5.06                     0.19762845849802374      4.734793700489963E-13    4.857402134685909E-13    0.25                     5.0E10                   2700                     5518.594829201442        3186.1622101879293       2502.294445801098
1.37047                  5.08                     0.19685039370078738      4.739861578988292E-13    4.860565330847362E-13    0.25                     5.0E10                   2700                     5518.594829201442        3186.1622101879293       2502.294445801098
1.37047                  5.1                      0.19607843137254904      4.74493389186822E-13     4.863756458328297E-13    0.25                     5.0E10                   2700                     5518.594829201442        3186.1622101879293       2502.294445801098
1.37047                  5.12                     0.19531249999999997      4.750008228348437E-13    4.866972831255613E-13    0.25                     5.0E10                   2700                     5518.594829201442        3186.1622101879293       2502.294445801098
1.37047                  5.14                     0.1945525291828794       4.755082274659401E-13    4.870211862447952E-13    0.25                     5.0E10                   2700                     5518.594829201442        3186.1622101879293       2502.294445801098
1.37047                  5.16                     0.19379844961240308      4.760153811772926E-13    4.873471061219883E-13    0.25                     5.0E10                   2700                     5518.594829201442        3186.1622101879293       2502.294445801098
1.37047                  5.18                     0.19305019305019305      4.765220713658666E-13    4.876748031417259E-13    0.25                     5.0E10                   2700                     5518.594829201442        3186.1622101879293       2502.294445801098
1.37047                  5.2                      0.1923076923076923       4.770280944658203E-13    4.880040469299246E-13    0.25                     5.0E10                   2700                     5518.594829201442        3186.1622101879293       2502.294445801098
1.37047                  5.22                     0.19157088122605365      4.775332557813652E-13    4.883346161318678E-13    0.25                     5.0E10                   2700                     5518.594829201442        3186.1622101879293       2502.294445801098
1.37047                  5.239999999999999        0.19083969465648856      4.780373692466278E-13    4.886662982121288E-13    0.25                     5.0E10                   2700                     5518.594829201442        3186.1622101879293       2502.294445801098
1.37047                  5.26                     0.19011406844106465      4.785402572030421E-13    4.889988892383227E-13    0.25                     5.0E10                   2700                     5518.594829201442        3186.1622101879293       2502.294445801098
1.37047                  5.279999999999999        0.18939393939393942      4.790417502014127E-13    4.893321936523834E-13    0.25                     5.0E10                   2700                     5518.594829201442        3186.1622101879293       2502.294445801098
1.37047                  5.3                      0.18867924528301888      4.795416867751237E-13    4.896660240838665E-13    0.25                     5.0E10                   2700                     5518.594829201442        3186.1622101879293       2502.294445801098
1.37047                  5.319999999999999        0.1879699248120301       4.800399132262864E-13    4.900002011084171E-13    0.25                     5.0E10                   2700                     5518.594829201442        3186.1622101879293       2502.294445801098
1.37047                  5.34                     0.18726591760299627      4.805362834116555E-13    4.903345530605234E-13    0.25                     5.0E10                   2700                     5518.594829201442        3186.1622101879293       2502.294445801098
1.37047                  5.359999999999999        0.1865671641791045       4.810306585238634E-13    4.906689158025168E-13    0.25                     5.0E10                   2700                     5518.594829201442        3186.1622101879293       2502.294445801098
1.37047                  5.38                     0.1858736059479554       4.81522906898636E-13     4.910031325307385E-13    0.25                     5.0E10                   2700                     5518.594829201442        3186.1622101879293       2502.294445801098
1.37047                  5.3999999999999995       0.1851851851851852       4.820129037738642E-13    4.913370535561264E-13    0.25                     5.0E10                   2700                     5518.594829201442        3186.1622101879293       2502.294445801098
1.37047                  5.42                     0.18450184501845018      4.825005311134136E-13    4.916705361092949E-13    0.25                     5.0E10                   2700                     5518.594829201442        3186.1622101879293       2502.294445801098
1.37047                  5.4399999999999995       0.18382352941176472      4.829856773886398E-13    4.920034441300535E-13    0.25                     5.0E10                   2700                     5518.594829201442        3186.1622101879293       2502.294445801098
1.37047                  5.46                     0.18315018315018314      4.834682373667074E-13    4.92335648072616E-13     0.25                     5.0E10                   2700                     5518.594829201442        3186.1622101879293       2502.294445801098
1.37047                  5.4799999999999995       0.18248175182481755      4.839481119251901E-13    4.926670246977447E-13    0.25                     5.0E10                   2700                     5518.594829201442        3186.1622101879293       2502.294445801098
1.37047                  5.5                      0.18181818181818182      4.844252078585579E-13    4.929974568929409E-13    0.25                     5.0E10                   2700                     5518.594829201442        3186.1622101879293       2502.294445801098
1.37047                  5.52                     0.1811594202898551       4.848994376598161E-13    4.933268334656035E-13    0.25                     5.0E10                   2700                     5518.594829201442        3186.1622101879293       2502.294445801098
1.37047                  5.54                     0.18050541516245486      4.853707193596578E-13    4.936550489663134E-13    0.25                     5.0E10                   2700                     5518.594829201442        3186.1622101879293       2502.294445801098
1.37047                  5.56                     0.1798561151079137       4.858389763222859E-13    4.939820034937629E-13    0.25                     5.0E10                   2700                     5518.594829201442        3186.1622101879293       2502.294445801098
1.37047                  5.58                     0.17921146953405018      4.86304137060124E-13     4.943076025163031E-13    0.25                     5.0E10                   2700                     5518.594829201442        3186.1622101879293       2502.294445801098
1.37047                  5.6                      0.17857142857142858      4.867661350666429E-13    4.94631756694656E-13     0.25                     5.0E10                   2700                     5518.594829201442        3186.1622101879293       2502.294445801098
1.37047                  5.62                     0.17793594306049823      4.872249086262418E-13    4.949543817066975E-13    0.25                     5.0E10                   2700                     5518.594829201442        3186.1622101879293       2502.294445801098
1.37047                  5.64                     0.1773049645390071       4.876804006498927E-13    4.952753980672392E-13    0.25                     5.0E10                   2700                     5518.594829201442        3186.1622101879293       2502.294445801098
1.37047                  5.66                     0.17667844522968196      4.881325584964226E-13    4.955947309732967E-13    0.25                     5.0E10                   2700                     5518.594829201442        3186.1622101879293       2502.294445801098
1.37047                  5.68                     0.17605633802816903      4.88581333821452E-13     4.959123101252301E-13    0.25                     5.0E10                   2700                     5518.594829201442        3186.1622101879293       2502.294445801098
1.37047                  5.7                      0.17543859649122806      4.890266824058811E-13    4.962280695822277E-13    0.25                     5.0E10                   2700                     5518.594829201442        3186.1622101879293       2502.294445801098
1.37047                  5.72                     0.17482517482517484      4.894685639853797E-13    4.965419475823231E-13    0.25                     5.0E10                   2700                     5518.594829201442        3186.1622101879293       2502.294445801098
1.37047                  5.739999999999999        0.17421602787456447      4.899069421248414E-13    4.968538864137167E-13    0.25                     5.0E10                   2700                     5518.594829201442        3186.1622101879293       2502.294445801098
1.37047                  5.76                     0.1736111111111111       4.903417840370591E-13    4.971638322415662E-13    0.25                     5.0E10                   2700                     5518.594829201442        3186.1622101879293       2502.294445801098
1.37047                  5.779999999999999        0.17301038062283738      4.907730604744752E-13    4.974717349888108E-13    0.25                     5.0E10                   2700                     5518.594829201442        3186.1622101879293       2502.294445801098
1.37047                  5.8                      0.1724137931034483       4.912007455405764E-13    4.977775481590712E-13    0.25                     5.0E10                   2700                     5518.594829201442        3186.1622101879293       2502.294445801098
1.37047                  5.819999999999999        0.17182130584192443      4.916248165779875E-13    4.980812287283189E-13    0.25                     5.0E10                   2700                     5518.594829201442        3186.1622101879293       2502.294445801098
1.37047                  5.84                     0.17123287671232879      4.920457430805956E-13    4.983831713692615E-13    0.25                     5.0E10                   2700                     5518.594829201442        3186.1622101879293       2502.294445801098
1.37047                  5.859999999999999        0.17064846416382254      4.924625374476444E-13    4.986824768808116E-13    0.25                     5.0E10                   2700                     5518.594829201442        3186.1622101879293       2502.294445801098
1.37047                  5.88                     0.17006802721088435      4.928756679884008E-13    4.989795402230488E-13    0.25                     5.0E10                   2700                     5518.594829201442        3186.1622101879293       2502.294445801098
1.37047                  5.8999999999999995       0.16949152542372883      4.932851236613699E-13    4.992743308901529E-13    0.25                     5.0E10                   2700                     5518.594829201442        3186.1622101879293       2502.294445801098
1.37047                  5.92                     0.16891891891891891      4.936908960268449E-13    4.995668212027391E-13    0.25                     5.0E10                   2700                     5518.594829201442        3186.1622101879293       2502.294445801098
1.37047                  5.9399999999999995       0.16835016835016836      4.940929791169723E-13    4.998569861809015E-13    0.25                     5.0E10                   2700                     5518.594829201442        3186.1622101879293       2502.294445801098
1.37047                  5.96                     0.16778523489932884      4.944913693174436E-13    5.00144803430544E-13     0.25                     5.0E10                   2700                     5518.594829201442        3186.1622101879293       2502.294445801098
1.37047                  5.9799999999999995       0.16722408026755856      4.948860652812979E-13    5.00430253038467E-13     0.25                     5.0E10                   2700                     5518.594829201442        3186.1622101879293       2502.294445801098
1.37047                  6                        0.16666666666666666      4.952770677925654E-13    5.007133174599134E-13    0.25                     5.0E10                   2700                     5518.594829201442        3186.1622101879293       2502.294445801098
1.37047                  6.02                     0.16611295681063123      4.956643796836609E-13    5.009939814153567E-13    0.25                     5.0E10                   2700                     5518.594829201442        3186.1622101879293       2502.294445801098
1.37047                  6.04                     0.16556291390728478      4.960480057304003E-13    5.012722317945576E-13    0.25                     5.0E10                   2700                     5518.594829201442        3186.1622101879293       2502.294445801098
1.37047                  6.06                     0.16501650165016504      4.964279525481396E-13    5.015480575525105E-13    0.25                     5.0E10                   2700                     5518.594829201442        3186.1622101879293       2502.294445801098
1.37047                  6.08                     0.16447368421052633      4.968042285037413E-13    5.01821449614379E-13     0.25                     5.0E10                   2700                     5518.594829201442        3186.1622101879293       2502.294445801098
1.37047                  6.1                      0.16393442622950818      4.971768436339796E-13    5.020924007974482E-13    0.25                     5.0E10                   2700                     5518.594829201442        3186.1622101879293       2502.294445801098
1.37047                  6.12                     0.16339869281045752      4.975458095346178E-13    5.023609056997276E-13    0.25                     5.0E10                   2700                     5518.594829201442        3186.1622101879293       2502.294445801098
1.37047                  6.14                     0.16286644951140067      4.979111392929818E-13    5.026269606357467E-13    0.25                     5.0E10                   2700                     5518.594829201442        3186.1622101879293       2502.294445801098
1.37047                  6.16                     0.16233766233766234      4.9827284741477E-13      5.028905635436234E-13    0.25                     5.0E10                   2700                     5518.594829201442        3186.1622101879293       2502.294445801098
1.37047                  6.18                     0.16181229773462782      4.986309497245649E-13    5.031517139044404E-13    0.25                     5.0E10                   2700                     5518.594829201442        3186.1622101879293       2502.294445801098
1.37047                  6.2                      0.16129032258064518      4.989854632973421E-13    5.034104126706344E-13    0.25                     5.0E10                   2700                     5518.594829201442        3186.1622101879293       2502.294445801098
1.37047                  6.22                     0.16077170418006428      4.993364063930082E-13    5.036666621879653E-13    0.25                     5.0E10                   2700                     5518.594829201442        3186.1622101879293       2502.294445801098
1.37047                  6.24                     0.16025641025641027      4.996837983742636E-13    5.039204661215658E-13    0.25                     5.0E10                   2700                     5518.594829201442        3186.1622101879293       2502.294445801098
1.37047                  6.26                     0.1597444089456869       5.000276596527879E-13    5.041718293932149E-13    0.25                     5.0E10                   2700                     5518.594829201442        3186.1622101879293       2502.294445801098
1.37047                  6.279999999999999        0.15923566878980894      5.003680116155732E-13    5.044207581129295E-13    0.25                     5.0E10                   2700                     5518.594829201442        3186.1622101879293       2502.294445801098
1.37047                  6.3                      0.15873015873015872      5.007048765564529E-13    5.046672595067046E-13    0.25                     5.0E10                   2700                     5518.594829201442        3186.1622101879293       2502.294445801098
1.37047                  6.319999999999999        0.15822784810126583      5.010382776209125E-13    5.049113418634483E-13    0.25                     5.0E10                   2700                     5518.594829201442        3186.1622101879293       2502.294445801098
1.37047                  6.34                     0.1577287066246057       5.013682387653029E-13    5.051530144794335E-13    0.25                     5.0E10                   2700                     5518.594829201442        3186.1622101879293       2502.294445801098
1.37047                  6.359999999999999        0.15723270440251574      5.01694784663742E-13     5.053922875806877E-13    0.25                     5.0E10                   2700                     5518.594829201442        3186.1622101879293       2502.294445801098
1.37047                  6.38                     0.15673981191222572      5.020179406866267E-13    5.0562917229051E-13      0.25                     5.0E10                   2700                     5518.594829201442        3186.1622101879293       2502.294445801098
1.37047                  6.3999999999999995       0.15625                  5.023377328415511E-13    5.058636805678914E-13    0.25                     5.0E10                   2700                     5518.594829201442        3186.1622101879293       2502.294445801098
1.37047                  6.42                     0.1557632398753894       5.026541877205038E-13    5.060958251535801E-13    0.25                     5.0E10                   2700                     5518.594829201442        3186.1622101879293       2502.294445801098
1.37047                  6.4399999999999995       0.15527950310559008      5.029673324433936E-13    5.063256195202479E-13    0.25                     5.0E10                   2700                     5518.594829201442        3186.1622101879293       2502.294445801098
1.37047                  6.46                     0.15479876160990713      5.032771946364641E-13    5.065530778351167E-13    0.25                     5.0E10                   2700                     5518.594829201442        3186.1622101879293       2502.294445801098
1.37047                  6.4799999999999995       0.154320987654321        5.035838023691596E-13    5.067782149041171E-13    0.25                     5.0E10                   2700                     5518.594829201442        3186.1622101879293       2502.294445801098
1.37047                  6.5                      0.15384615384615383      5.038871841149967E-13    5.070010461319066E-13    0.25                     5.0E10                   2700                     5518.594829201442        3186.1622101879293       2502.294445801098
1.37047                  6.52                     0.15337423312883436      5.041873687289147E-13    5.072215874895968E-13    0.25                     5.0E10                   2700                     5518.594829201442        3186.1622101879293       2502.294445801098
1.37047                  6.54                     0.15290519877675843      5.04484385374533E-13     5.074398554507145E-13    0.25                     5.0E10                   2700                     5518.594829201442        3186.1622101879293       2502.294445801098
1.37047                  6.56                     0.15243902439024393      5.04778263536718E-13     5.076558669878929E-13    0.25                     5.0E10                   2700                     5518.594829201442        3186.1622101879293       2502.294445801098
1.37047                  6.58                     0.1519756838905775       5.050690329435595E-13    5.078696395042033E-13    0.25                     5.0E10                   2700                     5518.594829201442        3186.1622101879293       2502.294445801098
1.37047                  6.6                      0.15151515151515152      5.053567235494735E-13    5.080811908144669E-13    0.25                     5.0E10                   2700                     5518.594829201442        3186.1622101879293       2502.294445801098
1.37047                  6.62                     0.1510574018126888       5.056413655073037E-13    5.082905391099633E-13    0.25                     5.0E10                   2700                     5518.594829201442        3186.1622101879293       2502.294445801098
1.37047                  6.64                     0.1506024096385542       5.059229891441092E-13    5.084977029279904E-13    0.25                     5.0E10                   2700                     5518.594829201442        3186.1622101879293       2502.294445801098
1.37047                  6.66                     0.15015015015015015      5.062016249117514E-13    5.08702701113471E-13     0.25                     5.0E10                   2700                     5518.594829201442        3186.1622101879293       2502.294445801098
1.37047                  6.68                     0.14970059880239522      5.064773033747221E-13    5.089055527953666E-13    0.25                     5.0E10                   2700                     5518.594829201442        3186.1622101879293       2502.294445801098
1.37047                  6.7                      0.1492537313432836       5.067500551868295E-13    5.091062773624179E-13    0.25                     5.0E10                   2700                     5518.594829201442        3186.1622101879293       2502.294445801098
1.37047                  6.72                     0.1488095238095238       5.070199110549105E-13    5.093048944273693E-13    0.25                     5.0E10                   2700                     5518.594829201442        3186.1622101879293       2502.294445801098
1.37047                  6.74                     0.14836795252225518      5.072869017239413E-13    5.095014238088386E-13    0.25                     5.0E10                   2700                     5518.594829201442        3186.1622101879293       2502.294445801098
1.37047                  6.76                     0.14792899408284024      5.075510579571888E-13    5.096958855069853E-13    0.25                     5.0E10                   2700                     5518.594829201442        3186.1622101879293       2502.294445801098
1.37047                  6.779999999999999        0.14749262536873156      5.07812410503544E-13     5.098882996720906E-13    0.25                     5.0E10                   2700                     5518.594829201442        3186.1622101879293       2502.294445801098
1.37047                  6.8                      0.14705882352941177      5.080709900855359E-13    5.100786865929813E-13    0.25                     5.0E10                   2700                     5518.594829201442        3186.1622101879293       2502.294445801098
1.37047                  6.819999999999999        0.1466275659824047       5.083268273868367E-13    5.102670666735706E-13    0.25                     5.0E10                   2700                     5518.594829201442        3186.1622101879293       2502.294445801098
1.37047                  6.84                     0.14619883040935674      5.085799530250031E-13    5.104534604090937E-13    0.25                     5.0E10                   2700                     5518.594829201442        3186.1622101879293       2502.294445801098
1.37047                  6.859999999999999        0.1457725947521866       5.088303975267214E-13    5.106378883652696E-13    0.25                     5.0E10                   2700                     5518.594829201442        3186.1622101879293       2502.294445801098
1.37047                  6.88                     0.14534883720930233      5.090781913400079E-13    5.108203711728753E-13    0.25                     5.0E10                   2700                     5518.594829201442        3186.1622101879293       2502.294445801098
1.37047                  6.8999999999999995       0.14492753623188406      5.093233647852292E-13    5.110009294941578E-13    0.25                     5.0E10                   2700                     5518.594829201442        3186.1622101879293       2502.294445801098
1.37047                  6.92                     0.1445086705202312       5.095659480683361E-13    5.111795840215641E-13    0.25                     5.0E10                   2700                     5518.594829201442        3186.1622101879293       2502.294445801098
1.37047                  6.9399999999999995       0.1440922190201729       5.098059712533252E-13    5.11356355453063E-13     0.25                     5.0E10                   2700                     5518.594829201442        3186.1622101879293       2502.294445801098
1.37047                  6.96                     0.14367816091954022      5.100434642506308E-13    5.115312644795947E-13    0.25                     5.0E10                   2700                     5518.594829201442        3186.1622101879293       2502.294445801098
1.37047                  6.9799999999999995       0.14326647564469916      5.102784568052975E-13    5.117043317699188E-13    0.25                     5.0E10                   2700                     5518.594829201442        3186.1622101879293       2502.294445801098
1.37047                  7                        0.14285714285714285      5.105109785041644E-13    5.1187557796797E-13      0.25                     5.0E10                   2700                     5518.594829201442        3186.1622101879293       2502.294445801098
1.37047                  7.02                     0.14245014245014245      5.107410587237152E-13    5.120450236607047E-13    0.25                     5.0E10                   2700                     5518.594829201442        3186.1622101879293       2502.294445801098
1.37047                  7.04                     0.14204545454545456      5.109687266759865E-13    5.122126893913167E-13    0.25                     5.0E10                   2700                     5518.594829201442        3186.1622101879293       2502.294445801098
1.37047                  7.06                     0.141643059490085        5.111940113464663E-13    5.123785956248969E-13    0.25                     5.0E10                   2700                     5518.594829201442        3186.1622101879293       2502.294445801098
1.37047                  7.08                     0.14124293785310735      5.114169415299083E-13    5.125427627566253E-13    0.25                     5.0E10                   2700                     5518.594829201442        3186.1622101879293       2502.294445801098
1.37047                  7.1                      0.14084507042253522      5.116375457755727E-13    5.127052110834813E-13    0.25                     5.0E10                   2700                     5518.594829201442        3186.1622101879293       2502.294445801098
1.37047                  7.12                     0.14044943820224717      5.118558524448892E-13    5.128659608236403E-13    0.25                     5.0E10                   2700                     5518.594829201442        3186.1622101879293       2502.294445801098
1.37047                  7.14                     0.1400560224089636       5.120718896335653E-13    5.130250320718985E-13    0.25                     5.0E10                   2700                     5518.594829201442        3186.1622101879293       2502.294445801098
1.37047                  7.16                     0.13966480446927376      5.122856852161766E-13    5.131824448210403E-13    0.25                     5.0E10                   2700                     5518.594829201442        3186.1622101879293       2502.294445801098
1.37047                  7.18                     0.1392757660167131       5.124972668183693E-13    5.133382189395325E-13    0.25                     5.0E10                   2700                     5518.594829201442        3186.1622101879293       2502.294445801098
1.37047                  7.2                      0.1388888888888889       5.127066618200671E-13    5.134923741709621E-13    0.25                     5.0E10                   2700                     5518.594829201442        3186.1622101879293       2502.294445801098
1.37047                  7.22                     0.13850415512465375      5.129138973466966E-13    5.136449301243441E-13    0.25                     5.0E10                   2700                     5518.594829201442        3186.1622101879293       2502.294445801098
1.37047                  7.24                     0.13812154696132597      5.131190002616794E-13    5.13795906267137E-13     0.25                     5.0E10                   2700                     5518.594829201442        3186.1622101879293       2502.294445801098
1.37047                  7.26                     0.13774104683195593      5.133219971817124E-13    5.139453219281269E-13    0.25                     5.0E10                   2700                     5518.594829201442        3186.1622101879293       2502.294445801098
1.37047                  7.279999999999999        0.13736263736263737      5.135229144368179E-13    5.140931962751222E-13    0.25                     5.0E10                   2700                     5518.594829201442        3186.1622101879293       2502.294445801098
1.37047                  7.3                      0.13698630136986303      5.137217781040188E-13    5.142395483275378E-13    0.25                     5.0E10                   2700                     5518.594829201442        3186.1622101879293       2502.294445801098
1.37047                  7.319999999999999        0.1366120218579235       5.139186139993193E-13    5.143843969519579E-13    0.25                     5.0E10                   2700                     5518.594829201442        3186.1622101879293       2502.294445801098
1.37047                  7.34                     0.1362397820163488       5.141134476448255E-13    5.145277608369651E-13    0.25                     5.0E10                   2700                     5518.594829201442        3186.1622101879293       2502.294445801098
1.37047                  7.359999999999999        0.13586956521739132      5.143063042919977E-13    5.14669658511328E-13     0.25                     5.0E10                   2700                     5518.594829201442        3186.1622101879293       2502.294445801098
1.37047                  7.38                     0.13550135501355012      5.144972089326369E-13    5.148101083354325E-13    0.25                     5.0E10                   2700                     5518.594829201442        3186.1622101879293       2502.294445801098
1.37047                  7.3999999999999995       0.13513513513513514      5.146861862658687E-13    5.149491284920951E-13    0.25                     5.0E10                   2700                     5518.594829201442        3186.1622101879293       2502.294445801098
1.37047                  7.42                     0.1347708894878706       5.148732607132874E-13    5.150867369871636E-13    0.25                     5.0E10                   2700                     5518.594829201442        3186.1622101879293       2502.294445801098
1.37047                  7.4399999999999995       0.13440860215053765      5.150584564304138E-13    5.152229516556484E-13    0.25                     5.0E10                   2700                     5518.594829201442        3186.1622101879293       2502.294445801098
1.37047                  7.46                     0.13404825737265413      5.152417972769663E-13    5.153577901424036E-13    0.25                     5.0E10                   2700                     5518.594829201442        3186.1622101879293       2502.294445801098
1.37047                  7.4799999999999995       0.1336898395721925       5.154233068392913E-13    5.154912699124257E-13    0.25                     5.0E10                   2700                     5518.594829201442        3186.1622101879293       2502.294445801098
1.37047                  7.5                      0.13333333333333333      5.156030084243557E-13    5.156234082469455E-13    0.25                     5.0E10                   2700                     5518.594829201442        3186.1622101879293       2502.294445801098
1.37047                  7.52                     0.13297872340425532      5.157809250514013E-13    5.157542222384653E-13    0.25                     5.0E10                   2700                     5518.594829201442        3186.1622101879293       2502.294445801098
1.37047                  7.54                     0.13262599469496023      5.159570794773125E-13    5.158837287980522E-13    0.25                     5.0E10                   2700                     5518.594829201442        3186.1622101879293       2502.294445801098
1.37047                  7.56                     0.13227513227513227      5.161314941543046E-13    5.160119446410322E-13    0.25                     5.0E10                   2700                     5518.594829201442        3186.1622101879293       2502.294445801098
1.37047                  7.58                     0.13192612137203166      5.163041912815427E-13    5.161388863015931E-13    0.25                     5.0E10                   2700                     5518.594829201442        3186.1622101879293       2502.294445801098
1.37047                  7.6                      0.13157894736842105      5.164751927588046E-13    5.162645701145596E-13    0.25                     5.0E10                   2700                     5518.594829201442        3186.1622101879293       2502.294445801098
1.37047                  7.62                     0.13123359580052493      5.166445202208369E-13    5.163890122319295E-13    0.25                     5.0E10                   2700                     5518.594829201442        3186.1622101879293       2502.294445801098
1.37047                  7.64                     0.13089005235602094      5.168121950174172E-13    5.16512228610445E-13     0.25                     5.0E10                   2700                     5518.594829201442        3186.1622101879293       2502.294445801098
1.37047                  7.66                     0.13054830287206268      5.169782382433996E-13    5.166342350214313E-13    0.25                     5.0E10                   2700                     5518.594829201442        3186.1622101879293       2502.294445801098
1.37047                  7.68                     0.13020833333333334      5.171426706945113E-13    5.167550470422128E-13    0.25                     5.0E10                   2700                     5518.594829201442        3186.1622101879293       2502.294445801098
1.37047                  7.7                      0.12987012987012989      5.173055129095311E-13    5.168746800543591E-13    0.25                     5.0E10                   2700                     5518.594829201442        3186.1622101879293       2502.294445801098
1.37047                  7.72                     0.1295336787564767       5.174667851549663E-13    5.169931492589456E-13    0.25                     5.0E10                   2700                     5518.594829201442        3186.1622101879293       2502.294445801098
1.37047                  7.74                     0.12919896640826872      5.176265074310358E-13    5.171104696613679E-13    0.25                     5.0E10                   2700                     5518.594829201442        3186.1622101879293       2502.294445801098
1.37047                  7.76                     0.1288659793814433       5.17784699464901E-13     5.172266560772358E-13    0.25                     5.0E10                   2700                     5518.594829201442        3186.1622101879293       2502.294445801098
1.37047                  7.779999999999999        0.12853470437017997      5.179413807240278E-13    5.173417231351627E-13    0.25                     5.0E10                   2700                     5518.594829201442        3186.1622101879293       2502.294445801098
1.37047                  7.8                      0.12820512820512822      5.18096570416688E-13     5.174556852766339E-13    0.25                     5.0E10                   2700                     5518.594829201442        3186.1622101879293       2502.294445801098
1.37047                  7.819999999999999        0.1278772378516624       5.18250287477478E-13     5.17568556751214E-13     0.25                     5.0E10                   2700                     5518.594829201442        3186.1622101879293       2502.294445801098
1.37047                  7.84                     0.12755102040816327      5.184025505970022E-13    5.176803516271731E-13    0.25                     5.0E10                   2700                     5518.594829201442        3186.1622101879293       2502.294445801098
1.37047                  7.859999999999999        0.1272264631043257       5.185533782008918E-13    5.177910837837268E-13    0.25                     5.0E10                   2700                     5518.594829201442        3186.1622101879293       2502.294445801098
1.37047                  7.88                     0.12690355329949238      5.187027884622437E-13    5.179007669184478E-13    0.25                     5.0E10                   2700                     5518.594829201442        3186.1622101879293       2502.294445801098
1.37047                  7.8999999999999995       0.12658227848101267      5.188507993072248E-13    5.180094145452765E-13    0.25                     5.0E10                   2700                     5518.594829201442        3186.1622101879293       2502.294445801098
1.37047                  7.92                     0.12626262626262624      5.189974284188813E-13    5.181170400000623E-13    0.25                     5.0E10                   2700                     5518.594829201442        3186.1622101879293       2502.294445801098
1.37047                  7.9399999999999995       0.12594458438287154      5.191426932064424E-13    5.182236564259458E-13    0.25                     5.0E10                   2700                     5518.594829201442        3186.1622101879293       2502.294445801098
1.37047                  7.96                     0.12562814070351758      5.192866108652861E-13    5.18329276802264E-13     0.25                     5.0E10                   2700                     5518.594829201442        3186.1622101879293       2502.294445801098
1.37047                  7.9799999999999995       0.12531328320802007      5.194291983340658E-13    5.184339139200772E-13    0.25                     5.0E10                   2700                     5518.594829201442        3186.1622101879293       2502.294445801098
1.37047                  8                        0.125                    5.195704723173253E-13    5.185375803995019E-13    0.25                     5.0E10                   2700                     5518.594829201442        3186.1622101879293       2502.294445801098
1.37047                  8.02                     0.12468827930174564      5.197104492787285E-13    5.186402886823584E-13    0.25                     5.0E10                   2700                     5518.594829201442        3186.1622101879293       2502.294445801098
1.37047                  8.040000000000001        0.1243781094527363       5.19849145448549E-13     5.187420510375301E-13    0.25                     5.0E10                   2700                     5518.594829201442        3186.1622101879293       2502.294445801098
1.37047                  8.06                     0.12406947890818859      5.19986576830865E-13     5.188428795672649E-13    0.25                     5.0E10                   2700                     5518.594829201442        3186.1622101879293       2502.294445801098
1.37047                  8.08                     0.12376237623762378      5.201227591939199E-13    5.189427861962518E-13    0.25                     5.0E10                   2700                     5518.594829201442        3186.1622101879293       2502.294445801098
1.37047                  8.1                      0.1234567901234568       5.202577080867876E-13    5.190417826875849E-13    0.25                     5.0E10                   2700                     5518.594829201442        3186.1622101879293       2502.294445801098
1.37047                  8.12                     0.12315270935960593      5.203914388292923E-13    5.191398806323991E-13    0.25                     5.0E10                   2700                     5518.594829201442        3186.1622101879293       2502.294445801098
1.37047                  8.14                     0.12285012285012284      5.205239665281718E-13    5.192370914620489E-13    0.25                     5.0E10                   2700                     5518.594829201442        3186.1622101879293       2502.294445801098
1.37047                  8.16                     0.12254901960784315      5.206553060674377E-13    5.193334264429481E-13    0.25                     5.0E10                   2700                     5518.594829201442        3186.1622101879293       2502.294445801098
1.37047                  8.18                     0.12224938875305624      5.207854721095093E-13    5.194288966742414E-13    0.25                     5.0E10                   2700                     5518.594829201442        3186.1622101879293       2502.294445801098
1.37047                  8.2                      0.12195121951219513      5.209144791181123E-13    5.19523513105841E-13     0.25                     5.0E10                   2700                     5518.594829201442        3186.1622101879293       2502.294445801098
1.37047                  8.22                     0.121654501216545        5.210423413392322E-13    5.196172865229033E-13    0.25                     5.0E10                   2700                     5518.594829201442        3186.1622101879293       2502.294445801098
1.37047                  8.24                     0.12135922330097086      5.211690728095697E-13    5.19710227555907E-13     0.25                     5.0E10                   2700                     5518.594829201442        3186.1622101879293       2502.294445801098
1.37047                  8.26                     0.12106537530266344      5.212946873586137E-13    5.19802346679877E-13     0.25                     5.0E10                   2700                     5518.594829201442        3186.1622101879293       2502.294445801098
1.37047                  8.28                     0.1207729468599034       5.214191986326544E-13    5.198936542217692E-13    0.25                     5.0E10                   2700                     5518.594829201442        3186.1622101879293       2502.294445801098
1.37047                  8.299999999999999        0.1204819277108434       5.21542620055507E-13     5.199841603539169E-13    0.25                     5.0E10                   2700                     5518.594829201442        3186.1622101879293       2502.294445801098
1.37047                  8.32                     0.12019230769230768      5.21664964876771E-13     5.200738751054201E-13    0.25                     5.0E10                   2700                     5518.594829201442        3186.1622101879293       2502.294445801098
1.37047                  8.34                     0.11990407673860912      5.217862461295426E-13    5.201628083501202E-13    0.25                     5.0E10                   2700                     5518.594829201442        3186.1622101879293       2502.294445801098
1.37047                  8.36                     0.1196172248803828       5.219064766735289E-13    5.202509698238044E-13    0.25                     5.0E10                   2700                     5518.594829201442        3186.1622101879293       2502.294445801098
1.37047                  8.379999999999999        0.11933174224343678      5.22025669172858E-13     5.203383691171472E-13    0.25                     5.0E10                   2700                     5518.594829201442        3186.1622101879293       2502.294445801098
1.37047                  8.4                      0.11904761904761904      5.221438361057486E-13    5.204250156796747E-13    0.25                     5.0E10                   2700                     5518.594829201442        3186.1622101879293       2502.294445801098
1.37047                  8.42                     0.11876484560570072      5.222609897639603E-13    5.20510918817251E-13     0.25                     5.0E10                   2700                     5518.594829201442        3186.1622101879293       2502.294445801098
1.37047                  8.44                     0.11848341232227488      5.223771422751837E-13    5.205960877104747E-13    0.25                     5.0E10                   2700                     5518.594829201442        3186.1622101879293       2502.294445801098
1.37047                  8.459999999999999        0.11820330969267141      5.224923055717463E-13    5.206805313929934E-13    0.25                     5.0E10                   2700                     5518.594829201442        3186.1622101879293       2502.294445801098
1.37047                  8.48                     0.1179245283018868       5.226064914069018E-13    5.207642587627445E-13    0.25                     5.0E10                   2700                     5518.594829201442        3186.1622101879293       2502.294445801098
1.37047                  8.5                      0.11764705882352941      5.22719711378415E-13     5.208472785948927E-13    0.25                     5.0E10                   2700                     5518.594829201442        3186.1622101879293       2502.294445801098
1.37047                  8.52                     0.11737089201877934      5.228319769069822E-13    5.20929599532517E-13     0.25                     5.0E10                   2700                     5518.594829201442        3186.1622101879293       2502.294445801098
1.37047                  8.54                     0.117096018735363        5.229432992413493E-13    5.210112300849439E-13    0.25                     5.0E10                   2700                     5518.594829201442        3186.1622101879293       2502.294445801098
1.37047                  8.56                     0.11682242990654204      5.23053689466804E-13     5.210921786400366E-13    0.25                     5.0E10                   2700                     5518.594829201442        3186.1622101879293       2502.294445801098
1.37047                  8.58                     0.11655011655011656      5.231631585033367E-13    5.211724534574293E-13    0.25                     5.0E10                   2700                     5518.594829201442        3186.1622101879293       2502.294445801098
1.37047                  8.6                      0.11627906976744186      5.232717171141177E-13    5.212520626746092E-13    0.25                     5.0E10                   2700                     5518.594829201442        3186.1622101879293       2502.294445801098
1.37047                  8.62                     0.1160092807424594       5.233793759125141E-13    5.21331014314515E-13     0.25                     5.0E10                   2700                     5518.594829201442        3186.1622101879293       2502.294445801098
1.37047                  8.64                     0.11574074074074073      5.234861453339958E-13    5.214093162654025E-13    0.25                     5.0E10                   2700                     5518.594829201442        3186.1622101879293       2502.294445801098
1.37047                  8.66                     0.11547344110854503      5.235920356816591E-13    5.21486976316438E-13     0.25                     5.0E10                   2700                     5518.594829201442        3186.1622101879293       2502.294445801098
1.37047                  8.68                     0.1152073732718894       5.236970571000487E-13    5.215640021291829E-13    0.25                     5.0E10                   2700                     5518.594829201442        3186.1622101879293       2502.294445801098
1.37047                  8.7                      0.11494252873563218      5.238012195759363E-13    5.216404012469257E-13    0.25                     5.0E10                   2700                     5518.594829201442        3186.1622101879293       2502.294445801098
1.37047                  8.72                     0.1146788990825688       5.239045329658453E-13    5.217161811138745E-13    0.25                     5.0E10                   2700                     5518.594829201442        3186.1622101879293       2502.294445801098
1.37047                  8.74                     0.11441647597254004      5.240070069690656E-13    5.21791349052097E-13     0.25                     5.0E10                   2700                     5518.594829201442        3186.1622101879293       2502.294445801098
1.37047                  8.76                     0.1141552511415525       5.241104128714079E-13    5.218675187006147E-13    0.25                     5.0E10                   2700                     5518.594829201442        3186.1622101879293       2502.294445801098
1.37047                  8.78                     0.11389521640091117      5.242112453923253E-13    5.219414929873863E-13    0.25                     5.0E10                   2700                     5518.594829201442        3186.1622101879293       2502.294445801098
1.37047                  8.8                      0.11363636363636362      5.243112667984975E-13    5.220148766794043E-13    0.25                     5.0E10                   2700                     5518.594829201442        3186.1622101879293       2502.294445801098
1.37047                  8.82                     0.11337868480725624      5.244104862231544E-13    5.22087676663992E-13     0.25                     5.0E10                   2700                     5518.594829201442        3186.1622101879293       2502.294445801098
1.37047                  8.84                     0.11312217194570136      5.245089126941531E-13    5.221598997447253E-13    0.25                     5.0E10                   2700                     5518.594829201442        3186.1622101879293       2502.294445801098
1.37047                  8.86                     0.11286681715575621      5.246065550873848E-13    5.222315526147354E-13    0.25                     5.0E10                   2700                     5518.594829201442        3186.1622101879293       2502.294445801098
1.37047                  8.879999999999999        0.11261261261261263      5.247034221708596E-13    5.223026418730529E-13    0.25                     5.0E10                   2700                     5518.594829201442        3186.1622101879293       2502.294445801098
1.37047                  8.9                      0.11235955056179775      5.247995225547767E-13    5.223731740076941E-13    0.25                     5.0E10                   2700                     5518.594829201442        3186.1622101879293       2502.294445801098
1.37047                  8.92                     0.11210762331838565      5.248948647545426E-13    5.22443155428867E-13     0.25                     5.0E10                   2700                     5518.594829201442        3186.1622101879293       2502.294445801098
1.37047                  8.94                     0.11185682326621925      5.249894571496402E-13    5.225125924406123E-13    0.25                     5.0E10                   2700                     5518.594829201442        3186.1622101879293       2502.294445801098
1.37047                  8.959999999999999        0.11160714285714285      5.250833080004632E-13    5.225814912560275E-13    0.25                     5.0E10                   2700                     5518.594829201442        3186.1622101879293       2502.294445801098
1.37047                  8.98                     0.11135857461024498      5.251764254399009E-13    5.226498579933949E-13    0.25                     5.0E10                   2700                     5518.594829201442        3186.1622101879293       2502.294445801098
1.37047                  9                        0.11111111111111112      5.252688174950213E-13    5.227176986848495E-13    0.25                     5.0E10                   2700                     5518.594829201442        3186.1622101879293       2502.294445801098
1.37047                  9.02                     0.11086474501108647      5.253604920697938E-13    5.22785019270919E-13     0.25                     5.0E10                   2700                     5518.594829201442        3186.1622101879293       2502.294445801098
1.37047                  9.04                     0.11061946902654868      5.254514569601972E-13    5.228518256043141E-13    0.25                     5.0E10                   2700                     5518.594829201442        3186.1622101879293       2502.294445801098
1.37047                  9.06                     0.11037527593818983      5.2554171984823E-13      5.229181234537333E-13    0.25                     5.0E10                   2700                     5518.594829201442        3186.1622101879293       2502.294445801098
1.37047                  9.08                     0.11013215859030838      5.256312882959842E-13    5.229839184965164E-13    0.25                     5.0E10                   2700                     5518.594829201442        3186.1622101879293       2502.294445801098
1.37047                  9.1                      0.1098901098901099       5.257201697725628E-13    5.230492163328387E-13    0.25                     5.0E10                   2700                     5518.594829201442        3186.1622101879293       2502.294445801098
1.37047                  9.12                     0.10964912280701757      5.258083716347871E-13    5.231140224810944E-13    0.25                     5.0E10                   2700                     5518.594829201442        3186.1622101879293       2502.294445801098
1.37047                  9.14                     0.10940919037199125      5.25895901129501E-13     5.231783423739177E-13    0.25                     5.0E10                   2700                     5518.594829201442        3186.1622101879293       2502.294445801098
1.37047                  9.16                     0.10917030567685589      5.259827654086147E-13    5.232421813671063E-13    0.25                     5.0E10                   2700                     5518.594829201442        3186.1622101879293       2502.294445801098
1.37047                  9.18                     0.10893246187363835      5.260689715127384E-13    5.23305544735591E-13     0.25                     5.0E10                   2700                     5518.594829201442        3186.1622101879293       2502.294445801098
1.37047                  9.2                      0.10869565217391305      5.261545263914494E-13    5.233684376805251E-13    0.25                     5.0E10                   2700                     5518.594829201442        3186.1622101879293       2502.294445801098
1.37047                  9.22                     0.10845986984815618      5.262394369016646E-13    5.234308653319253E-13    0.25                     5.0E10                   2700                     5518.594829201442        3186.1622101879293       2502.294445801098
1.37047                  9.24                     0.10822510822510822      5.263237097769798E-13    5.234928327269117E-13    0.25                     5.0E10                   2700                     5518.594829201442        3186.1622101879293       2502.294445801098
1.37047                  9.26                     0.1079913606911447       5.264073516869826E-13    5.235543448510626E-13    0.25                     5.0E10                   2700                     5518.594829201442        3186.1622101879293       2502.294445801098
1.37047                  9.28                     0.10775862068965518      5.264903691871589E-13    5.236154066029359E-13    0.25                     5.0E10                   2700                     5518.594829201442        3186.1622101879293       2502.294445801098
1.37047                  9.3                      0.10752688172043011      5.265727687550595E-13    5.236760228183536E-13    0.25                     5.0E10                   2700                     5518.594829201442        3186.1622101879293       2502.294445801098
1.37047                  9.32                     0.1072961373390558       5.266545567724433E-13    5.237361982647236E-13    0.25                     5.0E10                   2700                     5518.594829201442        3186.1622101879293       2502.294445801098
1.37047                  9.34                     0.10706638115631692      5.267357395149426E-13    5.237959376225145E-13    0.25                     5.0E10                   2700                     5518.594829201442        3186.1622101879293       2502.294445801098
1.37047                  9.36                     0.10683760683760683      5.268163232022957E-13    5.238552455297783E-13    0.25                     5.0E10                   2700                     5518.594829201442        3186.1622101879293       2502.294445801098
1.37047                  9.379999999999999        0.10660980810234544      5.268963139420147E-13    5.239141265427467E-13    0.25                     5.0E10                   2700                     5518.594829201442        3186.1622101879293       2502.294445801098
1.37047                  9.4                      0.10638297872340426      5.269757177678458E-13    5.239725851544428E-13    0.25                     5.0E10                   2700                     5518.594829201442        3186.1622101879293       2502.294445801098
1.37047                  9.42                     0.10615711252653928      5.270545406394422E-13    5.240306257992218E-13    0.25                     5.0E10                   2700                     5518.594829201442        3186.1622101879293       2502.294445801098
1.37047                  9.44                     0.1059322033898305       5.271327884148311E-13    5.240882528450483E-13    0.25                     5.0E10                   2700                     5518.594829201442        3186.1622101879293       2502.294445801098
1.37047                  9.459999999999999        0.10570824524312897      5.272104668812588E-13    5.241454705910642E-13    0.25                     5.0E10                   2700                     5518.594829201442        3186.1622101879293       2502.294445801098
1.37047                  9.48                     0.10548523206751054      5.272875817331663E-13    5.242022832781522E-13    0.25                     5.0E10                   2700                     5518.594829201442        3186.1622101879293       2502.294445801098
1.37047                  9.5                      0.10526315789473685      5.273641386197604E-13    5.242586950988239E-13    0.25                     5.0E10                   2700                     5518.594829201442        3186.1622101879293       2502.294445801098
1.37047                  9.52                     0.10504201680672269      5.274401430832985E-13    5.243147101731223E-13    0.25                     5.0E10                   2700                     5518.594829201442        3186.1622101879293       2502.294445801098
1.37047                  9.54                     0.10482180293501049      5.275156005961695E-13    5.243703325639058E-13    0.25                     5.0E10                   2700                     5518.594829201442        3186.1622101879293       2502.294445801098
1.37047                  9.56                     0.10460251046025104      5.275905165633198E-13    5.244255662827018E-13    0.25                     5.0E10                   2700                     5518.594829201442        3186.1622101879293       2502.294445801098
1.37047                  9.58                     0.10438413361169102      5.276648963142142E-13    5.244804152808994E-13    0.25                     5.0E10                   2700                     5518.594829201442        3186.1622101879293       2502.294445801098
1.37047                  9.6                      0.10416666666666667      5.277387451051223E-13    5.245348834570821E-13    0.25                     5.0E10                   2700                     5518.594829201442        3186.1622101879293       2502.294445801098
1.37047                  9.62                     0.10395010395010396      5.278120681185416E-13    5.245889746501024E-13    0.25                     5.0E10                   2700                     5518.594829201442        3186.1622101879293       2502.294445801098
1.37047                  9.64                     0.10373443983402489      5.278848704728569E-13    5.246426926496609E-13    0.25                     5.0E10                   2700                     5518.594829201442        3186.1622101879293       2502.294445801098
1.37047                  9.66                     0.10351966873706003      5.279571572159187E-13    5.246960411953076E-13    0.25                     5.0E10                   2700                     5518.594829201442        3186.1622101879293       2502.294445801098
1.37047                  9.68                     0.10330578512396693      5.28028933317446E-13     5.247490239611073E-13    0.25                     5.0E10                   2700                     5518.594829201442        3186.1622101879293       2502.294445801098
1.37047                  9.7                      0.10309278350515465      5.281002037069367E-13    5.24801644591779E-13     0.25                     5.0E10                   2700                     5518.594829201442        3186.1622101879293       2502.294445801098
1.37047                  9.72                     0.102880658436214        5.281709732255452E-13    5.24853906665263E-13     0.25                     5.0E10                   2700                     5518.594829201442        3186.1622101879293       2502.294445801098
1.37047                  9.74                     0.1026694045174538       5.282412466505792E-13    5.249058137108787E-13    0.25                     5.0E10                   2700                     5518.594829201442        3186.1622101879293       2502.294445801098
1.37047                  9.76                     0.10245901639344263      5.283110287219562E-13    5.249573692269438E-13    0.25                     5.0E10                   2700                     5518.594829201442        3186.1622101879293       2502.294445801098
1.37047                  9.78                     0.10224948875255623      5.283803240715355E-13    5.250085766327736E-13    0.25                     5.0E10                   2700                     5518.594829201442        3186.1622101879293       2502.294445801098
1.37047                  9.8                      0.10204081632653059      5.28449137313024E-13     5.250594393297247E-13    0.25                     5.0E10                   2700                     5518.594829201442        3186.1622101879293       2502.294445801098
1.37047                  9.82                     0.10183299389002037      5.285174729805967E-13    5.251099606604749E-13    0.25                     5.0E10                   2700                     5518.594829201442        3186.1622101879293       2502.294445801098
1.37047                  9.84                     0.1016260162601626       5.285853355441182E-13    5.25160143916832E-13     0.25                     5.0E10                   2700                     5518.594829201442        3186.1622101879293       2502.294445801098
1.37047                  9.86                     0.10141987829614604      5.28652729442281E-13     5.252099923669809E-13    0.25                     5.0E10                   2700                     5518.594829201442        3186.1622101879293       2502.294445801098
1.37047                  9.879999999999999        0.10121457489878542      5.287196590198341E-13    5.252595092080658E-13    0.25                     5.0E10                   2700                     5518.594829201442        3186.1622101879293       2502.294445801098
1.37047                  9.9                      0.101010101010101        5.287861285880115E-13    5.253086976130624E-13    0.25                     5.0E10                   2700                     5518.594829201442        3186.1622101879293       2502.294445801098
1.37047                  9.92                     0.10080645161290322      5.288521423944577E-13    5.253575607023216E-13    0.25                     5.0E10                   2700                     5518.594829201442        3186.1622101879293       2502.294445801098
1.37047                  9.94                     0.1006036217303823       5.289177046400478E-13    5.254061015641773E-13    0.25                     5.0E10                   2700                     5518.594829201442        3186.1622101879293       2502.294445801098
1.37047                  9.959999999999999        0.10040160642570282      5.289828194649162E-13    5.254543232374118E-13    0.25                     5.0E10                   2700                     5518.594829201442        3186.1622101879293       2502.294445801098
1.37047                  9.98                     0.1002004008016032       5.290474909582885E-13    5.255022287210942E-13    0.25                     5.0E10                   2700                     5518.594829201442        3186.1622101879293       2502.294445801098
1.37047                  10                       0.1                      5.290702560529032E-13    5.254838730461854E-13    0.25                     5.0E10                   2700                     5518.594829201442        3186.1622101879293       2502.294445801098
