1.04048                  0.1                      10                       5.331362137763237E-13    5.331371663715785E-13    0.25                     5.0E10                   2700                     4808.510973032897        2776.1951046818126       2502.294445801098
1.04048                  0.12000000000000001      8.333333333333332        5.362977579280508E-13    5.363547838752629E-13    0.25                     5.0E10                   2700                     4808.510973032897        2776.1951046818126       2502.294445801098
1.04048                  0.14                     7.1428571428571415       5.341211086583709E-13    5.339558045232539E-13    0.25                     5.0E10                   2700                     4808.510973032897        2776.1951046818126       2502.294445801098
1.04048                  0.16                     6.249999999999999        5.330825259521467E-13    5.331791265619471E-13    0.25                     5.0E10                   2700                     4808.510973032897        2776.1951046818126       2502.294445801098
1.04048                  0.18                     5.555555555555555        5.372666429648776E-13    5.372925453702967E-13    0.25                     5.0E10                   2700                     4808.510973032897        2776.1951046818126       2502.294445801098
1.04048                  0.2                      5                        5.334443483846205E-13    5.331446636840462E-13    0.25                     5.0E10                   2700                     4808.510973032897        2776.1951046818126       2502.294445801098
1.04048                  0.22                     4.545454545454546        5.367640302048958E-13    5.367384795806151E-13    0.25                     5.0E10                   2700                     4808.510973032897        2776.1951046818126       2502.294445801098
1.04048                  0.24000000000000002      4.166666666666666        5.363199857384794E-13    5.364137008915097E-13    0.25                     5.0E10                   2700                     4808.510973032897        2776.1951046818126       2502.294445801098
1.04048                  0.26                     3.846153846153846        5.349509851458792E-13    5.350266713152756E-13    0.25                     5.0E10                   2700                     4808.510973032897        2776.1951046818126       2502.294445801098
1.04048                  0.28                     3.5714285714285707       5.371353474329436E-13    5.372637571385253E-13    0.25                     5.0E10                   2700                     4808.510973032897        2776.1951046818126       2502.294445801098
1.04048                  0.30000000000000004      3.3333333333333326       5.365873760603556E-13    5.364825639683533E-13    0.25                     5.0E10                   2700                     4808.510973032897        2776.1951046818126       2502.294445801098
1.04048                  0.32                     3.1249999999999996       5.337253358545776E-13    5.334282217129311E-13    0.25                     5.0E10                   2700                     4808.510973032897        2776.1951046818126       2502.294445801098
1.04048                  0.33999999999999997      2.9411764705882355       5.376159930780207E-13    5.378400276738541E-13    0.25                     5.0E10                   2700                     4808.510973032897        2776.1951046818126       2502.294445801098
1.04048                  0.36                     2.7777777777777777       5.352661282632584E-13    5.355139509668918E-13    0.25                     5.0E10                   2700                     4808.510973032897        2776.1951046818126       2502.294445801098
1.04048                  0.38                     2.6315789473684212       5.34886914621559E-13     5.341439198071769E-13    0.25                     5.0E10                   2700                     4808.510973032897        2776.1951046818126       2502.294445801098
1.04048                  0.4                      2.5                      5.343920491750695E-13    5.341892882581652E-13    0.25                     5.0E10                   2700                     4808.510973032897        2776.1951046818126       2502.294445801098
1.04048                  0.42000000000000004      2.3809523809523805       5.356868836433134E-13    5.344022554290939E-13    0.25                     5.0E10                   2700                     4808.510973032897        2776.1951046818126       2502.294445801098
1.04048                  0.44000000000000006      2.272727272727273        5.371249079610961E-13    5.361347294340748E-13    0.25                     5.0E10                   2700                     4808.510973032897        2776.1951046818126       2502.294445801098
1.04048                  0.45999999999999996      2.173913043478261        5.40379168621644E-13     5.38704507968087E-13     0.25                     5.0E10                   2700                     4808.510973032897        2776.1951046818126       2502.294445801098
1.04048                  0.48                     2.0833333333333335       5.405416142972473E-13    5.383250471393671E-13    0.25                     5.0E10                   2700                     4808.510973032897        2776.1951046818126       2502.294445801098
1.04048                  0.5                      2                        5.376520361120008E-13    5.353887325331934E-13    0.25                     5.0E10                   2700                     4808.510973032897        2776.1951046818126       2502.294445801098
1.04048                  0.52                     1.923076923076923        5.422917175381598E-13    5.397875948786706E-13    0.25                     5.0E10                   2700                     4808.510973032897        2776.1951046818126       2502.294445801098
1.04048                  0.54                     1.8518518518518516       5.396624918128539E-13    5.370536602316316E-13    0.25                     5.0E10                   2700                     4808.510973032897        2776.1951046818126       2502.294445801098
1.04048                  0.56                     1.7857142857142854       5.420351133237737E-13    5.385961954478302E-13    0.25                     5.0E10                   2700                     4808.510973032897        2776.1951046818126       2502.294445801098
1.04048                  0.58                     1.7241379310344829       5.425109211398185E-13    5.384491667547754E-13    0.25                     5.0E10                   2700                     4808.510973032897        2776.1951046818126       2502.294445801098
1.04048                  0.6                      1.6666666666666667       5.443828661464607E-13    5.404789853789426E-13    0.25                     5.0E10                   2700                     4808.510973032897        2776.1951046818126       2502.294445801098
1.04048                  0.62                     1.6129032258064515       5.410517891693978E-13    5.372244823297893E-13    0.25                     5.0E10                   2700                     4808.510973032897        2776.1951046818126       2502.294445801098
1.04048                  0.64                     1.5624999999999998       5.458306768790351E-13    5.411987948225769E-13    0.25                     5.0E10                   2700                     4808.510973032897        2776.1951046818126       2502.294445801098
1.04048                  0.66                     1.515151515151515        5.440240364497206E-13    5.381232058115031E-13    0.25                     5.0E10                   2700                     4808.510973032897        2776.1951046818126       2502.294445801098
1.04048                  0.6799999999999999       1.4705882352941178       5.459726670764251E-13    5.394135688818517E-13    0.25                     5.0E10                   2700                     4808.510973032897        2776.1951046818126       2502.294445801098
1.04048                  0.7                      1.4285714285714286       5.47748896716636E-13     5.41444035774485E-13     0.25                     5.0E10                   2700                     4808.510973032897        2776.1951046818126       2502.294445801098
1.04048                  0.72                     1.3888888888888888       5.442395078865239E-13    5.380912025964449E-13    0.25                     5.0E10                   2700                     4808.510973032897        2776.1951046818126       2502.294445801098
1.04048                  0.74                     1.3513513513513513       5.464596058986394E-13    5.398454957439361E-13    0.25                     5.0E10                   2700                     4808.510973032897        2776.1951046818126       2502.294445801098
1.04048                  0.76                     1.3157894736842106       5.512525370128143E-13    5.435702677436716E-13    0.25                     5.0E10                   2700                     4808.510973032897        2776.1951046818126       2502.294445801098
1.04048                  0.78                     1.2820512820512822       5.504488388211998E-13    5.415123468930844E-13    0.25                     5.0E10                   2700                     4808.510973032897        2776.1951046818126       2502.294445801098
1.04048                  0.8                      1.25                     5.483525472514085E-13    5.384938723190351E-13    0.25                     5.0E10                   2700                     4808.510973032897        2776.1951046818126       2502.294445801098
1.04048                  0.82                     1.2195121951219514       5.497925957365577E-13    5.3964306850399E-13      0.25                     5.0E10                   2700                     4808.510973032897        2776.1951046818126       2502.294445801098
1.04048                  0.84                     1.1904761904761905       5.508348045280477E-13    5.412256021177264E-13    0.25                     5.0E10                   2700                     4808.510973032897        2776.1951046818126       2502.294445801098
1.04048                  0.86                     1.1627906976744187       5.490537187167527E-13    5.400813523208079E-13    0.25                     5.0E10                   2700                     4808.510973032897        2776.1951046818126       2502.294445801098
1.04048                  0.88                     1.1363636363636365       5.469250435877878E-13    5.382832849289402E-13    0.25                     5.0E10                   2700                     4808.510973032897        2776.1951046818126       2502.294445801098
1.04048                  0.9                      1.1111111111111112       5.479611229997128E-13    5.390990918598375E-13    0.25                     5.0E10                   2700                     4808.510973032897        2776.1951046818126       2502.294445801098
1.04048                  0.92                     1.0869565217391304       5.512855984070332E-13    5.417159184308223E-13    0.25                     5.0E10                   2700                     4808.510973032897        2776.1951046818126       2502.294445801098
1.04048                  0.94                     1.0638297872340425       5.535072190547447E-13    5.430207122571802E-13    0.25                     5.0E10                   2700                     4808.510973032897        2776.1951046818126       2502.294445801098
1.04048                  0.96                     1.0416666666666667       5.530232769164833E-13    5.416466002475097E-13    0.25                     5.0E10                   2700                     4808.510973032897        2776.1951046818126       2502.294445801098
1.04048                  0.98                     1.0204081632653061       5.513311186402743E-13    5.391985263616547E-13    0.25                     5.0E10                   2700                     4808.510973032897        2776.1951046818126       2502.294445801098
1.04048                  1                        1                        5.506408342210348E-13    5.378752719457767E-13    0.25                     5.0E10                   2700                     4808.510973032897        2776.1951046818126       2502.294445801098
1.04048                  1.02                     0.9803921568627452       5.520025554969875E-13    5.390891349240757E-13    0.25                     5.0E10                   2700                     4808.510973032897        2776.1951046818126       2502.294445801098
1.04048                  1.04                     0.9615384615384615       5.540864717277127E-13    5.414420225598215E-13    0.25                     5.0E10                   2700                     4808.510973032897        2776.1951046818126       2502.294445801098
1.04048                  1.06                     0.9433962264150944       5.550979762149463E-13    5.431044008275172E-13    0.25                     5.0E10                   2700                     4808.510973032897        2776.1951046818126       2502.294445801098
1.04048                  1.08                     0.9259259259259258       5.540813896704664E-13    5.42969830231942E-13     0.25                     5.0E10                   2700                     4808.510973032897        2776.1951046818126       2502.294445801098
1.04048                  1.1                      0.909090909090909        5.514563663598277E-13    5.412457106784588E-13    0.25                     5.0E10                   2700                     4808.510973032897        2776.1951046818126       2502.294445801098
1.04048                  1.12                     0.8928571428571427       5.483822153888486E-13    5.389812983823535E-13    0.25                     5.0E10                   2700                     4808.510973032897        2776.1951046818126       2502.294445801098
1.04048                  1.1400000000000001       0.8771929824561403       5.462711389801256E-13    5.372870301468151E-13    0.25                     5.0E10                   2700                     4808.510973032897        2776.1951046818126       2502.294445801098
1.04048                  1.1600000000000001       0.8620689655172412       5.45500763361899E-13     5.366274672862699E-13    0.25                     5.0E10                   2700                     4808.510973032897        2776.1951046818126       2502.294445801098
1.04048                  1.1800000000000002       0.8474576271186439       5.458465219790022E-13    5.368223246690224E-13    0.25                     5.0E10                   2700                     4808.510973032897        2776.1951046818126       2502.294445801098
1.04048                  1.2000000000000002       0.8333333333333331       5.466726732517919E-13    5.373130866521555E-13    0.25                     5.0E10                   2700                     4808.510973032897        2776.1951046818126       2502.294445801098
1.04048                  1.2200000000000002       0.8196721311475409       5.473369768277701E-13    5.375435180822297E-13    0.25                     5.0E10                   2700                     4808.510973032897        2776.1951046818126       2502.294445801098
1.04048                  1.2400000000000002       0.8064516129032256       5.474877218723363E-13    5.372397688165744E-13    0.25                     5.0E10                   2700                     4808.510973032897        2776.1951046818126       2502.294445801098
1.04048                  1.26                     0.7936507936507936       5.471162951384818E-13    5.364726711142086E-13    0.25                     5.0E10                   2700                     4808.510973032897        2776.1951046818126       2502.294445801098
1.04048                  1.28                     0.7812499999999999       5.466019476234817E-13    5.356430468680278E-13    0.25                     5.0E10                   2700                     4808.510973032897        2776.1951046818126       2502.294445801098
1.04048                  1.3                      0.7692307692307692       5.462910639420838E-13    5.351312155420949E-13    0.25                     5.0E10                   2700                     4808.510973032897        2776.1951046818126       2502.294445801098
1.04048                  1.32                     0.7575757575757575       5.464423929566509E-13    5.352200733386968E-13    0.25                     5.0E10                   2700                     4808.510973032897        2776.1951046818126       2502.294445801098
1.04048                  1.34                     0.7462686567164178       5.471217213214311E-13    5.359934362392362E-13    0.25                     5.0E10                   2700                     4808.510973032897        2776.1951046818126       2502.294445801098
1.04048                  1.36                     0.7352941176470588       5.481935604314122E-13    5.373271654957318E-13    0.25                     5.0E10                   2700                     4808.510973032897        2776.1951046818126       2502.294445801098
1.04048                  1.3800000000000001       0.7246376811594203       5.49376840597481E-13     5.38942493215211E-13     0.25                     5.0E10                   2700                     4808.510973032897        2776.1951046818126       2502.294445801098
1.04048                  1.4000000000000001       0.7142857142857142       5.503325580625553E-13    5.404913768732262E-13    0.25                     5.0E10                   2700                     4808.510973032897        2776.1951046818126       2502.294445801098
1.04048                  1.4200000000000002       0.704225352112676        5.50756801264458E-13     5.416483842959278E-13    0.25                     5.0E10                   2700                     4808.510973032897        2776.1951046818126       2502.294445801098
1.04048                  1.4400000000000002       0.6944444444444444       5.504894236158947E-13    5.421855680339907E-13    0.25                     5.0E10                   2700                     4808.510973032897        2776.1951046818126       2502.294445801098
1.04048                  1.4600000000000002       0.6849315068493149       5.494185887656191E-13    5.420145988834156E-13    0.25                     5.0E10                   2700                     4808.510973032897        2776.1951046818126       2502.294445801098
1.04048                  1.4800000000000002       0.6756756756756755       5.476502035885623E-13    5.41172301258696E-13     0.25                     5.0E10                   2700                     4808.510973032897        2776.1951046818126       2502.294445801098
1.04048                  1.5000000000000002       0.6666666666666665       5.453760930684815E-13    5.398103682012334E-13    0.25                     5.0E10                   2700                     4808.510973032897        2776.1951046818126       2502.294445801098
1.04048                  1.52                     0.6578947368421053       5.42844962769821E-13     5.381437414273824E-13    0.25                     5.0E10                   2700                     4808.510973032897        2776.1951046818126       2502.294445801098
1.04048                  1.54                     0.6493506493506493       5.403113122964149E-13    5.364017686161117E-13    0.25                     5.0E10                   2700                     4808.510973032897        2776.1951046818126       2502.294445801098
1.04048                  1.56                     0.6410256410256411       5.37994873976307E-13     5.347881710887572E-13    0.25                     5.0E10                   2700                     4808.510973032897        2776.1951046818126       2502.294445801098
1.04048                  1.58                     0.6329113924050632       5.360555324218776E-13    5.334551872432004E-13    0.25                     5.0E10                   2700                     4808.510973032897        2776.1951046818126       2502.294445801098
1.04048                  1.6                      0.625                    5.345834591057286E-13    5.324921818579512E-13    0.25                     5.0E10                   2700                     4808.510973032897        2776.1951046818126       2502.294445801098
1.04048                  1.62                     0.6172839506172839       5.336019875573179E-13    5.319268305887935E-13    0.25                     5.0E10                   2700                     4808.510973032897        2776.1951046818126       2502.294445801098
1.04048                  1.6400000000000001       0.6097560975609756       5.33077567285359E-13     5.317333451362951E-13    0.25                     5.0E10                   2700                     4808.510973032897        2776.1951046818126       2502.294445801098
1.04048                  1.6600000000000001       0.6024096385542168       5.329351803297012E-13    5.318465665151189E-13    0.25                     5.0E10                   2700                     4808.510973032897        2776.1951046818126       2502.294445801098
1.04048                  1.6800000000000002       0.5952380952380951       5.331691571910254E-13    5.322960939845123E-13    0.25                     5.0E10                   2700                     4808.510973032897        2776.1951046818126       2502.294445801098
1.04048                  1.7000000000000002       0.588235294117647        5.334902051654692E-13    5.327544580746004E-13    0.25                     5.0E10                   2700                     4808.510973032897        2776.1951046818126       2502.294445801098
1.04048                  1.7200000000000002       0.5813953488372092       5.338757138298139E-13    5.332348626307587E-13    0.25                     5.0E10                   2700                     4808.510973032897        2776.1951046818126       2502.294445801098
1.04048                  1.7400000000000002       0.5747126436781609       5.342335703930006E-13    5.336555459157157E-13    0.25                     5.0E10                   2700                     4808.510973032897        2776.1951046818126       2502.294445801098
1.04048                  1.7600000000000002       0.5681818181818182       5.344932304838298E-13    5.339555609196363E-13    0.25                     5.0E10                   2700                     4808.510973032897        2776.1951046818126       2502.294445801098
1.04048                  1.78                     0.5617977528089887       5.346092001190213E-13    5.340978466721187E-13    0.25                     5.0E10                   2700                     4808.510973032897        2776.1951046818126       2502.294445801098
1.04048                  1.8                      0.5555555555555556       5.345601977178368E-13    5.340688283910577E-13    0.25                     5.0E10                   2700                     4808.510973032897        2776.1951046818126       2502.294445801098
1.04048                  1.82                     0.5494505494505494       5.34346766996456E-13     5.338757386133598E-13    0.25                     5.0E10                   2700                     4808.510973032897        2776.1951046818126       2502.294445801098
1.04048                  1.84                     0.5434782608695652       5.339866579386146E-13    5.335421181529052E-13    0.25                     5.0E10                   2700                     4808.510973032897        2776.1951046818126       2502.294445801098
1.04048                  1.86                     0.5376344086021505       5.335094776253059E-13    5.33102524093624E-13     0.25                     5.0E10                   2700                     4808.510973032897        2776.1951046818126       2502.294445801098
1.04048                  1.8800000000000001       0.5319148936170213       5.3295128711988E-13      5.325971869679182E-13    0.25                     5.0E10                   2700                     4808.510973032897        2776.1951046818126       2502.294445801098
1.04048                  1.9000000000000001       0.5263157894736842       5.323497364564342E-13    5.320672019467911E-13    0.25                     5.0E10                   2700                     4808.510973032897        2776.1951046818126       2502.294445801098
1.04048                  1.9200000000000002       0.5208333333333333       5.317401128259666E-13    5.315506248681719E-13    0.25                     5.0E10                   2700                     4808.510973032897        2776.1951046818126       2502.294445801098
1.04048                  1.9400000000000002       0.5154639175257731       5.31152472946915E-13     5.310796424482509E-13    0.25                     5.0E10                   2700                     4808.510973032897        2776.1951046818126       2502.294445801098
1.04048                  1.9600000000000002       0.5102040816326531       5.306097346588637E-13    5.306787814184868E-13    0.25                     5.0E10                   2700                     4808.510973032897        2776.1951046818126       2502.294445801098
1.04048                  1.9800000000000002       0.505050505050505        5.301274149304756E-13    5.303643112990903E-13    0.25                     5.0E10                   2700                     4808.510973032897        2776.1951046818126       2502.294445801098
1.04048                  2                        0.5                      5.297328263955781E-13    5.301526088836698E-13    0.25                     5.0E10                   2700                     4808.510973032897        2776.1951046818126       2502.294445801098
1.04048                  2.02                     0.4950495049504951       5.293861798543689E-13    5.300263131769577E-13    0.25                     5.0E10                   2700                     4808.510973032897        2776.1951046818126       2502.294445801098
1.04048                  2.04                     0.4901960784313726       5.291019778132754E-13    5.299879797064068E-13    0.25                     5.0E10                   2700                     4808.510973032897        2776.1951046818126       2502.294445801098
1.04048                  2.06                     0.48543689320388345      5.288698126211787E-13    5.300259631370346E-13    0.25                     5.0E10                   2700                     4808.510973032897        2776.1951046818126       2502.294445801098
1.04048                  2.08                     0.4807692307692307       5.286759977103039E-13    5.301248657705685E-13    0.25                     5.0E10                   2700                     4808.510973032897        2776.1951046818126       2502.294445801098
1.04048                  2.1                      0.47619047619047616      5.285049984574633E-13    5.302670137585404E-13    0.25                     5.0E10                   2700                     4808.510973032897        2776.1951046818126       2502.294445801098
1.04048                  2.12                     0.4716981132075472       5.283407624201872E-13    5.304338429578147E-13    0.25                     5.0E10                   2700                     4808.510973032897        2776.1951046818126       2502.294445801098
1.04048                  2.14                     0.46728971962616817      5.281678839496264E-13    5.306071285493614E-13    0.25                     5.0E10                   2700                     4808.510973032897        2776.1951046818126       2502.294445801098
1.04048                  2.16                     0.4629629629629629       5.279725610415803E-13    5.307700144317485E-13    0.25                     5.0E10                   2700                     4808.510973032897        2776.1951046818126       2502.294445801098
1.04048                  2.18                     0.4587155963302752       5.277433222088703E-13    5.309078175852136E-13    0.25                     5.0E10                   2700                     4808.510973032897        2776.1951046818126       2502.294445801098
1.04048                  2.2                      0.4545454545454545       5.274715323764175E-13    5.310086202898104E-13    0.25                     5.0E10                   2700                     4808.510973032897        2776.1951046818126       2502.294445801098
1.04048                  2.22                     0.45045045045045035      5.271516037610124E-13    5.310635333250808E-13    0.25                     5.0E10                   2700                     4808.510973032897        2776.1951046818126       2502.294445801098
1.04048                  2.24                     0.44642857142857134      5.267811357952694E-13    5.310669451242231E-13    0.25                     5.0E10                   2700                     4808.510973032897        2776.1951046818126       2502.294445801098
1.04048                  2.2600000000000002       0.44247787610619466      5.2636074760978E-13      5.310163987529892E-13    0.25                     5.0E10                   2700                     4808.510973032897        2776.1951046818126       2502.294445801098
1.04048                  2.2800000000000002       0.43859649122807015      5.258938303060238E-13    5.309124063461121E-13    0.25                     5.0E10                   2700                     4808.510973032897        2776.1951046818126       2502.294445801098
1.04048                  2.3000000000000003       0.43478260869565216      5.253861801806442E-13    5.307581286303337E-13    0.25                     5.0E10                   2700                     4808.510973032897        2776.1951046818126       2502.294445801098
1.04048                  2.3200000000000003       0.4310344827586206       5.248455609663438E-13    5.305589718611464E-13    0.25                     5.0E10                   2700                     4808.510973032897        2776.1951046818126       2502.294445801098
1.04048                  2.3400000000000003       0.4273504273504273       5.242812285441736E-13    5.303221356282766E-13    0.25                     5.0E10                   2700                     4808.510973032897        2776.1951046818126       2502.294445801098
1.04048                  2.3600000000000003       0.42372881355932196      5.23703447765752E-13     5.300561416174113E-13    0.25                     5.0E10                   2700                     4808.510973032897        2776.1951046818126       2502.294445801098
1.04048                  2.3800000000000003       0.4201680672268907       5.231230257674534E-13    5.297703688054354E-13    0.25                     5.0E10                   2700                     4808.510973032897        2776.1951046818126       2502.294445801098
1.04048                  2.4000000000000004       0.4166666666666666       5.22550880864267E-13     5.294746154661158E-13    0.25                     5.0E10                   2700                     4808.510973032897        2776.1951046818126       2502.294445801098
1.04048                  2.42                     0.4132231404958677       5.219976604207454E-13    5.291787029833865E-13    0.25                     5.0E10                   2700                     4808.510973032897        2776.1951046818126       2502.294445801098
1.04048                  2.44                     0.4098360655737705       5.214734161060352E-13    5.28892131467143E-13     0.25                     5.0E10                   2700                     4808.510973032897        2776.1951046818126       2502.294445801098
1.04048                  2.46                     0.4065040650406504       5.209873403922912E-13    5.286237926249924E-13    0.25                     5.0E10                   2700                     4808.510973032897        2776.1951046818126       2502.294445801098
1.04048                  2.48                     0.4032258064516129       5.205475645042753E-13    5.283817415578145E-13    0.25                     5.0E10                   2700                     4808.510973032897        2776.1951046818126       2502.294445801098
1.04048                  2.5                      0.4                      5.202987129668945E-13    5.282310230131003E-13    0.25                     5.0E10                   2700                     4808.510973032897        2776.1951046818126       2502.294445801098
1.04048                  2.52                     0.3968253968253968       5.199722561318105E-13    5.280627896415423E-13    0.25                     5.0E10                   2700                     4808.510973032897        2776.1951046818126       2502.294445801098
1.04048                  2.54                     0.39370078740157477      5.197084862075899E-13    5.279383194209872E-13    0.25                     5.0E10                   2700                     4808.510973032897        2776.1951046818126       2502.294445801098
1.04048                  2.56                     0.39062499999999994      5.195102396063129E-13    5.278609653111136E-13    0.25                     5.0E10                   2700                     4808.510973032897        2776.1951046818126       2502.294445801098
1.04048                  2.58                     0.38759689922480617      5.193791539905277E-13    5.278329929432543E-13    0.25                     5.0E10                   2700                     4808.510973032897        2776.1951046818126       2502.294445801098
1.04048                  2.6                      0.3846153846153846       5.193156538355018E-13    5.278555263103208E-13    0.25                     5.0E10                   2700                     4808.510973032897        2776.1951046818126       2502.294445801098
1.04048                  2.62                     0.3816793893129771       5.193190334115862E-13    5.279286118708416E-13    0.25                     5.0E10                   2700                     4808.510973032897        2776.1951046818126       2502.294445801098
1.04048                  2.64                     0.37878787878787873      5.193875558832222E-13    5.280513010116263E-13    0.25                     5.0E10                   2700                     4808.510973032897        2776.1951046818126       2502.294445801098
1.04048                  2.66                     0.37593984962406013      5.195185636535719E-13    5.28221745953932E-13     0.25                     5.0E10                   2700                     4808.510973032897        2776.1951046818126       2502.294445801098
1.04048                  2.68                     0.3731343283582089       5.197085956923738E-13    5.284373047585744E-13    0.25                     5.0E10                   2700                     4808.510973032897        2776.1951046818126       2502.294445801098
1.04048                  2.7                      0.37037037037037035      5.199535082285145E-13    5.286946516655465E-13    0.25                     5.0E10                   2700                     4808.510973032897        2776.1951046818126       2502.294445801098
1.04048                  2.72                     0.3676470588235294       5.20248595771529E-13     5.289898895763105E-13    0.25                     5.0E10                   2700                     4808.510973032897        2776.1951046818126       2502.294445801098
1.04048                  2.74                     0.36496350364963503      5.205887099914978E-13    5.293186620232329E-13    0.25                     5.0E10                   2700                     4808.510973032897        2776.1951046818126       2502.294445801098
1.04048                  2.7600000000000002       0.36231884057971014      5.20968374401527E-13     5.2967626240103E-13      0.25                     5.0E10                   2700                     4808.510973032897        2776.1951046818126       2502.294445801098
1.04048                  2.7800000000000002       0.35971223021582727      5.213818932818956E-13    5.300577387074952E-13    0.25                     5.0E10                   2700                     4808.510973032897        2776.1951046818126       2502.294445801098
1.04048                  2.8000000000000003       0.3571428571428571       5.21823453591835E-13     5.304579923803356E-13    0.25                     5.0E10                   2700                     4808.510973032897        2776.1951046818126       2502.294445801098
1.04048                  2.8200000000000003       0.35460992907801414      5.222872189489494E-13    5.308718701393199E-13    0.25                     5.0E10                   2700                     4808.510973032897        2776.1951046818126       2502.294445801098
1.04048                  2.8400000000000003       0.352112676056338        5.227674150129606E-13    5.312942480413433E-13    0.25                     5.0E10                   2700                     4808.510973032897        2776.1951046818126       2502.294445801098
1.04048                  2.8600000000000003       0.3496503496503496       5.232584058506633E-13    5.31720107181301E-13     0.25                     5.0E10                   2700                     4808.510973032897        2776.1951046818126       2502.294445801098
1.04048                  2.8800000000000003       0.3472222222222222       5.237547610622253E-13    5.321446006961437E-13    0.25                     5.0E10                   2700                     4808.510973032897        2776.1951046818126       2502.294445801098
1.04048                  2.9000000000000004       0.3448275862068965       5.242513135767025E-13    5.325631119035219E-13    0.25                     5.0E10                   2700                     4808.510973032897        2776.1951046818126       2502.294445801098
1.04048                  2.92                     0.34246575342465757      5.247431845628674E-13    5.32971285784182E-13     0.25                     5.0E10                   2700                     4808.510973032897        2776.1951046818126       2502.294445801098
1.04048                  2.94                     0.3401360544217687       5.252259241398565E-13    5.333651467818175E-13    0.25                     5.0E10                   2700                     4808.510973032897        2776.1951046818126       2502.294445801098
1.04048                  2.96                     0.33783783783783783      5.256953810066947E-13    5.33741005832054E-13     0.25                     5.0E10                   2700                     4808.510973032897        2776.1951046818126       2502.294445801098
1.04048                  2.98                     0.3355704697986577       5.261478389081225E-13    5.340955738397493E-13    0.25                     5.0E10                   2700                     4808.510973032897        2776.1951046818126       2502.294445801098
1.04048                  3                        0.3333333333333333       5.265800015316561E-13    5.344259541245961E-13    0.25                     5.0E10                   2700                     4808.510973032897        2776.1951046818126       2502.294445801098
1.04048                  3.02                     0.33112582781456956      5.269890002062114E-13    5.347296516263432E-13    0.25                     5.0E10                   2700                     4808.510973032897        2776.1951046818126       2502.294445801098
1.04048                  3.04                     0.32894736842105265      5.273723950335673E-13    5.350045755800892E-13    0.25                     5.0E10                   2700                     4808.510973032897        2776.1951046818126       2502.294445801098
1.04048                  3.06                     0.32679738562091504      5.277281700963592E-13    5.352490362699005E-13    0.25                     5.0E10                   2700                     4808.510973032897        2776.1951046818126       2502.294445801098
1.04048                  3.08                     0.3246753246753247       5.280547234290239E-13    5.354617365255349E-13    0.25                     5.0E10                   2700                     4808.510973032897        2776.1951046818126       2502.294445801098
1.04048                  3.1                      0.32258064516129037      5.283508524422061E-13    5.356417586352414E-13    0.25                     5.0E10                   2700                     4808.510973032897        2776.1951046818126       2502.294445801098
1.04048                  3.12                     0.32051282051282054      5.286157354685895E-13    5.357885473327794E-13    0.25                     5.0E10                   2700                     4808.510973032897        2776.1951046818126       2502.294445801098
1.04048                  3.14                     0.3184713375796178       5.28848910126018E-13     5.359018895377755E-13    0.25                     5.0E10                   2700                     4808.510973032897        2776.1951046818126       2502.294445801098
1.04048                  3.16                     0.3164556962025316       5.290502491335033E-13    5.359818914811336E-13    0.25                     5.0E10                   2700                     4808.510973032897        2776.1951046818126       2502.294445801098
1.04048                  3.18                     0.31446540880503143      5.292199342160083E-13    5.360289538371764E-13    0.25                     5.0E10                   2700                     4808.510973032897        2776.1951046818126       2502.294445801098
1.04048                  3.2                      0.3125                   5.293584286515896E-13    5.360437454331076E-13    0.25                     5.0E10                   2700                     4808.510973032897        2776.1951046818126       2502.294445801098
1.04048                  3.22                     0.31055900621118004      5.29466449033651E-13     5.360271760811961E-13    0.25                     5.0E10                   2700                     4808.510973032897        2776.1951046818126       2502.294445801098
1.04048                  3.24                     0.30864197530864196      5.295449367011983E-13    5.359803690033656E-13    0.25                     5.0E10                   2700                     4808.510973032897        2776.1951046818126       2502.294445801098
1.04048                  3.2600000000000002       0.3067484662576687       5.295950292900998E-13    5.359046332996634E-13    0.25                     5.0E10                   2700                     4808.510973032897        2776.1951046818126       2502.294445801098
1.04048                  3.2800000000000002       0.3048780487804878       5.296180327845765E-13    5.358014368326785E-13    0.25                     5.0E10                   2700                     4808.510973032897        2776.1951046818126       2502.294445801098
1.04048                  3.3000000000000003       0.30303030303030304      5.296153943886365E-13    5.356723798691645E-13    0.25                     5.0E10                   2700                     4808.510973032897        2776.1951046818126       2502.294445801098
1.04048                  3.3200000000000003       0.3012048192771084       5.295886764948816E-13    5.355191697320546E-13    0.25                     5.0E10                   2700                     4808.510973032897        2776.1951046818126       2502.294445801098
1.04048                  3.3400000000000003       0.29940119760479045      5.295526828458796E-13    5.353601439454146E-13    0.25                     5.0E10                   2700                     4808.510973032897        2776.1951046818126       2502.294445801098
1.04048                  3.3600000000000003       0.29761904761904756      5.294822454744941E-13    5.351630662028874E-13    0.25                     5.0E10                   2700                     4808.510973032897        2776.1951046818126       2502.294445801098
1.04048                  3.3800000000000003       0.29585798816568043      5.293928042088997E-13    5.34947294734408E-13     0.25                     5.0E10                   2700                     4808.510973032897        2776.1951046818126       2502.294445801098
1.04048                  3.4000000000000004       0.2941176470588235       5.292861577496073E-13    5.34714747357852E-13     0.25                     5.0E10                   2700                     4808.510973032897        2776.1951046818126       2502.294445801098
1.04048                  3.4200000000000004       0.29239766081871343      5.291641126404048E-13    5.344673441112413E-13    0.25                     5.0E10                   2700                     4808.510973032897        2776.1951046818126       2502.294445801098
1.04048                  3.44                     0.29069767441860467      5.290284668257014E-13    5.342069911434155E-13    0.25                     5.0E10                   2700                     4808.510973032897        2776.1951046818126       2502.294445801098
1.04048                  3.46                     0.2890173410404624       5.288809949634045E-13    5.339355663508929E-13    0.25                     5.0E10                   2700                     4808.510973032897        2776.1951046818126       2502.294445801098
1.04048                  3.48                     0.28735632183908044      5.287234355112899E-13    5.336549067242614E-13    0.25                     5.0E10                   2700                     4808.510973032897        2776.1951046818126       2502.294445801098
1.04048                  3.5                      0.2857142857142857       5.285574794763653E-13    5.333667973395073E-13    0.25                     5.0E10                   2700                     4808.510973032897        2776.1951046818126       2502.294445801098
1.04048                  3.52                     0.2840909090909091       5.283848589501111E-13    5.330730433981509E-13    0.25                     5.0E10                   2700                     4808.510973032897        2776.1951046818126       2502.294445801098
1.04048                  3.54                     0.2824858757062147       5.282069468578076E-13    5.327751348431513E-13    0.25                     5.0E10                   2700                     4808.510973032897        2776.1951046818126       2502.294445801098
1.04048                  3.56                     0.28089887640449435      5.280253379092492E-13    5.324747336208774E-13    0.25                     5.0E10                   2700                     4808.510973032897        2776.1951046818126       2502.294445801098
1.04048                  3.58                     0.2793296089385475       5.278414519977638E-13    5.321733376185388E-13    0.25                     5.0E10                   2700                     4808.510973032897        2776.1951046818126       2502.294445801098
1.04048                  3.6                      0.2777777777777778       5.276566278309123E-13    5.318723598543148E-13    0.25                     5.0E10                   2700                     4808.510973032897        2776.1951046818126       2502.294445801098
1.04048                  3.62                     0.27624309392265195      5.274721199817165E-13    5.315731256292661E-13    0.25                     5.0E10                   2700                     4808.510973032897        2776.1951046818126       2502.294445801098
1.04048                  3.64                     0.2747252747252747       5.272890969653003E-13    5.312768706844456E-13    0.25                     5.0E10                   2700                     4808.510973032897        2776.1951046818126       2502.294445801098
1.04048                  3.66                     0.27322404371584696      5.271086402389945E-13    5.309847402833614E-13    0.25                     5.0E10                   2700                     4808.510973032897        2776.1951046818126       2502.294445801098
1.04048                  3.68                     0.2717391304347826       5.269317440172408E-13    5.306977890910643E-13    0.25                     5.0E10                   2700                     4808.510973032897        2776.1951046818126       2502.294445801098
1.04048                  3.7                      0.2702702702702703       5.267593158030425E-13    5.304169817576596E-13    0.25                     5.0E10                   2700                     4808.510973032897        2776.1951046818126       2502.294445801098
1.04048                  3.72                     0.26881720430107525      5.265921775641672E-13    5.301431941502831E-13    0.25                     5.0E10                   2700                     4808.510973032897        2776.1951046818126       2502.294445801098
1.04048                  3.74                     0.267379679144385        5.264310674368937E-13    5.298772151076917E-13    0.25                     5.0E10                   2700                     4808.510973032897        2776.1951046818126       2502.294445801098
1.04048                  3.7600000000000002       0.26595744680851063      5.262766419065529E-13    5.296197486550257E-13    0.25                     5.0E10                   2700                     4808.510973032897        2776.1951046818126       2502.294445801098
1.04048                  3.7800000000000002       0.26455026455026454      5.261294783624793E-13    5.293714166058822E-13    0.25                     5.0E10                   2700                     4808.510973032897        2776.1951046818126       2502.294445801098
1.04048                  3.8000000000000003       0.2631578947368421       5.259900779832314E-13    5.291327614841004E-13    0.25                     5.0E10                   2700                     4808.510973032897        2776.1951046818126       2502.294445801098
1.04048                  3.8200000000000003       0.26178010471204183      5.258588688761191E-13    5.289042497031229E-13    0.25                     5.0E10                   2700                     4808.510973032897        2776.1951046818126       2502.294445801098
1.04048                  3.8400000000000003       0.26041666666666663      5.25736209418658E-13     5.286862749411151E-13    0.25                     5.0E10                   2700                     4808.510973032897        2776.1951046818126       2502.294445801098
1.04048                  3.8600000000000003       0.25906735751295334      5.256223917412717E-13    5.284791616641874E-13    0.25                     5.0E10                   2700                     4808.510973032897        2776.1951046818126       2502.294445801098
1.04048                  3.8800000000000003       0.25773195876288657      5.255176453258119E-13    5.282831687645746E-13    0.25                     5.0E10                   2700                     4808.510973032897        2776.1951046818126       2502.294445801098
1.04048                  3.9000000000000004       0.2564102564102564       5.254221406591639E-13    5.280984932501043E-13    0.25                     5.0E10                   2700                     4808.510973032897        2776.1951046818126       2502.294445801098
1.04048                  3.9200000000000004       0.25510204081632654      5.253359929221101E-13    5.27925273975681E-13     0.25                     5.0E10                   2700                     4808.510973032897        2776.1951046818126       2502.294445801098
1.04048                  3.94                     0.25380710659898476      5.25259265662397E-13     5.277635953627555E-13    0.25                     5.0E10                   2700                     4808.510973032897        2776.1951046818126       2502.294445801098
1.04048                  3.96                     0.2525252525252525       5.251919744561739E-13    5.27613491099709E-13     0.25                     5.0E10                   2700                     4808.510973032897        2776.1951046818126       2502.294445801098
1.04048                  3.98                     0.25125628140703515      5.251340904947368E-13    5.274749477791557E-13    0.25                     5.0E10                   2700                     4808.510973032897        2776.1951046818126       2502.294445801098
1.04048                  4                        0.25                     5.250855441234444E-13    5.273479084815057E-13    0.25                     5.0E10                   2700                     4808.510973032897        2776.1951046818126       2502.294445801098
1.04048                  4.02                     0.24875621890547264      5.250462282725274E-13    5.272322762624408E-13    0.25                     5.0E10                   2700                     4808.510973032897        2776.1951046818126       2502.294445801098
1.04048                  4.04                     0.24752475247524755      5.250160017888471E-13    5.271279175320129E-13    0.25                     5.0E10                   2700                     4808.510973032897        2776.1951046818126       2502.294445801098
1.04048                  4.06                     0.24630541871921185      5.249946926606566E-13    5.270346653432583E-13    0.25                     5.0E10                   2700                     4808.510973032897        2776.1951046818126       2502.294445801098
1.04048                  4.08                     0.2450980392156863       5.249821011188814E-13    5.269523225376112E-13    0.25                     5.0E10                   2700                     4808.510973032897        2776.1951046818126       2502.294445801098
1.04048                  4.1                      0.24390243902439027      5.24978002600967E-13     5.268806647823034E-13    0.25                     5.0E10                   2700                     4808.510973032897        2776.1951046818126       2502.294445801098
1.04048                  4.12                     0.24271844660194172      5.249821505965745E-13    5.268194434687262E-13    0.25                     5.0E10                   2700                     4808.510973032897        2776.1951046818126       2502.294445801098
1.04048                  4.14                     0.2415458937198068       5.249942793409113E-13    5.267683884746761E-13    0.25                     5.0E10                   2700                     4808.510973032897        2776.1951046818126       2502.294445801098
1.04048                  4.16                     0.24038461538461536      5.250141063809797E-13    5.26727210789623E-13     0.25                     5.0E10                   2700                     4808.510973032897        2776.1951046818126       2502.294445801098
1.04048                  4.18                     0.2392344497607656       5.250413349956655E-13    5.266956050135959E-13    0.25                     5.0E10                   2700                     4808.510973032897        2776.1951046818126       2502.294445801098
1.04048                  4.199999999999999        0.23809523809523814      5.250756564835888E-13    5.266732516976204E-13    0.25                     5.0E10                   2700                     4808.510973032897        2776.1951046818126       2502.294445801098
1.04048                  4.22                     0.23696682464454977      5.251167523047988E-13    5.266598195736648E-13    0.25                     5.0E10                   2700                     4808.510973032897        2776.1951046818126       2502.294445801098
1.04048                  4.239999999999999        0.23584905660377362      5.251642960970543E-13    5.266549676237232E-13    0.25                     5.0E10                   2700                     4808.510973032897        2776.1951046818126       2502.294445801098
1.04048                  4.26                     0.2347417840375587       5.252179555532837E-13    5.266583470485065E-13    0.25                     5.0E10                   2700                     4808.510973032897        2776.1951046818126       2502.294445801098
1.04048                  4.279999999999999        0.23364485981308417      5.252773941639476E-13    5.26669603067203E-13     0.25                     5.0E10                   2700                     4808.510973032897        2776.1951046818126       2502.294445801098
1.04048                  4.3                      0.23255813953488372      5.25342272852464E-13     5.26688376643319E-13     0.25                     5.0E10                   2700                     4808.510973032897        2776.1951046818126       2502.294445801098
1.04048                  4.319999999999999        0.23148148148148148      5.254122514632694E-13    5.267143060291006E-13    0.25                     5.0E10                   2700                     4808.510973032897        2776.1951046818126       2502.294445801098
1.04048                  4.34                     0.2304147465437788       5.254869901505109E-13    5.267470282437136E-13    0.25                     5.0E10                   2700                     4808.510973032897        2776.1951046818126       2502.294445801098
1.04048                  4.359999999999999        0.22935779816513763      5.255661506520703E-13    5.26786180421996E-13     0.25                     5.0E10                   2700                     4808.510973032897        2776.1951046818126       2502.294445801098
1.04048                  4.38                     0.228310502283105        5.256495969672363E-13    5.268315516350166E-13    0.25                     5.0E10                   2700                     4808.510973032897        2776.1951046818126       2502.294445801098
1.04048                  4.3999999999999995       0.22727272727272732      5.257366026585675E-13    5.268824862479339E-13    0.25                     5.0E10                   2700                     4808.510973032897        2776.1951046818126       2502.294445801098
1.04048                  4.42                     0.22624434389140272      5.258270359603656E-13    5.269387747628192E-13    0.25                     5.0E10                   2700                     4808.510973032897        2776.1951046818126       2502.294445801098
1.04048                  4.4399999999999995       0.22522522522522526      5.259205755136112E-13    5.270000660902749E-13    0.25                     5.0E10                   2700                     4808.510973032897        2776.1951046818126       2502.294445801098
1.04048                  4.46                     0.2242152466367713       5.26016906352373E-13     5.270660144376269E-13    0.25                     5.0E10                   2700                     4808.510973032897        2776.1951046818126       2502.294445801098
1.04048                  4.4799999999999995       0.2232142857142857       5.261157205845718E-13    5.271362800763365E-13    0.25                     5.0E10                   2700                     4808.510973032897        2776.1951046818126       2502.294445801098
1.04048                  4.5                      0.22222222222222224      5.262167180104892E-13    5.272105300154327E-13    0.25                     5.0E10                   2700                     4808.510973032897        2776.1951046818126       2502.294445801098
1.04048                  4.52                     0.22123893805309736      5.26319606637476E-13     5.272884386079749E-13    0.25                     5.0E10                   2700                     4808.510973032897        2776.1951046818126       2502.294445801098
1.04048                  4.54                     0.22026431718061676      5.264241031546961E-13    5.273696880857267E-13    0.25                     5.0E10                   2700                     4808.510973032897        2776.1951046818126       2502.294445801098
1.04048                  4.56                     0.21929824561403513      5.265299333111653E-13    5.274539690175246E-13    0.25                     5.0E10                   2700                     4808.510973032897        2776.1951046818126       2502.294445801098
1.04048                  4.58                     0.21834061135371177      5.266368322607143E-13    5.275409807105449E-13    0.25                     5.0E10                   2700                     4808.510973032897        2776.1951046818126       2502.294445801098
1.04048                  4.6                      0.2173913043478261       5.267445448164203E-13    5.276304315419893E-13    0.25                     5.0E10                   2700                     4808.510973032897        2776.1951046818126       2502.294445801098
1.04048                  4.62                     0.21645021645021645      5.268528256750264E-13    5.277220392568534E-13    0.25                     5.0E10                   2700                     4808.510973032897        2776.1951046818126       2502.294445801098
1.04048                  4.64                     0.21551724137931036      5.269614395803472E-13    5.278155311810399E-13    0.25                     5.0E10                   2700                     4808.510973032897        2776.1951046818126       2502.294445801098
1.04048                  4.66                     0.2145922746781116       5.270701614380618E-13    5.279106444126169E-13    0.25                     5.0E10                   2700                     4808.510973032897        2776.1951046818126       2502.294445801098
1.04048                  4.68                     0.21367521367521367      5.271787763832795E-13    5.280071259390737E-13    0.25                     5.0E10                   2700                     4808.510973032897        2776.1951046818126       2502.294445801098
1.04048                  4.7                      0.2127659574468085       5.272870798246959E-13    5.281047327609171E-13    0.25                     5.0E10                   2700                     4808.510973032897        2776.1951046818126       2502.294445801098
1.04048                  4.72                     0.211864406779661        5.273948774266432E-13    5.28203231913427E-13     0.25                     5.0E10                   2700                     4808.510973032897        2776.1951046818126       2502.294445801098
1.04048                  4.739999999999999        0.21097046413502113      5.2750198508766E-13      5.283024005106835E-13    0.25                     5.0E10                   2700                     4808.510973032897        2776.1951046818126       2502.294445801098
1.04048                  4.76                     0.21008403361344538      5.276082288456351E-13    5.284020257026316E-13    0.25                     5.0E10                   2700                     4808.510973032897        2776.1951046818126       2502.294445801098
1.04048                  4.779999999999999        0.20920502092050208      5.277134447929687E-13    5.285019046505788E-13    0.25                     5.0E10                   2700                     4808.510973032897        2776.1951046818126       2502.294445801098
1.04048                  4.8                      0.20833333333333334      5.278174789631922E-13    5.286018444517066E-13    0.25                     5.0E10                   2700                     4808.510973032897        2776.1951046818126       2502.294445801098
1.04048                  4.819999999999999        0.2074688796680498       5.279201871556013E-13    5.287016620276256E-13    0.25                     5.0E10                   2700                     4808.510973032897        2776.1951046818126       2502.294445801098
1.04048                  4.84                     0.20661157024793386      5.280214347899805E-13    5.288011840133393E-13    0.25                     5.0E10                   2700                     4808.510973032897        2776.1951046818126       2502.294445801098
1.04048                  4.859999999999999        0.20576131687242802      5.281210967085548E-13    5.289002466096344E-13    0.25                     5.0E10                   2700                     4808.510973032897        2776.1951046818126       2502.294445801098
1.04048                  4.88                     0.20491803278688525      5.282190569804268E-13    5.289986954285999E-13    0.25                     5.0E10                   2700                     4808.510973032897        2776.1951046818126       2502.294445801098
1.04048                  4.8999999999999995       0.20408163265306126      5.283152086712586E-13    5.290963853127271E-13    0.25                     5.0E10                   2700                     4808.510973032897        2776.1951046818126       2502.294445801098
1.04048                  4.92                     0.2032520325203252       5.284094536225507E-13    5.291931801351455E-13    0.25                     5.0E10                   2700                     4808.510973032897        2776.1951046818126       2502.294445801098
1.04048                  4.9399999999999995       0.20242914979757085      5.285017022062477E-13    5.292889526175141E-13    0.25                     5.0E10                   2700                     4808.510973032897        2776.1951046818126       2502.294445801098
1.04048                  4.96                     0.20161290322580644      5.28591873076763E-13     5.293835840857247E-13    0.25                     5.0E10                   2700                     4808.510973032897        2776.1951046818126       2502.294445801098
1.04048                  4.9799999999999995       0.20080321285140565      5.286798929184273E-13    5.294769642701365E-13    0.25                     5.0E10                   2700                     4808.510973032897        2776.1951046818126       2502.294445801098
1.04048                  5                        0.2                      5.288683878985257E-13    5.296901998454087E-13    0.25                     5.0E10                   2700                     4808.510973032897        2776.1951046818126       2502.294445801098
1.04048                  5.02                     0.19920318725099603      5.289499033926325E-13    5.297788507090748E-13    0.25                     5.0E10                   2700                     4808.510973032897        2776.1951046818126       2502.294445801098
1.04048                  5.04                     0.1984126984126984       5.290291168442425E-13    5.298659834806168E-13    0.25                     5.0E10                   2700                     4808.510973032897        2776.1951046818126       2502.294445801098
1.04048                  5.06                     0.19762845849802374      5.29105984658188E-13     5.299515198345401E-13    0.25                     5.0E10                   2700                     4808.510973032897        2776.1951046818126       2502.294445801098
1.04048                  5.08                     0.19685039370078738      5.291804698653334E-13    5.300353885493811E-13    0.25                     5.0E10                   2700                     4808.510973032897        2776.1951046818126       2502.294445801098
1.04048                  5.1                      0.19607843137254904      5.292525418403785E-13    5.301175252660764E-13    0.25                     5.0E10                   2700                     4808.510973032897        2776.1951046818126       2502.294445801098
1.04048                  5.12                     0.19531249999999997      5.293221760386919E-13    5.301978722223789E-13    0.25                     5.0E10                   2700                     4808.510973032897        2776.1951046818126       2502.294445801098
1.04048                  5.14                     0.1945525291828794       5.293893537260208E-13    5.302763780145033E-13    0.25                     5.0E10                   2700                     4808.510973032897        2776.1951046818126       2502.294445801098
1.04048                  5.16                     0.19379844961240308      5.294540616855505E-13    5.303529973270669E-13    0.25                     5.0E10                   2700                     4808.510973032897        2776.1951046818126       2502.294445801098
1.04048                  5.18                     0.19305019305019305      5.295162919911297E-13    5.304276906939829E-13    0.25                     5.0E10                   2700                     4808.510973032897        2776.1951046818126       2502.294445801098
1.04048                  5.2                      0.1923076923076923       5.295760416898868E-13    5.305004242464013E-13    0.25                     5.0E10                   2700                     4808.510973032897        2776.1951046818126       2502.294445801098
1.04048                  5.22                     0.19157088122605365      5.296333125915496E-13    5.305711694539643E-13    0.25                     5.0E10                   2700                     4808.510973032897        2776.1951046818126       2502.294445801098
1.04048                  5.239999999999999        0.19083969465648856      5.29688110992912E-13     5.306399028946607E-13    0.25                     5.0E10                   2700                     4808.510973032897        2776.1951046818126       2502.294445801098
1.04048                  5.26                     0.19011406844106465      5.297404474116699E-13    5.307066060124728E-13    0.25                     5.0E10                   2700                     4808.510973032897        2776.1951046818126       2502.294445801098
1.04048                  5.279999999999999        0.18939393939393942      5.297903363676105E-13    5.307712648588643E-13    0.25                     5.0E10                   2700                     4808.510973032897        2776.1951046818126       2502.294445801098
1.04048                  5.3                      0.18867924528301888      5.298377961291233E-13    5.308338698949997E-13    0.25                     5.0E10                   2700                     4808.510973032897        2776.1951046818126       2502.294445801098
1.04048                  5.319999999999999        0.1879699248120301       5.298828484793625E-13    5.308944157287682E-13    0.25                     5.0E10                   2700                     4808.510973032897        2776.1951046818126       2502.294445801098
1.04048                  5.34                     0.18726591760299627      5.299255184916572E-13    5.309529009196254E-13    0.25                     5.0E10                   2700                     4808.510973032897        2776.1951046818126       2502.294445801098
1.04048                  5.359999999999999        0.1865671641791045       5.299658343004271E-13    5.310093277377795E-13    0.25                     5.0E10                   2700                     4808.510973032897        2776.1951046818126       2502.294445801098
1.04048                  5.38                     0.1858736059479554       5.300038269057335E-13    5.310637019682522E-13    0.25                     5.0E10                   2700                     4808.510973032897        2776.1951046818126       2502.294445801098
1.04048                  5.3999999999999995       0.1851851851851852       5.30039529931981E-13     5.311160326912625E-13    0.25                     5.0E10                   2700                     4808.510973032897        2776.1951046818126       2502.294445801098
1.04048                  5.42                     0.18450184501845018      5.30072979460612E-13     5.311663320901645E-13    0.25                     5.0E10                   2700                     4808.510973032897        2776.1951046818126       2502.294445801098
1.04048                  5.4399999999999995       0.18382352941176472      5.301042138169762E-13    5.312146152494724E-13    0.25                     5.0E10                   2700                     4808.510973032897        2776.1951046818126       2502.294445801098
1.04048                  5.46                     0.18315018315018314      5.301332733776866E-13    5.312608999700968E-13    0.25                     5.0E10                   2700                     4808.510973032897        2776.1951046818126       2502.294445801098
1.04048                  5.4799999999999995       0.18248175182481755      5.301602004004034E-13    5.313052065744994E-13    0.25                     5.0E10                   2700                     4808.510973032897        2776.1951046818126       2502.294445801098
1.04048                  5.5                      0.18181818181818182      5.301850388565988E-13    5.313475577474033E-13    0.25                     5.0E10                   2700                     4808.510973032897        2776.1951046818126       2502.294445801098
1.04048                  5.52                     0.1811594202898551       5.302078342312645E-13    5.313879783456247E-13    0.25                     5.0E10                   2700                     4808.510973032897        2776.1951046818126       2502.294445801098
1.04048                  5.54                     0.18050541516245486      5.302286334026188E-13    5.314264952470978E-13    0.25                     5.0E10                   2700                     4808.510973032897        2776.1951046818126       2502.294445801098
1.04048                  5.56                     0.1798561151079137       5.302474844636334E-13    5.314631371813047E-13    0.25                     5.0E10                   2700                     4808.510973032897        2776.1951046818126       2502.294445801098
1.04048                  5.58                     0.17921146953405018      5.302644365748685E-13    5.314979345795176E-13    0.25                     5.0E10                   2700                     4808.510973032897        2776.1951046818126       2502.294445801098
1.04048                  5.6                      0.17857142857142858      5.302795398363686E-13    5.315309194293069E-13    0.25                     5.0E10                   2700                     4808.510973032897        2776.1951046818126       2502.294445801098
1.04048                  5.62                     0.17793594306049823      5.302928451437994E-13    5.315621251342199E-13    0.25                     5.0E10                   2700                     4808.510973032897        2776.1951046818126       2502.294445801098
1.04048                  5.64                     0.1773049645390071       5.303044040625865E-13    5.315915863679451E-13    0.25                     5.0E10                   2700                     4808.510973032897        2776.1951046818126       2502.294445801098
1.04048                  5.66                     0.17667844522968196      5.303142687012552E-13    5.316193389601532E-13    0.25                     5.0E10                   2700                     4808.510973032897        2776.1951046818126       2502.294445801098
1.04048                  5.68                     0.17605633802816903      5.303224916104683E-13    5.316454197569179E-13    0.25                     5.0E10                   2700                     4808.510973032897        2776.1951046818126       2502.294445801098
1.04048                  5.7                      0.17543859649122806      5.303291256638663E-13    5.316698665202244E-13    0.25                     5.0E10                   2700                     4808.510973032897        2776.1951046818126       2502.294445801098
1.04048                  5.72                     0.17482517482517484      5.303342239367148E-13    5.316927177900967E-13    0.25                     5.0E10                   2700                     4808.510973032897        2776.1951046818126       2502.294445801098
1.04048                  5.739999999999999        0.17421602787456447      5.303378396451947E-13    5.317140128047836E-13    0.25                     5.0E10                   2700                     4808.510973032897        2776.1951046818126       2502.294445801098
1.04048                  5.76                     0.1736111111111111       5.303400260141045E-13    5.31733791372189E-13     0.25                     5.0E10                   2700                     4808.510973032897        2776.1951046818126       2502.294445801098
1.04048                  5.779999999999999        0.17301038062283738      5.303408362384801E-13    5.31752093804097E-13     0.25                     5.0E10                   2700                     4808.510973032897        2776.1951046818126       2502.294445801098
1.04048                  5.8                      0.1724137931034483       5.303403233424062E-13    5.317689607831476E-13    0.25                     5.0E10                   2700                     4808.510973032897        2776.1951046818126       2502.294445801098
1.04048                  5.819999999999999        0.17182130584192443      5.303385401425815E-13    5.317844333124414E-13    0.25                     5.0E10                   2700                     4808.510973032897        2776.1951046818126       2502.294445801098
1.04048                  5.84                     0.17123287671232879      5.303360385345543E-13    5.317990310979511E-13    0.25                     5.0E10                   2700                     4808.510973032897        2776.1951046818126       2502.294445801098
1.04048                  5.859999999999999        0.17064846416382254      5.303318792706404E-13    5.318118452672199E-13    0.25                     5.0E10                   2700                     4808.510973032897        2776.1951046818126       2502.294445801098
1.04048                  5.88                     0.17006802721088435      5.303266062428246E-13    5.318233890921232E-13    0.25                     5.0E10                   2700                     4808.510973032897        2776.1951046818126       2502.294445801098
1.04048                  5.8999999999999995       0.16949152542372883      5.3032027071028E-13      5.318337040088344E-13    0.25                     5.0E10                   2700                     4808.510973032897        2776.1951046818126       2502.294445801098
1.04048                  5.92                     0.16891891891891891      5.303129234170355E-13    5.318428313987945E-13    0.25                     5.0E10                   2700                     4808.510973032897        2776.1951046818126       2502.294445801098
1.04048                  5.9399999999999995       0.16835016835016836      5.303046145127042E-13    5.318508125159648E-13    0.25                     5.0E10                   2700                     4808.510973032897        2776.1951046818126       2502.294445801098
1.04048                  5.96                     0.16778523489932884      5.302953935086897E-13    5.318576884292715E-13    0.25                     5.0E10                   2700                     4808.510973032897        2776.1951046818126       2502.294445801098
1.04048                  5.9799999999999995       0.16722408026755856      5.302853092609354E-13    5.318634999778817E-13    0.25                     5.0E10                   2700                     4808.510973032897        2776.1951046818126       2502.294445801098
1.04048                  6                        0.16666666666666666      5.302744098974621E-13    5.318682877127429E-13    0.25                     5.0E10                   2700                     4808.510973032897        2776.1951046818126       2502.294445801098
1.04048                  6.02                     0.16611295681063123      5.302627428082271E-13    5.318720918538E-13       0.25                     5.0E10                   2700                     4808.510973032897        2776.1951046818126       2502.294445801098
1.04048                  6.04                     0.16556291390728478      5.302503546020341E-13    5.318749522492966E-13    0.25                     5.0E10                   2700                     4808.510973032897        2776.1951046818126       2502.294445801098
1.04048                  6.06                     0.16501650165016504      5.302372910776697E-13    5.318769083322011E-13    0.25                     5.0E10                   2700                     4808.510973032897        2776.1951046818126       2502.294445801098
1.04048                  6.08                     0.16447368421052633      5.302235971953375E-13    5.318779990791838E-13    0.25                     5.0E10                   2700                     4808.510973032897        2776.1951046818126       2502.294445801098
1.04048                  6.1                      0.16393442622950818      5.302093170723297E-13    5.318782629947839E-13    0.25                     5.0E10                   2700                     4808.510973032897        2776.1951046818126       2502.294445801098
1.04048                  6.12                     0.16339869281045752      5.301944939282557E-13    5.318777380527265E-13    0.25                     5.0E10                   2700                     4808.510973032897        2776.1951046818126       2502.294445801098
1.04048                  6.14                     0.16286644951140067      5.301791700942589E-13    5.31876461692768E-13     0.25                     5.0E10                   2700                     4808.510973032897        2776.1951046818126       2502.294445801098
1.04048                  6.16                     0.16233766233766234      5.301633869958835E-13    5.318744707808536E-13    0.25                     5.0E10                   2700                     4808.510973032897        2776.1951046818126       2502.294445801098
1.04048                  6.18                     0.16181229773462782      5.301471851267388E-13    5.318718015879953E-13    0.25                     5.0E10                   2700                     4808.510973032897        2776.1951046818126       2502.294445801098
1.04048                  6.2                      0.16129032258064518      5.301306040436188E-13    5.318684897735255E-13    0.25                     5.0E10                   2700                     4808.510973032897        2776.1951046818126       2502.294445801098
1.04048                  6.22                     0.16077170418006428      5.301136823611068E-13    5.31864570361617E-13     0.25                     5.0E10                   2700                     4808.510973032897        2776.1951046818126       2502.294445801098
1.04048                  6.24                     0.16025641025641027      5.300964577346665E-13    5.318600777228439E-13    0.25                     5.0E10                   2700                     4808.510973032897        2776.1951046818126       2502.294445801098
1.04048                  6.26                     0.1597444089456869       5.30078966874763E-13     5.318550455680461E-13    0.25                     5.0E10                   2700                     4808.510973032897        2776.1951046818126       2502.294445801098
1.04048                  6.279999999999999        0.15923566878980894      5.300612455287265E-13    5.318495069312825E-13    0.25                     5.0E10                   2700                     4808.510973032897        2776.1951046818126       2502.294445801098
1.04048                  6.3                      0.15873015873015872      5.300433284742099E-13    5.318434941506261E-13    0.25                     5.0E10                   2700                     4808.510973032897        2776.1951046818126       2502.294445801098
1.04048                  6.319999999999999        0.15822784810126583      5.300252495266301E-13    5.318370388691949E-13    0.25                     5.0E10                   2700                     4808.510973032897        2776.1951046818126       2502.294445801098
1.04048                  6.34                     0.1577287066246057       5.300070415567429E-13    5.318301720313746E-13    0.25                     5.0E10                   2700                     4808.510973032897        2776.1951046818126       2502.294445801098
1.04048                  6.359999999999999        0.15723270440251574      5.299887364535828E-13    5.318229238540872E-13    0.25                     5.0E10                   2700                     4808.510973032897        2776.1951046818126       2502.294445801098
1.04048                  6.38                     0.15673981191222572      5.299703651645218E-13    5.318153238478581E-13    0.25                     5.0E10                   2700                     4808.510973032897        2776.1951046818126       2502.294445801098
1.04048                  6.3999999999999995       0.15625                  5.299519576893352E-13    5.318074008029421E-13    0.25                     5.0E10                   2700                     4808.510973032897        2776.1951046818126       2502.294445801098
1.04048                  6.42                     0.1557632398753894       5.299335430841452E-13    5.317991827839609E-13    0.25                     5.0E10                   2700                     4808.510973032897        2776.1951046818126       2502.294445801098
1.04048                  6.4399999999999995       0.15527950310559008      5.29915149458196E-13     5.317906971290853E-13    0.25                     5.0E10                   2700                     4808.510973032897        2776.1951046818126       2502.294445801098
1.04048                  6.46                     0.15479876160990713      5.298968040073438E-13    5.317819704595047E-13    0.25                     5.0E10                   2700                     4808.510973032897        2776.1951046818126       2502.294445801098
1.04048                  6.4799999999999995       0.154320987654321        5.298785330023195E-13    5.317730286697847E-13    0.25                     5.0E10                   2700                     4808.510973032897        2776.1951046818126       2502.294445801098
1.04048                  6.5                      0.15384615384615383      5.29860361799187E-13     5.317638969328138E-13    0.25                     5.0E10                   2700                     4808.510973032897        2776.1951046818126       2502.294445801098
1.04048                  6.52                     0.15337423312883436      5.298423148704274E-13    5.317545997140614E-13    0.25                     5.0E10                   2700                     4808.510973032897        2776.1951046818126       2502.294445801098
1.04048                  6.54                     0.15290519877675843      5.298244157778493E-13    5.317451607481019E-13    0.25                     5.0E10                   2700                     4808.510973032897        2776.1951046818126       2502.294445801098
1.04048                  6.56                     0.15243902439024393      5.298066872341183E-13    5.317356030808804E-13    0.25                     5.0E10                   2700                     4808.510973032897        2776.1951046818126       2502.294445801098
1.04048                  6.58                     0.1519756838905775       5.297891510745623E-13    5.317259490425504E-13    0.25                     5.0E10                   2700                     4808.510973032897        2776.1951046818126       2502.294445801098
1.04048                  6.6                      0.15151515151515152      5.297718282799049E-13    5.317162202683322E-13    0.25                     5.0E10                   2700                     4808.510973032897        2776.1951046818126       2502.294445801098
1.04048                  6.62                     0.1510574018126888       5.297547390014665E-13    5.317064377061192E-13    0.25                     5.0E10                   2700                     4808.510973032897        2776.1951046818126       2502.294445801098
1.04048                  6.64                     0.1506024096385542       5.297379025725641E-13    5.316966216223656E-13    0.25                     5.0E10                   2700                     4808.510973032897        2776.1951046818126       2502.294445801098
1.04048                  6.66                     0.15015015015015015      5.297213375057336E-13    5.316867916035913E-13    0.25                     5.0E10                   2700                     4808.510973032897        2776.1951046818126       2502.294445801098
1.04048                  6.68                     0.14970059880239522      5.297050615233795E-13    5.31676966571327E-13     0.25                     5.0E10                   2700                     4808.510973032897        2776.1951046818126       2502.294445801098
1.04048                  6.7                      0.1492537313432836       5.296890915717534E-13    5.316671647925632E-13    0.25                     5.0E10                   2700                     4808.510973032897        2776.1951046818126       2502.294445801098
1.04048                  6.72                     0.1488095238095238       5.296734438262952E-13    5.31657403880917E-13     0.25                     5.0E10                   2700                     4808.510973032897        2776.1951046818126       2502.294445801098
1.04048                  6.74                     0.14836795252225518      5.296581337153502E-13    5.316477008139306E-13    0.25                     5.0E10                   2700                     4808.510973032897        2776.1951046818126       2502.294445801098
1.04048                  6.76                     0.14792899408284024      5.296431759349221E-13    5.316380719408549E-13    0.25                     5.0E10                   2700                     4808.510973032897        2776.1951046818126       2502.294445801098
1.04048                  6.779999999999999        0.14749262536873156      5.296285844563924E-13    5.31628532986283E-13     0.25                     5.0E10                   2700                     4808.510973032897        2776.1951046818126       2502.294445801098
1.04048                  6.8                      0.14705882352941177      5.296143725493741E-13    5.316190990727898E-13    0.25                     5.0E10                   2700                     4808.510973032897        2776.1951046818126       2502.294445801098
1.04048                  6.819999999999999        0.1466275659824047       5.296005527945272E-13    5.316097847180341E-13    0.25                     5.0E10                   2700                     4808.510973032897        2776.1951046818126       2502.294445801098
1.04048                  6.84                     0.14619883040935674      5.29587137107911E-13     5.316006038614147E-13    0.25                     5.0E10                   2700                     4808.510973032897        2776.1951046818126       2502.294445801098
1.04048                  6.859999999999999        0.1457725947521866       5.295741367327032E-13    5.31591569855468E-13     0.25                     5.0E10                   2700                     4808.510973032897        2776.1951046818126       2502.294445801098
1.04048                  6.88                     0.14534883720930233      5.29561562288471E-13     5.315826954965088E-13    0.25                     5.0E10                   2700                     4808.510973032897        2776.1951046818126       2502.294445801098
1.04048                  6.8999999999999995       0.14492753623188406      5.295494237536886E-13    5.3157399301936E-13      0.25                     5.0E10                   2700                     4808.510973032897        2776.1951046818126       2502.294445801098
1.04048                  6.92                     0.1445086705202312       5.295377305072252E-13    5.31565474122576E-13     0.25                     5.0E10                   2700                     4808.510973032897        2776.1951046818126       2502.294445801098
1.04048                  6.9399999999999995       0.1440922190201729       5.295264913307865E-13    5.315571499709515E-13    0.25                     5.0E10                   2700                     4808.510973032897        2776.1951046818126       2502.294445801098
1.04048                  6.96                     0.14367816091954022      5.295157144232179E-13    5.315490312085774E-13    0.25                     5.0E10                   2700                     4808.510973032897        2776.1951046818126       2502.294445801098
1.04048                  6.9799999999999995       0.14326647564469916      5.295054074162778E-13    5.31541127968209E-13     0.25                     5.0E10                   2700                     4808.510973032897        2776.1951046818126       2502.294445801098
1.04048                  7                        0.14285714285714285      5.294955774112763E-13    5.315334498952829E-13    0.25                     5.0E10                   2700                     4808.510973032897        2776.1951046818126       2502.294445801098
1.04048                  7.02                     0.14245014245014245      5.294862309464413E-13    5.315260061369294E-13    0.25                     5.0E10                   2700                     4808.510973032897        2776.1951046818126       2502.294445801098
1.04048                  7.04                     0.14204545454545456      5.294773740719299E-13    5.315188053793801E-13    0.25                     5.0E10                   2700                     4808.510973032897        2776.1951046818126       2502.294445801098
1.04048                  7.06                     0.141643059490085        5.294690123089402E-13    5.31511855835679E-13     0.25                     5.0E10                   2700                     4808.510973032897        2776.1951046818126       2502.294445801098
1.04048                  7.08                     0.14124293785310735      5.294611507086872E-13    5.315051652759851E-13    0.25                     5.0E10                   2700                     4808.510973032897        2776.1951046818126       2502.294445801098
1.04048                  7.1                      0.14084507042253522      5.29453793822253E-13     5.314987410199816E-13    0.25                     5.0E10                   2700                     4808.510973032897        2776.1951046818126       2502.294445801098
1.04048                  7.12                     0.14044943820224717      5.294469457739058E-13    5.314925899747282E-13    0.25                     5.0E10                   2700                     4808.510973032897        2776.1951046818126       2502.294445801098
1.04048                  7.14                     0.1400560224089636       5.294406102117902E-13    5.314867186135707E-13    0.25                     5.0E10                   2700                     4808.510973032897        2776.1951046818126       2502.294445801098
1.04048                  7.16                     0.13966480446927376      5.294347903646869E-13    5.314811330130706E-13    0.25                     5.0E10                   2700                     4808.510973032897        2776.1951046818126       2502.294445801098
1.04048                  7.18                     0.1392757660167131       5.294294890369637E-13    5.314758388497851E-13    0.25                     5.0E10                   2700                     4808.510973032897        2776.1951046818126       2502.294445801098
1.04048                  7.2                      0.1388888888888889       5.294247086315341E-13    5.31470841419105E-13     0.25                     5.0E10                   2700                     4808.510973032897        2776.1951046818126       2502.294445801098
1.04048                  7.22                     0.13850415512465375      5.294204511581358E-13    5.314661456416158E-13    0.25                     5.0E10                   2700                     4808.510973032897        2776.1951046818126       2502.294445801098
1.04048                  7.24                     0.13812154696132597      5.294167182400298E-13    5.314617560718737E-13    0.25                     5.0E10                   2700                     4808.510973032897        2776.1951046818126       2502.294445801098
1.04048                  7.26                     0.13774104683195593      5.294135111418823E-13    5.314576769153139E-13    0.25                     5.0E10                   2700                     4808.510973032897        2776.1951046818126       2502.294445801098
1.04048                  7.279999999999999        0.13736263736263737      5.294108307670337E-13    5.314539120317188E-13    0.25                     5.0E10                   2700                     4808.510973032897        2776.1951046818126       2502.294445801098
1.04048                  7.3                      0.13698630136986303      5.294086776826985E-13    5.31450464950264E-13     0.25                     5.0E10                   2700                     4808.510973032897        2776.1951046818126       2502.294445801098
1.04048                  7.319999999999999        0.1366120218579235       5.294070521243256E-13    5.314473388805781E-13    0.25                     5.0E10                   2700                     4808.510973032897        2776.1951046818126       2502.294445801098
1.04048                  7.34                     0.1362397820163488       5.294059540072372E-13    5.314445367138892E-13    0.25                     5.0E10                   2700                     4808.510973032897        2776.1951046818126       2502.294445801098
1.04048                  7.359999999999999        0.13586956521739132      5.29405382932859E-13     5.314420610412794E-13    0.25                     5.0E10                   2700                     4808.510973032897        2776.1951046818126       2502.294445801098
1.04048                  7.38                     0.13550135501355012      5.294053382242504E-13    5.314399141632054E-13    0.25                     5.0E10                   2700                     4808.510973032897        2776.1951046818126       2502.294445801098
1.04048                  7.3999999999999995       0.13513513513513514      5.294058189054977E-13    5.314380980921851E-13    0.25                     5.0E10                   2700                     4808.510973032897        2776.1951046818126       2502.294445801098
1.04048                  7.42                     0.1347708894878706       5.294068237302619E-13    5.314366145672086E-13    0.25                     5.0E10                   2700                     4808.510973032897        2776.1951046818126       2502.294445801098
1.04048                  7.4399999999999995       0.13440860215053765      5.294083511988046E-13    5.314354650677364E-13    0.25                     5.0E10                   2700                     4808.510973032897        2776.1951046818126       2502.294445801098
1.04048                  7.46                     0.13404825737265413      5.294103995471406E-13    5.314346508090583E-13    0.25                     5.0E10                   2700                     4808.510973032897        2776.1951046818126       2502.294445801098
1.04048                  7.4799999999999995       0.1336898395721925       5.29412966774387E-13     5.314341727614401E-13    0.25                     5.0E10                   2700                     4808.510973032897        2776.1951046818126       2502.294445801098
1.04048                  7.5                      0.13333333333333333      5.294160506475268E-13    5.314340316562109E-13    0.25                     5.0E10                   2700                     4808.510973032897        2776.1951046818126       2502.294445801098
1.04048                  7.52                     0.13297872340425532      5.294196487043856E-13    5.314342279916932E-13    0.25                     5.0E10                   2700                     4808.510973032897        2776.1951046818126       2502.294445801098
1.04048                  7.54                     0.13262599469496023      5.294237582865001E-13    5.314347620489071E-13    0.25                     5.0E10                   2700                     4808.510973032897        2776.1951046818126       2502.294445801098
1.04048                  7.56                     0.13227513227513227      5.294283765078169E-13    5.314356338880048E-13    0.25                     5.0E10                   2700                     4808.510973032897        2776.1951046818126       2502.294445801098
1.04048                  7.58                     0.13192612137203166      5.29433500311604E-13     5.314368433692814E-13    0.25                     5.0E10                   2700                     4808.510973032897        2776.1951046818126       2502.294445801098
1.04048                  7.6                      0.13157894736842105      5.294391264329408E-13    5.314383901445608E-13    0.25                     5.0E10                   2700                     4808.510973032897        2776.1951046818126       2502.294445801098
1.04048                  7.62                     0.13123359580052493      5.29445251446329E-13     5.314402736839603E-13    0.25                     5.0E10                   2700                     4808.510973032897        2776.1951046818126       2502.294445801098
1.04048                  7.64                     0.13089005235602094      5.294518717412057E-13    5.314424932654657E-13    0.25                     5.0E10                   2700                     4808.510973032897        2776.1951046818126       2502.294445801098
1.04048                  7.66                     0.13054830287206268      5.294589835683072E-13    5.314450479972979E-13    0.25                     5.0E10                   2700                     4808.510973032897        2776.1951046818126       2502.294445801098
1.04048                  7.68                     0.13020833333333334      5.294665830028616E-13    5.314479368159838E-13    0.25                     5.0E10                   2700                     4808.510973032897        2776.1951046818126       2502.294445801098
1.04048                  7.7                      0.12987012987012989      5.294746659827543E-13    5.314511584866835E-13    0.25                     5.0E10                   2700                     4808.510973032897        2776.1951046818126       2502.294445801098
1.04048                  7.72                     0.1295336787564767       5.294832283103976E-13    5.314547116305739E-13    0.25                     5.0E10                   2700                     4808.510973032897        2776.1951046818126       2502.294445801098
1.04048                  7.74                     0.12919896640826872      5.294922656569867E-13    5.314585947122287E-13    0.25                     5.0E10                   2700                     4808.510973032897        2776.1951046818126       2502.294445801098
1.04048                  7.76                     0.1288659793814433       5.295017735659465E-13    5.314628060534573E-13    0.25                     5.0E10                   2700                     4808.510973032897        2776.1951046818126       2502.294445801098
1.04048                  7.779999999999999        0.12853470437017997      5.295117474662845E-13    5.314673438396214E-13    0.25                     5.0E10                   2700                     4808.510973032897        2776.1951046818126       2502.294445801098
1.04048                  7.8                      0.12820512820512822      5.295221826805859E-13    5.314722061262086E-13    0.25                     5.0E10                   2700                     4808.510973032897        2776.1951046818126       2502.294445801098
1.04048                  7.819999999999999        0.1278772378516624       5.295330744161849E-13    5.314773908393099E-13    0.25                     5.0E10                   2700                     4808.510973032897        2776.1951046818126       2502.294445801098
1.04048                  7.84                     0.12755102040816327      5.295444177942753E-13    5.314828957891357E-13    0.25                     5.0E10                   2700                     4808.510973032897        2776.1951046818126       2502.294445801098
1.04048                  7.859999999999999        0.1272264631043257       5.295562078406632E-13    5.314887186711115E-13    0.25                     5.0E10                   2700                     4808.510973032897        2776.1951046818126       2502.294445801098
1.04048                  7.88                     0.12690355329949238      5.295684394927965E-13    5.31494857072119E-13     0.25                     5.0E10                   2700                     4808.510973032897        2776.1951046818126       2502.294445801098
1.04048                  7.8999999999999995       0.12658227848101267      5.295811076138439E-13    5.315013084759123E-13    0.25                     5.0E10                   2700                     4808.510973032897        2776.1951046818126       2502.294445801098
1.04048                  7.92                     0.12626262626262624      5.295942069964392E-13    5.315080702706093E-13    0.25                     5.0E10                   2700                     4808.510973032897        2776.1951046818126       2502.294445801098
1.04048                  7.9399999999999995       0.12594458438287154      5.296077323446976E-13    5.315151397433701E-13    0.25                     5.0E10                   2700                     4808.510973032897        2776.1951046818126       2502.294445801098
1.04048                  7.96                     0.12562814070351758      5.296216783221319E-13    5.315225141045031E-13    0.25                     5.0E10                   2700                     4808.510973032897        2776.1951046818126       2502.294445801098
1.04048                  7.9799999999999995       0.12531328320802007      5.296360395208544E-13    5.315301904715242E-13    0.25                     5.0E10                   2700                     4808.510973032897        2776.1951046818126       2502.294445801098
1.04048                  8                        0.125                    5.296508104847532E-13    5.315381658885546E-13    0.25                     5.0E10                   2700                     4808.510973032897        2776.1951046818126       2502.294445801098
1.04048                  8.02                     0.12468827930174564      5.296659857045501E-13    5.315464373221921E-13    0.25                     5.0E10                   2700                     4808.510973032897        2776.1951046818126       2502.294445801098
1.04048                  8.040000000000001        0.1243781094527363       5.296815596265516E-13    5.315550016687314E-13    0.25                     5.0E10                   2700                     4808.510973032897        2776.1951046818126       2502.294445801098
1.04048                  8.06                     0.12406947890818859      5.29697526661726E-13     5.315638557633873E-13    0.25                     5.0E10                   2700                     4808.510973032897        2776.1951046818126       2502.294445801098
1.04048                  8.08                     0.12376237623762378      5.297138811782728E-13    5.315729963720813E-13    0.25                     5.0E10                   2700                     4808.510973032897        2776.1951046818126       2502.294445801098
1.04048                  8.1                      0.1234567901234568       5.297306175225749E-13    5.315824202115346E-13    0.25                     5.0E10                   2700                     4808.510973032897        2776.1951046818126       2502.294445801098
1.04048                  8.12                     0.12315270935960593      5.297477300017573E-13    5.315921239355504E-13    0.25                     5.0E10                   2700                     4808.510973032897        2776.1951046818126       2502.294445801098
1.04048                  8.14                     0.12285012285012284      5.297652129113843E-13    5.316021041555245E-13    0.25                     5.0E10                   2700                     4808.510973032897        2776.1951046818126       2502.294445801098
1.04048                  8.16                     0.12254901960784315      5.297830605193113E-13    5.316123574329261E-13    0.25                     5.0E10                   2700                     4808.510973032897        2776.1951046818126       2502.294445801098
1.04048                  8.18                     0.12224938875305624      5.298012670723524E-13    5.316228802809962E-13    0.25                     5.0E10                   2700                     4808.510973032897        2776.1951046818126       2502.294445801098
1.04048                  8.2                      0.12195121951219513      5.298198268155616E-13    5.316336691819405E-13    0.25                     5.0E10                   2700                     4808.510973032897        2776.1951046818126       2502.294445801098
1.04048                  8.22                     0.121654501216545        5.298387339792118E-13    5.31644720576462E-13     0.25                     5.0E10                   2700                     4808.510973032897        2776.1951046818126       2502.294445801098
1.04048                  8.24                     0.12135922330097086      5.298579827834732E-13    5.316560308718217E-13    0.25                     5.0E10                   2700                     4808.510973032897        2776.1951046818126       2502.294445801098
1.04048                  8.26                     0.12106537530266344      5.298775674411083E-13    5.31667596443505E-13     0.25                     5.0E10                   2700                     4808.510973032897        2776.1951046818126       2502.294445801098
1.04048                  8.28                     0.1207729468599034       5.298974821851707E-13    5.31679413644559E-13     0.25                     5.0E10                   2700                     4808.510973032897        2776.1951046818126       2502.294445801098
1.04048                  8.299999999999999        0.1204819277108434       5.299177212240021E-13    5.316914787975888E-13    0.25                     5.0E10                   2700                     4808.510973032897        2776.1951046818126       2502.294445801098
1.04048                  8.32                     0.12019230769230768      5.299382787961956E-13    5.317037882104254E-13    0.25                     5.0E10                   2700                     4808.510973032897        2776.1951046818126       2502.294445801098
1.04048                  8.34                     0.11990407673860912      5.299591491237797E-13    5.317163381621781E-13    0.25                     5.0E10                   2700                     4808.510973032897        2776.1951046818126       2502.294445801098
1.04048                  8.36                     0.1196172248803828       5.299803264571528E-13    5.31729124922954E-13     0.25                     5.0E10                   2700                     4808.510973032897        2776.1951046818126       2502.294445801098
1.04048                  8.379999999999999        0.11933174224343678      5.300018050501518E-13    5.317421447448177E-13    0.25                     5.0E10                   2700                     4808.510973032897        2776.1951046818126       2502.294445801098
1.04048                  8.4                      0.11904761904761904      5.30023579174767E-13     5.317553938708011E-13    0.25                     5.0E10                   2700                     4808.510973032897        2776.1951046818126       2502.294445801098
1.04048                  8.42                     0.11876484560570072      5.300456431132999E-13    5.317688685274992E-13    0.25                     5.0E10                   2700                     4808.510973032897        2776.1951046818126       2502.294445801098
1.04048                  8.44                     0.11848341232227488      5.300679911840752E-13    5.317825649467638E-13    0.25                     5.0E10                   2700                     4808.510973032897        2776.1951046818126       2502.294445801098
1.04048                  8.459999999999999        0.11820330969267141      5.300906177116246E-13    5.317964793457219E-13    0.25                     5.0E10                   2700                     4808.510973032897        2776.1951046818126       2502.294445801098
1.04048                  8.48                     0.1179245283018868       5.301135170371818E-13    5.318106079341969E-13    0.25                     5.0E10                   2700                     4808.510973032897        2776.1951046818126       2502.294445801098
1.04048                  8.5                      0.11764705882352941      5.301366835476226E-13    5.318249469324211E-13    0.25                     5.0E10                   2700                     4808.510973032897        2776.1951046818126       2502.294445801098
1.04048                  8.52                     0.11737089201877934      5.301601116454476E-13    5.318394925564711E-13    0.25                     5.0E10                   2700                     4808.510973032897        2776.1951046818126       2502.294445801098
1.04048                  8.54                     0.117096018735363        5.301837957602891E-13    5.318542410215827E-13    0.25                     5.0E10                   2700                     4808.510973032897        2776.1951046818126       2502.294445801098
1.04048                  8.56                     0.11682242990654204      5.302077303543944E-13    5.318691885521337E-13    0.25                     5.0E10                   2700                     4808.510973032897        2776.1951046818126       2502.294445801098
1.04048                  8.58                     0.11655011655011656      5.302319099171038E-13    5.318843313743045E-13    0.25                     5.0E10                   2700                     4808.510973032897        2776.1951046818126       2502.294445801098
1.04048                  8.6                      0.11627906976744186      5.302563289760342E-13    5.318996657229163E-13    0.25                     5.0E10                   2700                     4808.510973032897        2776.1951046818126       2502.294445801098
1.04048                  8.62                     0.1160092807424594       5.30280982100912E-13     5.319151878489038E-13    0.25                     5.0E10                   2700                     4808.510973032897        2776.1951046818126       2502.294445801098
1.04048                  8.64                     0.11574074074074073      5.303058638740181E-13    5.319308939973664E-13    0.25                     5.0E10                   2700                     4808.510973032897        2776.1951046818126       2502.294445801098
1.04048                  8.66                     0.11547344110854503      5.303309689389006E-13    5.31946780446205E-13     0.25                     5.0E10                   2700                     4808.510973032897        2776.1951046818126       2502.294445801098
1.04048                  8.68                     0.1152073732718894       5.30356291966496E-13     5.319628434729451E-13    0.25                     5.0E10                   2700                     4808.510973032897        2776.1951046818126       2502.294445801098
1.04048                  8.7                      0.11494252873563218      5.303818276588493E-13    5.319790793665094E-13    0.25                     5.0E10                   2700                     4808.510973032897        2776.1951046818126       2502.294445801098
1.04048                  8.72                     0.1146788990825688       5.304075707746574E-13    5.319954844448613E-13    0.25                     5.0E10                   2700                     4808.510973032897        2776.1951046818126       2502.294445801098
1.04048                  8.74                     0.11441647597254004      5.304335161022399E-13    5.320120550329591E-13    0.25                     5.0E10                   2700                     4808.510973032897        2776.1951046818126       2502.294445801098
1.04048                  8.76                     0.1141552511415525       5.304614106582735E-13    5.320304640376369E-13    0.25                     5.0E10                   2700                     4808.510973032897        2776.1951046818126       2502.294445801098
1.04048                  8.78                     0.11389521640091117      5.304877534271901E-13    5.320473634336007E-13    0.25                     5.0E10                   2700                     4808.510973032897        2776.1951046818126       2502.294445801098
1.04048                  8.8                      0.11363636363636362      5.305142830417486E-13    5.32064417441814E-13     0.25                     5.0E10                   2700                     4808.510973032897        2776.1951046818126       2502.294445801098
1.04048                  8.82                     0.11337868480725624      5.305409944538187E-13    5.320816224585364E-13    0.25                     5.0E10                   2700                     4808.510973032897        2776.1951046818126       2502.294445801098
1.04048                  8.84                     0.11312217194570136      5.305678826886098E-13    5.320989749213789E-13    0.25                     5.0E10                   2700                     4808.510973032897        2776.1951046818126       2502.294445801098
1.04048                  8.86                     0.11286681715575621      5.305949427929951E-13    5.321164712797127E-13    0.25                     5.0E10                   2700                     4808.510973032897        2776.1951046818126       2502.294445801098
1.04048                  8.879999999999999        0.11261261261261263      5.306221698840558E-13    5.321341080132737E-13    0.25                     5.0E10                   2700                     4808.510973032897        2776.1951046818126       2502.294445801098
1.04048                  8.9                      0.11235955056179775      5.306495590981429E-13    5.321518816150846E-13    0.25                     5.0E10                   2700                     4808.510973032897        2776.1951046818126       2502.294445801098
1.04048                  8.92                     0.11210762331838565      5.30677105646026E-13     5.321697886203806E-13    0.25                     5.0E10                   2700                     4808.510973032897        2776.1951046818126       2502.294445801098
1.04048                  8.94                     0.11185682326621925      5.307048047748905E-13    5.321878255794871E-13    0.25                     5.0E10                   2700                     4808.510973032897        2776.1951046818126       2502.294445801098
1.04048                  8.959999999999999        0.11160714285714285      5.30732651783116E-13     5.322059890727454E-13    0.25                     5.0E10                   2700                     4808.510973032897        2776.1951046818126       2502.294445801098
1.04048                  8.98                     0.11135857461024498      5.307606420122345E-13    5.322242757058046E-13    0.25                     5.0E10                   2700                     4808.510973032897        2776.1951046818126       2502.294445801098
1.04048                  9                        0.11111111111111112      5.307887708616159E-13    5.322426821156755E-13    0.25                     5.0E10                   2700                     4808.510973032897        2776.1951046818126       2502.294445801098
1.04048                  9.02                     0.11086474501108647      5.308170337756063E-13    5.322612049665115E-13    0.25                     5.0E10                   2700                     4808.510973032897        2776.1951046818126       2502.294445801098
1.04048                  9.04                     0.11061946902654868      5.308454262523036E-13    5.322798409502353E-13    0.25                     5.0E10                   2700                     4808.510973032897        2776.1951046818126       2502.294445801098
1.04048                  9.06                     0.11037527593818983      5.3087394384104E-13      5.322985867932106E-13    0.25                     5.0E10                   2700                     4808.510973032897        2776.1951046818126       2502.294445801098
1.04048                  9.08                     0.11013215859030838      5.309025821293633E-13    5.323174392429106E-13    0.25                     5.0E10                   2700                     4808.510973032897        2776.1951046818126       2502.294445801098
1.04048                  9.1                      0.1098901098901099       5.309313367710756E-13    5.323363950845232E-13    0.25                     5.0E10                   2700                     4808.510973032897        2776.1951046818126       2502.294445801098
1.04048                  9.12                     0.10964912280701757      5.309602034672721E-13    5.32355451135509E-13     0.25                     5.0E10                   2700                     4808.510973032897        2776.1951046818126       2502.294445801098
1.04048                  9.14                     0.10940919037199125      5.309891779645699E-13    5.323746042394311E-13    0.25                     5.0E10                   2700                     4808.510973032897        2776.1951046818126       2502.294445801098
1.04048                  9.16                     0.10917030567685589      5.310182560686612E-13    5.323938512743729E-13    0.25                     5.0E10                   2700                     4808.510973032897        2776.1951046818126       2502.294445801098
1.04048                  9.18                     0.10893246187363835      5.31047433624519E-13     5.324131891457404E-13    0.25                     5.0E10                   2700                     4808.510973032897        2776.1951046818126       2502.294445801098
1.04048                  9.2                      0.10869565217391305      5.310767065439376E-13    5.324326147993262E-13    0.25                     5.0E10                   2700                     4808.510973032897        2776.1951046818126       2502.294445801098
1.04048                  9.22                     0.10845986984815618      5.311060707869981E-13    5.324521252118592E-13    0.25                     5.0E10                   2700                     4808.510973032897        2776.1951046818126       2502.294445801098
1.04048                  9.24                     0.10822510822510822      5.311355223479479E-13    5.324717173811639E-13    0.25                     5.0E10                   2700                     4808.510973032897        2776.1951046818126       2502.294445801098
1.04048                  9.26                     0.1079913606911447       5.311650572966933E-13    5.32491388354875E-13     0.25                     5.0E10                   2700                     4808.510973032897        2776.1951046818126       2502.294445801098
1.04048                  9.28                     0.10775862068965518      5.31194671735122E-13     5.325111351996106E-13    0.25                     5.0E10                   2700                     4808.510973032897        2776.1951046818126       2502.294445801098
1.04048                  9.3                      0.10752688172043011      5.312243618329362E-13    5.325309550256599E-13    0.25                     5.0E10                   2700                     4808.510973032897        2776.1951046818126       2502.294445801098
1.04048                  9.32                     0.1072961373390558       5.312541238040644E-13    5.325508449763204E-13    0.25                     5.0E10                   2700                     4808.510973032897        2776.1951046818126       2502.294445801098
1.04048                  9.34                     0.10706638115631692      5.3128395389693E-13      5.325708022107154E-13    0.25                     5.0E10                   2700                     4808.510973032897        2776.1951046818126       2502.294445801098
1.04048                  9.36                     0.10683760683760683      5.31313848444237E-13     5.325908239479252E-13    0.25                     5.0E10                   2700                     4808.510973032897        2776.1951046818126       2502.294445801098
1.04048                  9.379999999999999        0.10660980810234544      5.313438038000432E-13    5.326109074229566E-13    0.25                     5.0E10                   2700                     4808.510973032897        2776.1951046818126       2502.294445801098
1.04048                  9.4                      0.10638297872340426      5.313738163837182E-13    5.326310499089236E-13    0.25                     5.0E10                   2700                     4808.510973032897        2776.1951046818126       2502.294445801098
1.04048                  9.42                     0.10615711252653928      5.314038826736299E-13    5.326512487183592E-13    0.25                     5.0E10                   2700                     4808.510973032897        2776.1951046818126       2502.294445801098
1.04048                  9.44                     0.1059322033898305       5.314339991775843E-13    5.326715011927897E-13    0.25                     5.0E10                   2700                     4808.510973032897        2776.1951046818126       2502.294445801098
1.04048                  9.459999999999999        0.10570824524312897      5.314641624642925E-13    5.326918047028144E-13    0.25                     5.0E10                   2700                     4808.510973032897        2776.1951046818126       2502.294445801098
1.04048                  9.48                     0.10548523206751054      5.31494369140939E-13     5.327121566554571E-13    0.25                     5.0E10                   2700                     4808.510973032897        2776.1951046818126       2502.294445801098
1.04048                  9.5                      0.10526315789473685      5.315246158933238E-13    5.327325545020054E-13    0.25                     5.0E10                   2700                     4808.510973032897        2776.1951046818126       2502.294445801098
1.04048                  9.52                     0.10504201680672269      5.315548994303602E-13    5.327529957163552E-13    0.25                     5.0E10                   2700                     4808.510973032897        2776.1951046818126       2502.294445801098
1.04048                  9.54                     0.10482180293501049      5.315852165151863E-13    5.327734778066425E-13    0.25                     5.0E10                   2700                     4808.510973032897        2776.1951046818126       2502.294445801098
1.04048                  9.56                     0.10460251046025104      5.316155639639597E-13    5.327939983190118E-13    0.25                     5.0E10                   2700                     4808.510973032897        2776.1951046818126       2502.294445801098
1.04048                  9.58                     0.10438413361169102      5.316459386421818E-13    5.32814554831188E-13     0.25                     5.0E10                   2700                     4808.510973032897        2776.1951046818126       2502.294445801098
1.04048                  9.6                      0.10416666666666667      5.316763374634052E-13    5.328351449578283E-13    0.25                     5.0E10                   2700                     4808.510973032897        2776.1951046818126       2502.294445801098
1.04048                  9.62                     0.10395010395010396      5.31706757382891E-13     5.328557663393026E-13    0.25                     5.0E10                   2700                     4808.510973032897        2776.1951046818126       2502.294445801098
1.04048                  9.64                     0.10373443983402489      5.317371954108446E-13    5.32876416654934E-13     0.25                     5.0E10                   2700                     4808.510973032897        2776.1951046818126       2502.294445801098
1.04048                  9.66                     0.10351966873706003      5.317676486038038E-13    5.328970936206945E-13    0.25                     5.0E10                   2700                     4808.510973032897        2776.1951046818126       2502.294445801098
1.04048                  9.68                     0.10330578512396693      5.317981140539984E-13    5.329177949710309E-13    0.25                     5.0E10                   2700                     4808.510973032897        2776.1951046818126       2502.294445801098
1.04048                  9.7                      0.10309278350515465      5.318285889257314E-13    5.329385184949099E-13    0.25                     5.0E10                   2700                     4808.510973032897        2776.1951046818126       2502.294445801098
1.04048                  9.72                     0.102880658436214        5.318590704080223E-13    5.329592619981797E-13    0.25                     5.0E10                   2700                     4808.510973032897        2776.1951046818126       2502.294445801098
1.04048                  9.74                     0.1026694045174538       5.318895557349603E-13    5.329800233190714E-13    0.25                     5.0E10                   2700                     4808.510973032897        2776.1951046818126       2502.294445801098
1.04048                  9.76                     0.10245901639344263      5.319200422130386E-13    5.330008003467944E-13    0.25                     5.0E10                   2700                     4808.510973032897        2776.1951046818126       2502.294445801098
1.04048                  9.78                     0.10224948875255623      5.319505271498465E-13    5.330215909720444E-13    0.25                     5.0E10                   2700                     4808.510973032897        2776.1951046818126       2502.294445801098
1.04048                  9.8                      0.10204081632653059      5.319810079352211E-13    5.33042393143364E-13     0.25                     5.0E10                   2700                     4808.510973032897        2776.1951046818126       2502.294445801098
1.04048                  9.82                     0.10183299389002037      5.320114819926174E-13    5.330632048342258E-13    0.25                     5.0E10                   2700                     4808.510973032897        2776.1951046818126       2502.294445801098
1.04048                  9.84                     0.1016260162601626       5.320419467779565E-13    5.330840240396464E-13    0.25                     5.0E10                   2700                     4808.510973032897        2776.1951046818126       2502.294445801098
1.04048                  9.86                     0.10141987829614604      5.320723998178253E-13    5.33104848807556E-13     0.25                     5.0E10                   2700                     4808.510973032897        2776.1951046818126       2502.294445801098
1.04048                  9.879999999999999        0.10121457489878542      5.321028386520236E-13    5.331256771939926E-13    0.25                     5.0E10                   2700                     4808.510973032897        2776.1951046818126       2502.294445801098
1.04048                  9.9                      0.101010101010101        5.321332608800602E-13    5.331465073009205E-13    0.25                     5.0E10                   2700                     4808.510973032897        2776.1951046818126       2502.294445801098
1.04048                  9.92                     0.10080645161290322      5.321636641390091E-13    5.331673372536927E-13    0.25                     5.0E10                   2700                     4808.510973032897        2776.1951046818126       2502.294445801098
1.04048                  9.94                     0.1006036217303823       5.321940461139009E-13    5.331881652163109E-13    0.25                     5.0E10                   2700                     4808.510973032897        2776.1951046818126       2502.294445801098
1.04048                  9.959999999999999        0.10040160642570282      5.322244045262676E-13    5.332089893757212E-13    0.25                     5.0E10                   2700                     4808.510973032897        2776.1951046818126       2502.294445801098
1.04048                  9.98                     0.1002004008016032       5.32254737142424E-13     5.33229807951079E-13     0.25                     5.0E10                   2700                     4808.510973032897        2776.1951046818126       2502.294445801098
1.04048                  10                       0.1                      5.322378374638192E-13    5.33178290523065E-13     0.25                     5.0E10                   2700                     4808.510973032897        2776.1951046818126       2502.294445801098
