1.0652                   0.1                      10                       5.331367549306177E-13    5.331364852277235E-13    0.25                     5.0E10                   2700                     4865.2966108050505       2808.9803079356698       2502.294445801098
1.0652                   0.12000000000000001      8.333333333333332        5.362966322678669E-13    5.363541171056947E-13    0.25                     5.0E10                   2700                     4865.2966108050505       2808.9803079356698       2502.294445801098
1.0652                   0.14                     7.1428571428571415       5.341208196001441E-13    5.339548162109637E-13    0.25                     5.0E10                   2700                     4865.2966108050505       2808.9803079356698       2502.294445801098
1.0652                   0.16                     6.249999999999999        5.330797499164528E-13    5.33177527385822E-13     0.25                     5.0E10                   2700                     4865.2966108050505       2808.9803079356698       2502.294445801098
1.0652                   0.18                     5.555555555555555        5.372575623586093E-13    5.372903650727196E-13    0.25                     5.0E10                   2700                     4865.2966108050505       2808.9803079356698       2502.294445801098
1.0652                   0.2                      5                        5.334206444114374E-13    5.331413042110656E-13    0.25                     5.0E10                   2700                     4865.2966108050505       2808.9803079356698       2502.294445801098
1.0652                   0.22                     4.545454545454546        5.367118774864927E-13    5.367291919114736E-13    0.25                     5.0E10                   2700                     4865.2966108050505       2808.9803079356698       2502.294445801098
1.0652                   0.24000000000000002      4.166666666666666        5.362417852488738E-13    5.364021434635063E-13    0.25                     5.0E10                   2700                     4865.2966108050505       2808.9803079356698       2502.294445801098
1.0652                   0.26                     3.846153846153846        5.34866620269056E-13     5.350293458882629E-13    0.25                     5.0E10                   2700                     4865.2966108050505       2808.9803079356698       2502.294445801098
1.0652                   0.28                     3.5714285714285707       5.370663786271307E-13    5.372982560016523E-13    0.25                     5.0E10                   2700                     4865.2966108050505       2808.9803079356698       2502.294445801098
1.0652                   0.30000000000000004      3.3333333333333326       5.365534029387891E-13    5.36553588684237E-13     0.25                     5.0E10                   2700                     4865.2966108050505       2808.9803079356698       2502.294445801098
1.0652                   0.32                     3.1249999999999996       5.337677143009475E-13    5.335229772046242E-13    0.25                     5.0E10                   2700                     4865.2966108050505       2808.9803079356698       2502.294445801098
1.0652                   0.33999999999999997      2.9411764705882355       5.3779571476253E-13      5.380457955719969E-13    0.25                     5.0E10                   2700                     4865.2966108050505       2808.9803079356698       2502.294445801098
1.0652                   0.36                     2.7777777777777777       5.356097579027006E-13    5.35745412875571E-13     0.25                     5.0E10                   2700                     4865.2966108050505       2808.9803079356698       2502.294445801098
1.0652                   0.38                     2.6315789473684212       5.35497990131466E-13     5.34506957055505E-13     0.25                     5.0E10                   2700                     4865.2966108050505       2808.9803079356698       2502.294445801098
1.0652                   0.4                      2.5                      5.352598023471513E-13    5.346419094631041E-13    0.25                     5.0E10                   2700                     4865.2966108050505       2808.9803079356698       2502.294445801098
1.0652                   0.42000000000000004      2.3809523809523805       5.369375597061101E-13    5.349620268750053E-13    0.25                     5.0E10                   2700                     4865.2966108050505       2808.9803079356698       2502.294445801098
1.0652                   0.44000000000000006      2.272727272727273        5.387381322292449E-13    5.36894479368669E-13     0.25                     5.0E10                   2700                     4865.2966108050505       2808.9803079356698       2502.294445801098
1.0652                   0.45999999999999996      2.173913043478261        5.42333952697446E-13     5.395543810897651E-13    0.25                     5.0E10                   2700                     4865.2966108050505       2808.9803079356698       2502.294445801098
1.0652                   0.48                     2.0833333333333335       5.428613289145259E-13    5.393260215163655E-13    0.25                     5.0E10                   2700                     4865.2966108050505       2808.9803079356698       2502.294445801098
1.0652                   0.5                      2                        5.40338490139005E-13     5.365656569455361E-13    0.25                     5.0E10                   2700                     4865.2966108050505       2808.9803079356698       2502.294445801098
1.0652                   0.52                     1.923076923076923        5.453591560407653E-13    5.412235842991674E-13    0.25                     5.0E10                   2700                     4865.2966108050505       2808.9803079356698       2502.294445801098
1.0652                   0.54                     1.8518518518518516       5.427730241622984E-13    5.383806333279749E-13    0.25                     5.0E10                   2700                     4865.2966108050505       2808.9803079356698       2502.294445801098
1.0652                   0.56                     1.7857142857142854       5.455771130741839E-13    5.400716968832863E-13    0.25                     5.0E10                   2700                     4865.2966108050505       2808.9803079356698       2502.294445801098
1.0652                   0.58                     1.7241379310344829       5.468358552336048E-13    5.404764814887003E-13    0.25                     5.0E10                   2700                     4865.2966108050505       2808.9803079356698       2502.294445801098
1.0652                   0.6                      1.6666666666666667       5.488679605956586E-13    5.424925040745851E-13    0.25                     5.0E10                   2700                     4865.2966108050505       2808.9803079356698       2502.294445801098
1.0652                   0.62                     1.6129032258064515       5.456753118121434E-13    5.391639839664561E-13    0.25                     5.0E10                   2700                     4865.2966108050505       2808.9803079356698       2502.294445801098
1.0652                   0.64                     1.5624999999999998       5.509693711932893E-13    5.433269061328668E-13    0.25                     5.0E10                   2700                     4865.2966108050505       2808.9803079356698       2502.294445801098
1.0652                   0.66                     1.515151515151515        5.496119243992774E-13    5.404074800137296E-13    0.25                     5.0E10                   2700                     4865.2966108050505       2808.9803079356698       2502.294445801098
1.0652                   0.6799999999999999       1.4705882352941178       5.518595692397982E-13    5.417073525593922E-13    0.25                     5.0E10                   2700                     4865.2966108050505       2808.9803079356698       2502.294445801098
1.0652                   0.7                      1.4285714285714286       5.537958321829588E-13    5.43601673879532E-13     0.25                     5.0E10                   2700                     4865.2966108050505       2808.9803079356698       2502.294445801098
1.0652                   0.72                     1.3888888888888888       5.508786044397999E-13    5.40542492973226E-13     0.25                     5.0E10                   2700                     4865.2966108050505       2808.9803079356698       2502.294445801098
1.0652                   0.74                     1.3513513513513513       5.541244911717929E-13    5.429749285138593E-13    0.25                     5.0E10                   2700                     4865.2966108050505       2808.9803079356698       2502.294445801098
1.0652                   0.76                     1.3157894736842106       5.595992638866708E-13    5.470519309365729E-13    0.25                     5.0E10                   2700                     4865.2966108050505       2808.9803079356698       2502.294445801098
1.0652                   0.78                     1.2820512820512822       5.588103686898805E-13    5.447767871136951E-13    0.25                     5.0E10                   2700                     4865.2966108050505       2808.9803079356698       2502.294445801098
1.0652                   0.8                      1.25                     5.564626683288224E-13    5.413221713168238E-13    0.25                     5.0E10                   2700                     4865.2966108050505       2808.9803079356698       2502.294445801098
1.0652                   0.82                     1.2195121951219514       5.577139491220909E-13    5.420775133707794E-13    0.25                     5.0E10                   2700                     4865.2966108050505       2808.9803079356698       2502.294445801098
1.0652                   0.84                     1.1904761904761905       5.587486846004846E-13    5.434421662218329E-13    0.25                     5.0E10                   2700                     4865.2966108050505       2808.9803079356698       2502.294445801098
1.0652                   0.86                     1.1627906976744187       5.572604298819643E-13    5.423972445041307E-13    0.25                     5.0E10                   2700                     4865.2966108050505       2808.9803079356698       2502.294445801098
1.0652                   0.88                     1.1363636363636365       5.556933820864453E-13    5.409729068678383E-13    0.25                     5.0E10                   2700                     4865.2966108050505       2808.9803079356698       2502.294445801098
1.0652                   0.9                      1.1111111111111112       5.573110210270905E-13    5.421716458452074E-13    0.25                     5.0E10                   2700                     4865.2966108050505       2808.9803079356698       2502.294445801098
1.0652                   0.92                     1.0869565217391304       5.609549932289829E-13    5.449195080755037E-13    0.25                     5.0E10                   2700                     4865.2966108050505       2808.9803079356698       2502.294445801098
1.0652                   0.94                     1.0638297872340425       5.631540758095588E-13    5.460611531127831E-13    0.25                     5.0E10                   2700                     4865.2966108050505       2808.9803079356698       2502.294445801098
1.0652                   0.96                     1.0416666666666667       5.624988028561544E-13    5.444334323586323E-13    0.25                     5.0E10                   2700                     4865.2966108050505       2808.9803079356698       2502.294445801098
1.0652                   0.98                     1.0204081632653061       5.607431598813292E-13    5.418747300603491E-13    0.25                     5.0E10                   2700                     4865.2966108050505       2808.9803079356698       2502.294445801098
1.0652                   1                        1                        5.602070724080925E-13    5.406668852317838E-13    0.25                     5.0E10                   2700                     4865.2966108050505       2808.9803079356698       2502.294445801098
1.0652                   1.02                     0.9803921568627452       5.618623468328361E-13    5.421405879923635E-13    0.25                     5.0E10                   2700                     4865.2966108050505       2808.9803079356698       2502.294445801098
1.0652                   1.04                     0.9615384615384615       5.642117182537761E-13    5.447490000159126E-13    0.25                     5.0E10                   2700                     4865.2966108050505       2808.9803079356698       2502.294445801098
1.0652                   1.06                     0.9433962264150944       5.653088043398834E-13    5.465311053335083E-13    0.25                     5.0E10                   2700                     4865.2966108050505       2808.9803079356698       2502.294445801098
1.0652                   1.08                     0.9259259259259258       5.641305576193646E-13    5.463166833744335E-13    0.25                     5.0E10                   2700                     4865.2966108050505       2808.9803079356698       2502.294445801098
1.0652                   1.1                      0.909090909090909        5.61116674743512E-13     5.443174675751013E-13    0.25                     5.0E10                   2700                     4865.2966108050505       2808.9803079356698       2502.294445801098
1.0652                   1.12                     0.8928571428571427       5.574925054052382E-13    5.416220018516894E-13    0.25                     5.0E10                   2700                     4865.2966108050505       2808.9803079356698       2502.294445801098
1.0652                   1.1400000000000001       0.8771929824561403       5.547281897591186E-13    5.393853104544302E-13    0.25                     5.0E10                   2700                     4865.2966108050505       2808.9803079356698       2502.294445801098
1.0652                   1.1600000000000001       0.8620689655172412       5.53253959985497E-13     5.381158330170172E-13    0.25                     5.0E10                   2700                     4865.2966108050505       2808.9803079356698       2502.294445801098
1.0652                   1.1800000000000002       0.8474576271186439       5.528973191149322E-13    5.376884796203078E-13    0.25                     5.0E10                   2700                     4865.2966108050505       2808.9803079356698       2502.294445801098
1.0652                   1.2000000000000002       0.8333333333333331       5.530864170271888E-13    5.376168193754375E-13    0.25                     5.0E10                   2700                     4865.2966108050505       2808.9803079356698       2502.294445801098
1.0652                   1.2200000000000002       0.8196721311475409       5.532503249601539E-13    5.374241711259777E-13    0.25                     5.0E10                   2700                     4865.2966108050505       2808.9803079356698       2502.294445801098
1.0652                   1.2400000000000002       0.8064516129032256       5.530973389505595E-13    5.369020335917829E-13    0.25                     5.0E10                   2700                     4865.2966108050505       2808.9803079356698       2502.294445801098
1.0652                   1.26                     0.7936507936507936       5.526520854816959E-13    5.361566596264761E-13    0.25                     5.0E10                   2700                     4865.2966108050505       2808.9803079356698       2502.294445801098
1.0652                   1.28                     0.7812499999999999       5.52273998446847E-13     5.355690414259259E-13    0.25                     5.0E10                   2700                     4865.2966108050505       2808.9803079356698       2502.294445801098
1.0652                   1.3                      0.7692307692307692       5.522615750504944E-13    5.354723345908268E-13    0.25                     5.0E10                   2700                     4865.2966108050505       2808.9803079356698       2502.294445801098
1.0652                   1.32                     0.7575757575757575       5.528014341397797E-13    5.360793599781229E-13    0.25                     5.0E10                   2700                     4865.2966108050505       2808.9803079356698       2502.294445801098
1.0652                   1.34                     0.7462686567164178       5.538786651887237E-13    5.37396609012987E-13     0.25                     5.0E10                   2700                     4865.2966108050505       2808.9803079356698       2502.294445801098
1.0652                   1.36                     0.7352941176470588       5.552805018678726E-13    5.392265404089285E-13    0.25                     5.0E10                   2700                     4865.2966108050505       2808.9803079356698       2502.294445801098
1.0652                   1.3800000000000001       0.7246376811594203       5.566614972056736E-13    5.412291389500473E-13    0.25                     5.0E10                   2700                     4865.2966108050505       2808.9803079356698       2502.294445801098
1.0652                   1.4000000000000001       0.7142857142857142       5.576384120472995E-13    5.430133301888541E-13    0.25                     5.0E10                   2700                     4865.2966108050505       2808.9803079356698       2502.294445801098
1.0652                   1.4200000000000002       0.704225352112676        5.578877043812299E-13    5.442326359357504E-13    0.25                     5.0E10                   2700                     4865.2966108050505       2808.9803079356698       2502.294445801098
1.0652                   1.4400000000000002       0.6944444444444444       5.572572322594235E-13    5.44661516762196E-13     0.25                     5.0E10                   2700                     4865.2966108050505       2808.9803079356698       2502.294445801098
1.0652                   1.4600000000000002       0.6849315068493149       5.556571094060102E-13    5.442310360459058E-13    0.25                     5.0E10                   2700                     4865.2966108050505       2808.9803079356698       2502.294445801098
1.0652                   1.4800000000000002       0.6756756756756755       5.532359530982313E-13    5.430124396188271E-13    0.25                     5.0E10                   2700                     4865.2966108050505       2808.9803079356698       2502.294445801098
1.0652                   1.5000000000000002       0.6666666666666665       5.502315804436809E-13    5.411970878984501E-13    0.25                     5.0E10                   2700                     4865.2966108050505       2808.9803079356698       2502.294445801098
1.0652                   1.52                     0.6578947368421053       5.469363949850484E-13    5.39038479798828E-13     0.25                     5.0E10                   2700                     4865.2966108050505       2808.9803079356698       2502.294445801098
1.0652                   1.54                     0.6493506493506493       5.436412594421523E-13    5.367987977097029E-13    0.25                     5.0E10                   2700                     4865.2966108050505       2808.9803079356698       2502.294445801098
1.0652                   1.56                     0.6410256410256411       5.405928051231847E-13    5.347067835962289E-13    0.25                     5.0E10                   2700                     4865.2966108050505       2808.9803079356698       2502.294445801098
1.0652                   1.58                     0.6329113924050632       5.379685333894016E-13    5.329318329415848E-13    0.25                     5.0E10                   2700                     4865.2966108050505       2808.9803079356698       2502.294445801098
1.0652                   1.6                      0.625                    5.358684731429873E-13    5.31573763728544E-13     0.25                     5.0E10                   2700                     4865.2966108050505       2808.9803079356698       2502.294445801098
1.0652                   1.62                     0.6172839506172839       5.343200223968357E-13    5.306655868623824E-13    0.25                     5.0E10                   2700                     4865.2966108050505       2808.9803079356698       2502.294445801098
1.0652                   1.6400000000000001       0.6097560975609756       5.332897571208335E-13    5.30183238403001E-13     0.25                     5.0E10                   2700                     4865.2966108050505       2808.9803079356698       2502.294445801098
1.0652                   1.6600000000000001       0.6024096385542168       5.327002703074828E-13    5.30060829461606E-13     0.25                     5.0E10                   2700                     4865.2966108050505       2808.9803079356698       2502.294445801098
1.0652                   1.6800000000000002       0.5952380952380951       5.325405766744584E-13    5.303234822158015E-13    0.25                     5.0E10                   2700                     4865.2966108050505       2808.9803079356698       2502.294445801098
1.0652                   1.7000000000000002       0.588235294117647        5.325197319549715E-13    5.306447751884709E-13    0.25                     5.0E10                   2700                     4865.2966108050505       2808.9803079356698       2502.294445801098
1.0652                   1.7200000000000002       0.5813953488372092       5.32607520765982E-13     5.310305471241841E-13    0.25                     5.0E10                   2700                     4865.2966108050505       2808.9803079356698       2502.294445801098
1.0652                   1.7400000000000002       0.5747126436781609       5.327058155431203E-13    5.313936527255884E-13    0.25                     5.0E10                   2700                     4865.2966108050505       2808.9803079356698       2502.294445801098
1.0652                   1.7600000000000002       0.5681818181818182       5.327376761122272E-13    5.316670737027356E-13    0.25                     5.0E10                   2700                     4865.2966108050505       2808.9803079356698       2502.294445801098
1.0652                   1.78                     0.5617977528089887       5.326509504049766E-13    5.318071563043372E-13    0.25                     5.0E10                   2700                     4865.2966108050505       2808.9803079356698       2502.294445801098
1.0652                   1.8                      0.5555555555555556       5.324176094776523E-13    5.317934346707254E-13    0.25                     5.0E10                   2700                     4865.2966108050505       2808.9803079356698       2502.294445801098
1.0652                   1.82                     0.5494505494505494       5.320315585010257E-13    5.316262098655504E-13    0.25                     5.0E10                   2700                     4865.2966108050505       2808.9803079356698       2502.294445801098
1.0652                   1.84                     0.5434782608695652       5.315042407519993E-13    5.313223238409516E-13    0.25                     5.0E10                   2700                     4865.2966108050505       2808.9803079356698       2502.294445801098
1.0652                   1.86                     0.5376344086021505       5.308595027659471E-13    5.309101229752958E-13    0.25                     5.0E10                   2700                     4865.2966108050505       2808.9803079356698       2502.294445801098
1.0652                   1.8800000000000001       0.5319148936170213       5.301283759754305E-13    5.30424330001919E-13     0.25                     5.0E10                   2700                     4865.2966108050505       2808.9803079356698       2502.294445801098
1.0652                   1.9000000000000001       0.5263157894736842       5.293443523848746E-13    5.299013951844779E-13    0.25                     5.0E10                   2700                     4865.2966108050505       2808.9803079356698       2502.294445801098
1.0652                   1.9200000000000002       0.5208333333333333       5.285395235651143E-13    5.293756936909285E-13    0.25                     5.0E10                   2700                     4865.2966108050505       2808.9803079356698       2502.294445801098
1.0652                   1.9400000000000002       0.5154639175257731       5.277417552386934E-13    5.288767424511537E-13    0.25                     5.0E10                   2700                     4865.2966108050505       2808.9803079356698       2502.294445801098
1.0652                   1.9600000000000002       0.5102040816326531       5.269727762706055E-13    5.284274089412774E-13    0.25                     5.0E10                   2700                     4865.2966108050505       2808.9803079356698       2502.294445801098
1.0652                   1.9800000000000002       0.505050505050505        5.26247888103352E-13     5.280432809914877E-13    0.25                     5.0E10                   2700                     4865.2966108050505       2808.9803079356698       2502.294445801098
1.0652                   2                        0.5                      5.255955154343392E-13    5.277409502146792E-13    0.25                     5.0E10                   2700                     4865.2966108050505       2808.9803079356698       2502.294445801098
1.0652                   2.02                     0.4950495049504951       5.249764664218753E-13    5.275041289296296E-13    0.25                     5.0E10                   2700                     4865.2966108050505       2808.9803079356698       2502.294445801098
1.0652                   2.04                     0.4901960784313726       5.244079305991819E-13    5.27337159304491E-13     0.25                     5.0E10                   2700                     4865.2966108050505       2808.9803079356698       2502.294445801098
1.0652                   2.06                     0.48543689320388345      5.238823108757001E-13    5.27230804937791E-13     0.25                     5.0E10                   2700                     4865.2966108050505       2808.9803079356698       2502.294445801098
1.0652                   2.08                     0.4807692307692307       5.233891997692484E-13    5.271725805720735E-13    0.25                     5.0E10                   2700                     4865.2966108050505       2808.9803079356698       2502.294445801098
1.0652                   2.1                      0.47619047619047616      5.22916675742545E-13     5.271481044542364E-13    0.25                     5.0E10                   2700                     4865.2966108050505       2808.9803079356698       2502.294445801098
1.0652                   2.12                     0.4716981132075472       5.224524956576872E-13    5.27142356983344E-13     0.25                     5.0E10                   2700                     4865.2966108050505       2808.9803079356698       2502.294445801098
1.0652                   2.14                     0.46728971962616817      5.219851226055998E-13    5.271407830340058E-13    0.25                     5.0E10                   2700                     4865.2966108050505       2808.9803079356698       2502.294445801098
1.0652                   2.16                     0.4629629629629629       5.215045516716217E-13    5.271301977696287E-13    0.25                     5.0E10                   2700                     4865.2966108050505       2808.9803079356698       2502.294445801098
1.0652                   2.18                     0.4587155963302752       5.210029161755883E-13    5.270994752606344E-13    0.25                     5.0E10                   2700                     4865.2966108050505       2808.9803079356698       2502.294445801098
1.0652                   2.2                      0.4545454545454545       5.204748841403526E-13    5.270400362363903E-13    0.25                     5.0E10                   2700                     4865.2966108050505       2808.9803079356698       2502.294445801098
1.0652                   2.22                     0.45045045045045035      5.199177964492975E-13    5.269460250658021E-13    0.25                     5.0E10                   2700                     4865.2966108050505       2808.9803079356698       2502.294445801098
1.0652                   2.24                     0.44642857142857134      5.193317201453345E-13    5.268144859761567E-13    0.25                     5.0E10                   2700                     4865.2966108050505       2808.9803079356698       2502.294445801098
1.0652                   2.2600000000000002       0.44247787610619466      5.18719250840366E-13     5.26645191367434E-13     0.25                     5.0E10                   2700                     4865.2966108050505       2808.9803079356698       2502.294445801098
1.0652                   2.2800000000000002       0.43859649122807015      5.180852407738687E-13    5.264404259436787E-13    0.25                     5.0E10                   2700                     4865.2966108050505       2808.9803079356698       2502.294445801098
1.0652                   2.3000000000000003       0.43478260869565216      5.174364319719016E-13    5.262046557678728E-13    0.25                     5.0E10                   2700                     4865.2966108050505       2808.9803079356698       2502.294445801098
1.0652                   2.3200000000000003       0.4310344827586206       5.1678103686479E-13      5.259441323922791E-13    0.25                     5.0E10                   2700                     4865.2966108050505       2808.9803079356698       2502.294445801098
1.0652                   2.3400000000000003       0.4273504273504273       5.161282965982898E-13    5.256664628879387E-13    0.25                     5.0E10                   2700                     4865.2966108050505       2808.9803079356698       2502.294445801098
1.0652                   2.3600000000000003       0.42372881355932196      5.154880429521175E-13    5.253801727225364E-13    0.25                     5.0E10                   2700                     4865.2966108050505       2808.9803079356698       2502.294445801098
1.0652                   2.3800000000000003       0.4201680672268907       5.1487028454674E-13      5.250942836557168E-13    0.25                     5.0E10                   2700                     4865.2966108050505       2808.9803079356698       2502.294445801098
1.0652                   2.4000000000000004       0.4166666666666666       5.142848328096108E-13    5.248179237653954E-13    0.25                     5.0E10                   2700                     4865.2966108050505       2808.9803079356698       2502.294445801098
1.0652                   2.42                     0.4132231404958677       5.1374097798096E-13      5.24559981664203E-13     0.25                     5.0E10                   2700                     4865.2966108050505       2808.9803079356698       2502.294445801098
1.0652                   2.44                     0.4098360655737705       5.132472209343559E-13    5.243288123763063E-13    0.25                     5.0E10                   2700                     4865.2966108050505       2808.9803079356698       2502.294445801098
1.0652                   2.46                     0.4065040650406504       5.128110626888075E-13    5.241319983375379E-13    0.25                     5.0E10                   2700                     4865.2966108050505       2808.9803079356698       2502.294445801098
1.0652                   2.48                     0.4032258064516129       5.124388504138955E-13    5.239761657211528E-13    0.25                     5.0E10                   2700                     4865.2966108050505       2808.9803079356698       2502.294445801098
1.0652                   2.5                      0.4                      5.122811794514593E-13    5.239331051044253E-13    0.25                     5.0E10                   2700                     4865.2966108050505       2808.9803079356698       2502.294445801098
1.0652                   2.52                     0.3968253968253968       5.120520233202552E-13    5.238759449337815E-13    0.25                     5.0E10                   2700                     4865.2966108050505       2808.9803079356698       2502.294445801098
1.0652                   2.54                     0.39370078740157477      5.118976384932533E-13    5.238725494681368E-13    0.25                     5.0E10                   2700                     4865.2966108050505       2808.9803079356698       2502.294445801098
1.0652                   2.56                     0.39062499999999994      5.118190667951387E-13    5.239247164539354E-13    0.25                     5.0E10                   2700                     4865.2966108050505       2808.9803079356698       2502.294445801098
1.0652                   2.58                     0.38759689922480617      5.118162187210606E-13    5.24033189124953E-13     0.25                     5.0E10                   2700                     4865.2966108050505       2808.9803079356698       2502.294445801098
1.0652                   2.6                      0.3846153846153846       5.118878641146138E-13    5.241976141804031E-13    0.25                     5.0E10                   2700                     4865.2966108050505       2808.9803079356698       2502.294445801098
1.0652                   2.62                     0.3816793893129771       5.120317254586889E-13    5.244166180083902E-13    0.25                     5.0E10                   2700                     4865.2966108050505       2808.9803079356698       2502.294445801098
1.0652                   2.64                     0.37878787878787873      5.122445840036486E-13    5.246878982058531E-13    0.25                     5.0E10                   2700                     4865.2966108050505       2808.9803079356698       2502.294445801098
1.0652                   2.66                     0.37593984962406013      5.125223944811395E-13    5.250083260059639E-13    0.25                     5.0E10                   2700                     4865.2966108050505       2808.9803079356698       2502.294445801098
1.0652                   2.68                     0.3731343283582089       5.128604047081092E-13    5.253740557585168E-13    0.25                     5.0E10                   2700                     4865.2966108050505       2808.9803079356698       2502.294445801098
1.0652                   2.7                      0.37037037037037035      5.132532769475613E-13    5.25780638128695E-13     0.25                     5.0E10                   2700                     4865.2966108050505       2808.9803079356698       2502.294445801098
1.0652                   2.72                     0.3676470588235294       5.136952083998359E-13    5.262231341839173E-13    0.25                     5.0E10                   2700                     4865.2966108050505       2808.9803079356698       2502.294445801098
1.0652                   2.74                     0.36496350364963503      5.141800486933508E-13    5.266962280186337E-13    0.25                     5.0E10                   2700                     4865.2966108050505       2808.9803079356698       2502.294445801098
1.0652                   2.7600000000000002       0.36231884057971014      5.147014125678687E-13    5.271943359183022E-13    0.25                     5.0E10                   2700                     4865.2966108050505       2808.9803079356698       2502.294445801098
1.0652                   2.7800000000000002       0.35971223021582727      5.15252786398158E-13     5.277117104982184E-13    0.25                     5.0E10                   2700                     4865.2966108050505       2808.9803079356698       2502.294445801098
1.0652                   2.8000000000000003       0.3571428571428571       5.158276274367678E-13    5.282425385278438E-13    0.25                     5.0E10                   2700                     4865.2966108050505       2808.9803079356698       2502.294445801098
1.0652                   2.8200000000000003       0.35460992907801414      5.164194549426758E-13    5.287810314368766E-13    0.25                     5.0E10                   2700                     4865.2966108050505       2808.9803079356698       2502.294445801098
1.0652                   2.8400000000000003       0.352112676056338        5.170219326082802E-13    5.293215077700807E-13    0.25                     5.0E10                   2700                     4865.2966108050505       2808.9803079356698       2502.294445801098
1.0652                   2.8600000000000003       0.3496503496503496       5.176289418748649E-13    5.298584670516505E-13    0.25                     5.0E10                   2700                     4865.2966108050505       2808.9803079356698       2502.294445801098
1.0652                   2.8800000000000003       0.3472222222222222       5.182346459196459E-13    5.303866547259521E-13    0.25                     5.0E10                   2700                     4865.2966108050505       2808.9803079356698       2502.294445801098
1.0652                   2.9000000000000004       0.3448275862068965       5.188335442511799E-13    5.309011180184377E-13    0.25                     5.0E10                   2700                     4865.2966108050505       2808.9803079356698       2502.294445801098
1.0652                   2.92                     0.34246575342465757      5.194204944109981E-13    5.313972359626362E-13    0.25                     5.0E10                   2700                     4865.2966108050505       2808.9803079356698       2502.294445801098
1.0652                   2.94                     0.3401360544217687       5.199908491486432E-13    5.318708303845411E-13    0.25                     5.0E10                   2700                     4865.2966108050505       2808.9803079356698       2502.294445801098
1.0652                   2.96                     0.33783783783783783      5.205403223158544E-13    5.323180759039936E-13    0.25                     5.0E10                   2700                     4865.2966108050505       2808.9803079356698       2502.294445801098
1.0652                   2.98                     0.3355704697986577       5.210651221363917E-13    5.327356064111222E-13    0.25                     5.0E10                   2700                     4865.2966108050505       2808.9803079356698       2502.294445801098
1.0652                   3                        0.3333333333333333       5.215619321665177E-13    5.331205050268605E-13    0.25                     5.0E10                   2700                     4865.2966108050505       2808.9803079356698       2502.294445801098
1.0652                   3.02                     0.33112582781456956      5.220279151341877E-13    5.334703097093058E-13    0.25                     5.0E10                   2700                     4865.2966108050505       2808.9803079356698       2502.294445801098
1.0652                   3.04                     0.32894736842105265      5.224607101136401E-13    5.3378301215311E-13      0.25                     5.0E10                   2700                     4865.2966108050505       2808.9803079356698       2502.294445801098
1.0652                   3.06                     0.32679738562091504      5.228584237058768E-13    5.340570506205433E-13    0.25                     5.0E10                   2700                     4865.2966108050505       2808.9803079356698       2502.294445801098
1.0652                   3.08                     0.3246753246753247       5.232196159271401E-13    5.342912974041645E-13    0.25                     5.0E10                   2700                     4865.2966108050505       2808.9803079356698       2502.294445801098
1.0652                   3.1                      0.32258064516129037      5.235432815353906E-13    5.344850416321974E-13    0.25                     5.0E10                   2700                     4865.2966108050505       2808.9803079356698       2502.294445801098
1.0652                   3.12                     0.32051282051282054      5.238288274895112E-13    5.346379681148634E-13    0.25                     5.0E10                   2700                     4865.2966108050505       2808.9803079356698       2502.294445801098
1.0652                   3.14                     0.3184713375796178       5.240760472718329E-13    5.347501329540835E-13    0.25                     5.0E10                   2700                     4865.2966108050505       2808.9803079356698       2502.294445801098
1.0652                   3.16                     0.3164556962025316       5.2428509275077E-13      5.348219365885149E-13    0.25                     5.0E10                   2700                     4865.2966108050505       2808.9803079356698       2502.294445801098
1.0652                   3.18                     0.31446540880503143      5.244564442347737E-13    5.348540949383779E-13    0.25                     5.0E10                   2700                     4865.2966108050505       2808.9803079356698       2502.294445801098
1.0652                   3.2                      0.3125                   5.24590879331267E-13     5.348476092529398E-13    0.25                     5.0E10                   2700                     4865.2966108050505       2808.9803079356698       2502.294445801098
1.0652                   3.22                     0.31055900621118004      5.246894411799005E-13    5.348037352467232E-13    0.25                     5.0E10                   2700                     4865.2966108050505       2808.9803079356698       2502.294445801098
1.0652                   3.24                     0.30864197530864196      5.24753406559549E-13     5.347239520158844E-13    0.25                     5.0E10                   2700                     4865.2966108050505       2808.9803079356698       2502.294445801098
1.0652                   3.2600000000000002       0.3067484662576687       5.247842543334377E-13    5.346099312183217E-13    0.25                     5.0E10                   2700                     4865.2966108050505       2808.9803079356698       2502.294445801098
1.0652                   3.2800000000000002       0.3048780487804878       5.247836346271859E-13    5.344635068996478E-13    0.25                     5.0E10                   2700                     4865.2966108050505       2808.9803079356698       2502.294445801098
1.0652                   3.3000000000000003       0.30303030303030304      5.247533390706779E-13    5.342866463311049E-13    0.25                     5.0E10                   2700                     4865.2966108050505       2808.9803079356698       2502.294445801098
1.0652                   3.3200000000000003       0.3012048192771084       5.246952723905811E-13    5.340814221127724E-13    0.25                     5.0E10                   2700                     4865.2966108050505       2808.9803079356698       2502.294445801098
1.0652                   3.3400000000000003       0.29940119760479045      5.24623620372391E-13     5.338657333518853E-13    0.25                     5.0E10                   2700                     4865.2966108050505       2808.9803079356698       2502.294445801098
1.0652                   3.3600000000000003       0.29761904761904756      5.245154402714928E-13    5.336092663117177E-13    0.25                     5.0E10                   2700                     4865.2966108050505       2808.9803079356698       2502.294445801098
1.0652                   3.3800000000000003       0.29585798816568043      5.243855625776328E-13    5.333309625113816E-13    0.25                     5.0E10                   2700                     4865.2966108050505       2808.9803079356698       2502.294445801098
1.0652                   3.4000000000000004       0.2941176470588235       5.242361011932133E-13    5.330330779548204E-13    0.25                     5.0E10                   2700                     4865.2966108050505       2808.9803079356698       2502.294445801098
1.0652                   3.4200000000000004       0.29239766081871343      5.240691675701689E-13    5.327178602507558E-13    0.25                     5.0E10                   2700                     4865.2966108050505       2808.9803079356698       2502.294445801098
1.0652                   3.44                     0.29069767441860467      5.238868533205534E-13    5.32387531458031E-13     0.25                     5.0E10                   2700                     4865.2966108050505       2808.9803079356698       2502.294445801098
1.0652                   3.46                     0.2890173410404624       5.236912147803668E-13    5.320442728893813E-13    0.25                     5.0E10                   2700                     4865.2966108050505       2808.9803079356698       2502.294445801098
1.0652                   3.48                     0.28735632183908044      5.23484259532235E-13     5.316902118226784E-13    0.25                     5.0E10                   2700                     4865.2966108050505       2808.9803079356698       2502.294445801098
1.0652                   3.5                      0.2857142857142857       5.232679347581761E-13    5.313274100367522E-13    0.25                     5.0E10                   2700                     4865.2966108050505       2808.9803079356698       2502.294445801098
1.0652                   3.52                     0.2840909090909091       5.230442156907226E-13    5.309579357710598E-13    0.25                     5.0E10                   2700                     4865.2966108050505       2808.9803079356698       2502.294445801098
1.0652                   3.54                     0.2824858757062147       5.228147047165225E-13    5.305835274528845E-13    0.25                     5.0E10                   2700                     4865.2966108050505       2808.9803079356698       2502.294445801098
1.0652                   3.56                     0.28089887640449435      5.225812129666898E-13    5.302060819015014E-13    0.25                     5.0E10                   2700                     4865.2966108050505       2808.9803079356698       2502.294445801098
1.0652                   3.58                     0.2793296089385475       5.223453635174122E-13    5.298273178201251E-13    0.25                     5.0E10                   2700                     4865.2966108050505       2808.9803079356698       2502.294445801098
1.0652                   3.6                      0.2777777777777778       5.221086852642628E-13    5.294488552853724E-13    0.25                     5.0E10                   2700                     4865.2966108050505       2808.9803079356698       2502.294445801098
1.0652                   3.62                     0.27624309392265195      5.218726102466695E-13    5.29072213171903E-13     0.25                     5.0E10                   2700                     4865.2966108050505       2808.9803079356698       2502.294445801098
1.0652                   3.64                     0.2747252747252747       5.216384720585355E-13    5.286988076520478E-13    0.25                     5.0E10                   2700                     4865.2966108050505       2808.9803079356698       2502.294445801098
1.0652                   3.66                     0.27322404371584696      5.214075052281949E-13    5.283299516697909E-13    0.25                     5.0E10                   2700                     4865.2966108050505       2808.9803079356698       2502.294445801098
1.0652                   3.68                     0.2717391304347826       5.211808454544774E-13    5.27966855260164E-13     0.25                     5.0E10                   2700                     4865.2966108050505       2808.9803079356698       2502.294445801098
1.0652                   3.7                      0.2702702702702703       5.209595305874946E-13    5.276106266058558E-13    0.25                     5.0E10                   2700                     4865.2966108050505       2808.9803079356698       2502.294445801098
1.0652                   3.72                     0.26881720430107525      5.207445022766058E-13    5.272622737602838E-13    0.25                     5.0E10                   2700                     4865.2966108050505       2808.9803079356698       2502.294445801098
1.0652                   3.74                     0.267379679144385        5.205366081494134E-13    5.269227069167434E-13    0.25                     5.0E10                   2700                     4865.2966108050505       2808.9803079356698       2502.294445801098
1.0652                   3.7600000000000002       0.26595744680851063      5.203366044881195E-13    5.265927411401464E-13    0.25                     5.0E10                   2700                     4865.2966108050505       2808.9803079356698       2502.294445801098
1.0652                   3.7800000000000002       0.26455026455026454      5.201451592730232E-13    5.262730994931707E-13    0.25                     5.0E10                   2700                     4865.2966108050505       2808.9803079356698       2502.294445801098
1.0652                   3.8000000000000003       0.2631578947368421       5.199628555503463E-13    5.259644164745667E-13    0.25                     5.0E10                   2700                     4865.2966108050505       2808.9803079356698       2502.294445801098
1.0652                   3.8200000000000003       0.26178010471204183      5.197901950514155E-13    5.256672417102542E-13    0.25                     5.0E10                   2700                     4865.2966108050505       2808.9803079356698       2502.294445801098
1.0652                   3.8400000000000003       0.26041666666666663      5.196276020021228E-13    5.253820438303439E-13    0.25                     5.0E10                   2700                     4865.2966108050505       2808.9803079356698       2502.294445801098
1.0652                   3.8600000000000003       0.25906735751295334      5.194754270572357E-13    5.251092144778587E-13    0.25                     5.0E10                   2700                     4865.2966108050505       2808.9803079356698       2502.294445801098
1.0652                   3.8800000000000003       0.25773195876288657      5.193339513351995E-13    5.248490724171539E-13    0.25                     5.0E10                   2700                     4865.2966108050505       2808.9803079356698       2502.294445801098
1.0652                   3.9000000000000004       0.2564102564102564       5.192033904981478E-13    5.246018676784587E-13    0.25                     5.0E10                   2700                     4865.2966108050505       2808.9803079356698       2502.294445801098
1.0652                   3.9200000000000004       0.25510204081632654      5.190838988361369E-13    5.243677857204082E-13    0.25                     5.0E10                   2700                     4865.2966108050505       2808.9803079356698       2502.294445801098
1.0652                   3.94                     0.25380710659898476      5.189755733304097E-13    5.241469515654978E-13    0.25                     5.0E10                   2700                     4865.2966108050505       2808.9803079356698       2502.294445801098
1.0652                   3.96                     0.2525252525252525       5.188784576768628E-13    5.239394338933486E-13    0.25                     5.0E10                   2700                     4865.2966108050505       2808.9803079356698       2502.294445801098
1.0652                   3.98                     0.25125628140703515      5.187925462204388E-13    5.237452490514183E-13    0.25                     5.0E10                   2700                     4865.2966108050505       2808.9803079356698       2502.294445801098
1.0652                   4                        0.25                     5.187177878197384E-13    5.235643649908333E-13    0.25                     5.0E10                   2700                     4865.2966108050505       2808.9803079356698       2502.294445801098
1.0652                   4.02                     0.24875621890547264      5.18654089587354E-13     5.233967050866539E-13    0.25                     5.0E10                   2700                     4865.2966108050505       2808.9803079356698       2502.294445801098
1.0652                   4.04                     0.24752475247524755      5.186013205130815E-13    5.232421518305432E-13    0.25                     5.0E10                   2700                     4865.2966108050505       2808.9803079356698       2502.294445801098
1.0652                   4.06                     0.24630541871921185      5.185593149646131E-13    5.231005504138051E-13    0.25                     5.0E10                   2700                     4865.2966108050505       2808.9803079356698       2502.294445801098
1.0652                   4.08                     0.2450980392156863       5.185278760327351E-13    5.22971712144498E-13     0.25                     5.0E10                   2700                     4865.2966108050505       2808.9803079356698       2502.294445801098
1.0652                   4.1                      0.24390243902439027      5.185067787597971E-13    5.228554177507887E-13    0.25                     5.0E10                   2700                     4865.2966108050505       2808.9803079356698       2502.294445801098
1.0652                   4.12                     0.24271844660194172      5.1849577318878E-13      5.227514205133528E-13    0.25                     5.0E10                   2700                     4865.2966108050505       2808.9803079356698       2502.294445801098
1.0652                   4.14                     0.2415458937198068       5.184945872792769E-13    5.226594492571062E-13    0.25                     5.0E10                   2700                     4865.2966108050505       2808.9803079356698       2502.294445801098
1.0652                   4.16                     0.24038461538461536      5.18502929669877E-13     5.225792111865744E-13    0.25                     5.0E10                   2700                     4865.2966108050505       2808.9803079356698       2502.294445801098
1.0652                   4.18                     0.2392344497607656       5.185204922850504E-13    5.22510394581909E-13     0.25                     5.0E10                   2700                     4865.2966108050505       2808.9803079356698       2502.294445801098
1.0652                   4.199999999999999        0.23809523809523814      5.185469527933572E-13    5.224526713220619E-13    0.25                     5.0E10                   2700                     4865.2966108050505       2808.9803079356698       2502.294445801098
1.0652                   4.22                     0.23696682464454977      5.185819769179647E-13    5.22405699287804E-13     0.25                     5.0E10                   2700                     4865.2966108050505       2808.9803079356698       2502.294445801098
1.0652                   4.239999999999999        0.23584905660377362      5.186252206011392E-13    5.223691245898665E-13    0.25                     5.0E10                   2700                     4865.2966108050505       2808.9803079356698       2502.294445801098
1.0652                   4.26                     0.2347417840375587       5.186763320275351E-13    5.223425836873356E-13    0.25                     5.0E10                   2700                     4865.2966108050505       2808.9803079356698       2502.294445801098
1.0652                   4.279999999999999        0.23364485981308417      5.187349535001237E-13    5.223257053268377E-13    0.25                     5.0E10                   2700                     4865.2966108050505       2808.9803079356698       2502.294445801098
1.0652                   4.3                      0.23255813953488372      5.188007232041154E-13    5.223181124001893E-13    0.25                     5.0E10                   2700                     4865.2966108050505       2808.9803079356698       2502.294445801098
1.0652                   4.319999999999999        0.23148148148148148      5.188732768125901E-13    5.223194236096484E-13    0.25                     5.0E10                   2700                     4865.2966108050505       2808.9803079356698       2502.294445801098
1.0652                   4.34                     0.2304147465437788       5.189522489889066E-13    5.223292550617481E-13    0.25                     5.0E10                   2700                     4865.2966108050505       2808.9803079356698       2502.294445801098
1.0652                   4.359999999999999        0.22935779816513763      5.190372747662518E-13    5.223472217227729E-13    0.25                     5.0E10                   2700                     4865.2966108050505       2808.9803079356698       2502.294445801098
1.0652                   4.38                     0.228310502283105        5.191281917450835E-13    5.223730906145828E-13    0.25                     5.0E10                   2700                     4865.2966108050505       2808.9803079356698       2502.294445801098
1.0652                   4.3999999999999995       0.22727272727272732      5.19224241736734E-13     5.224061790678929E-13    0.25                     5.0E10                   2700                     4865.2966108050505       2808.9803079356698       2502.294445801098
1.0652                   4.42                     0.22624434389140272      5.193252647040671E-13    5.224462536042413E-13    0.25                     5.0E10                   2700                     4865.2966108050505       2808.9803079356698       2502.294445801098
1.0652                   4.4399999999999995       0.22522522522522526      5.194309086802667E-13    5.224929368940804E-13    0.25                     5.0E10                   2700                     4865.2966108050505       2808.9803079356698       2502.294445801098
1.0652                   4.46                     0.2242152466367713       5.195408273299667E-13    5.225458560980181E-13    0.25                     5.0E10                   2700                     4865.2966108050505       2808.9803079356698       2502.294445801098
1.0652                   4.4799999999999995       0.2232142857142857       5.196546807067883E-13    5.226046437086893E-13    0.25                     5.0E10                   2700                     4865.2966108050505       2808.9803079356698       2502.294445801098
1.0652                   4.5                      0.22222222222222224      5.197721359457253E-13    5.226689382961945E-13    0.25                     5.0E10                   2700                     4865.2966108050505       2808.9803079356698       2502.294445801098
1.0652                   4.52                     0.22123893805309736      5.198928678480724E-13    5.227383851814464E-13    0.25                     5.0E10                   2700                     4865.2966108050505       2808.9803079356698       2502.294445801098
1.0652                   4.54                     0.22026431718061676      5.200165594224893E-13    5.228126370349949E-13    0.25                     5.0E10                   2700                     4865.2966108050505       2808.9803079356698       2502.294445801098
1.0652                   4.56                     0.21929824561403513      5.201429023278381E-13    5.228913543972029E-13    0.25                     5.0E10                   2700                     4865.2966108050505       2808.9803079356698       2502.294445801098
1.0652                   4.58                     0.21834061135371177      5.202715972789288E-13    5.229742061359929E-13    0.25                     5.0E10                   2700                     4865.2966108050505       2808.9803079356698       2502.294445801098
1.0652                   4.6                      0.2173913043478261       5.204023543592861E-13    5.230608698350804E-13    0.25                     5.0E10                   2700                     4865.2966108050505       2808.9803079356698       2502.294445801098
1.0652                   4.62                     0.21645021645021645      5.205348933017487E-13    5.231510321437669E-13    0.25                     5.0E10                   2700                     4865.2966108050505       2808.9803079356698       2502.294445801098
1.0652                   4.64                     0.21551724137931036      5.206689437060454E-13    5.232443890409206E-13    0.25                     5.0E10                   2700                     4865.2966108050505       2808.9803079356698       2502.294445801098
1.0652                   4.66                     0.2145922746781116       5.208042452041168E-13    5.233406460731336E-13    0.25                     5.0E10                   2700                     4865.2966108050505       2808.9803079356698       2502.294445801098
1.0652                   4.68                     0.21367521367521367      5.209405475743141E-13    5.234395185190852E-13    0.25                     5.0E10                   2700                     4865.2966108050505       2808.9803079356698       2502.294445801098
1.0652                   4.7                      0.2127659574468085       5.210776108396228E-13    5.235407315553948E-13    0.25                     5.0E10                   2700                     4865.2966108050505       2808.9803079356698       2502.294445801098
1.0652                   4.72                     0.211864406779661        5.212152052884658E-13    5.236440203226883E-13    0.25                     5.0E10                   2700                     4865.2966108050505       2808.9803079356698       2502.294445801098
1.0652                   4.739999999999999        0.21097046413502113      5.213531114959774E-13    5.237491300064415E-13    0.25                     5.0E10                   2700                     4865.2966108050505       2808.9803079356698       2502.294445801098
1.0652                   4.76                     0.21008403361344538      5.214911202744172E-13    5.238558158351788E-13    0.25                     5.0E10                   2700                     4865.2966108050505       2808.9803079356698       2502.294445801098
1.0652                   4.779999999999999        0.20920502092050208      5.216290326259734E-13    5.23963843089398E-13     0.25                     5.0E10                   2700                     4865.2966108050505       2808.9803079356698       2502.294445801098
1.0652                   4.8                      0.20833333333333334      5.217666596616909E-13    5.240729870645166E-13    0.25                     5.0E10                   2700                     4865.2966108050505       2808.9803079356698       2502.294445801098
1.0652                   4.819999999999999        0.2074688796680498       5.219038224708489E-13    5.241830329882859E-13    0.25                     5.0E10                   2700                     4865.2966108050505       2808.9803079356698       2502.294445801098
1.0652                   4.84                     0.20661157024793386      5.220403520024542E-13    5.242937759459969E-13    0.25                     5.0E10                   2700                     4865.2966108050505       2808.9803079356698       2502.294445801098
1.0652                   4.859999999999999        0.20576131687242802      5.221760889021531E-13    5.244050207598323E-13    0.25                     5.0E10                   2700                     4865.2966108050505       2808.9803079356698       2502.294445801098
1.0652                   4.88                     0.20491803278688525      5.223108833409108E-13    5.245165818605717E-13    0.25                     5.0E10                   2700                     4865.2966108050505       2808.9803079356698       2502.294445801098
1.0652                   4.8999999999999995       0.20408163265306126      5.224445948269079E-13    5.246282831420946E-13    0.25                     5.0E10                   2700                     4865.2966108050505       2808.9803079356698       2502.294445801098
1.0652                   4.92                     0.2032520325203252       5.22577091999085E-13     5.247399577791137E-13    0.25                     5.0E10                   2700                     4865.2966108050505       2808.9803079356698       2502.294445801098
1.0652                   4.9399999999999995       0.20242914979757085      5.227082524126985E-13    5.248514480726819E-13    0.25                     5.0E10                   2700                     4865.2966108050505       2808.9803079356698       2502.294445801098
1.0652                   4.96                     0.20161290322580644      5.228379623130527E-13    5.249626052285521E-13    0.25                     5.0E10                   2700                     4865.2966108050505       2808.9803079356698       2502.294445801098
1.0652                   4.9799999999999995       0.20080321285140565      5.229661164084176E-13    5.250732891794106E-13    0.25                     5.0E10                   2700                     4865.2966108050505       2808.9803079356698       2502.294445801098
1.0652                   5                        0.2                      5.231936179585663E-13    5.253033857854543E-13    0.25                     5.0E10                   2700                     4865.2966108050505       2808.9803079356698       2502.294445801098
1.0652                   5.02                     0.19920318725099603      5.233165690823381E-13    5.254110028257706E-13    0.25                     5.0E10                   2700                     4865.2966108050505       2808.9803079356698       2502.294445801098
1.0652                   5.04                     0.1984126984126984       5.234377126310479E-13    5.255177852341077E-13    0.25                     5.0E10                   2700                     4865.2966108050505       2808.9803079356698       2502.294445801098
1.0652                   5.06                     0.19762845849802374      5.235569751238115E-13    5.256236265324477E-13    0.25                     5.0E10                   2700                     4865.2966108050505       2808.9803079356698       2502.294445801098
1.0652                   5.08                     0.19685039370078738      5.236742902244282E-13    5.257284277562205E-13    0.25                     5.0E10                   2700                     4865.2966108050505       2808.9803079356698       2502.294445801098
1.0652                   5.1                      0.19607843137254904      5.237895984777607E-13    5.25832097229068E-13     0.25                     5.0E10                   2700                     4865.2966108050505       2808.9803079356698       2502.294445801098
1.0652                   5.12                     0.19531249999999997      5.239028470541764E-13    5.259345503081598E-13    0.25                     5.0E10                   2700                     4865.2966108050505       2808.9803079356698       2502.294445801098
1.0652                   5.14                     0.1945525291828794       5.240139894925226E-13    5.26035709158253E-13     0.25                     5.0E10                   2700                     4865.2966108050505       2808.9803079356698       2502.294445801098
1.0652                   5.16                     0.19379844961240308      5.241229854170049E-13    5.261355024925606E-13    0.25                     5.0E10                   2700                     4865.2966108050505       2808.9803079356698       2502.294445801098
1.0652                   5.18                     0.19305019305019305      5.242298003163276E-13    5.262338653416607E-13    0.25                     5.0E10                   2700                     4865.2966108050505       2808.9803079356698       2502.294445801098
1.0652                   5.2                      0.1923076923076923       5.24334405238306E-13     5.263307388126747E-13    0.25                     5.0E10                   2700                     4865.2966108050505       2808.9803079356698       2502.294445801098
1.0652                   5.22                     0.19157088122605365      5.244367765812115E-13    5.264260698351947E-13    0.25                     5.0E10                   2700                     4865.2966108050505       2808.9803079356698       2502.294445801098
1.0652                   5.239999999999999        0.19083969465648856      5.245368958249303E-13    5.265198109396716E-13    0.25                     5.0E10                   2700                     4865.2966108050505       2808.9803079356698       2502.294445801098
1.0652                   5.26                     0.19011406844106465      5.246347492691973E-13    5.266119200197408E-13    0.25                     5.0E10                   2700                     4865.2966108050505       2808.9803079356698       2502.294445801098
1.0652                   5.279999999999999        0.18939393939393942      5.247303278175307E-13    5.267023600790321E-13    0.25                     5.0E10                   2700                     4865.2966108050505       2808.9803079356698       2502.294445801098
1.0652                   5.3                      0.18867924528301888      5.248236267249071E-13    5.267910990362159E-13    0.25                     5.0E10                   2700                     4865.2966108050505       2808.9803079356698       2502.294445801098
1.0652                   5.319999999999999        0.1879699248120301       5.249146453674422E-13    5.268781094667269E-13    0.25                     5.0E10                   2700                     4865.2966108050505       2808.9803079356698       2502.294445801098
1.0652                   5.34                     0.18726591760299627      5.250033870159039E-13    5.269633684082698E-13    0.25                     5.0E10                   2700                     4865.2966108050505       2808.9803079356698       2502.294445801098
1.0652                   5.359999999999999        0.1865671641791045       5.250898586064546E-13    5.270468571222538E-13    0.25                     5.0E10                   2700                     4865.2966108050505       2808.9803079356698       2502.294445801098
1.0652                   5.38                     0.1858736059479554       5.251740705451461E-13    5.271285608987945E-13    0.25                     5.0E10                   2700                     4865.2966108050505       2808.9803079356698       2502.294445801098
1.0652                   5.3999999999999995       0.1851851851851852       5.252560364628399E-13    5.272084688361348E-13    0.25                     5.0E10                   2700                     4865.2966108050505       2808.9803079356698       2502.294445801098
1.0652                   5.42                     0.18450184501845018      5.253357730458384E-13    5.272865736489207E-13    0.25                     5.0E10                   2700                     4865.2966108050505       2808.9803079356698       2502.294445801098
1.0652                   5.4399999999999995       0.18382352941176472      5.254132998195876E-13    5.273628714644865E-13    0.25                     5.0E10                   2700                     4865.2966108050505       2808.9803079356698       2502.294445801098
1.0652                   5.46                     0.18315018315018314      5.254886389509594E-13    5.274373616359868E-13    0.25                     5.0E10                   2700                     4865.2966108050505       2808.9803079356698       2502.294445801098
1.0652                   5.4799999999999995       0.18248175182481755      5.255618150738367E-13    5.275100465463267E-13    0.25                     5.0E10                   2700                     4865.2966108050505       2808.9803079356698       2502.294445801098
1.0652                   5.5                      0.18181818181818182      5.25632855116558E-13     5.275809314435014E-13    0.25                     5.0E10                   2700                     4865.2966108050505       2808.9803079356698       2502.294445801098
1.0652                   5.52                     0.1811594202898551       5.257017880949565E-13    5.276500242493007E-13    0.25                     5.0E10                   2700                     4865.2966108050505       2808.9803079356698       2502.294445801098
1.0652                   5.54                     0.18050541516245486      5.257686449870163E-13    5.277173354025413E-13    0.25                     5.0E10                   2700                     4865.2966108050505       2808.9803079356698       2502.294445801098
1.0652                   5.56                     0.1798561151079137       5.25833458546159E-13     5.277828776868253E-13    0.25                     5.0E10                   2700                     4865.2966108050505       2808.9803079356698       2502.294445801098
1.0652                   5.58                     0.17921146953405018      5.258962631475727E-13    5.278466660736283E-13    0.25                     5.0E10                   2700                     4865.2966108050505       2808.9803079356698       2502.294445801098
1.0652                   5.6                      0.17857142857142858      5.259570946524229E-13    5.279087175735334E-13    0.25                     5.0E10                   2700                     4865.2966108050505       2808.9803079356698       2502.294445801098
1.0652                   5.62                     0.17793594306049823      5.260159902557221E-13    5.279690510892903E-13    0.25                     5.0E10                   2700                     4865.2966108050505       2808.9803079356698       2502.294445801098
1.0652                   5.64                     0.1773049645390071       5.260729883518197E-13    5.2802768726384E-13      0.25                     5.0E10                   2700                     4865.2966108050505       2808.9803079356698       2502.294445801098
1.0652                   5.66                     0.17667844522968196      5.261281283998663E-13    5.280846483608553E-13    0.25                     5.0E10                   2700                     4865.2966108050505       2808.9803079356698       2502.294445801098
1.0652                   5.68                     0.17605633802816903      5.261814508132307E-13    5.28139958117345E-13     0.25                     5.0E10                   2700                     4865.2966108050505       2808.9803079356698       2502.294445801098
1.0652                   5.7                      0.17543859649122806      5.26232996831199E-13     5.281936416369751E-13    0.25                     5.0E10                   2700                     4865.2966108050505       2808.9803079356698       2502.294445801098
1.0652                   5.72                     0.17482517482517484      5.262828083890436E-13    5.282457252452727E-13    0.25                     5.0E10                   2700                     4865.2966108050505       2808.9803079356698       2502.294445801098
1.0652                   5.739999999999999        0.17421602787456447      5.263309280463056E-13    5.282962364019788E-13    0.25                     5.0E10                   2700                     4865.2966108050505       2808.9803079356698       2502.294445801098
1.0652                   5.76                     0.1736111111111111       5.263773988463784E-13    5.283452035655042E-13    0.25                     5.0E10                   2700                     4865.2966108050505       2808.9803079356698       2502.294445801098
1.0652                   5.779999999999999        0.17301038062283738      5.264222642666473E-13    5.283926561190114E-13    0.25                     5.0E10                   2700                     4865.2966108050505       2808.9803079356698       2502.294445801098
1.0652                   5.8                      0.1724137931034483       5.264655680690173E-13    5.284386242301681E-13    0.25                     5.0E10                   2700                     4865.2966108050505       2808.9803079356698       2502.294445801098
1.0652                   5.819999999999999        0.17182130584192443      5.265073542521293E-13    5.28483138792282E-13     0.25                     5.0E10                   2700                     4865.2966108050505       2808.9803079356698       2502.294445801098
1.0652                   5.84                     0.17123287671232879      5.265481630941403E-13    5.285267026377829E-13    0.25                     5.0E10                   2700                     4865.2966108050505       2808.9803079356698       2502.294445801098
1.0652                   5.859999999999999        0.17064846416382254      5.265870538461375E-13    5.285684118267396E-13    0.25                     5.0E10                   2700                     4865.2966108050505       2808.9803079356698       2502.294445801098
1.0652                   5.88                     0.17006802721088435      5.266245596280421E-13    5.286087635952481E-13    0.25                     5.0E10                   2700                     4865.2966108050505       2808.9803079356698       2502.294445801098
1.0652                   5.8999999999999995       0.16949152542372883      5.266607245658482E-13    5.286477908120276E-13    0.25                     5.0E10                   2700                     4865.2966108050505       2808.9803079356698       2502.294445801098
1.0652                   5.92                     0.16891891891891891      5.266955926471001E-13    5.286855266520999E-13    0.25                     5.0E10                   2700                     4865.2966108050505       2808.9803079356698       2502.294445801098
1.0652                   5.9399999999999995       0.16835016835016836      5.267292076583051E-13    5.28722004520871E-13     0.25                     5.0E10                   2700                     4865.2966108050505       2808.9803079356698       2502.294445801098
1.0652                   5.96                     0.16778523489932884      5.267616131205319E-13    5.287572579874199E-13    0.25                     5.0E10                   2700                     4865.2966108050505       2808.9803079356698       2502.294445801098
1.0652                   5.9799999999999995       0.16722408026755856      5.267928522590599E-13    5.287913207285001E-13    0.25                     5.0E10                   2700                     4865.2966108050505       2808.9803079356698       2502.294445801098
1.0652                   6                        0.16666666666666666      5.268229679277156E-13    5.288242264656518E-13    0.25                     5.0E10                   2700                     4865.2966108050505       2808.9803079356698       2502.294445801098
1.0652                   6.02                     0.16611295681063123      5.268520025813439E-13    5.288560089109556E-13    0.25                     5.0E10                   2700                     4865.2966108050505       2808.9803079356698       2502.294445801098
1.0652                   6.04                     0.16556291390728478      5.268799982309849E-13    5.288867017207012E-13    0.25                     5.0E10                   2700                     4865.2966108050505       2808.9803079356698       2502.294445801098
1.0652                   6.06                     0.16501650165016504      5.269069963974249E-13    5.289163384410477E-13    0.25                     5.0E10                   2700                     4865.2966108050505       2808.9803079356698       2502.294445801098
1.0652                   6.08                     0.16447368421052633      5.269330380784419E-13    5.289449524610788E-13    0.25                     5.0E10                   2700                     4865.2966108050505       2808.9803079356698       2502.294445801098
1.0652                   6.1                      0.16393442622950818      5.269581637315529E-13    5.289725769873588E-13    0.25                     5.0E10                   2700                     4865.2966108050505       2808.9803079356698       2502.294445801098
1.0652                   6.12                     0.16339869281045752      5.269824132124772E-13    5.289992449782351E-13    0.25                     5.0E10                   2700                     4865.2966108050505       2808.9803079356698       2502.294445801098
1.0652                   6.14                     0.16286644951140067      5.270058257709717E-13    5.290249891311584E-13    0.25                     5.0E10                   2700                     4865.2966108050505       2808.9803079356698       2502.294445801098
1.0652                   6.16                     0.16233766233766234      5.270284400306236E-13    5.290498418379712E-13    0.25                     5.0E10                   2700                     4865.2966108050505       2808.9803079356698       2502.294445801098
1.0652                   6.18                     0.16181229773462782      5.27050293947248E-13     5.290738351526182E-13    0.25                     5.0E10                   2700                     4865.2966108050505       2808.9803079356698       2502.294445801098
1.0652                   6.2                      0.16129032258064518      5.270714247995091E-13    5.290970007694048E-13    0.25                     5.0E10                   2700                     4865.2966108050505       2808.9803079356698       2502.294445801098
1.0652                   6.22                     0.16077170418006428      5.270918691702061E-13    5.291193699892062E-13    0.25                     5.0E10                   2700                     4865.2966108050505       2808.9803079356698       2502.294445801098
1.0652                   6.24                     0.16025641025641027      5.271116629299371E-13    5.291409736989054E-13    0.25                     5.0E10                   2700                     4865.2966108050505       2808.9803079356698       2502.294445801098
1.0652                   6.26                     0.1597444089456869       5.271308412278463E-13    5.291618423495132E-13    0.25                     5.0E10                   2700                     4865.2966108050505       2808.9803079356698       2502.294445801098
1.0652                   6.279999999999999        0.15923566878980894      5.271494384800091E-13    5.291820059401396E-13    0.25                     5.0E10                   2700                     4865.2966108050505       2808.9803079356698       2502.294445801098
1.0652                   6.3                      0.15873015873015872      5.271674883462727E-13    5.292014939870809E-13    0.25                     5.0E10                   2700                     4865.2966108050505       2808.9803079356698       2502.294445801098
1.0652                   6.319999999999999        0.15822784810126583      5.271850237320634E-13    5.292203355191112E-13    0.25                     5.0E10                   2700                     4865.2966108050505       2808.9803079356698       2502.294445801098
1.0652                   6.34                     0.1577287066246057       5.272020767987908E-13    5.292385590671751E-13    0.25                     5.0E10                   2700                     4865.2966108050505       2808.9803079356698       2502.294445801098
1.0652                   6.359999999999999        0.15723270440251574      5.272186789180331E-13    5.292561926283571E-13    0.25                     5.0E10                   2700                     4865.2966108050505       2808.9803079356698       2502.294445801098
1.0652                   6.38                     0.15673981191222572      5.2723486070465E-13      5.292732636808298E-13    0.25                     5.0E10                   2700                     4865.2966108050505       2808.9803079356698       2502.294445801098
1.0652                   6.3999999999999995       0.15625                  5.27250652003718E-13     5.292897991633385E-13    0.25                     5.0E10                   2700                     4865.2966108050505       2808.9803079356698       2502.294445801098
1.0652                   6.42                     0.1557632398753894       5.272660818867975E-13    5.293058254633927E-13    0.25                     5.0E10                   2700                     4865.2966108050505       2808.9803079356698       2502.294445801098
1.0652                   6.4399999999999995       0.15527950310559008      5.272811786430031E-13    5.293213684110045E-13    0.25                     5.0E10                   2700                     4865.2966108050505       2808.9803079356698       2502.294445801098
1.0652                   6.46                     0.15479876160990713      5.272959698039894E-13    5.293364532808736E-13    0.25                     5.0E10                   2700                     4865.2966108050505       2808.9803079356698       2502.294445801098
1.0652                   6.4799999999999995       0.154320987654321        5.273104821272066E-13    5.293511047780841E-13    0.25                     5.0E10                   2700                     4865.2966108050505       2808.9803079356698       2502.294445801098
1.0652                   6.5                      0.15384615384615383      5.27324741599162E-13     5.293653470366294E-13    0.25                     5.0E10                   2700                     4865.2966108050505       2808.9803079356698       2502.294445801098
1.0652                   6.52                     0.15337423312883436      5.273387734601947E-13    5.293792036280802E-13    0.25                     5.0E10                   2700                     4865.2966108050505       2808.9803079356698       2502.294445801098
1.0652                   6.54                     0.15290519877675843      5.273526021718853E-13    5.293926975330277E-13    0.25                     5.0E10                   2700                     4865.2966108050505       2808.9803079356698       2502.294445801098
1.0652                   6.56                     0.15243902439024393      5.273662514719692E-13    5.294058511773845E-13    0.25                     5.0E10                   2700                     4865.2966108050505       2808.9803079356698       2502.294445801098
1.0652                   6.58                     0.1519756838905775       5.273797443408023E-13    5.294186864004443E-13    0.25                     5.0E10                   2700                     4865.2966108050505       2808.9803079356698       2502.294445801098
1.0652                   6.6                      0.15151515151515152      5.273931030187446E-13    5.294312244706217E-13    0.25                     5.0E10                   2700                     4865.2966108050505       2808.9803079356698       2502.294445801098
1.0652                   6.62                     0.1510574018126888       5.274063490255131E-13    5.294434860879836E-13    0.25                     5.0E10                   2700                     4865.2966108050505       2808.9803079356698       2502.294445801098
1.0652                   6.64                     0.1506024096385542       5.274195031660324E-13    5.294554913852155E-13    0.25                     5.0E10                   2700                     4865.2966108050505       2808.9803079356698       2502.294445801098
1.0652                   6.66                     0.15015015015015015      5.27432585523423E-13     5.294672599246279E-13    0.25                     5.0E10                   2700                     4865.2966108050505       2808.9803079356698       2502.294445801098
1.0652                   6.68                     0.14970059880239522      5.274456154843633E-13    5.294788107086914E-13    0.25                     5.0E10                   2700                     4865.2966108050505       2808.9803079356698       2502.294445801098
1.0652                   6.7                      0.1492537313432836       5.274586117476078E-13    5.294901621854251E-13    0.25                     5.0E10                   2700                     4865.2966108050505       2808.9803079356698       2502.294445801098
1.0652                   6.72                     0.1488095238095238       5.274715923256796E-13    5.295013322460579E-13    0.25                     5.0E10                   2700                     4865.2966108050505       2808.9803079356698       2502.294445801098
1.0652                   6.74                     0.14836795252225518      5.27484574563418E-13     5.295123382374398E-13    0.25                     5.0E10                   2700                     4865.2966108050505       2808.9803079356698       2502.294445801098
1.0652                   6.76                     0.14792899408284024      5.274975751487049E-13    5.295231969661765E-13    0.25                     5.0E10                   2700                     4865.2966108050505       2808.9803079356698       2502.294445801098
1.0652                   6.779999999999999        0.14749262536873156      5.275106101154435E-13    5.295339246982272E-13    0.25                     5.0E10                   2700                     4865.2966108050505       2808.9803079356698       2502.294445801098
1.0652                   6.8                      0.14705882352941177      5.275236948615753E-13    5.295445371757231E-13    0.25                     5.0E10                   2700                     4865.2966108050505       2808.9803079356698       2502.294445801098
1.0652                   6.819999999999999        0.1466275659824047       5.275368441657115E-13    5.295550496196063E-13    0.25                     5.0E10                   2700                     4865.2966108050505       2808.9803079356698       2502.294445801098
1.0652                   6.84                     0.14619883040935674      5.275500721905905E-13    5.295654767346591E-13    0.25                     5.0E10                   2700                     4865.2966108050505       2808.9803079356698       2502.294445801098
1.0652                   6.859999999999999        0.1457725947521866       5.275633924881656E-13    5.295758327148498E-13    0.25                     5.0E10                   2700                     4865.2966108050505       2808.9803079356698       2502.294445801098
1.0652                   6.88                     0.14534883720930233      5.275768180379076E-13    5.295861312627897E-13    0.25                     5.0E10                   2700                     4865.2966108050505       2808.9803079356698       2502.294445801098
1.0652                   6.8999999999999995       0.14492753623188406      5.275903612258582E-13    5.295963855816988E-13    0.25                     5.0E10                   2700                     4865.2966108050505       2808.9803079356698       2502.294445801098
1.0652                   6.92                     0.1445086705202312       5.276040338840031E-13    5.296066083981626E-13    0.25                     5.0E10                   2700                     4865.2966108050505       2808.9803079356698       2502.294445801098
1.0652                   6.9399999999999995       0.1440922190201729       5.276178472891018E-13    5.296168119615315E-13    0.25                     5.0E10                   2700                     4865.2966108050505       2808.9803079356698       2502.294445801098
1.0652                   6.96                     0.14367816091954022      5.276318121738715E-13    5.296270080536486E-13    0.25                     5.0E10                   2700                     4865.2966108050505       2808.9803079356698       2502.294445801098
1.0652                   6.9799999999999995       0.14326647564469916      5.276459387401457E-13    5.296372079958766E-13    0.25                     5.0E10                   2700                     4865.2966108050505       2808.9803079356698       2502.294445801098
1.0652                   7                        0.14285714285714285      5.276602366918921E-13    5.296474226697123E-13    0.25                     5.0E10                   2700                     4865.2966108050505       2808.9803079356698       2502.294445801098
1.0652                   7.02                     0.14245014245014245      5.276747152009631E-13    5.296576625038108E-13    0.25                     5.0E10                   2700                     4865.2966108050505       2808.9803079356698       2502.294445801098
1.0652                   7.04                     0.14204545454545456      5.276893829782872E-13    5.296679375081419E-13    0.25                     5.0E10                   2700                     4865.2966108050505       2808.9803079356698       2502.294445801098
1.0652                   7.06                     0.141643059490085        5.2770424823112E-13      5.296782572597543E-13    0.25                     5.0E10                   2700                     4865.2966108050505       2808.9803079356698       2502.294445801098
1.0652                   7.08                     0.14124293785310735      5.277193187198534E-13    5.296886309299472E-13    0.25                     5.0E10                   2700                     4865.2966108050505       2808.9803079356698       2502.294445801098
1.0652                   7.1                      0.14084507042253522      5.277346017242429E-13    5.296990672753558E-13    0.25                     5.0E10                   2700                     4865.2966108050505       2808.9803079356698       2502.294445801098
1.0652                   7.12                     0.14044943820224717      5.277501041158752E-13    5.297095746726209E-13    0.25                     5.0E10                   2700                     4865.2966108050505       2808.9803079356698       2502.294445801098
1.0652                   7.14                     0.1400560224089636       5.277658323061364E-13    5.297201610957284E-13    0.25                     5.0E10                   2700                     4865.2966108050505       2808.9803079356698       2502.294445801098
1.0652                   7.16                     0.13966480446927376      5.277817923000796E-13    5.297308341502435E-13    0.25                     5.0E10                   2700                     4865.2966108050505       2808.9803079356698       2502.294445801098
1.0652                   7.18                     0.1392757660167131       5.277979896919116E-13    5.297416010691426E-13    0.25                     5.0E10                   2700                     4865.2966108050505       2808.9803079356698       2502.294445801098
1.0652                   7.2                      0.1388888888888889       5.278144296829918E-13    5.297524687287017E-13    0.25                     5.0E10                   2700                     4865.2966108050505       2808.9803079356698       2502.294445801098
1.0652                   7.22                     0.13850415512465375      5.278311170877062E-13    5.29763443652078E-13     0.25                     5.0E10                   2700                     4865.2966108050505       2808.9803079356698       2502.294445801098
1.0652                   7.24                     0.13812154696132597      5.278480563430148E-13    5.297745320192229E-13    0.25                     5.0E10                   2700                     4865.2966108050505       2808.9803079356698       2502.294445801098
1.0652                   7.26                     0.13774104683195593      5.278652515365932E-13    5.297857396821764E-13    0.25                     5.0E10                   2700                     4865.2966108050505       2808.9803079356698       2502.294445801098
1.0652                   7.279999999999999        0.13736263736263737      5.278827063902831E-13    5.297970721610003E-13    0.25                     5.0E10                   2700                     4865.2966108050505       2808.9803079356698       2502.294445801098
1.0652                   7.3                      0.13698630136986303      5.279004242777822E-13    5.29808534657523E-13     0.25                     5.0E10                   2700                     4865.2966108050505       2808.9803079356698       2502.294445801098
1.0652                   7.319999999999999        0.1366120218579235       5.279184082774187E-13    5.298201320815856E-13    0.25                     5.0E10                   2700                     4865.2966108050505       2808.9803079356698       2502.294445801098
1.0652                   7.34                     0.1362397820163488       5.279366611170413E-13    5.298318690275876E-13    0.25                     5.0E10                   2700                     4865.2966108050505       2808.9803079356698       2502.294445801098
1.0652                   7.359999999999999        0.13586956521739132      5.279551852166417E-13    5.298437498039814E-13    0.25                     5.0E10                   2700                     4865.2966108050505       2808.9803079356698       2502.294445801098
1.0652                   7.38                     0.13550135501355012      5.279739827124555E-13    5.298557784384874E-13    0.25                     5.0E10                   2700                     4865.2966108050505       2808.9803079356698       2502.294445801098
1.0652                   7.3999999999999995       0.13513513513513514      5.279930554382633E-13    5.298679586813593E-13    0.25                     5.0E10                   2700                     4865.2966108050505       2808.9803079356698       2502.294445801098
1.0652                   7.42                     0.1347708894878706       5.280124049490865E-13    5.298802940152215E-13    0.25                     5.0E10                   2700                     4865.2966108050505       2808.9803079356698       2502.294445801098
1.0652                   7.4399999999999995       0.13440860215053765      5.280320325403536E-13    5.298927876709833E-13    0.25                     5.0E10                   2700                     4865.2966108050505       2808.9803079356698       2502.294445801098
1.0652                   7.46                     0.13404825737265413      5.280519392342108E-13    5.299054426204346E-13    0.25                     5.0E10                   2700                     4865.2966108050505       2808.9803079356698       2502.294445801098
1.0652                   7.4799999999999995       0.1336898395721925       5.280721258063474E-13    5.299182615945896E-13    0.25                     5.0E10                   2700                     4865.2966108050505       2808.9803079356698       2502.294445801098
1.0652                   7.5                      0.13333333333333333      5.280925927899112E-13    5.299312470888341E-13    0.25                     5.0E10                   2700                     4865.2966108050505       2808.9803079356698       2502.294445801098
1.0652                   7.52                     0.13297872340425532      5.281133404775353E-13    5.299444013679102E-13    0.25                     5.0E10                   2700                     4865.2966108050505       2808.9803079356698       2502.294445801098
1.0652                   7.54                     0.13262599469496023      5.281343689531473E-13    5.299577264804099E-13    0.25                     5.0E10                   2700                     4865.2966108050505       2808.9803079356698       2502.294445801098
1.0652                   7.56                     0.13227513227513227      5.281556780602533E-13    5.299712242544684E-13    0.25                     5.0E10                   2700                     4865.2966108050505       2808.9803079356698       2502.294445801098
1.0652                   7.58                     0.13192612137203166      5.281772674575517E-13    5.299848963176666E-13    0.25                     5.0E10                   2700                     4865.2966108050505       2808.9803079356698       2502.294445801098
1.0652                   7.6                      0.13157894736842105      5.281991365814391E-13    5.299987440881874E-13    0.25                     5.0E10                   2700                     4865.2966108050505       2808.9803079356698       2502.294445801098
1.0652                   7.62                     0.13123359580052493      5.282212846921657E-13    5.300127687997938E-13    0.25                     5.0E10                   2700                     4865.2966108050505       2808.9803079356698       2502.294445801098
1.0652                   7.64                     0.13089005235602094      5.282437108483034E-13    5.300269714912938E-13    0.25                     5.0E10                   2700                     4865.2966108050505       2808.9803079356698       2502.294445801098
1.0652                   7.66                     0.13054830287206268      5.282664139555509E-13    5.300413530288239E-13    0.25                     5.0E10                   2700                     4865.2966108050505       2808.9803079356698       2502.294445801098
1.0652                   7.68                     0.13020833333333334      5.282893927245516E-13    5.300559141012918E-13    0.25                     5.0E10                   2700                     4865.2966108050505       2808.9803079356698       2502.294445801098
1.0652                   7.7                      0.12987012987012989      5.283126457124642E-13    5.300706552221151E-13    0.25                     5.0E10                   2700                     4865.2966108050505       2808.9803079356698       2502.294445801098
1.0652                   7.72                     0.1295336787564767       5.283361713225999E-13    5.300855767547889E-13    0.25                     5.0E10                   2700                     4865.2966108050505       2808.9803079356698       2502.294445801098
1.0652                   7.74                     0.12919896640826872      5.283599678083406E-13    5.301006788998329E-13    0.25                     5.0E10                   2700                     4865.2966108050505       2808.9803079356698       2502.294445801098
1.0652                   7.76                     0.1288659793814433       5.283840332764225E-13    5.301159617083284E-13    0.25                     5.0E10                   2700                     4865.2966108050505       2808.9803079356698       2502.294445801098
1.0652                   7.779999999999999        0.12853470437017997      5.284083656997929E-13    5.301314250875839E-13    0.25                     5.0E10                   2700                     4865.2966108050505       2808.9803079356698       2502.294445801098
1.0652                   7.8                      0.12820512820512822      5.284329629252981E-13    5.301470688071475E-13    0.25                     5.0E10                   2700                     4865.2966108050505       2808.9803079356698       2502.294445801098
1.0652                   7.819999999999999        0.1278772378516624       5.284578226646534E-13    5.301628924990379E-13    0.25                     5.0E10                   2700                     4865.2966108050505       2808.9803079356698       2502.294445801098
1.0652                   7.84                     0.12755102040816327      5.284829425224508E-13    5.301788956701912E-13    0.25                     5.0E10                   2700                     4865.2966108050505       2808.9803079356698       2502.294445801098
1.0652                   7.859999999999999        0.1272264631043257       5.285083199876697E-13    5.30195077703927E-13     0.25                     5.0E10                   2700                     4865.2966108050505       2808.9803079356698       2502.294445801098
1.0652                   7.88                     0.12690355329949238      5.285339524392517E-13    5.302114378647284E-13    0.25                     5.0E10                   2700                     4865.2966108050505       2808.9803079356698       2502.294445801098
1.0652                   7.8999999999999995       0.12658227848101267      5.285598371618329E-13    5.302279753051063E-13    0.25                     5.0E10                   2700                     4865.2966108050505       2808.9803079356698       2502.294445801098
1.0652                   7.92                     0.12626262626262624      5.285859713471689E-13    5.302446890706686E-13    0.25                     5.0E10                   2700                     4865.2966108050505       2808.9803079356698       2502.294445801098
1.0652                   7.9399999999999995       0.12594458438287154      5.286123520767947E-13    5.302615780954787E-13    0.25                     5.0E10                   2700                     4865.2966108050505       2808.9803079356698       2502.294445801098
1.0652                   7.96                     0.12562814070351758      5.286389763702051E-13    5.302786412259155E-13    0.25                     5.0E10                   2700                     4865.2966108050505       2808.9803079356698       2502.294445801098
1.0652                   7.9799999999999995       0.12531328320802007      5.286658411533441E-13    5.302958772042505E-13    0.25                     5.0E10                   2700                     4865.2966108050505       2808.9803079356698       2502.294445801098
1.0652                   8                        0.125                    5.28692943281633E-13     5.30313284687629E-13     0.25                     5.0E10                   2700                     4865.2966108050505       2808.9803079356698       2502.294445801098
1.0652                   8.02                     0.12468827930174564      5.287202795350939E-13    5.303308622436711E-13    0.25                     5.0E10                   2700                     4865.2966108050505       2808.9803079356698       2502.294445801098
1.0652                   8.040000000000001        0.1243781094527363       5.287478466270425E-13    5.303486083579967E-13    0.25                     5.0E10                   2700                     4865.2966108050505       2808.9803079356698       2502.294445801098
1.0652                   8.06                     0.12406947890818859      5.287756412129184E-13    5.303665214425068E-13    0.25                     5.0E10                   2700                     4865.2966108050505       2808.9803079356698       2502.294445801098
1.0652                   8.08                     0.12376237623762378      5.288036598828843E-13    5.303845998274569E-13    0.25                     5.0E10                   2700                     4865.2966108050505       2808.9803079356698       2502.294445801098
1.0652                   8.1                      0.1234567901234568       5.288318991822869E-13    5.304028417808823E-13    0.25                     5.0E10                   2700                     4865.2966108050505       2808.9803079356698       2502.294445801098
1.0652                   8.12                     0.12315270935960593      5.288603555952706E-13    5.304212454953804E-13    0.25                     5.0E10                   2700                     4865.2966108050505       2808.9803079356698       2502.294445801098
1.0652                   8.14                     0.12285012285012284      5.288890255707963E-13    5.304398091076281E-13    0.25                     5.0E10                   2700                     4865.2966108050505       2808.9803079356698       2502.294445801098
1.0652                   8.16                     0.12254901960784315      5.289179055083768E-13    5.304585306917921E-13    0.25                     5.0E10                   2700                     4865.2966108050505       2808.9803079356698       2502.294445801098
1.0652                   8.18                     0.12224938875305624      5.289469917628239E-13    5.304774082597301E-13    0.25                     5.0E10                   2700                     4865.2966108050505       2808.9803079356698       2502.294445801098
1.0652                   8.2                      0.12195121951219513      5.28976280665275E-13     5.304964397794269E-13    0.25                     5.0E10                   2700                     4865.2966108050505       2808.9803079356698       2502.294445801098
1.0652                   8.22                     0.121654501216545        5.290057685086941E-13    5.305156231632951E-13    0.25                     5.0E10                   2700                     4865.2966108050505       2808.9803079356698       2502.294445801098
1.0652                   8.24                     0.12135922330097086      5.290354515533349E-13    5.305349562767335E-13    0.25                     5.0E10                   2700                     4865.2966108050505       2808.9803079356698       2502.294445801098
1.0652                   8.26                     0.12106537530266344      5.290653260298915E-13    5.305544369398388E-13    0.25                     5.0E10                   2700                     4865.2966108050505       2808.9803079356698       2502.294445801098
1.0652                   8.28                     0.1207729468599034       5.290953881663096E-13    5.305740629362074E-13    0.25                     5.0E10                   2700                     4865.2966108050505       2808.9803079356698       2502.294445801098
1.0652                   8.299999999999999        0.1204819277108434       5.291256341436891E-13    5.30593832005317E-13     0.25                     5.0E10                   2700                     4865.2966108050505       2808.9803079356698       2502.294445801098
1.0652                   8.32                     0.12019230769230768      5.291560601502007E-13    5.306137418574179E-13    0.25                     5.0E10                   2700                     4865.2966108050505       2808.9803079356698       2502.294445801098
1.0652                   8.34                     0.11990407673860912      5.291866623356333E-13    5.306337901606466E-13    0.25                     5.0E10                   2700                     4865.2966108050505       2808.9803079356698       2502.294445801098
1.0652                   8.36                     0.1196172248803828       5.292174368552408E-13    5.306539745593951E-13    0.25                     5.0E10                   2700                     4865.2966108050505       2808.9803079356698       2502.294445801098
1.0652                   8.379999999999999        0.11933174224343678      5.292483798465682E-13    5.30674292666661E-13     0.25                     5.0E10                   2700                     4865.2966108050505       2808.9803079356698       2502.294445801098
1.0652                   8.4                      0.11904761904761904      5.29279487441736E-13     5.306947420717147E-13    0.25                     5.0E10                   2700                     4865.2966108050505       2808.9803079356698       2502.294445801098
1.0652                   8.42                     0.11876484560570072      5.293107557619375E-13    5.307153203335334E-13    0.25                     5.0E10                   2700                     4865.2966108050505       2808.9803079356698       2502.294445801098
1.0652                   8.44                     0.11848341232227488      5.293421809430822E-13    5.307360250027163E-13    0.25                     5.0E10                   2700                     4865.2966108050505       2808.9803079356698       2502.294445801098
1.0652                   8.459999999999999        0.11820330969267141      5.29373759103771E-13     5.307568535998013E-13    0.25                     5.0E10                   2700                     4865.2966108050505       2808.9803079356698       2502.294445801098
1.0652                   8.48                     0.1179245283018868       5.294054863592218E-13    5.307778036251671E-13    0.25                     5.0E10                   2700                     4865.2966108050505       2808.9803079356698       2502.294445801098
1.0652                   8.5                      0.11764705882352941      5.294373588475724E-13    5.307988725746667E-13    0.25                     5.0E10                   2700                     4865.2966108050505       2808.9803079356698       2502.294445801098
1.0652                   8.52                     0.11737089201877934      5.294693727022084E-13    5.308200579266548E-13    0.25                     5.0E10                   2700                     4865.2966108050505       2808.9803079356698       2502.294445801098
1.0652                   8.54                     0.117096018735363        5.295015240613252E-13    5.30841357143908E-13     0.25                     5.0E10                   2700                     4865.2966108050505       2808.9803079356698       2502.294445801098
1.0652                   8.56                     0.11682242990654204      5.295338090752239E-13    5.308627676848479E-13    0.25                     5.0E10                   2700                     4865.2966108050505       2808.9803079356698       2502.294445801098
1.0652                   8.58                     0.11655011655011656      5.295662238997367E-13    5.30884286995105E-13     0.25                     5.0E10                   2700                     4865.2966108050505       2808.9803079356698       2502.294445801098
1.0652                   8.6                      0.11627906976744186      5.295987647092687E-13    5.309059125163723E-13    0.25                     5.0E10                   2700                     4865.2966108050505       2808.9803079356698       2502.294445801098
1.0652                   8.62                     0.1160092807424594       5.296314276979354E-13    5.309276416908931E-13    0.25                     5.0E10                   2700                     4865.2966108050505       2808.9803079356698       2502.294445801098
1.0652                   8.64                     0.11574074074074073      5.29664209053191E-13     5.309494719424118E-13    0.25                     5.0E10                   2700                     4865.2966108050505       2808.9803079356698       2502.294445801098
1.0652                   8.66                     0.11547344110854503      5.296971050024275E-13    5.30971400713148E-13     0.25                     5.0E10                   2700                     4865.2966108050505       2808.9803079356698       2502.294445801098
1.0652                   8.68                     0.1152073732718894       5.297301117810191E-13    5.309934254317024E-13    0.25                     5.0E10                   2700                     4865.2966108050505       2808.9803079356698       2502.294445801098
1.0652                   8.7                      0.11494252873563218      5.297632256347872E-13    5.310155435241493E-13    0.25                     5.0E10                   2700                     4865.2966108050505       2808.9803079356698       2502.294445801098
1.0652                   8.72                     0.1146788990825688       5.29796442846406E-13     5.310377524319494E-13    0.25                     5.0E10                   2700                     4865.2966108050505       2808.9803079356698       2502.294445801098
1.0652                   8.74                     0.11441647597254004      5.298297597082011E-13    5.310600495901813E-13    0.25                     5.0E10                   2700                     4865.2966108050505       2808.9803079356698       2502.294445801098
1.0652                   8.76                     0.1141552511415525       5.298649289518026E-13    5.310841022101311E-13    0.25                     5.0E10                   2700                     4865.2966108050505       2808.9803079356698       2502.294445801098
1.0652                   8.78                     0.11389521640091117      5.298984426338989E-13    5.311065769512935E-13    0.25                     5.0E10                   2700                     4865.2966108050505       2808.9803079356698       2502.294445801098
1.0652                   8.8                      0.11363636363636362      5.299320449964992E-13    5.311291322957425E-13    0.25                     5.0E10                   2700                     4865.2966108050505       2808.9803079356698       2502.294445801098
1.0652                   8.82                     0.11337868480725624      5.299657324183025E-13    5.311517656967117E-13    0.25                     5.0E10                   2700                     4865.2966108050505       2808.9803079356698       2502.294445801098
1.0652                   8.84                     0.11312217194570136      5.29999501332621E-13     5.31174474635762E-13     0.25                     5.0E10                   2700                     4865.2966108050505       2808.9803079356698       2502.294445801098
1.0652                   8.86                     0.11286681715575621      5.300333481755773E-13    5.311972565930521E-13    0.25                     5.0E10                   2700                     4865.2966108050505       2808.9803079356698       2502.294445801098
1.0652                   8.879999999999999        0.11261261261261263      5.300672694357579E-13    5.312201090666102E-13    0.25                     5.0E10                   2700                     4865.2966108050505       2808.9803079356698       2502.294445801098
1.0652                   8.9                      0.11235955056179775      5.301012616014341E-13    5.312430295545862E-13    0.25                     5.0E10                   2700                     4865.2966108050505       2808.9803079356698       2502.294445801098
1.0652                   8.92                     0.11210762331838565      5.301353212180825E-13    5.312660155846316E-13    0.25                     5.0E10                   2700                     4865.2966108050505       2808.9803079356698       2502.294445801098
1.0652                   8.94                     0.11185682326621925      5.30169444849641E-13     5.312890646874528E-13    0.25                     5.0E10                   2700                     4865.2966108050505       2808.9803079356698       2502.294445801098
1.0652                   8.959999999999999        0.11160714285714285      5.302036290928502E-13    5.313121744105253E-13    0.25                     5.0E10                   2700                     4865.2966108050505       2808.9803079356698       2502.294445801098
1.0652                   8.98                     0.11135857461024498      5.302378705705355E-13    5.313353423147812E-13    0.25                     5.0E10                   2700                     4865.2966108050505       2808.9803079356698       2502.294445801098
1.0652                   9                        0.11111111111111112      5.302721659456843E-13    5.313585659799087E-13    0.25                     5.0E10                   2700                     4865.2966108050505       2808.9803079356698       2502.294445801098
1.0652                   9.02                     0.11086474501108647      5.303065119088664E-13    5.313818430005273E-13    0.25                     5.0E10                   2700                     4865.2966108050505       2808.9803079356698       2502.294445801098
1.0652                   9.04                     0.11061946902654868      5.303409051879256E-13    5.314051709873072E-13    0.25                     5.0E10                   2700                     4865.2966108050505       2808.9803079356698       2502.294445801098
1.0652                   9.06                     0.11037527593818983      5.303753425442872E-13    5.314285475728269E-13    0.25                     5.0E10                   2700                     4865.2966108050505       2808.9803079356698       2502.294445801098
1.0652                   9.08                     0.11013215859030838      5.304098207615622E-13    5.314519703994269E-13    0.25                     5.0E10                   2700                     4865.2966108050505       2808.9803079356698       2502.294445801098
1.0652                   9.1                      0.1098901098901099       5.304443366726807E-13    5.314754371349497E-13    0.25                     5.0E10                   2700                     4865.2966108050505       2808.9803079356698       2502.294445801098
1.0652                   9.12                     0.10964912280701757      5.304788871419634E-13    5.31498945468315E-13     0.25                     5.0E10                   2700                     4865.2966108050505       2808.9803079356698       2502.294445801098
1.0652                   9.14                     0.10940919037199125      5.305134690625832E-13    5.315224931025684E-13    0.25                     5.0E10                   2700                     4865.2966108050505       2808.9803079356698       2502.294445801098
1.0652                   9.16                     0.10917030567685589      5.305480793713238E-13    5.315460777641375E-13    0.25                     5.0E10                   2700                     4865.2966108050505       2808.9803079356698       2502.294445801098
1.0652                   9.18                     0.10893246187363835      5.305827150278206E-13    5.31569697195053E-13     0.25                     5.0E10                   2700                     4865.2966108050505       2808.9803079356698       2502.294445801098
1.0652                   9.2                      0.10869565217391305      5.306173730438205E-13    5.315933491670683E-13    0.25                     5.0E10                   2700                     4865.2966108050505       2808.9803079356698       2502.294445801098
1.0652                   9.22                     0.10845986984815618      5.306520504636992E-13    5.316170314716891E-13    0.25                     5.0E10                   2700                     4865.2966108050505       2808.9803079356698       2502.294445801098
1.0652                   9.24                     0.10822510822510822      5.306867443496591E-13    5.316407419096877E-13    0.25                     5.0E10                   2700                     4865.2966108050505       2808.9803079356698       2502.294445801098
1.0652                   9.26                     0.1079913606911447       5.307214518257321E-13    5.31664478321758E-13     0.25                     5.0E10                   2700                     4865.2966108050505       2808.9803079356698       2502.294445801098
1.0652                   9.28                     0.10775862068965518      5.307561700328264E-13    5.316882385564033E-13    0.25                     5.0E10                   2700                     4865.2966108050505       2808.9803079356698       2502.294445801098
1.0652                   9.3                      0.10752688172043011      5.30790896165333E-13     5.317120204956147E-13    0.25                     5.0E10                   2700                     4865.2966108050505       2808.9803079356698       2502.294445801098
1.0652                   9.32                     0.1072961373390558       5.30825627446027E-13     5.317358220428495E-13    0.25                     5.0E10                   2700                     4865.2966108050505       2808.9803079356698       2502.294445801098
1.0652                   9.34                     0.10706638115631692      5.308603611192599E-13    5.317596411079845E-13    0.25                     5.0E10                   2700                     4865.2966108050505       2808.9803079356698       2502.294445801098
1.0652                   9.36                     0.10683760683760683      5.308950944983506E-13    5.317834756497641E-13    0.25                     5.0E10                   2700                     4865.2966108050505       2808.9803079356698       2502.294445801098
1.0652                   9.379999999999999        0.10660980810234544      5.30929824904582E-13     5.318073236330176E-13    0.25                     5.0E10                   2700                     4865.2966108050505       2808.9803079356698       2502.294445801098
1.0652                   9.4                      0.10638297872340426      5.309645497108199E-13    5.318311830507479E-13    0.25                     5.0E10                   2700                     4865.2966108050505       2808.9803079356698       2502.294445801098
1.0652                   9.42                     0.10615711252653928      5.309992663348816E-13    5.318550519250397E-13    0.25                     5.0E10                   2700                     4865.2966108050505       2808.9803079356698       2502.294445801098
1.0652                   9.44                     0.1059322033898305       5.310339722110767E-13    5.318789282978341E-13    0.25                     5.0E10                   2700                     4865.2966108050505       2808.9803079356698       2502.294445801098
1.0652                   9.459999999999999        0.10570824524312897      5.310686648196485E-13    5.319028102280804E-13    0.25                     5.0E10                   2700                     4865.2966108050505       2808.9803079356698       2502.294445801098
1.0652                   9.48                     0.10548523206751054      5.311033416691232E-13    5.319266958053265E-13    0.25                     5.0E10                   2700                     4865.2966108050505       2808.9803079356698       2502.294445801098
1.0652                   9.5                      0.10526315789473685      5.311380003310253E-13    5.319505831507483E-13    0.25                     5.0E10                   2700                     4865.2966108050505       2808.9803079356698       2502.294445801098
1.0652                   9.52                     0.10504201680672269      5.31172638388243E-13     5.319744703998531E-13    0.25                     5.0E10                   2700                     4865.2966108050505       2808.9803079356698       2502.294445801098
1.0652                   9.54                     0.10482180293501049      5.31207253464951E-13     5.319983557129326E-13    0.25                     5.0E10                   2700                     4865.2966108050505       2808.9803079356698       2502.294445801098
1.0652                   9.56                     0.10460251046025104      5.312418432259575E-13    5.320222372788545E-13    0.25                     5.0E10                   2700                     4865.2966108050505       2808.9803079356698       2502.294445801098
1.0652                   9.58                     0.10438413361169102      5.312764053730672E-13    5.320461133093821E-13    0.25                     5.0E10                   2700                     4865.2966108050505       2808.9803079356698       2502.294445801098
1.0652                   9.6                      0.10416666666666667      5.313109376442993E-13    5.320699820442104E-13    0.25                     5.0E10                   2700                     4865.2966108050505       2808.9803079356698       2502.294445801098
1.0652                   9.62                     0.10395010395010396      5.313454378065562E-13    5.320938417392998E-13    0.25                     5.0E10                   2700                     4865.2966108050505       2808.9803079356698       2502.294445801098
1.0652                   9.64                     0.10373443983402489      5.313799036707203E-13    5.321176906816053E-13    0.25                     5.0E10                   2700                     4865.2966108050505       2808.9803079356698       2502.294445801098
1.0652                   9.66                     0.10351966873706003      5.31414333081294E-13     5.32141527184928E-13     0.25                     5.0E10                   2700                     4865.2966108050505       2808.9803079356698       2502.294445801098
1.0652                   9.68                     0.10330578512396693      5.314487239074482E-13    5.321653495739604E-13    0.25                     5.0E10                   2700                     4865.2966108050505       2808.9803079356698       2502.294445801098
1.0652                   9.7                      0.10309278350515465      5.314830740795415E-13    5.321891562193721E-13    0.25                     5.0E10                   2700                     4865.2966108050505       2808.9803079356698       2502.294445801098
1.0652                   9.72                     0.102880658436214        5.315173815408096E-13    5.322129454999956E-13    0.25                     5.0E10                   2700                     4865.2966108050505       2808.9803079356698       2502.294445801098
1.0652                   9.74                     0.1026694045174538       5.315516442682543E-13    5.322367158189061E-13    0.25                     5.0E10                   2700                     4865.2966108050505       2808.9803079356698       2502.294445801098
1.0652                   9.76                     0.10245901639344263      5.315858603006078E-13    5.322604656218399E-13    0.25                     5.0E10                   2700                     4865.2966108050505       2808.9803079356698       2502.294445801098
1.0652                   9.78                     0.10224948875255623      5.316200276669642E-13    5.322841933483895E-13    0.25                     5.0E10                   2700                     4865.2966108050505       2808.9803079356698       2502.294445801098
1.0652                   9.8                      0.10204081632653059      5.316541444678855E-13    5.323078974876656E-13    0.25                     5.0E10                   2700                     4865.2966108050505       2808.9803079356698       2502.294445801098
1.0652                   9.82                     0.10183299389002037      5.316882088266984E-13    5.323315765457508E-13    0.25                     5.0E10                   2700                     4865.2966108050505       2808.9803079356698       2502.294445801098
1.0652                   9.84                     0.1016260162601626       5.31722218889977E-13     5.323552290434563E-13    0.25                     5.0E10                   2700                     4865.2966108050505       2808.9803079356698       2502.294445801098
1.0652                   9.86                     0.10141987829614604      5.317561728630563E-13    5.323788535454728E-13    0.25                     5.0E10                   2700                     4865.2966108050505       2808.9803079356698       2502.294445801098
1.0652                   9.879999999999999        0.10121457489878542      5.317900689563363E-13    5.324024486185892E-13    0.25                     5.0E10                   2700                     4865.2966108050505       2808.9803079356698       2502.294445801098
1.0652                   9.9                      0.101010101010101        5.318239054269808E-13    5.324260128656651E-13    0.25                     5.0E10                   2700                     4865.2966108050505       2808.9803079356698       2502.294445801098
1.0652                   9.92                     0.10080645161290322      5.318576805632802E-13    5.324495449084677E-13    0.25                     5.0E10                   2700                     4865.2966108050505       2808.9803079356698       2502.294445801098
1.0652                   9.94                     0.1006036217303823       5.31891392690204E-13     5.324730433986511E-13    0.25                     5.0E10                   2700                     4865.2966108050505       2808.9803079356698       2502.294445801098
1.0652                   9.959999999999999        0.10040160642570282      5.319250401586812E-13    5.32496507003129E-13     0.25                     5.0E10                   2700                     4865.2966108050505       2808.9803079356698       2502.294445801098
1.0652                   9.98                     0.1002004008016032       5.319586213569551E-13    5.325199344152003E-13    0.25                     5.0E10                   2700                     4865.2966108050505       2808.9803079356698       2502.294445801098
1.0652                   10                       0.1                      5.319451857547353E-13    5.324715053149213E-13    0.25                     5.0E10                   2700                     4865.2966108050505       2808.9803079356698       2502.294445801098
