1.00408                  0.1                      10                       5.331348641813622E-13    5.331372836556633E-13    0.25                     5.0E10                   2700                     4723.652071108635        2727.201794812703        2502.294445801098
1.00408                  0.12000000000000001      8.333333333333332        5.36299239696076E-13     5.363551800368821E-13    0.25                     5.0E10                   2700                     4723.652071108635        2727.201794812703        2502.294445801098
1.00408                  0.14                     7.1428571428571415       5.341218975132522E-13    5.339573109537819E-13    0.25                     5.0E10                   2700                     4723.652071108635        2727.201794812703        2502.294445801098
1.00408                  0.16                     6.249999999999999        5.330861209415886E-13    5.331816375103411E-13    0.25                     5.0E10                   2700                     4723.652071108635        2727.201794812703        2502.294445801098
1.00408                  0.18                     5.555555555555555        5.372806492077614E-13    5.372967308932286E-13    0.25                     5.0E10                   2700                     4723.652071108635        2727.201794812703        2502.294445801098
1.00408                  0.2                      5                        5.334791302487951E-13    5.331478322610166E-13    0.25                     5.0E10                   2700                     4723.652071108635        2727.201794812703        2502.294445801098
1.00408                  0.22                     4.545454545454546        5.368415189833256E-13    5.367484949188432E-13    0.25                     5.0E10                   2700                     4723.652071108635        2727.201794812703        2502.294445801098
1.00408                  0.24000000000000002      4.166666666666666        5.364405627332468E-13    5.364222329814706E-13    0.25                     5.0E10                   2700                     4723.652071108635        2727.201794812703        2502.294445801098
1.00408                  0.26                     3.846153846153846        5.350832177484119E-13    5.350090702351302E-13    0.25                     5.0E10                   2700                     4723.652071108635        2727.201794812703        2502.294445801098
1.00408                  0.28                     3.5714285714285707       5.372482336101871E-13    5.371830301380389E-13    0.25                     5.0E10                   2700                     4723.652071108635        2727.201794812703        2502.294445801098
1.00408                  0.30000000000000004      3.3333333333333326       5.366496082281238E-13    5.363279067062112E-13    0.25                     5.0E10                   2700                     4723.652071108635        2727.201794812703        2502.294445801098
1.00408                  0.32                     3.1249999999999996       5.336788200993776E-13    5.332191261420706E-13    0.25                     5.0E10                   2700                     4723.652071108635        2727.201794812703        2502.294445801098
1.00408                  0.33999999999999997      2.9411764705882355       5.373611511789024E-13    5.374463863149916E-13    0.25                     5.0E10                   2700                     4723.652071108635        2727.201794812703        2502.294445801098
1.00408                  0.36                     2.7777777777777777       5.347799836052561E-13    5.350771277346525E-13    0.25                     5.0E10                   2700                     4723.652071108635        2727.201794812703        2502.294445801098
1.00408                  0.38                     2.6315789473684212       5.340208648548416E-13    5.334811765710366E-13    0.25                     5.0E10                   2700                     4723.652071108635        2727.201794812703        2502.294445801098
1.00408                  0.4                      2.5                      5.331033476814536E-13    5.333334214389429E-13    0.25                     5.0E10                   2700                     4723.652071108635        2727.201794812703        2502.294445801098
1.00408                  0.42000000000000004      2.3809523809523805       5.338745433571857E-13    5.334163813182511E-13    0.25                     5.0E10                   2700                     4723.652071108635        2727.201794812703        2502.294445801098
1.00408                  0.44000000000000006      2.272727272727273        5.346863113256926E-13    5.347612086213514E-13    0.25                     5.0E10                   2700                     4723.652071108635        2727.201794812703        2502.294445801098
1.00408                  0.45999999999999996      2.173913043478261        5.374780916188704E-13    5.372480869447532E-13    0.25                     5.0E10                   2700                     4723.652071108635        2727.201794812703        2502.294445801098
1.00408                  0.48                     2.0833333333333335       5.369659308687294E-13    5.365273408609272E-13    0.25                     5.0E10                   2700                     4723.652071108635        2727.201794812703        2502.294445801098
1.00408                  0.5                      2                        5.336128759295424E-13    5.334080970985047E-13    0.25                     5.0E10                   2700                     4723.652071108635        2727.201794812703        2502.294445801098
1.00408                  0.52                     1.923076923076923        5.375765844875973E-13    5.373310478151511E-13    0.25                     5.0E10                   2700                     4723.652071108635        2727.201794812703        2502.294445801098
1.00408                  0.54                     1.8518518518518516       5.348652980335211E-13    5.34719899354193E-13     0.25                     5.0E10                   2700                     4723.652071108635        2727.201794812703        2502.294445801098
1.00408                  0.56                     1.7857142857142854       5.367425287695775E-13    5.361789671604153E-13    0.25                     5.0E10                   2700                     4723.652071108635        2727.201794812703        2502.294445801098
1.00408                  0.58                     1.7241379310344829       5.359100020957293E-13    5.35092120684367E-13     0.25                     5.0E10                   2700                     4723.652071108635        2727.201794812703        2502.294445801098
1.00408                  0.6                      1.6666666666666667       5.374165904797207E-13    5.370235865530792E-13    0.25                     5.0E10                   2700                     4723.652071108635        2727.201794812703        2502.294445801098
1.00408                  0.62                     1.6129032258064515       5.340551059337526E-13    5.340409329167269E-13    0.25                     5.0E10                   2700                     4723.652071108635        2727.201794812703        2502.294445801098
1.00408                  0.64                     1.5624999999999998       5.381683466441171E-13    5.378364361631364E-13    0.25                     5.0E10                   2700                     4723.652071108635        2727.201794812703        2502.294445801098
1.00408                  0.66                     1.515151515151515        5.355355847597422E-13    5.343982827224448E-13    0.25                     5.0E10                   2700                     4723.652071108635        2727.201794812703        2502.294445801098
1.00408                  0.6799999999999999       1.4705882352941178       5.368763460477671E-13    5.355382141281072E-13    0.25                     5.0E10                   2700                     4723.652071108635        2727.201794812703        2502.294445801098
1.00408                  0.7                      1.4285714285714286       5.384874420052623E-13    5.378546044860666E-13    0.25                     5.0E10                   2700                     4723.652071108635        2727.201794812703        2502.294445801098
1.00408                  0.72                     1.3888888888888888       5.342917840004833E-13    5.342461295642503E-13    0.25                     5.0E10                   2700                     4723.652071108635        2727.201794812703        2502.294445801098
1.00408                  0.74                     1.3513513513513513       5.35032723379942E-13     5.350139661767389E-13    0.25                     5.0E10                   2700                     4723.652071108635        2727.201794812703        2502.294445801098
1.00408                  0.76                     1.3157894736842106       5.386907251246578E-13    5.380820436321107E-13    0.25                     5.0E10                   2700                     4723.652071108635        2727.201794812703        2502.294445801098
1.00408                  0.78                     1.2820512820512822       5.377522450712908E-13    5.362393236718472E-13    0.25                     5.0E10                   2700                     4723.652071108635        2727.201794812703        2502.294445801098
1.00408                  0.8                      1.25                     5.360456823615547E-13    5.33893397045128E-13     0.25                     5.0E10                   2700                     4723.652071108635        2727.201794812703        2502.294445801098
1.00408                  0.82                     1.2195121951219514       5.378874282254348E-13    5.357525634332524E-13    0.25                     5.0E10                   2700                     4723.652071108635        2727.201794812703        2502.294445801098
1.00408                  0.84                     1.1904761904761905       5.390819030579486E-13    5.377979964255966E-13    0.25                     5.0E10                   2700                     4723.652071108635        2727.201794812703        2502.294445801098
1.00408                  0.86                     1.1627906976744187       5.369350122370049E-13    5.365667287156157E-13    0.25                     5.0E10                   2700                     4723.652071108635        2727.201794812703        2502.294445801098
1.00408                  0.88                     1.1363636363636365       5.339342544019876E-13    5.34162060041961E-13     0.25                     5.0E10                   2700                     4723.652071108635        2727.201794812703        2502.294445801098
1.00408                  0.9                      1.1111111111111112       5.339974542129301E-13    5.342899097645994E-13    0.25                     5.0E10                   2700                     4723.652071108635        2727.201794812703        2502.294445801098
1.00408                  0.92                     1.0869565217391304       5.367352555448573E-13    5.366025720091662E-13    0.25                     5.0E10                   2700                     4723.652071108635        2727.201794812703        2502.294445801098
1.00408                  0.94                     1.0638297872340425       5.389394050506661E-13    5.381159796167265E-13    0.25                     5.0E10                   2700                     4723.652071108635        2727.201794812703        2502.294445801098
1.00408                  0.96                     1.0416666666666667       5.387456917739344E-13    5.371781208041979E-13    0.25                     5.0E10                   2700                     4723.652071108635        2727.201794812703        2502.294445801098
1.00408                  0.98                     1.0204081632653061       5.372428679105207E-13    5.350107154525474E-13    0.25                     5.0E10                   2700                     4723.652071108635        2727.201794812703        2502.294445801098
1.00408                  1                        1                        5.364251674296086E-13    5.336342139246237E-13    0.25                     5.0E10                   2700                     4723.652071108635        2727.201794812703        2502.294445801098
1.00408                  1.02                     0.9803921568627452       5.374128678822101E-13    5.345394457470098E-13    0.25                     5.0E10                   2700                     4723.652071108635        2727.201794812703        2502.294445801098
1.00408                  1.04                     0.9615384615384615       5.391011950626543E-13    5.365313434593593E-13    0.25                     5.0E10                   2700                     4723.652071108635        2727.201794812703        2502.294445801098
1.00408                  1.06                     0.9433962264150944       5.399198777006564E-13    5.379775237763287E-13    0.25                     5.0E10                   2700                     4723.652071108635        2727.201794812703        2502.294445801098
1.00408                  1.08                     0.9259259259259258       5.39032850795652E-13     5.378849983682852E-13    0.25                     5.0E10                   2700                     4723.652071108635        2727.201794812703        2502.294445801098
1.00408                  1.1                      0.909090909090909        5.368597972392476E-13    5.364815400173797E-13    0.25                     5.0E10                   2700                     4723.652071108635        2727.201794812703        2502.294445801098
1.00408                  1.12                     0.8928571428571427       5.344891189730745E-13    5.347823211702327E-13    0.25                     5.0E10                   2700                     4723.652071108635        2727.201794812703        2502.294445801098
1.00408                  1.1400000000000001       0.8771929824561403       5.332636104243387E-13    5.338474457941229E-13    0.25                     5.0E10                   2700                     4723.652071108635        2727.201794812703        2502.294445801098
1.00408                  1.1600000000000001       0.8620689655172412       5.334917424385772E-13    5.340843020567849E-13    0.25                     5.0E10                   2700                     4723.652071108635        2727.201794812703        2502.294445801098
1.00408                  1.1800000000000002       0.8474576271186439       5.348740092439881E-13    5.352319587281698E-13    0.25                     5.0E10                   2700                     4723.652071108635        2727.201794812703        2502.294445801098
1.00408                  1.2000000000000002       0.8333333333333331       5.366762463764675E-13    5.366193344201921E-13    0.25                     5.0E10                   2700                     4723.652071108635        2727.201794812703        2502.294445801098
1.00408                  1.2200000000000002       0.8196721311475409       5.381402887479605E-13    5.375595719037755E-13    0.25                     5.0E10                   2700                     4723.652071108635        2727.201794812703        2502.294445801098
1.00408                  1.2400000000000002       0.8064516129032256       5.388102417437032E-13    5.376647869424788E-13    0.25                     5.0E10                   2700                     4723.652071108635        2727.201794812703        2502.294445801098
1.00408                  1.26                     0.7936507936507936       5.386126261831685E-13    5.369370359779379E-13    0.25                     5.0E10                   2700                     4723.652071108635        2727.201794812703        2502.294445801098
1.00408                  1.28                     0.7812499999999999       5.379421216957469E-13    5.357940762229862E-13    0.25                     5.0E10                   2700                     4723.652071108635        2727.201794812703        2502.294445801098
1.00408                  1.3                      0.7692307692307692       5.37209769881305E-13     5.346823085034292E-13    0.25                     5.0E10                   2700                     4723.652071108635        2727.201794812703        2502.294445801098
1.00408                  1.32                     0.7575757575757575       5.36779109996312E-13     5.339893879800871E-13    0.25                     5.0E10                   2700                     4723.652071108635        2727.201794812703        2502.294445801098
1.00408                  1.34                     0.7462686567164178       5.368365765857512E-13    5.339176265975309E-13    0.25                     5.0E10                   2700                     4723.652071108635        2727.201794812703        2502.294445801098
1.00408                  1.36                     0.7352941176470588       5.373641756325967E-13    5.344568215786159E-13    0.25                     5.0E10                   2700                     4723.652071108635        2727.201794812703        2502.294445801098
1.00408                  1.3800000000000001       0.7246376811594203       5.381808079391521E-13    5.354247834850384E-13    0.25                     5.0E10                   2700                     4723.652071108635        2727.201794812703        2502.294445801098
1.00408                  1.4000000000000001       0.7142857142857142       5.390193925568226E-13    5.365438365907403E-13    0.25                     5.0E10                   2700                     4723.652071108635        2727.201794812703        2502.294445801098
1.00408                  1.4200000000000002       0.704225352112676        5.396132630253229E-13    5.375272185243153E-13    0.25                     5.0E10                   2700                     4723.652071108635        2727.201794812703        2502.294445801098
1.00408                  1.4400000000000002       0.6944444444444444       5.397996773375947E-13    5.381514638663186E-13    0.25                     5.0E10                   2700                     4723.652071108635        2727.201794812703        2502.294445801098
1.00408                  1.4600000000000002       0.6849315068493149       5.394430068532635E-13    5.383065619401589E-13    0.25                     5.0E10                   2700                     4723.652071108635        2727.201794812703        2502.294445801098
1.00408                  1.4800000000000002       0.6756756756756755       5.385929763664138E-13    5.379840734379322E-13    0.25                     5.0E10                   2700                     4723.652071108635        2727.201794812703        2502.294445801098
1.00408                  1.5000000000000002       0.6666666666666665       5.373773206915477E-13    5.372798994718944E-13    0.25                     5.0E10                   2700                     4723.652071108635        2727.201794812703        2502.294445801098
1.00408                  1.52                     0.6578947368421053       5.35980775224154E-13     5.363520147388515E-13    0.25                     5.0E10                   2700                     4723.652071108635        2727.201794812703        2502.294445801098
1.00408                  1.54                     0.6493506493506493       5.34601909012648E-13     5.353788754906547E-13    0.25                     5.0E10                   2700                     4723.652071108635        2727.201794812703        2502.294445801098
1.00408                  1.56                     0.6410256410256411       5.334165984508614E-13    5.345232548721165E-13    0.25                     5.0E10                   2700                     4723.652071108635        2727.201794812703        2502.294445801098
1.00408                  1.58                     0.6329113924050632       5.325536201025714E-13    5.339072708147723E-13    0.25                     5.0E10                   2700                     4723.652071108635        2727.201794812703        2502.294445801098
1.00408                  1.6                      0.625                    5.320832897636678E-13    5.335999254900589E-13    0.25                     5.0E10                   2700                     4723.652071108635        2727.201794812703        2502.294445801098
1.00408                  1.62                     0.6172839506172839       5.320179235088576E-13    5.336163608695628E-13    0.25                     5.0E10                   2700                     4723.652071108635        2727.201794812703        2502.294445801098
1.00408                  1.6400000000000001       0.6097560975609756       5.323193043631173E-13    5.339240705930343E-13    0.25                     5.0E10                   2700                     4723.652071108635        2727.201794812703        2502.294445801098
1.00408                  1.6600000000000001       0.6024096385542168       5.329121032574963E-13    5.344553749451491E-13    0.25                     5.0E10                   2700                     4723.652071108635        2727.201794812703        2502.294445801098
1.00408                  1.6800000000000002       0.5952380952380951       5.337960834944186E-13    5.35244263259677E-13     0.25                     5.0E10                   2700                     4723.652071108635        2727.201794812703        2502.294445801098
1.00408                  1.7000000000000002       0.588235294117647        5.346801852108479E-13    5.359575837938195E-13    0.25                     5.0E10                   2700                     4723.652071108635        2727.201794812703        2502.294445801098
1.00408                  1.7200000000000002       0.5813953488372092       5.355521587020428E-13    5.366186443483821E-13    0.25                     5.0E10                   2700                     4723.652071108635        2727.201794812703        2502.294445801098
1.00408                  1.7400000000000002       0.5747126436781609       5.363276253891657E-13    5.371525177416759E-13    0.25                     5.0E10                   2700                     4723.652071108635        2727.201794812703        2502.294445801098
1.00408                  1.7600000000000002       0.5681818181818182       5.369449972510769E-13    5.375067368491073E-13    0.25                     5.0E10                   2700                     4723.652071108635        2727.201794812703        2502.294445801098
1.00408                  1.78                     0.5617977528089887       5.373687558219355E-13    5.376540926853364E-13    0.25                     5.0E10                   2700                     4723.652071108635        2727.201794812703        2502.294445801098
1.00408                  1.8                      0.5555555555555556       5.375882940934924E-13    5.375918475419034E-13    0.25                     5.0E10                   2700                     4723.652071108635        2727.201794812703        2502.294445801098
1.00408                  1.82                     0.5494505494505494       5.376151540977195E-13    5.373385903830936E-13    0.25                     5.0E10                   2700                     4723.652071108635        2727.201794812703        2502.294445801098
1.00408                  1.84                     0.5434782608695652       5.374779726658017E-13    5.369292317302385E-13    0.25                     5.0E10                   2700                     4723.652071108635        2727.201794812703        2502.294445801098
1.00408                  1.86                     0.5376344086021505       5.372167031043522E-13    5.364092250511054E-13    0.25                     5.0E10                   2700                     4723.652071108635        2727.201794812703        2502.294445801098
1.00408                  1.8800000000000001       0.5319148936170213       5.368768299210338E-13    5.358288024911146E-13    0.25                     5.0E10                   2700                     4723.652071108635        2727.201794812703        2502.294445801098
1.00408                  1.9000000000000001       0.5263157894736842       5.365041983528525E-13    5.352378385809563E-13    0.25                     5.0E10                   2700                     4723.652071108635        2727.201794812703        2502.294445801098
1.00408                  1.9200000000000002       0.5208333333333333       5.361408468784369E-13    5.346817225887311E-13    0.25                     5.0E10                   2700                     4723.652071108635        2727.201794812703        2502.294445801098
1.00408                  1.9400000000000002       0.5154639175257731       5.358220126995288E-13    5.341984034231099E-13    0.25                     5.0E10                   2700                     4723.652071108635        2727.201794812703        2502.294445801098
1.00408                  1.9600000000000002       0.5102040816326531       5.355741776097747E-13    5.338165586057841E-13    0.25                     5.0E10                   2700                     4723.652071108635        2727.201794812703        2502.294445801098
1.00408                  1.9800000000000002       0.505050505050505        5.354148125695372E-13    5.335550147003581E-13    0.25                     5.0E10                   2700                     4723.652071108635        2727.201794812703        2502.294445801098
1.00408                  2                        0.5                      5.353709322649945E-13    5.334311888863641E-13    0.25                     5.0E10                   2700                     4723.652071108635        2727.201794812703        2502.294445801098
1.00408                  2.02                     0.4950495049504951       5.354032495327745E-13    5.334273815292732E-13    0.25                     5.0E10                   2700                     4723.652071108635        2727.201794812703        2502.294445801098
1.00408                  2.04                     0.4901960784313726       5.355231838900844E-13    5.335444741521589E-13    0.25                     5.0E10                   2700                     4723.652071108635        2727.201794812703        2502.294445801098
1.00408                  2.06                     0.48543689320388345      5.357168939917216E-13    5.337680460672322E-13    0.25                     5.0E10                   2700                     4723.652071108635        2727.201794812703        2502.294445801098
1.00408                  2.08                     0.4807692307692307       5.359663064350613E-13    5.340789603977744E-13    0.25                     5.0E10                   2700                     4723.652071108635        2727.201794812703        2502.294445801098
1.00408                  2.1                      0.47619047619047616      5.36250742712291E-13     5.34455017980751E-13     0.25                     5.0E10                   2700                     4723.652071108635        2727.201794812703        2502.294445801098
1.00408                  2.12                     0.4716981132075472       5.365484571331381E-13    5.348725307067539E-13    0.25                     5.0E10                   2700                     4723.652071108635        2727.201794812703        2502.294445801098
1.00408                  2.14                     0.46728971962616817      5.368380153566535E-13    5.353077448073305E-13    0.25                     5.0E10                   2700                     4723.652071108635        2727.201794812703        2502.294445801098
1.00408                  2.16                     0.4629629629629629       5.370994648845891E-13    5.357380652870788E-13    0.25                     5.0E10                   2700                     4723.652071108635        2727.201794812703        2502.294445801098
1.00408                  2.18                     0.4587155963302752       5.373152679555792E-13    5.361430508062594E-13    0.25                     5.0E10                   2700                     4723.652071108635        2727.201794812703        2502.294445801098
1.00408                  2.2                      0.4545454545454545       5.374710027007367E-13    5.365051857194487E-13    0.25                     5.0E10                   2700                     4723.652071108635        2727.201794812703        2502.294445801098
1.00408                  2.22                     0.45045045045045035      5.375557251275853E-13    5.368103041841239E-13    0.25                     5.0E10                   2700                     4723.652071108635        2727.201794812703        2502.294445801098
1.00408                  2.24                     0.44642857142857134      5.375622735818936E-13    5.370479789992243E-13    0.25                     5.0E10                   2700                     4723.652071108635        2727.201794812703        2502.294445801098
1.00408                  2.2600000000000002       0.44247787610619466      5.374871926294362E-13    5.372115089882218E-13    0.25                     5.0E10                   2700                     4723.652071108635        2727.201794812703        2502.294445801098
1.00408                  2.2800000000000002       0.43859649122807015      5.373305612038159E-13    5.372978138194899E-13    0.25                     5.0E10                   2700                     4723.652071108635        2727.201794812703        2502.294445801098
1.00408                  2.3000000000000003       0.43478260869565216      5.370956630945267E-13    5.373071626012453E-13    0.25                     5.0E10                   2700                     4723.652071108635        2727.201794812703        2502.294445801098
1.00408                  2.3200000000000003       0.4310344827586206       5.367885535665026E-13    5.37242789747545E-13     0.25                     5.0E10                   2700                     4723.652071108635        2727.201794812703        2502.294445801098
1.00408                  2.3400000000000003       0.4273504273504273       5.364175594309159E-13    5.371104343359858E-13    0.25                     5.0E10                   2700                     4723.652071108635        2727.201794812703        2502.294445801098
1.00408                  2.3600000000000003       0.42372881355932196      5.359927470932791E-13    5.369178370378782E-13    0.25                     5.0E10                   2700                     4723.652071108635        2727.201794812703        2502.294445801098
1.00408                  2.3800000000000003       0.4201680672268907       5.355253886862884E-13    5.366742248781414E-13    0.25                     5.0E10                   2700                     4723.652071108635        2727.201794812703        2502.294445801098
1.00408                  2.4000000000000004       0.4166666666666666       5.35027451155343E-13     5.363898092917469E-13    0.25                     5.0E10                   2700                     4723.652071108635        2727.201794812703        2502.294445801098
1.00408                  2.42                     0.4132231404958677       5.345111272095166E-13    5.360753174289137E-13    0.25                     5.0E10                   2700                     4723.652071108635        2727.201794812703        2502.294445801098
1.00408                  2.44                     0.4098360655737705       5.33988421452934E-13     5.357415712440031E-13    0.25                     5.0E10                   2700                     4723.652071108635        2727.201794812703        2502.294445801098
1.00408                  2.46                     0.4065040650406504       5.334707996176906E-13    5.353991236761382E-13    0.25                     5.0E10                   2700                     4723.652071108635        2727.201794812703        2502.294445801098
1.00408                  2.48                     0.4032258064516129       5.329689042639605E-13    5.350579566777692E-13    0.25                     5.0E10                   2700                     4723.652071108635        2727.201794812703        2502.294445801098
1.00408                  2.5                      0.4                      5.326184540085338E-13    5.347732761946238E-13    0.25                     5.0E10                   2700                     4723.652071108635        2727.201794812703        2502.294445801098
1.00408                  2.52                     0.3968253968253968       5.32176800330829E-13     5.344622496001341E-13    0.25                     5.0E10                   2700                     4723.652071108635        2727.201794812703        2502.294445801098
1.00408                  2.54                     0.39370078740157477      5.3177559213617E-13      5.341768008986924E-13    0.25                     5.0E10                   2700                     4723.652071108635        2727.201794812703        2502.294445801098
1.00408                  2.56                     0.39062499999999994      5.314204713214084E-13    5.339226521460138E-13    0.25                     5.0E10                   2700                     4723.652071108635        2727.201794812703        2502.294445801098
1.00408                  2.58                     0.38759689922480617      5.311158192366227E-13    5.337044284114603E-13    0.25                     5.0E10                   2700                     4723.652071108635        2727.201794812703        2502.294445801098
1.00408                  2.6                      0.3846153846153846       5.308647259820724E-13    5.335255767320811E-13    0.25                     5.0E10                   2700                     4723.652071108635        2727.201794812703        2502.294445801098
1.00408                  2.62                     0.3816793893129771       5.306690495269903E-13    5.333884047974321E-13    0.25                     5.0E10                   2700                     4723.652071108635        2727.201794812703        2502.294445801098
1.00408                  2.64                     0.37878787878787873      5.305294970765186E-13    5.332941435511591E-13    0.25                     5.0E10                   2700                     4723.652071108635        2727.201794812703        2502.294445801098
1.00408                  2.66                     0.37593984962406013      5.304457228693765E-13    5.332430280026778E-13    0.25                     5.0E10                   2700                     4723.652071108635        2727.201794812703        2502.294445801098
1.00408                  2.68                     0.3731343283582089       5.304164371912179E-13    5.332343911102552E-13    0.25                     5.0E10                   2700                     4723.652071108635        2727.201794812703        2502.294445801098
1.00408                  2.7                      0.37037037037037035      5.304395221628297E-13    5.332667662625612E-13    0.25                     5.0E10                   2700                     4723.652071108635        2727.201794812703        2502.294445801098
1.00408                  2.72                     0.3676470588235294       5.3051215051627E-13      5.333379945158476E-13    0.25                     5.0E10                   2700                     4723.652071108635        2727.201794812703        2502.294445801098
1.00408                  2.74                     0.36496350364963503      5.306309042672969E-13    5.334453333866608E-13    0.25                     5.0E10                   2700                     4723.652071108635        2727.201794812703        2502.294445801098
1.00408                  2.7600000000000002       0.36231884057971014      5.307918907095773E-13    5.335855645164298E-13    0.25                     5.0E10                   2700                     4723.652071108635        2727.201794812703        2502.294445801098
1.00408                  2.7800000000000002       0.35971223021582727      5.309908537648835E-13    5.337550980929924E-13    0.25                     5.0E10                   2700                     4723.652071108635        2727.201794812703        2502.294445801098
1.00408                  2.8000000000000003       0.3571428571428571       5.312232791233883E-13    5.339500723330301E-13    0.25                     5.0E10                   2700                     4723.652071108635        2727.201794812703        2502.294445801098
1.00408                  2.8200000000000003       0.35460992907801414      5.314844920092238E-13    5.341664467206055E-13    0.25                     5.0E10                   2700                     4723.652071108635        2727.201794812703        2502.294445801098
1.00408                  2.8400000000000003       0.352112676056338        5.31769746769414E-13     5.344000880649408E-13    0.25                     5.0E10                   2700                     4723.652071108635        2727.201794812703        2502.294445801098
1.00408                  2.8600000000000003       0.3496503496503496       5.320743077335491E-13    5.346468487012456E-13    0.25                     5.0E10                   2700                     4723.652071108635        2727.201794812703        2502.294445801098
1.00408                  2.8800000000000003       0.3472222222222222       5.323935210593212E-13    5.349026364275903E-13    0.25                     5.0E10                   2700                     4723.652071108635        2727.201794812703        2502.294445801098
1.00408                  2.9000000000000004       0.3448275862068965       5.327228774559725E-13    5.351634759732457E-13    0.25                     5.0E10                   2700                     4723.652071108635        2727.201794812703        2502.294445801098
1.00408                  2.92                     0.34246575342465757      5.330580433978996E-13    5.354255430511523E-13    0.25                     5.0E10                   2700                     4723.652071108635        2727.201794812703        2502.294445801098
1.00408                  2.94                     0.3401360544217687       5.333950017600568E-13    5.356852904636582E-13    0.25                     5.0E10                   2700                     4723.652071108635        2727.201794812703        2502.294445801098
1.00408                  2.96                     0.33783783783783783      5.337299356344617E-13    5.35939353501983E-13     0.25                     5.0E10                   2700                     4723.652071108635        2727.201794812703        2502.294445801098
1.00408                  2.98                     0.3355704697986577       5.340593640497637E-13    5.361846719066654E-13    0.25                     5.0E10                   2700                     4723.652071108635        2727.201794812703        2502.294445801098
1.00408                  3                        0.3333333333333333       5.343801343535005E-13    5.364184864689149E-13    0.25                     5.0E10                   2700                     4723.652071108635        2727.201794812703        2502.294445801098
1.00408                  3.02                     0.33112582781456956      5.346894358231052E-13    5.366383535595317E-13    0.25                     5.0E10                   2700                     4723.652071108635        2727.201794812703        2502.294445801098
1.00408                  3.04                     0.32894736842105265      5.349848068474034E-13    5.368421533808344E-13    0.25                     5.0E10                   2700                     4723.652071108635        2727.201794812703        2502.294445801098
1.00408                  3.06                     0.32679738562091504      5.352641362885317E-13    5.370280925152901E-13    0.25                     5.0E10                   2700                     4723.652071108635        2727.201794812703        2502.294445801098
1.00408                  3.08                     0.3246753246753247       5.355256596797408E-13    5.371947013880306E-13    0.25                     5.0E10                   2700                     4723.652071108635        2727.201794812703        2502.294445801098
1.00408                  3.1                      0.32258064516129037      5.357679509120195E-13    5.373408272682169E-13    0.25                     5.0E10                   2700                     4723.652071108635        2727.201794812703        2502.294445801098
1.00408                  3.12                     0.32051282051282054      5.359899100333361E-13    5.374656234095713E-13    0.25                     5.0E10                   2700                     4723.652071108635        2727.201794812703        2502.294445801098
1.00408                  3.14                     0.3184713375796178       5.361907478076648E-13    5.375685349524759E-13    0.25                     5.0E10                   2700                     4723.652071108635        2727.201794812703        2502.294445801098
1.00408                  3.16                     0.3164556962025316       5.363699676308933E-13    5.376492821636256E-13    0.25                     5.0E10                   2700                     4723.652071108635        2727.201794812703        2502.294445801098
1.00408                  3.18                     0.31446540880503143      5.365273453763018E-13    5.37707841580303E-13     0.25                     5.0E10                   2700                     4723.652071108635        2727.201794812703        2502.294445801098
1.00408                  3.2                      0.3125                   5.366629077033043E-13    5.377444255698563E-13    0.25                     5.0E10                   2700                     4723.652071108635        2727.201794812703        2502.294445801098
1.00408                  3.22                     0.31055900621118004      5.367769093366511E-13    5.377594608114957E-13    0.25                     5.0E10                   2700                     4723.652071108635        2727.201794812703        2502.294445801098
1.00408                  3.24                     0.30864197530864196      5.368698097472981E-13    5.377535661151986E-13    0.25                     5.0E10                   2700                     4723.652071108635        2727.201794812703        2502.294445801098
1.00408                  3.2600000000000002       0.3067484662576687       5.369422496618781E-13    5.377275300064186E-13    0.25                     5.0E10                   2700                     4723.652071108635        2727.201794812703        2502.294445801098
1.00408                  3.2800000000000002       0.3048780487804878       5.369950277305307E-13    5.376822883997068E-13    0.25                     5.0E10                   2700                     4723.652071108635        2727.201794812703        2502.294445801098
1.00408                  3.3000000000000003       0.30303030303030304      5.370290776866578E-13    5.376189026945453E-13    0.25                     5.0E10                   2700                     4723.652071108635        2727.201794812703        2502.294445801098
1.00408                  3.3200000000000003       0.3012048192771084       5.370454462349568E-13    5.375385385220436E-13    0.25                     5.0E10                   2700                     4723.652071108635        2727.201794812703        2502.294445801098
1.00408                  3.3400000000000003       0.29940119760479045      5.37059866219225E-13     5.374601538067309E-13    0.25                     5.0E10                   2700                     4723.652071108635        2727.201794812703        2502.294445801098
1.00408                  3.3600000000000003       0.29761904761904756      5.370438077503372E-13    5.373487081782593E-13    0.25                     5.0E10                   2700                     4723.652071108635        2727.201794812703        2502.294445801098
1.00408                  3.3800000000000003       0.29585798816568043      5.370136116079228E-13    5.372241317135058E-13    0.25                     5.0E10                   2700                     4723.652071108635        2727.201794812703        2502.294445801098
1.00408                  3.4000000000000004       0.2941176470588235       5.369705838773831E-13    5.370878226433458E-13    0.25                     5.0E10                   2700                     4723.652071108635        2727.201794812703        2502.294445801098
1.00408                  3.4200000000000004       0.29239766081871343      5.36916050510792E-13     5.369411935841169E-13    0.25                     5.0E10                   2700                     4723.652071108635        2727.201794812703        2502.294445801098
1.00408                  3.44                     0.29069767441860467      5.368513426999995E-13    5.367856573582571E-13    0.25                     5.0E10                   2700                     4723.652071108635        2727.201794812703        2502.294445801098
1.00408                  3.46                     0.2890173410404624       5.367777836906694E-13    5.366226142370914E-13    0.25                     5.0E10                   2700                     4723.652071108635        2727.201794812703        2502.294445801098
1.00408                  3.48                     0.28735632183908044      5.366966770899055E-13    5.364534405963361E-13    0.25                     5.0E10                   2700                     4723.652071108635        2727.201794812703        2502.294445801098
1.00408                  3.5                      0.2857142857142857       5.366092965674551E-13    5.362794789357997E-13    0.25                     5.0E10                   2700                     4723.652071108635        2727.201794812703        2502.294445801098
1.00408                  3.52                     0.2840909090909091       5.36516974945861E-13     5.361021101742683E-13    0.25                     5.0E10                   2700                     4723.652071108635        2727.201794812703        2502.294445801098
1.00408                  3.54                     0.2824858757062147       5.364207048962344E-13    5.359224207427197E-13    0.25                     5.0E10                   2700                     4723.652071108635        2727.201794812703        2502.294445801098
1.00408                  3.56                     0.28089887640449435      5.363217197528619E-13    5.357416874829949E-13    0.25                     5.0E10                   2700                     4723.652071108635        2727.201794812703        2502.294445801098
1.00408                  3.58                     0.2793296089385475       5.362210971559705E-13    5.355610433997118E-13    0.25                     5.0E10                   2700                     4723.652071108635        2727.201794812703        2502.294445801098
1.00408                  3.6                      0.2777777777777778       5.361198526573855E-13    5.353815564501731E-13    0.25                     5.0E10                   2700                     4723.652071108635        2727.201794812703        2502.294445801098
1.00408                  3.62                     0.27624309392265195      5.360189366070529E-13    5.352042265402232E-13    0.25                     5.0E10                   2700                     4723.652071108635        2727.201794812703        2502.294445801098
1.00408                  3.64                     0.2747252747252747       5.359192319550571E-13    5.350299834076433E-13    0.25                     5.0E10                   2700                     4723.652071108635        2727.201794812703        2502.294445801098
1.00408                  3.66                     0.27322404371584696      5.3582155287536E-13      5.348596853227338E-13    0.25                     5.0E10                   2700                     4723.652071108635        2727.201794812703        2502.294445801098
1.00408                  3.68                     0.2717391304347826       5.357266441340131E-13    5.346941185062374E-13    0.25                     5.0E10                   2700                     4723.652071108635        2727.201794812703        2502.294445801098
1.00408                  3.7                      0.2702702702702703       5.356351811037006E-13    5.345339971820632E-13    0.25                     5.0E10                   2700                     4723.652071108635        2727.201794812703        2502.294445801098
1.00408                  3.72                     0.26881720430107525      5.355477703796884E-13    5.343799642211472E-13    0.25                     5.0E10                   2700                     4723.652071108635        2727.201794812703        2502.294445801098
1.00408                  3.74                     0.267379679144385        5.35464950875015E-13     5.342325922681958E-13    0.25                     5.0E10                   2700                     4723.652071108635        2727.201794812703        2502.294445801098
1.00408                  3.7600000000000002       0.26595744680851063      5.353871953865512E-13    5.340923853064216E-13    0.25                     5.0E10                   2700                     4723.652071108635        2727.201794812703        2502.294445801098
1.00408                  3.7800000000000002       0.26455026455026454      5.353149124924203E-13    5.339597805763107E-13    0.25                     5.0E10                   2700                     4723.652071108635        2727.201794812703        2502.294445801098
1.00408                  3.8000000000000003       0.2631578947368421       5.352484487911603E-13    5.338351508156168E-13    0.25                     5.0E10                   2700                     4723.652071108635        2727.201794812703        2502.294445801098
1.00408                  3.8200000000000003       0.26178010471204183      5.351880913821043E-13    5.337188067469594E-13    0.25                     5.0E10                   2700                     4723.652071108635        2727.201794812703        2502.294445801098
1.00408                  3.8400000000000003       0.26041666666666663      5.351340705565432E-13    5.336109997682598E-13    0.25                     5.0E10                   2700                     4723.652071108635        2727.201794812703        2502.294445801098
1.00408                  3.8600000000000003       0.25906735751295334      5.350865626366141E-13    5.335119247979191E-13    0.25                     5.0E10                   2700                     4723.652071108635        2727.201794812703        2502.294445801098
1.00408                  3.8800000000000003       0.25773195876288657      5.35045692942875E-13     5.334217232485405E-13    0.25                     5.0E10                   2700                     4723.652071108635        2727.201794812703        2502.294445801098
1.00408                  3.9000000000000004       0.2564102564102564       5.350115388374945E-13    5.333404860711473E-13    0.25                     5.0E10                   2700                     4723.652071108635        2727.201794812703        2502.294445801098
1.00408                  3.9200000000000004       0.25510204081632654      5.349841328101301E-13    5.332682568553318E-13    0.25                     5.0E10                   2700                     4723.652071108635        2727.201794812703        2502.294445801098
1.00408                  3.94                     0.25380710659898476      5.349634655838041E-13    5.332050349459798E-13    0.25                     5.0E10                   2700                     4723.652071108635        2727.201794812703        2502.294445801098
1.00408                  3.96                     0.2525252525252525       5.349494892186526E-13    5.331507785593918E-13    0.25                     5.0E10                   2700                     4723.652071108635        2727.201794812703        2502.294445801098
1.00408                  3.98                     0.25125628140703515      5.349421201689224E-13    5.331054078623006E-13    0.25                     5.0E10                   2700                     4723.652071108635        2727.201794812703        2502.294445801098
1.00408                  4                        0.25                     5.349412423117263E-13    5.33068808021093E-13     0.25                     5.0E10                   2700                     4723.652071108635        2727.201794812703        2502.294445801098
1.00408                  4.02                     0.24875621890547264      5.349467099000132E-13    5.330408321830625E-13    0.25                     5.0E10                   2700                     4723.652071108635        2727.201794812703        2502.294445801098
1.00408                  4.04                     0.24752475247524755      5.349583504254608E-13    5.330213043696196E-13    0.25                     5.0E10                   2700                     4723.652071108635        2727.201794812703        2502.294445801098
1.00408                  4.06                     0.24630541871921185      5.349759674107373E-13    5.3301002230753E-13      0.25                     5.0E10                   2700                     4723.652071108635        2727.201794812703        2502.294445801098
1.00408                  4.08                     0.2450980392156863       5.349993430914103E-13    5.330067601398592E-13    0.25                     5.0E10                   2700                     4723.652071108635        2727.201794812703        2502.294445801098
1.00408                  4.1                      0.24390243902439027      5.350282409857379E-13    5.330112710521984E-13    0.25                     5.0E10                   2700                     4723.652071108635        2727.201794812703        2502.294445801098
1.00408                  4.12                     0.24271844660194172      5.350624083669928E-13    5.330232897823619E-13    0.25                     5.0E10                   2700                     4723.652071108635        2727.201794812703        2502.294445801098
1.00408                  4.14                     0.2415458937198068       5.351015786018749E-13    5.330425350163912E-13    0.25                     5.0E10                   2700                     4723.652071108635        2727.201794812703        2502.294445801098
1.00408                  4.16                     0.24038461538461536      5.351454733820833E-13    5.330687116676865E-13    0.25                     5.0E10                   2700                     4723.652071108635        2727.201794812703        2502.294445801098
1.00408                  4.18                     0.2392344497607656       5.351938048271693E-13    5.331015130501079E-13    0.25                     5.0E10                   2700                     4723.652071108635        2727.201794812703        2502.294445801098
1.00408                  4.199999999999999        0.23809523809523814      5.352462774702938E-13    5.331406229099526E-13    0.25                     5.0E10                   2700                     4723.652071108635        2727.201794812703        2502.294445801098
1.00408                  4.22                     0.23696682464454977      5.353025901189263E-13    5.331857173669355E-13    0.25                     5.0E10                   2700                     4723.652071108635        2727.201794812703        2502.294445801098
1.00408                  4.239999999999999        0.23584905660377362      5.353624375973561E-13    5.332364667087495E-13    0.25                     5.0E10                   2700                     4723.652071108635        2727.201794812703        2502.294445801098
1.00408                  4.26                     0.2347417840375587       5.354255123737426E-13    5.332925371026544E-13    0.25                     5.0E10                   2700                     4723.652071108635        2727.201794812703        2502.294445801098
1.00408                  4.279999999999999        0.23364485981308417      5.354915060540138E-13    5.333535921505099E-13    0.25                     5.0E10                   2700                     4723.652071108635        2727.201794812703        2502.294445801098
1.00408                  4.3                      0.23255813953488372      5.3556011079521E-13      5.334192943869846E-13    0.25                     5.0E10                   2700                     4723.652071108635        2727.201794812703        2502.294445801098
1.00408                  4.319999999999999        0.23148148148148148      5.356310205712466E-13    5.334893066049368E-13    0.25                     5.0E10                   2700                     4723.652071108635        2727.201794812703        2502.294445801098
1.00408                  4.34                     0.2304147465437788       5.357039323510561E-13    5.33563293127293E-13     0.25                     5.0E10                   2700                     4723.652071108635        2727.201794812703        2502.294445801098
1.00408                  4.359999999999999        0.22935779816513763      5.357785471819118E-13    5.336409209636837E-13    0.25                     5.0E10                   2700                     4723.652071108635        2727.201794812703        2502.294445801098
1.00408                  4.38                     0.228310502283105        5.358547689871963E-13    5.337220099945859E-13    0.25                     5.0E10                   2700                     4723.652071108635        2727.201794812703        2502.294445801098
1.00408                  4.3999999999999995       0.22727272727272732      5.359319185732163E-13    5.338059421322285E-13    0.25                     5.0E10                   2700                     4723.652071108635        2727.201794812703        2502.294445801098
1.00408                  4.42                     0.22624434389140272      5.360099080477951E-13    5.338925427741926E-13    0.25                     5.0E10                   2700                     4723.652071108635        2727.201794812703        2502.294445801098
1.00408                  4.4399999999999995       0.22522522522522526      5.360884635313391E-13    5.339814992332068E-13    0.25                     5.0E10                   2700                     4723.652071108635        2727.201794812703        2502.294445801098
1.00408                  4.46                     0.2242152466367713       5.361673191718383E-13    5.340725058552651E-13    0.25                     5.0E10                   2700                     4723.652071108635        2727.201794812703        2502.294445801098
1.00408                  4.4799999999999995       0.2232142857142857       5.362462176763044E-13    5.341652646446661E-13    0.25                     5.0E10                   2700                     4723.652071108635        2727.201794812703        2502.294445801098
1.00408                  4.5                      0.22222222222222224      5.363249107867848E-13    5.342594858008269E-13    0.25                     5.0E10                   2700                     4723.652071108635        2727.201794812703        2502.294445801098
1.00408                  4.52                     0.22123893805309736      5.364031596584297E-13    5.343548881946677E-13    0.25                     5.0E10                   2700                     4723.652071108635        2727.201794812703        2502.294445801098
1.00408                  4.54                     0.22026431718061676      5.364807352025685E-13    5.344511997797204E-13    0.25                     5.0E10                   2700                     4723.652071108635        2727.201794812703        2502.294445801098
1.00408                  4.56                     0.21929824561403513      5.365574183409089E-13    5.345481579317943E-13    0.25                     5.0E10                   2700                     4723.652071108635        2727.201794812703        2502.294445801098
1.00408                  4.58                     0.21834061135371177      5.366330002287279E-13    5.346455097358204E-13    0.25                     5.0E10                   2700                     4723.652071108635        2727.201794812703        2502.294445801098
1.00408                  4.6                      0.2173913043478261       5.367072823949501E-13    5.347430122104199E-13    0.25                     5.0E10                   2700                     4723.652071108635        2727.201794812703        2502.294445801098
1.00408                  4.62                     0.21645021645021645      5.367800768556315E-13    5.348404325010431E-13    0.25                     5.0E10                   2700                     4723.652071108635        2727.201794812703        2502.294445801098
1.00408                  4.64                     0.21551724137931036      5.368512061735038E-13    5.349375479948487E-13    0.25                     5.0E10                   2700                     4723.652071108635        2727.201794812703        2502.294445801098
1.00408                  4.66                     0.2145922746781116       5.369205034688663E-13    5.350341464153849E-13    0.25                     5.0E10                   2700                     4723.652071108635        2727.201794812703        2502.294445801098
1.00408                  4.68                     0.21367521367521367      5.369878123875945E-13    5.351300258486811E-13    0.25                     5.0E10                   2700                     4723.652071108635        2727.201794812703        2502.294445801098
1.00408                  4.7                      0.2127659574468085       5.370529870623408E-13    5.352249947817884E-13    0.25                     5.0E10                   2700                     4723.652071108635        2727.201794812703        2502.294445801098
1.00408                  4.72                     0.211864406779661        5.37115891997015E-13     5.353188720401677E-13    0.25                     5.0E10                   2700                     4723.652071108635        2727.201794812703        2502.294445801098
1.00408                  4.739999999999999        0.21097046413502113      5.371764019609107E-13    5.354114867516908E-13    0.25                     5.0E10                   2700                     4723.652071108635        2727.201794812703        2502.294445801098
1.00408                  4.76                     0.21008403361344538      5.372344018153083E-13    5.355026782255963E-13    0.25                     5.0E10                   2700                     4723.652071108635        2727.201794812703        2502.294445801098
1.00408                  4.779999999999999        0.20920502092050208      5.372897863462802E-13    5.355922958662516E-13    0.25                     5.0E10                   2700                     4723.652071108635        2727.201794812703        2502.294445801098
1.00408                  4.8                      0.20833333333333334      5.373424601132882E-13    5.356801989920441E-13    0.25                     5.0E10                   2700                     4723.652071108635        2727.201794812703        2502.294445801098
1.00408                  4.819999999999999        0.2074688796680498       5.373923371231312E-13    5.357662567235291E-13    0.25                     5.0E10                   2700                     4723.652071108635        2727.201794812703        2502.294445801098
1.00408                  4.84                     0.20661157024793386      5.374393407014765E-13    5.358503477444697E-13    0.25                     5.0E10                   2700                     4723.652071108635        2727.201794812703        2502.294445801098
1.00408                  4.859999999999999        0.20576131687242802      5.374834031932008E-13    5.359323601272812E-13    0.25                     5.0E10                   2700                     4723.652071108635        2727.201794812703        2502.294445801098
1.00408                  4.88                     0.20491803278688525      5.375244657111682E-13    5.360121911136601E-13    0.25                     5.0E10                   2700                     4723.652071108635        2727.201794812703        2502.294445801098
1.00408                  4.8999999999999995       0.20408163265306126      5.37562477852345E-13     5.360897468807994E-13    0.25                     5.0E10                   2700                     4723.652071108635        2727.201794812703        2502.294445801098
1.00408                  4.92                     0.2032520325203252       5.37597397424148E-13     5.361649422899255E-13    0.25                     5.0E10                   2700                     4723.652071108635        2727.201794812703        2502.294445801098
1.00408                  4.9399999999999995       0.20242914979757085      5.376291901507178E-13    5.362377006561153E-13    0.25                     5.0E10                   2700                     4723.652071108635        2727.201794812703        2502.294445801098
1.00408                  4.96                     0.20161290322580644      5.37657829373721E-13     5.363079534571351E-13    0.25                     5.0E10                   2700                     4723.652071108635        2727.201794812703        2502.294445801098
1.00408                  4.9799999999999995       0.20080321285140565      5.376832957626916E-13    5.363756400923883E-13    0.25                     5.0E10                   2700                     4723.652071108635        2727.201794812703        2502.294445801098
1.00408                  5                        0.2                      5.378111619333869E-13    5.365640157708254E-13    0.25                     5.0E10                   2700                     4723.652071108635        2727.201794812703        2502.294445801098
1.00408                  5.02                     0.19920318725099603      5.378279007478847E-13    5.366241703689641E-13    0.25                     5.0E10                   2700                     4723.652071108635        2727.201794812703        2502.294445801098
1.00408                  5.04                     0.1984126984126984       5.378414856099884E-13    5.366816497295552E-13    0.25                     5.0E10                   2700                     4723.652071108635        2727.201794812703        2502.294445801098
1.00408                  5.06                     0.19762845849802374      5.378519234401308E-13    5.367364226216885E-13    0.25                     5.0E10                   2700                     4723.652071108635        2727.201794812703        2502.294445801098
1.00408                  5.08                     0.19685039370078738      5.37859226905081E-13     5.367884642566532E-13    0.25                     5.0E10                   2700                     4723.652071108635        2727.201794812703        2502.294445801098
1.00408                  5.1                      0.19607843137254904      5.378634141118412E-13    5.368377560206201E-13    0.25                     5.0E10                   2700                     4723.652071108635        2727.201794812703        2502.294445801098
1.00408                  5.12                     0.19531249999999997      5.378645083190062E-13    5.368842851815344E-13    0.25                     5.0E10                   2700                     4723.652071108635        2727.201794812703        2502.294445801098
1.00408                  5.14                     0.1945525291828794       5.378625376486164E-13    5.36928044629604E-13     0.25                     5.0E10                   2700                     4723.652071108635        2727.201794812703        2502.294445801098
1.00408                  5.16                     0.19379844961240308      5.378575347715644E-13    5.369690325848203E-13    0.25                     5.0E10                   2700                     4723.652071108635        2727.201794812703        2502.294445801098
1.00408                  5.18                     0.19305019305019305      5.378495366658009E-13    5.370072523386788E-13    0.25                     5.0E10                   2700                     4723.652071108635        2727.201794812703        2502.294445801098
1.00408                  5.2                      0.1923076923076923       5.378385842872397E-13    5.370427119873396E-13    0.25                     5.0E10                   2700                     4723.652071108635        2727.201794812703        2502.294445801098
1.00408                  5.22                     0.19157088122605365      5.378247223447846E-13    5.370754241545349E-13    0.25                     5.0E10                   2700                     4723.652071108635        2727.201794812703        2502.294445801098
1.00408                  5.239999999999999        0.19083969465648856      5.378079990145848E-13    5.371054057509362E-13    0.25                     5.0E10                   2700                     4723.652071108635        2727.201794812703        2502.294445801098
1.00408                  5.26                     0.19011406844106465      5.377884656696596E-13    5.371326777197452E-13    0.25                     5.0E10                   2700                     4723.652071108635        2727.201794812703        2502.294445801098
1.00408                  5.279999999999999        0.18939393939393942      5.377661766514969E-13    5.371572647672296E-13    0.25                     5.0E10                   2700                     4723.652071108635        2727.201794812703        2502.294445801098
1.00408                  5.3                      0.18867924528301888      5.377411890148273E-13    5.371791951588085E-13    0.25                     5.0E10                   2700                     4723.652071108635        2727.201794812703        2502.294445801098
1.00408                  5.319999999999999        0.1879699248120301       5.37713562291079E-13     5.37198500448225E-13     0.25                     5.0E10                   2700                     4723.652071108635        2727.201794812703        2502.294445801098
1.00408                  5.34                     0.18726591760299627      5.37683358263189E-13     5.372152152785685E-13    0.25                     5.0E10                   2700                     4723.652071108635        2727.201794812703        2502.294445801098
1.00408                  5.359999999999999        0.1865671641791045       5.37650640736853E-13     5.372293771375428E-13    0.25                     5.0E10                   2700                     4723.652071108635        2727.201794812703        2502.294445801098
1.00408                  5.38                     0.1858736059479554       5.376154753488816E-13    5.372410261596522E-13    0.25                     5.0E10                   2700                     4723.652071108635        2727.201794812703        2502.294445801098
1.00408                  5.3999999999999995       0.1851851851851852       5.375779293282763E-13    5.372502049057571E-13    0.25                     5.0E10                   2700                     4723.652071108635        2727.201794812703        2502.294445801098
1.00408                  5.42                     0.18450184501845018      5.375380713354527E-13    5.372569581720172E-13    0.25                     5.0E10                   2700                     4723.652071108635        2727.201794812703        2502.294445801098
1.00408                  5.4399999999999995       0.18382352941176472      5.374959712548382E-13    5.372613327891478E-13    0.25                     5.0E10                   2700                     4723.652071108635        2727.201794812703        2502.294445801098
1.00408                  5.46                     0.18315018315018314      5.374517000099183E-13    5.372633774409684E-13    0.25                     5.0E10                   2700                     4723.652071108635        2727.201794812703        2502.294445801098
1.00408                  5.4799999999999995       0.18248175182481755      5.3740532940181E-13      5.372631424738068E-13    0.25                     5.0E10                   2700                     4723.652071108635        2727.201794812703        2502.294445801098
1.00408                  5.5                      0.18181818181818182      5.373569319524224E-13    5.372606797411412E-13    0.25                     5.0E10                   2700                     4723.652071108635        2727.201794812703        2502.294445801098
1.00408                  5.52                     0.1811594202898551       5.373065807133518E-13    5.372560424205026E-13    0.25                     5.0E10                   2700                     4723.652071108635        2727.201794812703        2502.294445801098
1.00408                  5.54                     0.18050541516245486      5.372543491589097E-13    5.372492848689221E-13    0.25                     5.0E10                   2700                     4723.652071108635        2727.201794812703        2502.294445801098
1.00408                  5.56                     0.1798561151079137       5.372003110189451E-13    5.372404624610047E-13    0.25                     5.0E10                   2700                     4723.652071108635        2727.201794812703        2502.294445801098
1.00408                  5.58                     0.17921146953405018      5.371445401455832E-13    5.372296314474513E-13    0.25                     5.0E10                   2700                     4723.652071108635        2727.201794812703        2502.294445801098
1.00408                  5.6                      0.17857142857142858      5.370871103974432E-13    5.372168488187995E-13    0.25                     5.0E10                   2700                     4723.652071108635        2727.201794812703        2502.294445801098
1.00408                  5.62                     0.17793594306049823      5.370280955127216E-13    5.372021721752433E-13    0.25                     5.0E10                   2700                     4723.652071108635        2727.201794812703        2502.294445801098
1.00408                  5.64                     0.1773049645390071       5.369675689959476E-13    5.371856595903264E-13    0.25                     5.0E10                   2700                     4723.652071108635        2727.201794812703        2502.294445801098
1.00408                  5.66                     0.17667844522968196      5.369056040085181E-13    5.371673695090107E-13    0.25                     5.0E10                   2700                     4723.652071108635        2727.201794812703        2502.294445801098
1.00408                  5.68                     0.17605633802816903      5.368422732826668E-13    5.371473606184612E-13    0.25                     5.0E10                   2700                     4723.652071108635        2727.201794812703        2502.294445801098
1.00408                  5.7                      0.17543859649122806      5.367776490197326E-13    5.371256917599925E-13    0.25                     5.0E10                   2700                     4723.652071108635        2727.201794812703        2502.294445801098
1.00408                  5.72                     0.17482517482517484      5.367118027840128E-13    5.371024218035015E-13    0.25                     5.0E10                   2700                     4723.652071108635        2727.201794812703        2502.294445801098
1.00408                  5.739999999999999        0.17421602787456447      5.366448054607926E-13    5.370776095803669E-13    0.25                     5.0E10                   2700                     4723.652071108635        2727.201794812703        2502.294445801098
1.00408                  5.76                     0.1736111111111111       5.365767271402755E-13    5.370513137676771E-13    0.25                     5.0E10                   2700                     4723.652071108635        2727.201794812703        2502.294445801098
1.00408                  5.779999999999999        0.17301038062283738      5.365076370970737E-13    5.370235928363625E-13    0.25                     5.0E10                   2700                     4723.652071108635        2727.201794812703        2502.294445801098
1.00408                  5.8                      0.1724137931034483       5.364376036665516E-13    5.36994504931083E-13     0.25                     5.0E10                   2700                     4723.652071108635        2727.201794812703        2502.294445801098
1.00408                  5.819999999999999        0.17182130584192443      5.363666942259867E-13    5.369641078341751E-13    0.25                     5.0E10                   2700                     4723.652071108635        2727.201794812703        2502.294445801098
1.00408                  5.84                     0.17123287671232879      5.362954805683885E-13    5.369329498877437E-13    0.25                     5.0E10                   2700                     4723.652071108635        2727.201794812703        2502.294445801098
1.00408                  5.859999999999999        0.17064846416382254      5.362230244279102E-13    5.369001127272938E-13    0.25                     5.0E10                   2700                     4723.652071108635        2727.201794812703        2502.294445801098
1.00408                  5.88                     0.17006802721088435      5.361498881720865E-13    5.368661368580208E-13    0.25                     5.0E10                   2700                     4723.652071108635        2727.201794812703        2502.294445801098
1.00408                  5.8999999999999995       0.16949152542372883      5.360761348040566E-13    5.368310779057612E-13    0.25                     5.0E10                   2700                     4723.652071108635        2727.201794812703        2502.294445801098
1.00408                  5.92                     0.16891891891891891      5.360018261397888E-13    5.367949908273115E-13    0.25                     5.0E10                   2700                     4723.652071108635        2727.201794812703        2502.294445801098
1.00408                  5.9399999999999995       0.16835016835016836      5.359270227650015E-13    5.367579298558348E-13    0.25                     5.0E10                   2700                     4723.652071108635        2727.201794812703        2502.294445801098
1.00408                  5.96                     0.16778523489932884      5.35851784001345E-13     5.367199484570042E-13    0.25                     5.0E10                   2700                     4723.652071108635        2727.201794812703        2502.294445801098
1.00408                  5.9799999999999995       0.16722408026755856      5.357761679055205E-13    5.366810992966599E-13    0.25                     5.0E10                   2700                     4723.652071108635        2727.201794812703        2502.294445801098
1.00408                  6                        0.16666666666666666      5.357002312191518E-13    5.36641434199677E-13     0.25                     5.0E10                   2700                     4723.652071108635        2727.201794812703        2502.294445801098
1.00408                  6.02                     0.16611295681063123      5.356240293683667E-13    5.366010041179485E-13    0.25                     5.0E10                   2700                     4723.652071108635        2727.201794812703        2502.294445801098
1.00408                  6.04                     0.16556291390728478      5.355476164492832E-13    5.365598591089727E-13    0.25                     5.0E10                   2700                     4723.652071108635        2727.201794812703        2502.294445801098
1.00408                  6.06                     0.16501650165016504      5.354710452042354E-13    5.365180483006993E-13    0.25                     5.0E10                   2700                     4723.652071108635        2727.201794812703        2502.294445801098
1.00408                  6.08                     0.16447368421052633      5.353943670179724E-13    5.364756198688449E-13    0.25                     5.0E10                   2700                     4723.652071108635        2727.201794812703        2502.294445801098
1.00408                  6.1                      0.16393442622950818      5.353176319254211E-13    5.364326210325173E-13    0.25                     5.0E10                   2700                     4723.652071108635        2727.201794812703        2502.294445801098
1.00408                  6.12                     0.16339869281045752      5.352408885775623E-13    5.363890980109811E-13    0.25                     5.0E10                   2700                     4723.652071108635        2727.201794812703        2502.294445801098
1.00408                  6.14                     0.16286644951140067      5.351641842608687E-13    5.363450960323055E-13    0.25                     5.0E10                   2700                     4723.652071108635        2727.201794812703        2502.294445801098
1.00408                  6.16                     0.16233766233766234      5.350875649024128E-13    5.363006593088705E-13    0.25                     5.0E10                   2700                     4723.652071108635        2727.201794812703        2502.294445801098
1.00408                  6.18                     0.16181229773462782      5.350110750542393E-13    5.362558310280179E-13    0.25                     5.0E10                   2700                     4723.652071108635        2727.201794812703        2502.294445801098
1.00408                  6.2                      0.16129032258064518      5.349347579061892E-13    5.362106533490885E-13    0.25                     5.0E10                   2700                     4723.652071108635        2727.201794812703        2502.294445801098
1.00408                  6.22                     0.16077170418006428      5.348586552932352E-13    5.361651673921838E-13    0.25                     5.0E10                   2700                     4723.652071108635        2727.201794812703        2502.294445801098
1.00408                  6.24                     0.16025641025641027      5.347828076988087E-13    5.361194132348444E-13    0.25                     5.0E10                   2700                     4723.652071108635        2727.201794812703        2502.294445801098
1.00408                  6.26                     0.1597444089456869       5.347072542743258E-13    5.360734299134388E-13    0.25                     5.0E10                   2700                     4723.652071108635        2727.201794812703        2502.294445801098
1.00408                  6.279999999999999        0.15923566878980894      5.346320328433691E-13    5.360272554234535E-13    0.25                     5.0E10                   2700                     4723.652071108635        2727.201794812703        2502.294445801098
1.00408                  6.3                      0.15873015873015872      5.345571799049511E-13    5.359809267095815E-13    0.25                     5.0E10                   2700                     4723.652071108635        2727.201794812703        2502.294445801098
1.00408                  6.319999999999999        0.15822784810126583      5.344827306552067E-13    5.359344796792546E-13    0.25                     5.0E10                   2700                     4723.652071108635        2727.201794812703        2502.294445801098
1.00408                  6.34                     0.1577287066246057       5.344087190187563E-13    5.358879492105775E-13    0.25                     5.0E10                   2700                     4723.652071108635        2727.201794812703        2502.294445801098
1.00408                  6.359999999999999        0.15723270440251574      5.343351776228425E-13    5.358413691340186E-13    0.25                     5.0E10                   2700                     4723.652071108635        2727.201794812703        2502.294445801098
1.00408                  6.38                     0.15673981191222572      5.342621378524586E-13    5.357947722662373E-13    0.25                     5.0E10                   2700                     4723.652071108635        2727.201794812703        2502.294445801098
1.00408                  6.3999999999999995       0.15625                  5.34189629854754E-13     5.357481904057651E-13    0.25                     5.0E10                   2700                     4723.652071108635        2727.201794812703        2502.294445801098
1.00408                  6.42                     0.1557632398753894       5.341176825552022E-13    5.357016543381757E-13    0.25                     5.0E10                   2700                     4723.652071108635        2727.201794812703        2502.294445801098
1.00408                  6.4399999999999995       0.15527950310559008      5.340463236671392E-13    5.35655193846972E-13     0.25                     5.0E10                   2700                     4723.652071108635        2727.201794812703        2502.294445801098
1.00408                  6.46                     0.15479876160990713      5.339755797352162E-13    5.356088377317079E-13    0.25                     5.0E10                   2700                     4723.652071108635        2727.201794812703        2502.294445801098
1.00408                  6.4799999999999995       0.154320987654321        5.339054761357137E-13    5.355626138092589E-13    0.25                     5.0E10                   2700                     4723.652071108635        2727.201794812703        2502.294445801098
1.00408                  6.5                      0.15384615384615383      5.338360370970817E-13    5.355165489278964E-13    0.25                     5.0E10                   2700                     4723.652071108635        2727.201794812703        2502.294445801098
1.00408                  6.52                     0.15337423312883436      5.337672857417797E-13    5.354706689912825E-13    0.25                     5.0E10                   2700                     4723.652071108635        2727.201794812703        2502.294445801098
1.00408                  6.54                     0.15290519877675843      5.336992440697279E-13    5.354249989441251E-13    0.25                     5.0E10                   2700                     4723.652071108635        2727.201794812703        2502.294445801098
1.00408                  6.56                     0.15243902439024393      5.336319330285076E-13    5.353795628231031E-13    0.25                     5.0E10                   2700                     4723.652071108635        2727.201794812703        2502.294445801098
1.00408                  6.58                     0.1519756838905775       5.33565372496337E-13     5.35334383739024E-13     0.25                     5.0E10                   2700                     4723.652071108635        2727.201794812703        2502.294445801098
1.00408                  6.6                      0.15151515151515152      5.334995813122236E-13    5.352894839053668E-13    0.25                     5.0E10                   2700                     4723.652071108635        2727.201794812703        2502.294445801098
1.00408                  6.62                     0.1510574018126888       5.33434577312923E-13     5.352448846554476E-13    0.25                     5.0E10                   2700                     4723.652071108635        2727.201794812703        2502.294445801098
1.00408                  6.64                     0.1506024096385542       5.333703773488867E-13    5.352006064543035E-13    0.25                     5.0E10                   2700                     4723.652071108635        2727.201794812703        2502.294445801098
1.00408                  6.66                     0.15015015015015015      5.333069972945456E-13    5.351566689101647E-13    0.25                     5.0E10                   2700                     4723.652071108635        2727.201794812703        2502.294445801098
1.00408                  6.68                     0.14970059880239522      5.332444520842377E-13    5.351130907958447E-13    0.25                     5.0E10                   2700                     4723.652071108635        2727.201794812703        2502.294445801098
1.00408                  6.7                      0.1492537313432836       5.331827557345497E-13    5.350698900663978E-13    0.25                     5.0E10                   2700                     4723.652071108635        2727.201794812703        2502.294445801098
1.00408                  6.72                     0.1488095238095238       5.331219213576936E-13    5.350270838678976E-13    0.25                     5.0E10                   2700                     4723.652071108635        2727.201794812703        2502.294445801098
1.00408                  6.74                     0.14836795252225518      5.330619611941208E-13    5.349846885623016E-13    0.25                     5.0E10                   2700                     4723.652071108635        2727.201794812703        2502.294445801098
1.00408                  6.76                     0.14792899408284024      5.330028866308692E-13    5.349427197401539E-13    0.25                     5.0E10                   2700                     4723.652071108635        2727.201794812703        2502.294445801098
1.00408                  6.779999999999999        0.14749262536873156      5.329447082189629E-13    5.349011922323039E-13    0.25                     5.0E10                   2700                     4723.652071108635        2727.201794812703        2502.294445801098
1.00408                  6.8                      0.14705882352941177      5.328874357008796E-13    5.348601201366679E-13    0.25                     5.0E10                   2700                     4723.652071108635        2727.201794812703        2502.294445801098
1.00408                  6.819999999999999        0.1466275659824047       5.328310780385722E-13    5.348195168304295E-13    0.25                     5.0E10                   2700                     4723.652071108635        2727.201794812703        2502.294445801098
1.00408                  6.84                     0.14619883040935674      5.327756434252698E-13    5.347793949844682E-13    0.25                     5.0E10                   2700                     4723.652071108635        2727.201794812703        2502.294445801098
1.00408                  6.859999999999999        0.1457725947521866       5.327211393024683E-13    5.347397665787473E-13    0.25                     5.0E10                   2700                     4723.652071108635        2727.201794812703        2502.294445801098
1.00408                  6.88                     0.14534883720930233      5.326675724051292E-13    5.347006429294203E-13    0.25                     5.0E10                   2700                     4723.652071108635        2727.201794812703        2502.294445801098
1.00408                  6.8999999999999995       0.14492753623188406      5.326149487519691E-13    5.346620346907034E-13    0.25                     5.0E10                   2700                     4723.652071108635        2727.201794812703        2502.294445801098
1.00408                  6.92                     0.1445086705202312       5.325632736923217E-13    5.346239518854838E-13    0.25                     5.0E10                   2700                     4723.652071108635        2727.201794812703        2502.294445801098
1.00408                  6.9399999999999995       0.1440922190201729       5.325125519135216E-13    5.345864039123463E-13    0.25                     5.0E10                   2700                     4723.652071108635        2727.201794812703        2502.294445801098
1.00408                  6.96                     0.14367816091954022      5.324627874605466E-13    5.345493995644625E-13    0.25                     5.0E10                   2700                     4723.652071108635        2727.201794812703        2502.294445801098
1.00408                  6.9799999999999995       0.14326647564469916      5.324139837563543E-13    5.345129470425424E-13    0.25                     5.0E10                   2700                     4723.652071108635        2727.201794812703        2502.294445801098
1.00408                  7                        0.14285714285714285      5.323661436430172E-13    5.344770539840982E-13    0.25                     5.0E10                   2700                     4723.652071108635        2727.201794812703        2502.294445801098
1.00408                  7.02                     0.14245014245014245      5.323192693544677E-13    5.344417274570947E-13    0.25                     5.0E10                   2700                     4723.652071108635        2727.201794812703        2502.294445801098
1.00408                  7.04                     0.14204545454545456      5.322733625944968E-13    5.344069740004478E-13    0.25                     5.0E10                   2700                     4723.652071108635        2727.201794812703        2502.294445801098
1.00408                  7.06                     0.141643059490085        5.322284245001151E-13    5.343727996169212E-13    0.25                     5.0E10                   2700                     4723.652071108635        2727.201794812703        2502.294445801098
1.00408                  7.08                     0.14124293785310735      5.32184455705946E-13     5.343392098065328E-13    0.25                     5.0E10                   2700                     4723.652071108635        2727.201794812703        2502.294445801098
1.00408                  7.1                      0.14084507042253522      5.321414563161451E-13    5.343062095641039E-13    0.25                     5.0E10                   2700                     4723.652071108635        2727.201794812703        2502.294445801098
1.00408                  7.12                     0.14044943820224717      5.320994259815016E-13    5.342738034187491E-13    0.25                     5.0E10                   2700                     4723.652071108635        2727.201794812703        2502.294445801098
1.00408                  7.14                     0.1400560224089636       5.320583638556133E-13    5.342419954182683E-13    0.25                     5.0E10                   2700                     4723.652071108635        2727.201794812703        2502.294445801098
1.00408                  7.16                     0.13966480446927376      5.3201826865063E-13      5.342107891674921E-13    0.25                     5.0E10                   2700                     4723.652071108635        2727.201794812703        2502.294445801098
1.00408                  7.18                     0.1392757660167131       5.319791386429211E-13    5.341801878312597E-13    0.25                     5.0E10                   2700                     4723.652071108635        2727.201794812703        2502.294445801098
1.00408                  7.2                      0.1388888888888889       5.319409716897344E-13    5.341501941527663E-13    0.25                     5.0E10                   2700                     4723.652071108635        2727.201794812703        2502.294445801098
1.00408                  7.22                     0.13850415512465375      5.3190376524664E-13      5.341208104651482E-13    0.25                     5.0E10                   2700                     4723.652071108635        2727.201794812703        2502.294445801098
1.00408                  7.24                     0.13812154696132597      5.318675163756145E-13    5.340920387032192E-13    0.25                     5.0E10                   2700                     4723.652071108635        2727.201794812703        2502.294445801098
1.00408                  7.26                     0.13774104683195593      5.31832221778369E-13     5.340638804234725E-13    0.25                     5.0E10                   2700                     4723.652071108635        2727.201794812703        2502.294445801098
1.00408                  7.279999999999999        0.13736263736263737      5.31797877785778E-13     5.340363368066225E-13    0.25                     5.0E10                   2700                     4723.652071108635        2727.201794812703        2502.294445801098
1.00408                  7.3                      0.13698630136986303      5.317644803995031E-13    5.340094086808009E-13    0.25                     5.0E10                   2700                     4723.652071108635        2727.201794812703        2502.294445801098
1.00408                  7.319999999999999        0.1366120218579235       5.317320252900206E-13    5.339830965312583E-13    0.25                     5.0E10                   2700                     4723.652071108635        2727.201794812703        2502.294445801098
1.00408                  7.34                     0.1362397820163488       5.317005078118764E-13    5.339574005050435E-13    0.25                     5.0E10                   2700                     4723.652071108635        2727.201794812703        2502.294445801098
1.00408                  7.359999999999999        0.13586956521739132      5.31669923014653E-13     5.33932320431959E-13     0.25                     5.0E10                   2700                     4723.652071108635        2727.201794812703        2502.294445801098
1.00408                  7.38                     0.13550135501355012      5.316402656765343E-13    5.339078558344423E-13    0.25                     5.0E10                   2700                     4723.652071108635        2727.201794812703        2502.294445801098
1.00408                  7.3999999999999995       0.13513513513513514      5.316115302873533E-13    5.338840059357985E-13    0.25                     5.0E10                   2700                     4723.652071108635        2727.201794812703        2502.294445801098
1.00408                  7.42                     0.1347708894878706       5.315837110814427E-13    5.338607696719166E-13    0.25                     5.0E10                   2700                     4723.652071108635        2727.201794812703        2502.294445801098
1.00408                  7.4399999999999995       0.13440860215053765      5.315568020523222E-13    5.338381457114142E-13    0.25                     5.0E10                   2700                     4723.652071108635        2727.201794812703        2502.294445801098
1.00408                  7.46                     0.13404825737265413      5.315307969459688E-13    5.338161324506189E-13    0.25                     5.0E10                   2700                     4723.652071108635        2727.201794812703        2502.294445801098
1.00408                  7.4799999999999995       0.1336898395721925       5.315056892890095E-13    5.337947280351462E-13    0.25                     5.0E10                   2700                     4723.652071108635        2727.201794812703        2502.294445801098
1.00408                  7.5                      0.13333333333333333      5.314814723949773E-13    5.33773930367357E-13     0.25                     5.0E10                   2700                     4723.652071108635        2727.201794812703        2502.294445801098
1.00408                  7.52                     0.13297872340425532      5.314581393687233E-13    5.337537371142381E-13    0.25                     5.0E10                   2700                     4723.652071108635        2727.201794812703        2502.294445801098
1.00408                  7.54                     0.13262599469496023      5.31435683140429E-13     5.33734145724224E-13     0.25                     5.0E10                   2700                     4723.652071108635        2727.201794812703        2502.294445801098
1.00408                  7.56                     0.13227513227513227      5.31414096436295E-13     5.337151534255413E-13    0.25                     5.0E10                   2700                     4723.652071108635        2727.201794812703        2502.294445801098
1.00408                  7.58                     0.13192612137203166      5.313933718347441E-13    5.336967572479012E-13    0.25                     5.0E10                   2700                     4723.652071108635        2727.201794812703        2502.294445801098
1.00408                  7.6                      0.13157894736842105      5.313735017330411E-13    5.336789540164989E-13    0.25                     5.0E10                   2700                     4723.652071108635        2727.201794812703        2502.294445801098
1.00408                  7.62                     0.13123359580052493      5.313544783929297E-13    5.336617403784712E-13    0.25                     5.0E10                   2700                     4723.652071108635        2727.201794812703        2502.294445801098
1.00408                  7.64                     0.13089005235602094      5.313362939183074E-13    5.336451127947341E-13    0.25                     5.0E10                   2700                     4723.652071108635        2727.201794812703        2502.294445801098
1.00408                  7.66                     0.13054830287206268      5.313189403037556E-13    5.336290675635896E-13    0.25                     5.0E10                   2700                     4723.652071108635        2727.201794812703        2502.294445801098
1.00408                  7.68                     0.13020833333333334      5.313024093964386E-13    5.336136008188916E-13    0.25                     5.0E10                   2700                     4723.652071108635        2727.201794812703        2502.294445801098
1.00408                  7.7                      0.12987012987012989      5.312866929362294E-13    5.335987085323694E-13    0.25                     5.0E10                   2700                     4723.652071108635        2727.201794812703        2502.294445801098
1.00408                  7.72                     0.1295336787564767       5.312717825583177E-13    5.335843865415207E-13    0.25                     5.0E10                   2700                     4723.652071108635        2727.201794812703        2502.294445801098
1.00408                  7.74                     0.12919896640826872      5.312576697976123E-13    5.335706305380242E-13    0.25                     5.0E10                   2700                     4723.652071108635        2727.201794812703        2502.294445801098
1.00408                  7.76                     0.1288659793814433       5.312443460939379E-13    5.335574360828067E-13    0.25                     5.0E10                   2700                     4723.652071108635        2727.201794812703        2502.294445801098
1.00408                  7.779999999999999        0.12853470437017997      5.312318028042235E-13    5.33544798612327E-13     0.25                     5.0E10                   2700                     4723.652071108635        2727.201794812703        2502.294445801098
1.00408                  7.8                      0.12820512820512822      5.312200312129551E-13    5.335327134469384E-13    0.25                     5.0E10                   2700                     4723.652071108635        2727.201794812703        2502.294445801098
1.00408                  7.819999999999999        0.1278772378516624       5.312090225229967E-13    5.335211757918424E-13    0.25                     5.0E10                   2700                     4723.652071108635        2727.201794812703        2502.294445801098
1.00408                  7.84                     0.12755102040816327      5.311987678842224E-13    5.335101807503729E-13    0.25                     5.0E10                   2700                     4723.652071108635        2727.201794812703        2502.294445801098
1.00408                  7.859999999999999        0.1272264631043257       5.31189258387069E-13     5.334997233274795E-13    0.25                     5.0E10                   2700                     4723.652071108635        2727.201794812703        2502.294445801098
1.00408                  7.88                     0.12690355329949238      5.311804850667643E-13    5.334897984347751E-13    0.25                     5.0E10                   2700                     4723.652071108635        2727.201794812703        2502.294445801098
1.00408                  7.8999999999999995       0.12658227848101267      5.311724389211237E-13    5.334804008981039E-13    0.25                     5.0E10                   2700                     4723.652071108635        2727.201794812703        2502.294445801098
1.00408                  7.92                     0.12626262626262624      5.311651109118198E-13    5.334715254643221E-13    0.25                     5.0E10                   2700                     4723.652071108635        2727.201794812703        2502.294445801098
1.00408                  7.9399999999999995       0.12594458438287154      5.311584919487934E-13    5.334631667976132E-13    0.25                     5.0E10                   2700                     4723.652071108635        2727.201794812703        2502.294445801098
1.00408                  7.96                     0.12562814070351758      5.311525729369436E-13    5.334553195032738E-13    0.25                     5.0E10                   2700                     4723.652071108635        2727.201794812703        2502.294445801098
1.00408                  7.9799999999999995       0.12531328320802007      5.311473447461427E-13    5.334479781124049E-13    0.25                     5.0E10                   2700                     4723.652071108635        2727.201794812703        2502.294445801098
1.00408                  8                        0.125                    5.311427982344485E-13    5.334411371018724E-13    0.25                     5.0E10                   2700                     4723.652071108635        2727.201794812703        2502.294445801098
1.00408                  8.02                     0.12468827930174564      5.311389242438575E-13    5.334347908907157E-13    0.25                     5.0E10                   2700                     4723.652071108635        2727.201794812703        2502.294445801098
1.00408                  8.040000000000001        0.1243781094527363       5.311357136082085E-13    5.334289338472282E-13    0.25                     5.0E10                   2700                     4723.652071108635        2727.201794812703        2502.294445801098
1.00408                  8.06                     0.12406947890818859      5.31133157163216E-13     5.334235602989522E-13    0.25                     5.0E10                   2700                     4723.652071108635        2727.201794812703        2502.294445801098
1.00408                  8.08                     0.12376237623762378      5.311312457388008E-13    5.334186645247793E-13    0.25                     5.0E10                   2700                     4723.652071108635        2727.201794812703        2502.294445801098
1.00408                  8.1                      0.1234567901234568       5.311299701804737E-13    5.334142407752521E-13    0.25                     5.0E10                   2700                     4723.652071108635        2727.201794812703        2502.294445801098
1.00408                  8.12                     0.12315270935960593      5.311293213308134E-13    5.334102832587339E-13    0.25                     5.0E10                   2700                     4723.652071108635        2727.201794812703        2502.294445801098
1.00408                  8.14                     0.12285012285012284      5.311292900582755E-13    5.334067861625638E-13    0.25                     5.0E10                   2700                     4723.652071108635        2727.201794812703        2502.294445801098
1.00408                  8.16                     0.12254901960784315      5.311298672416023E-13    5.334037436463845E-13    0.25                     5.0E10                   2700                     4723.652071108635        2727.201794812703        2502.294445801098
1.00408                  8.18                     0.12224938875305624      5.31131043773898E-13     5.33401149842113E-13     0.25                     5.0E10                   2700                     4723.652071108635        2727.201794812703        2502.294445801098
1.00408                  8.2                      0.12195121951219513      5.311328105847739E-13    5.333989988733567E-13    0.25                     5.0E10                   2700                     4723.652071108635        2727.201794812703        2502.294445801098
1.00408                  8.22                     0.121654501216545        5.311351586259917E-13    5.333972848443084E-13    0.25                     5.0E10                   2700                     4723.652071108635        2727.201794812703        2502.294445801098
1.00408                  8.24                     0.12135922330097086      5.311380788756037E-13    5.333960018474929E-13    0.25                     5.0E10                   2700                     4723.652071108635        2727.201794812703        2502.294445801098
1.00408                  8.26                     0.12106537530266344      5.311415623413276E-13    5.333951439662339E-13    0.25                     5.0E10                   2700                     4723.652071108635        2727.201794812703        2502.294445801098
1.00408                  8.28                     0.1207729468599034       5.311456000880577E-13    5.33394705283852E-13     0.25                     5.0E10                   2700                     4723.652071108635        2727.201794812703        2502.294445801098
1.00408                  8.299999999999999        0.1204819277108434       5.311501831925583E-13    5.333946798757784E-13    0.25                     5.0E10                   2700                     4723.652071108635        2727.201794812703        2502.294445801098
1.00408                  8.32                     0.12019230769230768      5.311553027979656E-13    5.33395061825009E-13     0.25                     5.0E10                   2700                     4723.652071108635        2727.201794812703        2502.294445801098
1.00408                  8.34                     0.11990407673860912      5.311609500678166E-13    5.333958452088519E-13    0.25                     5.0E10                   2700                     4723.652071108635        2727.201794812703        2502.294445801098
1.00408                  8.36                     0.1196172248803828       5.311671162290384E-13    5.333970241178052E-13    0.25                     5.0E10                   2700                     4723.652071108635        2727.201794812703        2502.294445801098
1.00408                  8.379999999999999        0.11933174224343678      5.311737925492057E-13    5.333985926472195E-13    0.25                     5.0E10                   2700                     4723.652071108635        2727.201794812703        2502.294445801098
1.00408                  8.4                      0.11904761904761904      5.311809703497252E-13    5.334005449067756E-13    0.25                     5.0E10                   2700                     4723.652071108635        2727.201794812703        2502.294445801098
1.00408                  8.42                     0.11876484560570072      5.311886409968054E-13    5.334028750113773E-13    0.25                     5.0E10                   2700                     4723.652071108635        2727.201794812703        2502.294445801098
1.00408                  8.44                     0.11848341232227488      5.311967959298177E-13    5.33405577104912E-13     0.25                     5.0E10                   2700                     4723.652071108635        2727.201794812703        2502.294445801098
1.00408                  8.459999999999999        0.11820330969267141      5.312054266278464E-13    5.334086453383994E-13    0.25                     5.0E10                   2700                     4723.652071108635        2727.201794812703        2502.294445801098
1.00408                  8.48                     0.1179245283018868       5.312145246229696E-13    5.334120738788955E-13    0.25                     5.0E10                   2700                     4723.652071108635        2727.201794812703        2502.294445801098
1.00408                  8.5                      0.11764705882352941      5.312240815273383E-13    5.334158569263122E-13    0.25                     5.0E10                   2700                     4723.652071108635        2727.201794812703        2502.294445801098
1.00408                  8.52                     0.11737089201877934      5.312340890028638E-13    5.334199886988421E-13    0.25                     5.0E10                   2700                     4723.652071108635        2727.201794812703        2502.294445801098
1.00408                  8.54                     0.117096018735363        5.312445387730079E-13    5.334244634364159E-13    0.25                     5.0E10                   2700                     4723.652071108635        2727.201794812703        2502.294445801098
1.00408                  8.56                     0.11682242990654204      5.312554226286026E-13    5.334292754109481E-13    0.25                     5.0E10                   2700                     4723.652071108635        2727.201794812703        2502.294445801098
1.00408                  8.58                     0.11655011655011656      5.312667324202972E-13    5.334344189178199E-13    0.25                     5.0E10                   2700                     4723.652071108635        2727.201794812703        2502.294445801098
1.00408                  8.6                      0.11627906976744186      5.312784600718825E-13    5.33439888284535E-13     0.25                     5.0E10                   2700                     4723.652071108635        2727.201794812703        2502.294445801098
1.00408                  8.62                     0.1160092807424594       5.312905975812176E-13    5.334456778756472E-13    0.25                     5.0E10                   2700                     4723.652071108635        2727.201794812703        2502.294445801098
1.00408                  8.64                     0.11574074074074073      5.313031369925053E-13    5.334517820727289E-13    0.25                     5.0E10                   2700                     4723.652071108635        2727.201794812703        2502.294445801098
1.00408                  8.66                     0.11547344110854503      5.313160704438279E-13    5.334581953120919E-13    0.25                     5.0E10                   2700                     4723.652071108635        2727.201794812703        2502.294445801098
1.00408                  8.68                     0.1152073732718894       5.313293901333405E-13    5.334649120516962E-13    0.25                     5.0E10                   2700                     4723.652071108635        2727.201794812703        2502.294445801098
1.00408                  8.7                      0.11494252873563218      5.313430883221754E-13    5.3347192678253E-13      0.25                     5.0E10                   2700                     4723.652071108635        2727.201794812703        2502.294445801098
1.00408                  8.72                     0.1146788990825688       5.313571573599963E-13    5.334792340460464E-13    0.25                     5.0E10                   2700                     4723.652071108635        2727.201794812703        2502.294445801098
1.00408                  8.74                     0.11441647597254004      5.313715896578949E-13    5.334868284127559E-13    0.25                     5.0E10                   2700                     4723.652071108635        2727.201794812703        2502.294445801098
1.00408                  8.76                     0.1141552511415525       5.313881220563069E-13    5.334963917652885E-13    0.25                     5.0E10                   2700                     4723.652071108635        2727.201794812703        2502.294445801098
1.00408                  8.78                     0.11389521640091117      5.314032667666489E-13    5.335045529139777E-13    0.25                     5.0E10                   2700                     4723.652071108635        2727.201794812703        2502.294445801098
1.00408                  8.8                      0.11363636363636362      5.314187524266517E-13    5.33512985132751E-13     0.25                     5.0E10                   2700                     4723.652071108635        2727.201794812703        2502.294445801098
1.00408                  8.82                     0.11337868480725624      5.314345717345825E-13    5.335216831481884E-13    0.25                     5.0E10                   2700                     4723.652071108635        2727.201794812703        2502.294445801098
1.00408                  8.84                     0.11312217194570136      5.314507174924474E-13    5.335306417490643E-13    0.25                     5.0E10                   2700                     4723.652071108635        2727.201794812703        2502.294445801098
1.00408                  8.86                     0.11286681715575621      5.314671825535282E-13    5.33539855756555E-13     0.25                     5.0E10                   2700                     4723.652071108635        2727.201794812703        2502.294445801098
1.00408                  8.879999999999999        0.11261261261261263      5.314839598710692E-13    5.335493200428244E-13    0.25                     5.0E10                   2700                     4723.652071108635        2727.201794812703        2502.294445801098
1.00408                  8.9                      0.11235955056179775      5.315010424467548E-13    5.335590295136061E-13    0.25                     5.0E10                   2700                     4723.652071108635        2727.201794812703        2502.294445801098
1.00408                  8.92                     0.11210762331838565      5.31518423385575E-13     5.335689791371134E-13    0.25                     5.0E10                   2700                     4723.652071108635        2727.201794812703        2502.294445801098
1.00408                  8.94                     0.11185682326621925      5.315360958577907E-13    5.335791639167879E-13    0.25                     5.0E10                   2700                     4723.652071108635        2727.201794812703        2502.294445801098
1.00408                  8.959999999999999        0.11160714285714285      5.315540531130396E-13    5.335895789058526E-13    0.25                     5.0E10                   2700                     4723.652071108635        2727.201794812703        2502.294445801098
1.00408                  8.98                     0.11135857461024498      5.315722884729258E-13    5.336002192031596E-13    0.25                     5.0E10                   2700                     4723.652071108635        2727.201794812703        2502.294445801098
1.00408                  9                        0.11111111111111112      5.315907953434372E-13    5.336110799575305E-13    0.25                     5.0E10                   2700                     4723.652071108635        2727.201794812703        2502.294445801098
1.00408                  9.02                     0.11086474501108647      5.316095672038969E-13    5.33622156365026E-13     0.25                     5.0E10                   2700                     4723.652071108635        2727.201794812703        2502.294445801098
1.00408                  9.04                     0.11061946902654868      5.316285976142715E-13    5.336334436684679E-13    0.25                     5.0E10                   2700                     4723.652071108635        2727.201794812703        2502.294445801098
1.00408                  9.06                     0.11037527593818983      5.316478802128241E-13    5.336449371643961E-13    0.25                     5.0E10                   2700                     4723.652071108635        2727.201794812703        2502.294445801098
1.00408                  9.08                     0.11013215859030838      5.31667408702145E-13     5.336566321889069E-13    0.25                     5.0E10                   2700                     4723.652071108635        2727.201794812703        2502.294445801098
1.00408                  9.1                      0.1098901098901099       5.31687176877859E-13     5.336685241348868E-13    0.25                     5.0E10                   2700                     4723.652071108635        2727.201794812703        2502.294445801098
1.00408                  9.12                     0.10964912280701757      5.317071786087038E-13    5.336806084459756E-13    0.25                     5.0E10                   2700                     4723.652071108635        2727.201794812703        2502.294445801098
1.00408                  9.14                     0.10940919037199125      5.317274078343501E-13    5.336928806100075E-13    0.25                     5.0E10                   2700                     4723.652071108635        2727.201794812703        2502.294445801098
1.00408                  9.16                     0.10917030567685589      5.317478585797987E-13    5.337053361682764E-13    0.25                     5.0E10                   2700                     4723.652071108635        2727.201794812703        2502.294445801098
1.00408                  9.18                     0.10893246187363835      5.317685249325846E-13    5.337179707056106E-13    0.25                     5.0E10                   2700                     4723.652071108635        2727.201794812703        2502.294445801098
1.00408                  9.2                      0.10869565217391305      5.317894010738481E-13    5.33730779867061E-13     0.25                     5.0E10                   2700                     4723.652071108635        2727.201794812703        2502.294445801098
1.00408                  9.22                     0.10845986984815618      5.318104812574513E-13    5.337437593459583E-13    0.25                     5.0E10                   2700                     4723.652071108635        2727.201794812703        2502.294445801098
1.00408                  9.24                     0.10822510822510822      5.318317597926416E-13    5.337569048718445E-13    0.25                     5.0E10                   2700                     4723.652071108635        2727.201794812703        2502.294445801098
1.00408                  9.26                     0.1079913606911447       5.31853231092429E-13     5.337702122447302E-13    0.25                     5.0E10                   2700                     4723.652071108635        2727.201794812703        2502.294445801098
1.00408                  9.28                     0.10775862068965518      5.318748896221587E-13    5.337836772977197E-13    0.25                     5.0E10                   2700                     4723.652071108635        2727.201794812703        2502.294445801098
1.00408                  9.3                      0.10752688172043011      5.318967299412779E-13    5.337972959273312E-13    0.25                     5.0E10                   2700                     4723.652071108635        2727.201794812703        2502.294445801098
1.00408                  9.32                     0.1072961373390558       5.319187466733429E-13    5.338110640769362E-13    0.25                     5.0E10                   2700                     4723.652071108635        2727.201794812703        2502.294445801098
1.00408                  9.34                     0.10706638115631692      5.319409345014255E-13    5.338249777242478E-13    0.25                     5.0E10                   2700                     4723.652071108635        2727.201794812703        2502.294445801098
1.00408                  9.36                     0.10683760683760683      5.319632882143507E-13    5.338390329224231E-13    0.25                     5.0E10                   2700                     4723.652071108635        2727.201794812703        2502.294445801098
1.00408                  9.379999999999999        0.10660980810234544      5.319858026448149E-13    5.338532257569405E-13    0.25                     5.0E10                   2700                     4723.652071108635        2727.201794812703        2502.294445801098
1.00408                  9.4                      0.10638297872340426      5.320084727128342E-13    5.33867552367363E-13     0.25                     5.0E10                   2700                     4723.652071108635        2727.201794812703        2502.294445801098
1.00408                  9.42                     0.10615711252653928      5.320312934195423E-13    5.338820089490636E-13    0.25                     5.0E10                   2700                     4723.652071108635        2727.201794812703        2502.294445801098
1.00408                  9.44                     0.1059322033898305       5.320542598152131E-13    5.338965917406397E-13    0.25                     5.0E10                   2700                     4723.652071108635        2727.201794812703        2502.294445801098
1.00408                  9.459999999999999        0.10570824524312897      5.320773670335837E-13    5.339112970260731E-13    0.25                     5.0E10                   2700                     4723.652071108635        2727.201794812703        2502.294445801098
1.00408                  9.48                     0.10548523206751054      5.3210061026803E-13      5.339261211411655E-13    0.25                     5.0E10                   2700                     4723.652071108635        2727.201794812703        2502.294445801098
1.00408                  9.5                      0.10526315789473685      5.321239848098946E-13    5.339410604812499E-13    0.25                     5.0E10                   2700                     4723.652071108635        2727.201794812703        2502.294445801098
1.00408                  9.52                     0.10504201680672269      5.321474859943801E-13    5.339561114783637E-13    0.25                     5.0E10                   2700                     4723.652071108635        2727.201794812703        2502.294445801098
1.00408                  9.54                     0.10482180293501049      5.321711092318862E-13    5.339712706147494E-13    0.25                     5.0E10                   2700                     4723.652071108635        2727.201794812703        2502.294445801098
1.00408                  9.56                     0.10460251046025104      5.321948500038828E-13    5.339865344236738E-13    0.25                     5.0E10                   2700                     4723.652071108635        2727.201794812703        2502.294445801098
1.00408                  9.58                     0.10438413361169102      5.322187038618459E-13    5.340018994853722E-13    0.25                     5.0E10                   2700                     4723.652071108635        2727.201794812703        2502.294445801098
1.00408                  9.6                      0.10416666666666667      5.322426664250055E-13    5.340173624315816E-13    0.25                     5.0E10                   2700                     4723.652071108635        2727.201794812703        2502.294445801098
1.00408                  9.62                     0.10395010395010396      5.322667333718986E-13    5.340329199326528E-13    0.25                     5.0E10                   2700                     4723.652071108635        2727.201794812703        2502.294445801098
1.00408                  9.64                     0.10373443983402489      5.322909004561968E-13    5.34048568712937E-13     0.25                     5.0E10                   2700                     4723.652071108635        2727.201794812703        2502.294445801098
1.00408                  9.66                     0.10351966873706003      5.323151634947845E-13    5.340643055457052E-13    0.25                     5.0E10                   2700                     4723.652071108635        2727.201794812703        2502.294445801098
1.00408                  9.68                     0.10330578512396693      5.323395183602221E-13    5.340801272377827E-13    0.25                     5.0E10                   2700                     4723.652071108635        2727.201794812703        2502.294445801098
1.00408                  9.7                      0.10309278350515465      5.323639610144332E-13    5.340960306632716E-13    0.25                     5.0E10                   2700                     4723.652071108635        2727.201794812703        2502.294445801098
1.00408                  9.72                     0.102880658436214        5.323884874620293E-13    5.341120127263159E-13    0.25                     5.0E10                   2700                     4723.652071108635        2727.201794812703        2502.294445801098
1.00408                  9.74                     0.1026694045174538       5.324130937694864E-13    5.34128070376228E-13     0.25                     5.0E10                   2700                     4723.652071108635        2727.201794812703        2502.294445801098
1.00408                  9.76                     0.10245901639344263      5.324377760939207E-13    5.341442006266391E-13    0.25                     5.0E10                   2700                     4723.652071108635        2727.201794812703        2502.294445801098
1.00408                  9.78                     0.10224948875255623      5.324625306103759E-13    5.341604005052732E-13    0.25                     5.0E10                   2700                     4723.652071108635        2727.201794812703        2502.294445801098
1.00408                  9.8                      0.10204081632653059      5.324873535921651E-13    5.3417666710959E-13      0.25                     5.0E10                   2700                     4723.652071108635        2727.201794812703        2502.294445801098
1.00408                  9.82                     0.10183299389002037      5.325122413646515E-13    5.341929975758109E-13    0.25                     5.0E10                   2700                     4723.652071108635        2727.201794812703        2502.294445801098
1.00408                  9.84                     0.1016260162601626       5.325371903000646E-13    5.34209389072419E-13     0.25                     5.0E10                   2700                     4723.652071108635        2727.201794812703        2502.294445801098
1.00408                  9.86                     0.10141987829614604      5.325621968584898E-13    5.342258388337395E-13    0.25                     5.0E10                   2700                     4723.652071108635        2727.201794812703        2502.294445801098
1.00408                  9.879999999999999        0.10121457489878542      5.325872575291321E-13    5.342423441138696E-13    0.25                     5.0E10                   2700                     4723.652071108635        2727.201794812703        2502.294445801098
1.00408                  9.9                      0.101010101010101        5.326123688766891E-13    5.342589022248837E-13    0.25                     5.0E10                   2700                     4723.652071108635        2727.201794812703        2502.294445801098
1.00408                  9.92                     0.10080645161290322      5.32637527518242E-13     5.342755105132965E-13    0.25                     5.0E10                   2700                     4723.652071108635        2727.201794812703        2502.294445801098
1.00408                  9.94                     0.1006036217303823       5.326627301349569E-13    5.342921663762901E-13    0.25                     5.0E10                   2700                     4723.652071108635        2727.201794812703        2502.294445801098
1.00408                  9.959999999999999        0.10040160642570282      5.32687973459014E-13     5.343088672449212E-13    0.25                     5.0E10                   2700                     4723.652071108635        2727.201794812703        2502.294445801098
1.00408                  9.98                     0.1002004008016032       5.327132542826982E-13    5.343256105939411E-13    0.25                     5.0E10                   2700                     4723.652071108635        2727.201794812703        2502.294445801098
1.00408                  10                       0.1                      5.326910772174297E-13    5.342693042253082E-13    0.25                     5.0E10                   2700                     4723.652071108635        2727.201794812703        2502.294445801098
