1.12443                  0.1                      10                       5.331347569119631E-13    5.331324318064295E-13    0.25                     5.0E10                   2700                     4998.7331728482295       2886.0199429510376       2502.294445801098
1.12443                  0.12000000000000001      8.333333333333332        5.362938129500194E-13    5.363507114728442E-13    0.25                     5.0E10                   2700                     4998.7331728482295       2886.0199429510376       2502.294445801098
1.12443                  0.14                     7.1428571428571415       5.34121257181536E-13     5.339531325368932E-13    0.25                     5.0E10                   2700                     4998.7331728482295       2886.0199429510376       2502.294445801098
1.12443                  0.16                     6.249999999999999        5.330733046036382E-13    5.331740766118058E-13    0.25                     5.0E10                   2700                     4998.7331728482295       2886.0199429510376       2502.294445801098
1.12443                  0.18                     5.555555555555555        5.372382462793921E-13    5.372884421838715E-13    0.25                     5.0E10                   2700                     4998.7331728482295       2886.0199429510376       2502.294445801098
1.12443                  0.2                      5                        5.333638408137663E-13    5.331328258771272E-13    0.25                     5.0E10                   2700                     4998.7331728482295       2886.0199429510376       2502.294445801098
1.12443                  0.22                     4.545454545454546        5.36590841688672E-13     5.367060405287914E-13    0.25                     5.0E10                   2700                     4998.7331728482295       2886.0199429510376       2502.294445801098
1.12443                  0.24000000000000002      4.166666666666666        5.360641587112869E-13    5.363659009561048E-13    0.25                     5.0E10                   2700                     4998.7331728482295       2886.0199429510376       2502.294445801098
1.12443                  0.26                     3.846153846153846        5.346812994120783E-13    5.350135691336468E-13    0.25                     5.0E10                   2700                     4998.7331728482295       2886.0199429510376       2502.294445801098
1.12443                  0.28                     3.5714285714285707       5.369211062387615E-13    5.37322462525341E-13     0.25                     5.0E10                   2700                     4998.7331728482295       2886.0199429510376       2502.294445801098
1.12443                  0.30000000000000004      3.3333333333333326       5.364961973515385E-13    5.366322915318809E-13    0.25                     5.0E10                   2700                     4998.7331728482295       2886.0199429510376       2502.294445801098
1.12443                  0.32                     3.1249999999999996       5.33901624984677E-13     5.336220930106905E-13    0.25                     5.0E10                   2700                     4998.7331728482295       2886.0199429510376       2502.294445801098
1.12443                  0.33999999999999997      2.9411764705882355       5.382497862405721E-13    5.383634508711217E-13    0.25                     5.0E10                   2700                     4998.7331728482295       2886.0199429510376       2502.294445801098
1.12443                  0.36                     2.7777777777777777       5.364545277241461E-13    5.3610416874621E-13      0.25                     5.0E10                   2700                     4998.7331728482295       2886.0199429510376       2502.294445801098
1.12443                  0.38                     2.6315789473684212       5.370301315334277E-13    5.351522492824475E-13    0.25                     5.0E10                   2700                     4998.7331728482295       2886.0199429510376       2502.294445801098
1.12443                  0.4                      2.5                      5.373181588684264E-13    5.3536107965823E-13      0.25                     5.0E10                   2700                     4998.7331728482295       2886.0199429510376       2502.294445801098
1.12443                  0.42000000000000004      2.3809523809523805       5.399457653786843E-13    5.359796472568825E-13    0.25                     5.0E10                   2700                     4998.7331728482295       2886.0199429510376       2502.294445801098
1.12443                  0.44000000000000006      2.272727272727273        5.424814039069307E-13    5.382429261386074E-13    0.25                     5.0E10                   2700                     4998.7331728482295       2886.0199429510376       2502.294445801098
1.12443                  0.45999999999999996      2.173913043478261        5.469000126159243E-13    5.411722635721857E-13    0.25                     5.0E10                   2700                     4998.7331728482295       2886.0199429510376       2502.294445801098
1.12443                  0.48                     2.0833333333333335       5.480899640556259E-13    5.411044232203269E-13    0.25                     5.0E10                   2700                     4998.7331728482295       2886.0199429510376       2502.294445801098
1.12443                  0.5                      2                        5.465690123917026E-13    5.389038924222786E-13    0.25                     5.0E10                   2700                     4998.7331728482295       2886.0199429510376       2502.294445801098
1.12443                  0.52                     1.923076923076923        5.522617157351637E-13    5.43965541985148E-13     0.25                     5.0E10                   2700                     4998.7331728482295       2886.0199429510376       2502.294445801098
1.12443                  0.54                     1.8518518518518516       5.498429032027874E-13    5.408730672118556E-13    0.25                     5.0E10                   2700                     4998.7331728482295       2886.0199429510376       2502.294445801098
1.12443                  0.56                     1.7857142857142854       5.538757318583162E-13    5.431204351585678E-13    0.25                     5.0E10                   2700                     4998.7331728482295       2886.0199429510376       2502.294445801098
1.12443                  0.58                     1.7241379310344829       5.566503431704632E-13    5.445461059888625E-13    0.25                     5.0E10                   2700                     4998.7331728482295       2886.0199429510376       2502.294445801098
1.12443                  0.6                      1.6666666666666667       5.589290256506128E-13    5.464019055321027E-13    0.25                     5.0E10                   2700                     4998.7331728482295       2886.0199429510376       2502.294445801098
1.12443                  0.62                     1.6129032258064515       5.564198104848322E-13    5.432236376815566E-13    0.25                     5.0E10                   2700                     4998.7331728482295       2886.0199429510376       2502.294445801098
1.12443                  0.64                     1.5624999999999998       5.630065262304919E-13    5.4792601811945E-13      0.25                     5.0E10                   2700                     4998.7331728482295       2886.0199429510376       2502.294445801098
1.12443                  0.66                     1.515151515151515        5.62361299459481E-13     5.450983905059858E-13    0.25                     5.0E10                   2700                     4998.7331728482295       2886.0199429510376       2502.294445801098
1.12443                  0.6799999999999999       1.4705882352941178       5.650752933468122E-13    5.462345783047464E-13    0.25                     5.0E10                   2700                     4998.7331728482295       2886.0199429510376       2502.294445801098
1.12443                  0.7                      1.4285714285714286       5.676074742930569E-13    5.480280955031751E-13    0.25                     5.0E10                   2700                     4998.7331728482295       2886.0199429510376       2502.294445801098
1.12443                  0.72                     1.3888888888888888       5.664323598531498E-13    5.459642683378105E-13    0.25                     5.0E10                   2700                     4998.7331728482295       2886.0199429510376       2502.294445801098
1.12443                  0.74                     1.3513513513513513       5.721049507465801E-13    5.499602185155336E-13    0.25                     5.0E10                   2700                     4998.7331728482295       2886.0199429510376       2502.294445801098
1.12443                  0.76                     1.3157894736842106       5.789300654553923E-13    5.546034820647649E-13    0.25                     5.0E10                   2700                     4998.7331728482295       2886.0199429510376       2502.294445801098
1.12443                  0.78                     1.2820512820512822       5.780074135960917E-13    5.516676690565366E-13    0.25                     5.0E10                   2700                     4998.7331728482295       2886.0199429510376       2502.294445801098
1.12443                  0.8                      1.25                     5.751583432818633E-13    5.472890923535002E-13    0.25                     5.0E10                   2700                     4998.7331728482295       2886.0199429510376       2502.294445801098
1.12443                  0.82                     1.2195121951219514       5.762227338756447E-13    5.473710454095779E-13    0.25                     5.0E10                   2700                     4998.7331728482295       2886.0199429510376       2502.294445801098
1.12443                  0.84                     1.1904761904761905       5.774876628439463E-13    5.484594943084549E-13    0.25                     5.0E10                   2700                     4998.7331728482295       2886.0199429510376       2502.294445801098
1.12443                  0.86                     1.1627906976744187       5.767717495535393E-13    5.477169478443554E-13    0.25                     5.0E10                   2700                     4998.7331728482295       2886.0199429510376       2502.294445801098
1.12443                  0.88                     1.1363636363636365       5.764145868504917E-13    5.470452121148285E-13    0.25                     5.0E10                   2700                     4998.7331728482295       2886.0199429510376       2502.294445801098
1.12443                  0.9                      1.1111111111111112       5.791822648446661E-13    5.489223250962981E-13    0.25                     5.0E10                   2700                     4998.7331728482295       2886.0199429510376       2502.294445801098
1.12443                  0.92                     1.0869565217391304       5.833821958959533E-13    5.518009752358848E-13    0.25                     5.0E10                   2700                     4998.7331728482295       2886.0199429510376       2502.294445801098
1.12443                  0.94                     1.0638297872340425       5.854648151028864E-13    5.525346477277791E-13    0.25                     5.0E10                   2700                     4998.7331728482295       2886.0199429510376       2502.294445801098
1.12443                  0.96                     1.0416666666666667       5.845056169542297E-13    5.504526141225426E-13    0.25                     5.0E10                   2700                     4998.7331728482295       2886.0199429510376       2502.294445801098
1.12443                  0.98                     1.0204081632653061       5.827970320725627E-13    5.478627431185725E-13    0.25                     5.0E10                   2700                     4998.7331728482295       2886.0199429510376       2502.294445801098
1.12443                  1                        1                        5.828143448211052E-13    5.471401152800632E-13    0.25                     5.0E10                   2700                     4998.7331728482295       2886.0199429510376       2502.294445801098
1.12443                  1.02                     0.9803921568627452       5.852602765839047E-13    5.493496003750409E-13    0.25                     5.0E10                   2700                     4998.7331728482295       2886.0199429510376       2502.294445801098
1.12443                  1.04                     0.9615384615384615       5.882038256551319E-13    5.525671106124025E-13    0.25                     5.0E10                   2700                     4998.7331728482295       2886.0199429510376       2502.294445801098
1.12443                  1.06                     0.9433962264150944       5.893475640735565E-13    5.545328203395321E-13    0.25                     5.0E10                   2700                     4998.7331728482295       2886.0199429510376       2502.294445801098
1.12443                  1.08                     0.9259259259259258       5.875568514373582E-13    5.539688598137723E-13    0.25                     5.0E10                   2700                     4998.7331728482295       2886.0199429510376       2502.294445801098
1.12443                  1.1                      0.909090909090909        5.8338162374726E-13      5.51151668469357E-13     0.25                     5.0E10                   2700                     4998.7331728482295       2886.0199429510376       2502.294445801098
1.12443                  1.12                     0.8928571428571427       5.782544744431903E-13    5.473070663948441E-13    0.25                     5.0E10                   2700                     4998.7331728482295       2886.0199429510376       2502.294445801098
1.12443                  1.1400000000000001       0.8771929824561403       5.738089801248937E-13    5.437203793980012E-13    0.25                     5.0E10                   2700                     4998.7331728482295       2886.0199429510376       2502.294445801098
1.12443                  1.1600000000000001       0.8620689655172412       5.70610765215114E-13     5.41013550620295E-13     0.25                     5.0E10                   2700                     4998.7331728482295       2886.0199429510376       2502.294445801098
1.12443                  1.1800000000000002       0.8474576271186439       5.686095273915241E-13    5.391896955379861E-13    0.25                     5.0E10                   2700                     4998.7331728482295       2886.0199429510376       2502.294445801098
1.12443                  1.2000000000000002       0.8333333333333331       5.673733039610804E-13    5.379186403498651E-13    0.25                     5.0E10                   2700                     4998.7331728482295       2886.0199429510376       2502.294445801098
1.12443                  1.2200000000000002       0.8196721311475409       5.664776412403073E-13    5.368860256635893E-13    0.25                     5.0E10                   2700                     4998.7331728482295       2886.0199429510376       2502.294445801098
1.12443                  1.2400000000000002       0.8064516129032256       5.657428759961829E-13    5.360056501391686E-13    0.25                     5.0E10                   2700                     4998.7331728482295       2886.0199429510376       2502.294445801098
1.12443                  1.26                     0.7936507936507936       5.652433724258114E-13    5.354385161660297E-13    0.25                     5.0E10                   2700                     4998.7331728482295       2886.0199429510376       2502.294445801098
1.12443                  1.28                     0.7812499999999999       5.652666471428291E-13    5.354976083156325E-13    0.25                     5.0E10                   2700                     4998.7331728482295       2886.0199429510376       2502.294445801098
1.12443                  1.3                      0.7692307692307692       5.659871187769174E-13    5.363987442535558E-13    0.25                     5.0E10                   2700                     4998.7331728482295       2886.0199429510376       2502.294445801098
1.12443                  1.32                     0.7575757575757575       5.674172442918139E-13    5.381911483944544E-13    0.25                     5.0E10                   2700                     4998.7331728482295       2886.0199429510376       2502.294445801098
1.12443                  1.34                     0.7462686567164178       5.693533843954382E-13    5.407056310546756E-13    0.25                     5.0E10                   2700                     4998.7331728482295       2886.0199429510376       2502.294445801098
1.12443                  1.36                     0.7352941176470588       5.714061925348869E-13    5.435807893668436E-13    0.25                     5.0E10                   2700                     4998.7331728482295       2886.0199429510376       2502.294445801098
1.12443                  1.3800000000000001       0.7246376811594203       5.730882173713023E-13    5.463435395645627E-13    0.25                     5.0E10                   2700                     4998.7331728482295       2886.0199429510376       2502.294445801098
1.12443                  1.4000000000000001       0.7142857142857142       5.739264461931873E-13    5.48515287836036E-13     0.25                     5.0E10                   2700                     4998.7331728482295       2886.0199429510376       2502.294445801098
1.12443                  1.4200000000000002       0.704225352112676        5.73569827613081E-13     5.497163333013183E-13    0.25                     5.0E10                   2700                     4998.7331728482295       2886.0199429510376       2502.294445801098
1.12443                  1.4400000000000002       0.6944444444444444       5.719059447954185E-13    5.497443351281876E-13    0.25                     5.0E10                   2700                     4998.7331728482295       2886.0199429510376       2502.294445801098
1.12443                  1.4600000000000002       0.6849315068493149       5.689152121611392E-13    5.485908233201918E-13    0.25                     5.0E10                   2700                     4998.7331728482295       2886.0199429510376       2502.294445801098
1.12443                  1.4800000000000002       0.6756756756756755       5.648609536224281E-13    5.464192824816428E-13    0.25                     5.0E10                   2700                     4998.7331728482295       2886.0199429510376       2502.294445801098
1.12443                  1.5000000000000002       0.6666666666666665       5.600959121955307E-13    5.435191432065889E-13    0.25                     5.0E10                   2700                     4998.7331728482295       2886.0199429510376       2502.294445801098
1.12443                  1.52                     0.6578947368421053       5.550146832915745E-13    5.402331839329997E-13    0.25                     5.0E10                   2700                     4998.7331728482295       2886.0199429510376       2502.294445801098
1.12443                  1.54                     0.6493506493506493       5.499872941026463E-13    5.368945830185291E-13    0.25                     5.0E10                   2700                     4998.7331728482295       2886.0199429510376       2502.294445801098
1.12443                  1.56                     0.6410256410256411       5.453137737639607E-13    5.337818057281652E-13    0.25                     5.0E10                   2700                     4998.7331728482295       2886.0199429510376       2502.294445801098
1.12443                  1.58                     0.6329113924050632       5.412018153762458E-13    5.310943807346669E-13    0.25                     5.0E10                   2700                     4998.7331728482295       2886.0199429510376       2502.294445801098
1.12443                  1.6                      0.625                    5.377635567020499E-13    5.289466853236082E-13    0.25                     5.0E10                   2700                     4998.7331728482295       2886.0199429510376       2502.294445801098
1.12443                  1.62                     0.6172839506172839       5.350259339282265E-13    5.27375175585019E-13     0.25                     5.0E10                   2700                     4998.7331728482295       2886.0199429510376       2502.294445801098
1.12443                  1.6400000000000001       0.6097560975609756       5.329472173976304E-13    5.263519604575817E-13    0.25                     5.0E10                   2700                     4998.7331728482295       2886.0199429510376       2502.294445801098
1.12443                  1.6600000000000001       0.6024096385542168       5.314372753561199E-13    5.25802834253515E-13     0.25                     5.0E10                   2700                     4998.7331728482295       2886.0199429510376       2502.294445801098
1.12443                  1.6800000000000002       0.5952380952380951       5.304682570306282E-13    5.257383338843137E-13    0.25                     5.0E10                   2700                     4998.7331728482295       2886.0199429510376       2502.294445801098
1.12443                  1.7000000000000002       0.588235294117647        5.297380497381409E-13    5.258273717655617E-13    0.25                     5.0E10                   2700                     4998.7331728482295       2886.0199429510376       2502.294445801098
1.12443                  1.7200000000000002       0.5813953488372092       5.291973120970401E-13    5.260572298598441E-13    0.25                     5.0E10                   2700                     4998.7331728482295       2886.0199429510376       2502.294445801098
1.12443                  1.7400000000000002       0.5747126436781609       5.287321142859204E-13    5.263263510898152E-13    0.25                     5.0E10                   2700                     4998.7331728482295       2886.0199429510376       2502.294445801098
1.12443                  1.7600000000000002       0.5681818181818182       5.282500624603731E-13    5.265528575136895E-13    0.25                     5.0E10                   2700                     4998.7331728482295       2886.0199429510376       2502.294445801098
1.12443                  1.78                     0.5617977528089887       5.276841143852727E-13    5.26678126370407E-13     0.25                     5.0E10                   2700                     4998.7331728482295       2886.0199429510376       2502.294445801098
1.12443                  1.8                      0.5555555555555556       5.269921924157573E-13    5.266670370370477E-13    0.25                     5.0E10                   2700                     4998.7331728482295       2886.0199429510376       2502.294445801098
1.12443                  1.82                     0.5494505494505494       5.261553013322424E-13    5.265060044261797E-13    0.25                     5.0E10                   2700                     4998.7331728482295       2886.0199429510376       2502.294445801098
1.12443                  1.84                     0.5434782608695652       5.251734544853112E-13    5.261992082723178E-13    0.25                     5.0E10                   2700                     4998.7331728482295       2886.0199429510376       2502.294445801098
1.12443                  1.86                     0.5376344086021505       5.240608263988538E-13    5.257639549855818E-13    0.25                     5.0E10                   2700                     4998.7331728482295       2886.0199429510376       2502.294445801098
1.12443                  1.8800000000000001       0.5319148936170213       5.228407557391604E-13    5.252258557141512E-13    0.25                     5.0E10                   2700                     4998.7331728482295       2886.0199429510376       2502.294445801098
1.12443                  1.9000000000000001       0.5263157894736842       5.215411573443261E-13    5.246143736229067E-13    0.25                     5.0E10                   2700                     4998.7331728482295       2886.0199429510376       2502.294445801098
1.12443                  1.9200000000000002       0.5208333333333333       5.201907080274095E-13    5.239591068282194E-13    0.25                     5.0E10                   2700                     4998.7331728482295       2886.0199429510376       2502.294445801098
1.12443                  1.9400000000000002       0.5154639175257731       5.188159844916747E-13    5.23286991931288E-13     0.25                     5.0E10                   2700                     4998.7331728482295       2886.0199429510376       2502.294445801098
1.12443                  1.9600000000000002       0.5102040816326531       5.174394390932451E-13    5.226204172770873E-13    0.25                     5.0E10                   2700                     4998.7331728482295       2886.0199429510376       2502.294445801098
1.12443                  1.9800000000000002       0.505050505050505        5.160789630036591E-13    5.2197644001981E-13      0.25                     5.0E10                   2700                     4998.7331728482295       2886.0199429510376       2502.294445801098
1.12443                  2                        0.5                      5.147680132474987E-13    5.213747880885101E-13    0.25                     5.0E10                   2700                     4998.7331728482295       2886.0199429510376       2502.294445801098
1.12443                  2.02                     0.4950495049504951       5.134712657024701E-13    5.208040169142757E-13    0.25                     5.0E10                   2700                     4998.7331728482295       2886.0199429510376       2502.294445801098
1.12443                  2.04                     0.4901960784313726       5.122135736022017E-13    5.202743770250634E-13    0.25                     5.0E10                   2700                     4998.7331728482295       2886.0199429510376       2502.294445801098
1.12443                  2.06                     0.48543689320388345      5.109949121669937E-13    5.197835655523477E-13    0.25                     5.0E10                   2700                     4998.7331728482295       2886.0199429510376       2502.294445801098
1.12443                  2.08                     0.4807692307692307       5.098129837391112E-13    5.19326719534487E-13     0.25                     5.0E10                   2700                     4998.7331728482295       2886.0199429510376       2502.294445801098
1.12443                  2.1                      0.47619047619047616      5.086642158552927E-13    5.188974829521507E-13    0.25                     5.0E10                   2700                     4998.7331728482295       2886.0199429510376       2502.294445801098
1.12443                  2.12                     0.4716981132075472       5.075446639205608E-13    5.184889857128452E-13    0.25                     5.0E10                   2700                     4998.7331728482295       2886.0199429510376       2502.294445801098
1.12443                  2.14                     0.46728971962616817      5.064507674646798E-13    5.180946801971519E-13    0.25                     5.0E10                   2700                     4998.7331728482295       2886.0199429510376       2502.294445801098
1.12443                  2.16                     0.4629629629629629       5.053799320594365E-13    5.177090036527087E-13    0.25                     5.0E10                   2700                     4998.7331728482295       2886.0199429510376       2502.294445801098
1.12443                  2.18                     0.4587155963302752       5.043309280080071E-13    5.1732785377315E-13      0.25                     5.0E10                   2700                     4998.7331728482295       2886.0199429510376       2502.294445801098
1.12443                  2.2                      0.4545454545454545       5.033041115807995E-13    5.169488977597817E-13    0.25                     5.0E10                   2700                     4998.7331728482295       2886.0199429510376       2502.294445801098
1.12443                  2.22                     0.45045045045045035      5.023014876166634E-13    5.165716258462328E-13    0.25                     5.0E10                   2700                     4998.7331728482295       2886.0199429510376       2502.294445801098
1.12443                  2.24                     0.44642857142857134      5.013266337579633E-13    5.161974237169056E-13    0.25                     5.0E10                   2700                     4998.7331728482295       2886.0199429510376       2502.294445801098
1.12443                  2.2600000000000002       0.44247787610619466      5.003845209281407E-13    5.158293643695573E-13    0.25                     5.0E10                   2700                     4998.7331728482295       2886.0199429510376       2502.294445801098
1.12443                  2.2800000000000002       0.43859649122807015      4.99481254151254E-13     5.154719866706412E-13    0.25                     5.0E10                   2700                     4998.7331728482295       2886.0199429510376       2502.294445801098
1.12443                  2.3000000000000003       0.43478260869565216      4.986237652061481E-13    5.15130997688459E-13     0.25                     5.0E10                   2700                     4998.7331728482295       2886.0199429510376       2502.294445801098
1.12443                  2.3200000000000003       0.4310344827586206       4.97819482475773E-13     5.148129407047454E-13    0.25                     5.0E10                   2700                     4998.7331728482295       2886.0199429510376       2502.294445801098
1.12443                  2.3400000000000003       0.4273504273504273       4.970760001191114E-13    5.145248525949383E-13    0.25                     5.0E10                   2700                     4998.7331728482295       2886.0199429510376       2502.294445801098
1.12443                  2.3600000000000003       0.42372881355932196      4.96400764304946E-13     5.142739301481558E-13    0.25                     5.0E10                   2700                     4998.7331728482295       2886.0199429510376       2502.294445801098
1.12443                  2.3800000000000003       0.4201680672268907       4.958007896785213E-13    5.140672204536642E-13    0.25                     5.0E10                   2700                     4998.7331728482295       2886.0199429510376       2502.294445801098
1.12443                  2.4000000000000004       0.4166666666666666       4.952824149903756E-13    5.139113461811985E-13    0.25                     5.0E10                   2700                     4998.7331728482295       2886.0199429510376       2502.294445801098
1.12443                  2.42                     0.4132231404958677       4.948511029136147E-13    5.138122725740089E-13    0.25                     5.0E10                   2700                     4998.7331728482295       2886.0199429510376       2502.294445801098
1.12443                  2.44                     0.4098360655737705       4.945112858973748E-13    5.137751195614576E-13    0.25                     5.0E10                   2700                     4998.7331728482295       2886.0199429510376       2502.294445801098
1.12443                  2.46                     0.4065040650406504       4.942662573618396E-13    5.138040195944272E-13    0.25                     5.0E10                   2700                     4998.7331728482295       2886.0199429510376       2502.294445801098
1.12443                  2.48                     0.4032258064516129       4.941181056267654E-13    5.139020196499991E-13    0.25                     5.0E10                   2700                     4998.7331728482295       2886.0199429510376       2502.294445801098
1.12443                  2.5                      0.4                      4.942313887413216E-13    5.141571220638618E-13    0.25                     5.0E10                   2700                     4998.7331728482295       2886.0199429510376       2502.294445801098
1.12443                  2.52                     0.3968253968253968       4.94279250592548E-13     5.143990133918899E-13    0.25                     5.0E10                   2700                     4998.7331728482295       2886.0199429510376       2502.294445801098
1.12443                  2.54                     0.39370078740157477      4.944223075517952E-13    5.147118228457611E-13    0.25                     5.0E10                   2700                     4998.7331728482295       2886.0199429510376       2502.294445801098
1.12443                  2.56                     0.39062499999999994      4.946577405139952E-13    5.150938814231809E-13    0.25                     5.0E10                   2700                     4998.7331728482295       2886.0199429510376       2502.294445801098
1.12443                  2.58                     0.38759689922480617      4.949818073397037E-13    5.15542599870018E-13     0.25                     5.0E10                   2700                     4998.7331728482295       2886.0199429510376       2502.294445801098
1.12443                  2.6                      0.3846153846153846       4.953898322250567E-13    5.160544415380244E-13    0.25                     5.0E10                   2700                     4998.7331728482295       2886.0199429510376       2502.294445801098
1.12443                  2.62                     0.3816793893129771       4.958763098059716E-13    5.166250150281091E-13    0.25                     5.0E10                   2700                     4998.7331728482295       2886.0199429510376       2502.294445801098
1.12443                  2.64                     0.37878787878787873      4.964350167976818E-13    5.172491769095519E-13    0.25                     5.0E10                   2700                     4998.7331728482295       2886.0199429510376       2502.294445801098
1.12443                  2.66                     0.37593984962406013      4.970591281632521E-13    5.179211412342223E-13    0.25                     5.0E10                   2700                     4998.7331728482295       2886.0199429510376       2502.294445801098
1.12443                  2.68                     0.3731343283582089       4.977413351791791E-13    5.186345929481772E-13    0.25                     5.0E10                   2700                     4998.7331728482295       2886.0199429510376       2502.294445801098
1.12443                  2.7                      0.37037037037037035      4.984739631376143E-13    5.193828026614177E-13    0.25                     5.0E10                   2700                     4998.7331728482295       2886.0199429510376       2502.294445801098
1.12443                  2.72                     0.3676470588235294       4.99249086760423E-13     5.201587405876938E-13    0.25                     5.0E10                   2700                     4998.7331728482295       2886.0199429510376       2502.294445801098
1.12443                  2.74                     0.36496350364963503      5.000586417149378E-13    5.209551877905821E-13    0.25                     5.0E10                   2700                     4998.7331728482295       2886.0199429510376       2502.294445801098
1.12443                  2.7600000000000002       0.36231884057971014      5.008945308098448E-13    5.217648430961513E-13    0.25                     5.0E10                   2700                     4998.7331728482295       2886.0199429510376       2502.294445801098
1.12443                  2.7800000000000002       0.35971223021582727      5.017487237674045E-13    5.225804243451658E-13    0.25                     5.0E10                   2700                     4998.7331728482295       2886.0199429510376       2502.294445801098
1.12443                  2.8000000000000003       0.3571428571428571       5.026133496104294E-13    5.233947628441331E-13    0.25                     5.0E10                   2700                     4998.7331728482295       2886.0199429510376       2502.294445801098
1.12443                  2.8200000000000003       0.35460992907801414      5.034807808830871E-13    5.242008900890328E-13    0.25                     5.0E10                   2700                     4998.7331728482295       2886.0199429510376       2502.294445801098
1.12443                  2.8400000000000003       0.352112676056338        5.043437091603897E-13    5.249921160394256E-13    0.25                     5.0E10                   2700                     4998.7331728482295       2886.0199429510376       2502.294445801098
1.12443                  2.8600000000000003       0.3496503496503496       5.051952113817008E-13    5.257620983963095E-13    0.25                     5.0E10                   2700                     4998.7331728482295       2886.0199429510376       2502.294445801098
1.12443                  2.8800000000000003       0.3472222222222222       5.060288067568485E-13    5.265049025128735E-13    0.25                     5.0E10                   2700                     4998.7331728482295       2886.0199429510376       2502.294445801098
1.12443                  2.9000000000000004       0.3448275862068965       5.068385041192413E-13    5.272150517354015E-13    0.25                     5.0E10                   2700                     4998.7331728482295       2886.0199429510376       2502.294445801098
1.12443                  2.92                     0.34246575342465757      5.07618818801247E-13     5.278875545979376E-13    0.25                     5.0E10                   2700                     4998.7331728482295       2886.0199429510376       2502.294445801098
1.12443                  2.94                     0.3401360544217687       5.083648919838264E-13    5.285179965171506E-13    0.25                     5.0E10                   2700                     4998.7331728482295       2886.0199429510376       2502.294445801098
1.12443                  2.96                     0.33783783783783783      5.090723629558951E-13    5.291024613581982E-13    0.25                     5.0E10                   2700                     4998.7331728482295       2886.0199429510376       2502.294445801098
1.12443                  2.98                     0.3355704697986577       5.097374849791324E-13    5.29637617922108E-13     0.25                     5.0E10                   2700                     4998.7331728482295       2886.0199429510376       2502.294445801098
1.12443                  3                        0.3333333333333333       5.103570997225774E-13    5.301207046528846E-13    0.25                     5.0E10                   2700                     4998.7331728482295       2886.0199429510376       2502.294445801098
1.12443                  3.02                     0.33112582781456956      5.109286321774969E-13    5.305495265132E-13       0.25                     5.0E10                   2700                     4998.7331728482295       2886.0199429510376       2502.294445801098
1.12443                  3.04                     0.32894736842105265      5.114500786784459E-13    5.309224447422012E-13    0.25                     5.0E10                   2700                     4998.7331728482295       2886.0199429510376       2502.294445801098
1.12443                  3.06                     0.32679738562091504      5.119199887598838E-13    5.312383602294387E-13    0.25                     5.0E10                   2700                     4998.7331728482295       2886.0199429510376       2502.294445801098
1.12443                  3.08                     0.3246753246753247       5.123374416340905E-13    5.314966912895854E-13    0.25                     5.0E10                   2700                     4998.7331728482295       2886.0199429510376       2502.294445801098
1.12443                  3.1                      0.32258064516129037      5.127020180921776E-13    5.316973466655999E-13    0.25                     5.0E10                   2700                     4998.7331728482295       2886.0199429510376       2502.294445801098
1.12443                  3.12                     0.32051282051282054      5.130137686242016E-13    5.318406945623253E-13    0.25                     5.0E10                   2700                     4998.7331728482295       2886.0199429510376       2502.294445801098
1.12443                  3.14                     0.3184713375796178       5.132731785699546E-13    5.319275285451286E-13    0.25                     5.0E10                   2700                     4998.7331728482295       2886.0199429510376       2502.294445801098
1.12443                  3.16                     0.3164556962025316       5.134811310662407E-13    5.319590310817099E-13    0.25                     5.0E10                   2700                     4998.7331728482295       2886.0199429510376       2502.294445801098
1.12443                  3.18                     0.31446540880503143      5.136388685311997E-13    5.319367354871962E-13    0.25                     5.0E10                   2700                     4998.7331728482295       2886.0199429510376       2502.294445801098
1.12443                  3.2                      0.3125                   5.137479533592544E-13    5.318624869710695E-13    0.25                     5.0E10                   2700                     4998.7331728482295       2886.0199429510376       2502.294445801098
1.12443                  3.22                     0.31055900621118004      5.138102284754498E-13    5.317384034435725E-13    0.25                     5.0E10                   2700                     4998.7331728482295       2886.0199429510376       2502.294445801098
1.12443                  3.24                     0.30864197530864196      5.138277782907832E-13    5.315668366416531E-13    0.25                     5.0E10                   2700                     4998.7331728482295       2886.0199429510376       2502.294445801098
1.12443                  3.2600000000000002       0.3067484662576687       5.138028905681156E-13    5.313503341075958E-13    0.25                     5.0E10                   2700                     4998.7331728482295       2886.0199429510376       2502.294445801098
1.12443                  3.2800000000000002       0.3048780487804878       5.137380196194746E-13    5.310916024412885E-13    0.25                     5.0E10                   2700                     4998.7331728482295       2886.0199429510376       2502.294445801098
1.12443                  3.3000000000000003       0.30303030303030304      5.136357511878221E-13    5.30793472212135E-13     0.25                     5.0E10                   2700                     4998.7331728482295       2886.0199429510376       2502.294445801098
1.12443                  3.3200000000000003       0.3012048192771084       5.134987692975625E-13    5.304588647994899E-13    0.25                     5.0E10                   2700                     4998.7331728482295       2886.0199429510376       2502.294445801098
1.12443                  3.3400000000000003       0.29940119760479045      5.133398197362145E-13    5.301045816971452E-13    0.25                     5.0E10                   2700                     4998.7331728482295       2886.0199429510376       2502.294445801098
1.12443                  3.3600000000000003       0.29761904761904756      5.131410662694485E-13    5.297049091177298E-13    0.25                     5.0E10                   2700                     4998.7331728482295       2886.0199429510376       2502.294445801098
1.12443                  3.3800000000000003       0.29585798816568043      5.129158914865938E-13    5.292777108839172E-13    0.25                     5.0E10                   2700                     4998.7331728482295       2886.0199429510376       2502.294445801098
1.12443                  3.4000000000000004       0.2941176470588235       5.126670939090446E-13    5.288259940791457E-13    0.25                     5.0E10                   2700                     4998.7331728482295       2886.0199429510376       2502.294445801098
1.12443                  3.4200000000000004       0.29239766081871343      5.123974398762926E-13    5.283527260035354E-13    0.25                     5.0E10                   2700                     4998.7331728482295       2886.0199429510376       2502.294445801098
1.12443                  3.44                     0.29069767441860467      5.121096447605337E-13    5.278608153709231E-13    0.25                     5.0E10                   2700                     4998.7331728482295       2886.0199429510376       2502.294445801098
1.12443                  3.46                     0.2890173410404624       5.118063565704625E-13    5.273530959454473E-13    0.25                     5.0E10                   2700                     4998.7331728482295       2886.0199429510376       2502.294445801098
1.12443                  3.48                     0.28735632183908044      5.11490141909023E-13     5.268323125207278E-13    0.25                     5.0E10                   2700                     4998.7331728482295       2886.0199429510376       2502.294445801098
1.12443                  3.5                      0.2857142857142857       5.111634741122669E-13    5.263011091142559E-13    0.25                     5.0E10                   2700                     4998.7331728482295       2886.0199429510376       2502.294445801098
1.12443                  3.52                     0.2840909090909091       5.108288224430045E-13    5.25762101186532E-13     0.25                     5.0E10                   2700                     4998.7331728482295       2886.0199429510376       2502.294445801098
1.12443                  3.54                     0.2824858757062147       5.104882492265973E-13    5.252175389151249E-13    0.25                     5.0E10                   2700                     4998.7331728482295       2886.0199429510376       2502.294445801098
1.12443                  3.56                     0.28089887640449435      5.101439951406179E-13    5.246697966980073E-13    0.25                     5.0E10                   2700                     4998.7331728482295       2886.0199429510376       2502.294445801098
1.12443                  3.58                     0.2793296089385475       5.097980813751077E-13    5.241210371858958E-13    0.25                     5.0E10                   2700                     4998.7331728482295       2886.0199429510376       2502.294445801098
1.12443                  3.6                      0.2777777777777778       5.094524048405225E-13    5.235732917266226E-13    0.25                     5.0E10                   2700                     4998.7331728482295       2886.0199429510376       2502.294445801098
1.12443                  3.62                     0.27624309392265195      5.091087365517234E-13    5.230284588921283E-13    0.25                     5.0E10                   2700                     4998.7331728482295       2886.0199429510376       2502.294445801098
1.12443                  3.64                     0.2747252747252747       5.087687211947349E-13    5.224883041878969E-13    0.25                     5.0E10                   2700                     4998.7331728482295       2886.0199429510376       2502.294445801098
1.12443                  3.66                     0.27322404371584696      5.084338777327124E-13    5.219544608286358E-13    0.25                     5.0E10                   2700                     4998.7331728482295       2886.0199429510376       2502.294445801098
1.12443                  3.68                     0.2717391304347826       5.081056009154965E-13    5.214284314106153E-13    0.25                     5.0E10                   2700                     4998.7331728482295       2886.0199429510376       2502.294445801098
1.12443                  3.7                      0.2702702702702703       5.077851635578287E-13    5.20911590360171E-13     0.25                     5.0E10                   2700                     4998.7331728482295       2886.0199429510376       2502.294445801098
1.12443                  3.72                     0.26881720430107525      5.074737194931125E-13    5.204051870665263E-13    0.25                     5.0E10                   2700                     4998.7331728482295       2886.0199429510376       2502.294445801098
1.12443                  3.74                     0.267379679144385        5.071723070584477E-13    5.19910349554739E-13     0.25                     5.0E10                   2700                     4998.7331728482295       2886.0199429510376       2502.294445801098
1.12443                  3.7600000000000002       0.26595744680851063      5.068818530488614E-13    5.194280886135186E-13    0.25                     5.0E10                   2700                     4998.7331728482295       2886.0199429510376       2502.294445801098
1.12443                  3.7800000000000002       0.26455026455026454      5.066031770189144E-13    5.189593022871495E-13    0.25                     5.0E10                   2700                     4998.7331728482295       2886.0199429510376       2502.294445801098
1.12443                  3.8000000000000003       0.2631578947368421       5.063369958678251E-13    5.185047806442835E-13    0.25                     5.0E10                   2700                     4998.7331728482295       2886.0199429510376       2502.294445801098
1.12443                  3.8200000000000003       0.26178010471204183      5.060839286339292E-13    5.180652107568204E-13    0.25                     5.0E10                   2700                     4998.7331728482295       2886.0199429510376       2502.294445801098
1.12443                  3.8400000000000003       0.26041666666666663      5.058445014295616E-13    5.176411818145013E-13    0.25                     5.0E10                   2700                     4998.7331728482295       2886.0199429510376       2502.294445801098
1.12443                  3.8600000000000003       0.25906735751295334      5.056191524530604E-13    5.172331903191202E-13    0.25                     5.0E10                   2700                     4998.7331728482295       2886.0199429510376       2502.294445801098
1.12443                  3.8800000000000003       0.25773195876288657      5.05408237046063E-13     5.168416453189291E-13    0.25                     5.0E10                   2700                     4998.7331728482295       2886.0199429510376       2502.294445801098
1.12443                  3.9000000000000004       0.2564102564102564       5.05212032737599E-13     5.16466873624333E-13     0.25                     5.0E10                   2700                     4998.7331728482295       2886.0199429510376       2502.294445801098
1.12443                  3.9200000000000004       0.25510204081632654      5.050307442418962E-13    5.161091249785073E-13    0.25                     5.0E10                   2700                     4998.7331728482295       2886.0199429510376       2502.294445801098
1.12443                  3.94                     0.25380710659898476      5.048645083803074E-13    5.157685771449439E-13    0.25                     5.0E10                   2700                     4998.7331728482295       2886.0199429510376       2502.294445801098
1.12443                  3.96                     0.2525252525252525       5.047133989037471E-13    5.154453408912564E-13    0.25                     5.0E10                   2700                     4998.7331728482295       2886.0199429510376       2502.294445801098
1.12443                  3.98                     0.25125628140703515      5.04577431180004E-13     5.151394648350641E-13    0.25                     5.0E10                   2700                     4998.7331728482295       2886.0199429510376       2502.294445801098
1.12443                  4                        0.25                     5.044565667575651E-13    5.148509401580112E-13    0.25                     5.0E10                   2700                     4998.7331728482295       2886.0199429510376       2502.294445801098
1.12443                  4.02                     0.24875621890547264      5.043507177561961E-13    5.145797051507041E-13    0.25                     5.0E10                   2700                     4998.7331728482295       2886.0199429510376       2502.294445801098
1.12443                  4.04                     0.24752475247524755      5.042597510934355E-13    5.143256495791251E-13    0.25                     5.0E10                   2700                     4998.7331728482295       2886.0199429510376       2502.294445801098
1.12443                  4.06                     0.24630541871921185      5.041834925464586E-13    5.140886188908329E-13    0.25                     5.0E10                   2700                     4998.7331728482295       2886.0199429510376       2502.294445801098
1.12443                  4.08                     0.2450980392156863       5.041217306255414E-13    5.138684182145299E-13    0.25                     5.0E10                   2700                     4998.7331728482295       2886.0199429510376       2502.294445801098
1.12443                  4.1                      0.24390243902439027      5.040742202607109E-13    5.136648161894467E-13    0.25                     5.0E10                   2700                     4998.7331728482295       2886.0199429510376       2502.294445801098
1.12443                  4.12                     0.24271844660194172      5.0404068631733E-13      5.134775485991888E-13    0.25                     5.0E10                   2700                     4998.7331728482295       2886.0199429510376       2502.294445801098
1.12443                  4.14                     0.2415458937198068       5.040208269111693E-13    5.133063218143695E-13    0.25                     5.0E10                   2700                     4998.7331728482295       2886.0199429510376       2502.294445801098
1.12443                  4.16                     0.24038461538461536      5.040143165521654E-13    5.131508160486277E-13    0.25                     5.0E10                   2700                     4998.7331728482295       2886.0199429510376       2502.294445801098
1.12443                  4.18                     0.2392344497607656       5.040208091002724E-13    5.130106884402936E-13    0.25                     5.0E10                   2700                     4998.7331728482295       2886.0199429510376       2502.294445801098
1.12443                  4.199999999999999        0.23809523809523814      5.040399405486809E-13    5.128855759319039E-13    0.25                     5.0E10                   2700                     4998.7331728482295       2886.0199429510376       2502.294445801098
1.12443                  4.22                     0.23696682464454977      5.040713316319007E-13    5.127750980004525E-13    0.25                     5.0E10                   2700                     4998.7331728482295       2886.0199429510376       2502.294445801098
1.12443                  4.239999999999999        0.23584905660377362      5.041145902671353E-13    5.126788591868799E-13    0.25                     5.0E10                   2700                     4998.7331728482295       2886.0199429510376       2502.294445801098
1.12443                  4.26                     0.2347417840375587       5.041693138329931E-13    5.125964514925072E-13    0.25                     5.0E10                   2700                     4998.7331728482295       2886.0199429510376       2502.294445801098
1.12443                  4.279999999999999        0.23364485981308417      5.042350912851383E-13    5.125274565746364E-13    0.25                     5.0E10                   2700                     4998.7331728482295       2886.0199429510376       2502.294445801098
1.12443                  4.3                      0.23255813953488372      5.043115051324863E-13    5.12471447837523E-13     0.25                     5.0E10                   2700                     4998.7331728482295       2886.0199429510376       2502.294445801098
1.12443                  4.319999999999999        0.23148148148148148      5.043981332620559E-13    5.124279923203499E-13    0.25                     5.0E10                   2700                     4998.7331728482295       2886.0199429510376       2502.294445801098
1.12443                  4.34                     0.2304147465437788       5.04494550616964E-13     5.123966524879815E-13    0.25                     5.0E10                   2700                     4998.7331728482295       2886.0199429510376       2502.294445801098
1.12443                  4.359999999999999        0.22935779816513763      5.046003307623337E-13    5.123769878747495E-13    0.25                     5.0E10                   2700                     4998.7331728482295       2886.0199429510376       2502.294445801098
1.12443                  4.38                     0.228310502283105        5.047152523722106E-13    5.123687122891222E-13    0.25                     5.0E10                   2700                     4998.7331728482295       2886.0199429510376       2502.294445801098
1.12443                  4.3999999999999995       0.22727272727272732      5.048384843788532E-13    5.123710766756269E-13    0.25                     5.0E10                   2700                     4998.7331728482295       2886.0199429510376       2502.294445801098
1.12443                  4.42                     0.22624434389140272      5.049698052539346E-13    5.123837917744846E-13    0.25                     5.0E10                   2700                     4998.7331728482295       2886.0199429510376       2502.294445801098
1.12443                  4.4399999999999995       0.22522522522522526      5.051087961276034E-13    5.124064192720243E-13    0.25                     5.0E10                   2700                     4998.7331728482295       2886.0199429510376       2502.294445801098
1.12443                  4.46                     0.2242152466367713       5.052550427470512E-13    5.124385243052316E-13    0.25                     5.0E10                   2700                     4998.7331728482295       2886.0199429510376       2502.294445801098
1.12443                  4.4799999999999995       0.2232142857142857       5.054081363584791E-13    5.124796764257768E-13    0.25                     5.0E10                   2700                     4998.7331728482295       2886.0199429510376       2502.294445801098
1.12443                  4.5                      0.22222222222222224      5.055676745150476E-13    5.125294504586848E-13    0.25                     5.0E10                   2700                     4998.7331728482295       2886.0199429510376       2502.294445801098
1.12443                  4.52                     0.22123893805309736      5.057332617732554E-13    5.125874272839728E-13    0.25                     5.0E10                   2700                     4998.7331728482295       2886.0199429510376       2502.294445801098
1.12443                  4.54                     0.22026431718061676      5.059045103381801E-13    5.126531945354247E-13    0.25                     5.0E10                   2700                     4998.7331728482295       2886.0199429510376       2502.294445801098
1.12443                  4.56                     0.21929824561403513      5.060810406071709E-13    5.127263472179271E-13    0.25                     5.0E10                   2700                     4998.7331728482295       2886.0199429510376       2502.294445801098
1.12443                  4.58                     0.21834061135371177      5.062624816712978E-13    5.128064882532645E-13    0.25                     5.0E10                   2700                     4998.7331728482295       2886.0199429510376       2502.294445801098
1.12443                  4.6                      0.2173913043478261       5.064484717194732E-13    5.128932289560024E-13    0.25                     5.0E10                   2700                     4998.7331728482295       2886.0199429510376       2502.294445801098
1.12443                  4.62                     0.21645021645021645      5.066386584062828E-13    5.129861894635016E-13    0.25                     5.0E10                   2700                     4998.7331728482295       2886.0199429510376       2502.294445801098
1.12443                  4.64                     0.21551724137931036      5.068326991539753E-13    5.130849990778336E-13    0.25                     5.0E10                   2700                     4998.7331728482295       2886.0199429510376       2502.294445801098
1.12443                  4.66                     0.2145922746781116       5.070302613973841E-13    5.131892965768348E-13    0.25                     5.0E10                   2700                     4998.7331728482295       2886.0199429510376       2502.294445801098
1.12443                  4.68                     0.21367521367521367      5.072310227759404E-13    5.132987304500561E-13    0.25                     5.0E10                   2700                     4998.7331728482295       2886.0199429510376       2502.294445801098
1.12443                  4.7                      0.2127659574468085       5.074346713064745E-13    5.134129591303805E-13    0.25                     5.0E10                   2700                     4998.7331728482295       2886.0199429510376       2502.294445801098
1.12443                  4.72                     0.211864406779661        5.076409054668084E-13    5.135316511243648E-13    0.25                     5.0E10                   2700                     4998.7331728482295       2886.0199429510376       2502.294445801098
1.12443                  4.739999999999999        0.21097046413502113      5.078494343035313E-13    5.136544851550968E-13    0.25                     5.0E10                   2700                     4998.7331728482295       2886.0199429510376       2502.294445801098
1.12443                  4.76                     0.21008403361344538      5.080599774236393E-13    5.137811502177225E-13    0.25                     5.0E10                   2700                     4998.7331728482295       2886.0199429510376       2502.294445801098
1.12443                  4.779999999999999        0.20920502092050208      5.082722650327343E-13    5.139113456464852E-13    0.25                     5.0E10                   2700                     4998.7331728482295       2886.0199429510376       2502.294445801098
1.12443                  4.8                      0.20833333333333334      5.08486037895973E-13     5.140447811273192E-13    0.25                     5.0E10                   2700                     4998.7331728482295       2886.0199429510376       2502.294445801098
1.12443                  4.819999999999999        0.2074688796680498       5.087010472727515E-13    5.141811766713908E-13    0.25                     5.0E10                   2700                     4998.7331728482295       2886.0199429510376       2502.294445801098
1.12443                  4.84                     0.20661157024793386      5.089170548522814E-13    5.143202625840397E-13    0.25                     5.0E10                   2700                     4998.7331728482295       2886.0199429510376       2502.294445801098
1.12443                  4.859999999999999        0.20576131687242802      5.09133832639101E-13     5.144617793939166E-13    0.25                     5.0E10                   2700                     4998.7331728482295       2886.0199429510376       2502.294445801098
1.12443                  4.88                     0.20491803278688525      5.093511628406188E-13    5.146054777708374E-13    0.25                     5.0E10                   2700                     4998.7331728482295       2886.0199429510376       2502.294445801098
1.12443                  4.8999999999999995       0.20408163265306126      5.095688377103435E-13    5.147511184150416E-13    0.25                     5.0E10                   2700                     4998.7331728482295       2886.0199429510376       2502.294445801098
1.12443                  4.92                     0.2032520325203252       5.097866593988594E-13    5.148984719234217E-13    0.25                     5.0E10                   2700                     4998.7331728482295       2886.0199429510376       2502.294445801098
1.12443                  4.9399999999999995       0.20242914979757085      5.100044397765594E-13    5.150473186685399E-13    0.25                     5.0E10                   2700                     4998.7331728482295       2886.0199429510376       2502.294445801098
1.12443                  4.96                     0.20161290322580644      5.102220002490851E-13    5.151974486144716E-13    0.25                     5.0E10                   2700                     4998.7331728482295       2886.0199429510376       2502.294445801098
1.12443                  4.9799999999999995       0.20080321285140565      5.104391715650262E-13    5.153486611726159E-13    0.25                     5.0E10                   2700                     4998.7331728482295       2886.0199429510376       2502.294445801098
1.12443                  5                        0.2                      5.107534631930383E-13    5.156185439356018E-13    0.25                     5.0E10                   2700                     4998.7331728482295       2886.0199429510376       2502.294445801098
1.12443                  5.02                     0.19920318725099603      5.109679998507956E-13    5.157700250177639E-13    0.25                     5.0E10                   2700                     4998.7331728482295       2886.0199429510376       2502.294445801098
1.12443                  5.04                     0.1984126984126984       5.111816936166733E-13    5.159220350121583E-13    0.25                     5.0E10                   2700                     4998.7331728482295       2886.0199429510376       2502.294445801098
1.12443                  5.06                     0.19762845849802374      5.113944112661134E-13    5.160744104651268E-13    0.25                     5.0E10                   2700                     4998.7331728482295       2886.0199429510376       2502.294445801098
1.12443                  5.08                     0.19685039370078738      5.116060277521287E-13    5.162269962968365E-13    0.25                     5.0E10                   2700                     4998.7331728482295       2886.0199429510376       2502.294445801098
1.12443                  5.1                      0.19607843137254904      5.118164259624231E-13    5.163796455965178E-13    0.25                     5.0E10                   2700                     4998.7331728482295       2886.0199429510376       2502.294445801098
1.12443                  5.12                     0.19531249999999997      5.120254964881622E-13    5.165322193901798E-13    0.25                     5.0E10                   2700                     4998.7331728482295       2886.0199429510376       2502.294445801098
1.12443                  5.14                     0.1945525291828794       5.122331373837E-13       5.166845864321879E-13    0.25                     5.0E10                   2700                     4998.7331728482295       2886.0199429510376       2502.294445801098
1.12443                  5.16                     0.19379844961240308      5.124392539018978E-13    5.1683662296386E-13      0.25                     5.0E10                   2700                     4998.7331728482295       2886.0199429510376       2502.294445801098
1.12443                  5.18                     0.19305019305019305      5.12643758288024E-13     5.169882124977401E-13    0.25                     5.0E10                   2700                     4998.7331728482295       2886.0199429510376       2502.294445801098
1.12443                  5.2                      0.1923076923076923       5.128465694874255E-13    5.171392455900966E-13    0.25                     5.0E10                   2700                     4998.7331728482295       2886.0199429510376       2502.294445801098
1.12443                  5.22                     0.19157088122605365      5.130476129486677E-13    5.172896195994586E-13    0.25                     5.0E10                   2700                     4998.7331728482295       2886.0199429510376       2502.294445801098
1.12443                  5.239999999999999        0.19083969465648856      5.132468203618151E-13    5.174392384756496E-13    0.25                     5.0E10                   2700                     4998.7331728482295       2886.0199429510376       2502.294445801098
1.12443                  5.26                     0.19011406844106465      5.134441294079994E-13    5.17588012529682E-13     0.25                     5.0E10                   2700                     4998.7331728482295       2886.0199429510376       2502.294445801098
1.12443                  5.279999999999999        0.18939393939393942      5.1363948354593E-13      5.177358581906879E-13    0.25                     5.0E10                   2700                     4998.7331728482295       2886.0199429510376       2502.294445801098
1.12443                  5.3                      0.18867924528301888      5.138328317663477E-13    5.178826978146203E-13    0.25                     5.0E10                   2700                     4998.7331728482295       2886.0199429510376       2502.294445801098
1.12443                  5.319999999999999        0.1879699248120301       5.140241283605593E-13    5.180284594314127E-13    0.25                     5.0E10                   2700                     4998.7331728482295       2886.0199429510376       2502.294445801098
1.12443                  5.34                     0.18726591760299627      5.14213332698683E-13     5.181730765541607E-13    0.25                     5.0E10                   2700                     4998.7331728482295       2886.0199429510376       2502.294445801098
1.12443                  5.359999999999999        0.1865671641791045       5.144004089980268E-13    5.183164879421859E-13    0.25                     5.0E10                   2700                     4998.7331728482295       2886.0199429510376       2502.294445801098
1.12443                  5.38                     0.1858736059479554       5.145853261251111E-13    5.184586374056966E-13    0.25                     5.0E10                   2700                     4998.7331728482295       2886.0199429510376       2502.294445801098
1.12443                  5.3999999999999995       0.1851851851851852       5.147680573486624E-13    5.185994735871383E-13    0.25                     5.0E10                   2700                     4998.7331728482295       2886.0199429510376       2502.294445801098
1.12443                  5.42                     0.18450184501845018      5.149485801639907E-13    5.187389497652811E-13    0.25                     5.0E10                   2700                     4998.7331728482295       2886.0199429510376       2502.294445801098
1.12443                  5.4399999999999995       0.18382352941176472      5.151268760715832E-13    5.188770236496243E-13    0.25                     5.0E10                   2700                     4998.7331728482295       2886.0199429510376       2502.294445801098
1.12443                  5.46                     0.18315018315018314      5.153029303720294E-13    5.190136571898639E-13    0.25                     5.0E10                   2700                     4998.7331728482295       2886.0199429510376       2502.294445801098
1.12443                  5.4799999999999995       0.18248175182481755      5.154767319833108E-13    5.191488163744755E-13    0.25                     5.0E10                   2700                     4998.7331728482295       2886.0199429510376       2502.294445801098
1.12443                  5.5                      0.18181818181818182      5.156482732576581E-13    5.192824710602448E-13    0.25                     5.0E10                   2700                     4998.7331728482295       2886.0199429510376       2502.294445801098
1.12443                  5.52                     0.1811594202898551       5.158175497673605E-13    5.194145947740395E-13    0.25                     5.0E10                   2700                     4998.7331728482295       2886.0199429510376       2502.294445801098
1.12443                  5.54                     0.18050541516245486      5.15984560163802E-13     5.195451645487348E-13    0.25                     5.0E10                   2700                     4998.7331728482295       2886.0199429510376       2502.294445801098
1.12443                  5.56                     0.1798561151079137       5.161493059817256E-13    5.19674160741412E-13     0.25                     5.0E10                   2700                     4998.7331728482295       2886.0199429510376       2502.294445801098
1.12443                  5.58                     0.17921146953405018      5.163117914712701E-13    5.198015668686672E-13    0.25                     5.0E10                   2700                     4998.7331728482295       2886.0199429510376       2502.294445801098
1.12443                  5.6                      0.17857142857142858      5.164720234482245E-13    5.199273694465814E-13    0.25                     5.0E10                   2700                     4998.7331728482295       2886.0199429510376       2502.294445801098
1.12443                  5.62                     0.17793594306049823      5.166300111272436E-13    5.200515578330178E-13    0.25                     5.0E10                   2700                     4998.7331728482295       2886.0199429510376       2502.294445801098
1.12443                  5.64                     0.1773049645390071       5.16785765973311E-13     5.201741240657084E-13    0.25                     5.0E10                   2700                     4998.7331728482295       2886.0199429510376       2502.294445801098
1.12443                  5.66                     0.17667844522968196      5.169393015499714E-13    5.202950627284784E-13    0.25                     5.0E10                   2700                     4998.7331728482295       2886.0199429510376       2502.294445801098
1.12443                  5.68                     0.17605633802816903      5.170906333925537E-13    5.204143707937968E-13    0.25                     5.0E10                   2700                     4998.7331728482295       2886.0199429510376       2502.294445801098
1.12443                  5.7                      0.17543859649122806      5.172397788633674E-13    5.205320475014087E-13    0.25                     5.0E10                   2700                     4998.7331728482295       2886.0199429510376       2502.294445801098
1.12443                  5.72                     0.17482517482517484      5.173867570051541E-13    5.206480942008682E-13    0.25                     5.0E10                   2700                     4998.7331728482295       2886.0199429510376       2502.294445801098
1.12443                  5.739999999999999        0.17421602787456447      5.175315884495645E-13    5.207625142497775E-13    0.25                     5.0E10                   2700                     4998.7331728482295       2886.0199429510376       2502.294445801098
1.12443                  5.76                     0.1736111111111111       5.176742952616272E-13    5.208753128642114E-13    0.25                     5.0E10                   2700                     4998.7331728482295       2886.0199429510376       2502.294445801098
1.12443                  5.779999999999999        0.17301038062283738      5.178149008676311E-13    5.209864970293335E-13    0.25                     5.0E10                   2700                     4998.7331728482295       2886.0199429510376       2502.294445801098
1.12443                  5.8                      0.1724137931034483       5.179534298914653E-13    5.210960753459883E-13    0.25                     5.0E10                   2700                     4998.7331728482295       2886.0199429510376       2502.294445801098
1.12443                  5.819999999999999        0.17182130584192443      5.180899080839975E-13    5.212040579550858E-13    0.25                     5.0E10                   2700                     4998.7331728482295       2886.0199429510376       2502.294445801098
1.12443                  5.84                     0.17123287671232879      5.182248529438083E-13    5.213109141772652E-13    0.25                     5.0E10                   2700                     4998.7331728482295       2886.0199429510376       2502.294445801098
1.12443                  5.859999999999999        0.17064846416382254      5.183573179815235E-13    5.214157478743301E-13    0.25                     5.0E10                   2700                     4998.7331728482295       2886.0199429510376       2502.294445801098
1.12443                  5.88                     0.17006802721088435      5.184878152600977E-13    5.215190244736838E-13    0.25                     5.0E10                   2700                     4998.7331728482295       2886.0199429510376       2502.294445801098
1.12443                  5.8999999999999995       0.16949152542372883      5.186163740285522E-13    5.216207591945267E-13    0.25                     5.0E10                   2700                     4998.7331728482295       2886.0199429510376       2502.294445801098
1.12443                  5.92                     0.16891891891891891      5.187430242023639E-13    5.217209683015434E-13    0.25                     5.0E10                   2700                     4998.7331728482295       2886.0199429510376       2502.294445801098
1.12443                  5.9399999999999995       0.16835016835016836      5.188677962678731E-13    5.218196690088387E-13    0.25                     5.0E10                   2700                     4998.7331728482295       2886.0199429510376       2502.294445801098
1.12443                  5.96                     0.16778523489932884      5.189907212009042E-13    5.219168793983606E-13    0.25                     5.0E10                   2700                     4998.7331728482295       2886.0199429510376       2502.294445801098
1.12443                  5.9799999999999995       0.16722408026755856      5.19111830421751E-13     5.220126183484851E-13    0.25                     5.0E10                   2700                     4998.7331728482295       2886.0199429510376       2502.294445801098
1.12443                  6                        0.16666666666666666      5.192311556952564E-13    5.221069054541211E-13    0.25                     5.0E10                   2700                     4998.7331728482295       2886.0199429510376       2502.294445801098
1.12443                  6.02                     0.16611295681063123      5.193487290850687E-13    5.221997609559232E-13    0.25                     5.0E10                   2700                     4998.7331728482295       2886.0199429510376       2502.294445801098
1.12443                  6.04                     0.16556291390728478      5.194645828925548E-13    5.222912056798206E-13    0.25                     5.0E10                   2700                     4998.7331728482295       2886.0199429510376       2502.294445801098
1.12443                  6.06                     0.16501650165016504      5.19578749588439E-13     5.223812609650915E-13    0.25                     5.0E10                   2700                     4998.7331728482295       2886.0199429510376       2502.294445801098
1.12443                  6.08                     0.16447368421052633      5.196912617618754E-13    5.224699486015479E-13    0.25                     5.0E10                   2700                     4998.7331728482295       2886.0199429510376       2502.294445801098
1.12443                  6.1                      0.16393442622950818      5.198021520842651E-13    5.225572907887076E-13    0.25                     5.0E10                   2700                     4998.7331728482295       2886.0199429510376       2502.294445801098
1.12443                  6.12                     0.16339869281045752      5.199114532310973E-13    5.226433100546552E-13    0.25                     5.0E10                   2700                     4998.7331728482295       2886.0199429510376       2502.294445801098
1.12443                  6.14                     0.16286644951140067      5.200191978568601E-13    5.227280292271976E-13    0.25                     5.0E10                   2700                     4998.7331728482295       2886.0199429510376       2502.294445801098
1.12443                  6.16                     0.16233766233766234      5.201254185586664E-13    5.228114713737773E-13    0.25                     5.0E10                   2700                     4998.7331728482295       2886.0199429510376       2502.294445801098
1.12443                  6.18                     0.16181229773462782      5.202301478178649E-13    5.228936597549202E-13    0.25                     5.0E10                   2700                     4998.7331728482295       2886.0199429510376       2502.294445801098
1.12443                  6.2                      0.16129032258064518      5.203334179687397E-13    5.229746177855933E-13    0.25                     5.0E10                   2700                     4998.7331728482295       2886.0199429510376       2502.294445801098
1.12443                  6.22                     0.16077170418006428      5.204352611670718E-13    5.230543689880671E-13    0.25                     5.0E10                   2700                     4998.7331728482295       2886.0199429510376       2502.294445801098
1.12443                  6.24                     0.16025641025641027      5.205357093557032E-13    5.231329369564325E-13    0.25                     5.0E10                   2700                     4998.7331728482295       2886.0199429510376       2502.294445801098
1.12443                  6.26                     0.1597444089456869       5.206347942378376E-13    5.232103453197834E-13    0.25                     5.0E10                   2700                     4998.7331728482295       2886.0199429510376       2502.294445801098
1.12443                  6.279999999999999        0.15923566878980894      5.20732547247514E-13     5.232866177112353E-13    0.25                     5.0E10                   2700                     4998.7331728482295       2886.0199429510376       2502.294445801098
1.12443                  6.3                      0.15873015873015872      5.208289995140262E-13    5.233617777247244E-13    0.25                     5.0E10                   2700                     4998.7331728482295       2886.0199429510376       2502.294445801098
1.12443                  6.319999999999999        0.15822784810126583      5.209241818450798E-13    5.234358488950616E-13    0.25                     5.0E10                   2700                     4998.7331728482295       2886.0199429510376       2502.294445801098
1.12443                  6.34                     0.1577287066246057       5.210181247222087E-13    5.235088546741234E-13    0.25                     5.0E10                   2700                     4998.7331728482295       2886.0199429510376       2502.294445801098
1.12443                  6.359999999999999        0.15723270440251574      5.211108582404819E-13    5.235808183822685E-13    0.25                     5.0E10                   2700                     4998.7331728482295       2886.0199429510376       2502.294445801098
1.12443                  6.38                     0.15673981191222572      5.21202412126018E-13     5.236517632091983E-13    0.25                     5.0E10                   2700                     4998.7331728482295       2886.0199429510376       2502.294445801098
1.12443                  6.3999999999999995       0.15625                  5.212928157083456E-13    5.237217121808958E-13    0.25                     5.0E10                   2700                     4998.7331728482295       2886.0199429510376       2502.294445801098
1.12443                  6.42                     0.1557632398753894       5.213820979028888E-13    5.237906881355829E-13    0.25                     5.0E10                   2700                     4998.7331728482295       2886.0199429510376       2502.294445801098
1.12443                  6.4399999999999995       0.15527950310559008      5.214702871875203E-13    5.238587137042875E-13    0.25                     5.0E10                   2700                     4998.7331728482295       2886.0199429510376       2502.294445801098
1.12443                  6.46                     0.15479876160990713      5.21557411614366E-13     5.239258113015318E-13    0.25                     5.0E10                   2700                     4998.7331728482295       2886.0199429510376       2502.294445801098
1.12443                  6.4799999999999995       0.154320987654321        5.216434987791305E-13    5.239920030987442E-13    0.25                     5.0E10                   2700                     4998.7331728482295       2886.0199429510376       2502.294445801098
1.12443                  6.5                      0.15384615384615383      5.217285758121804E-13    5.240573110114155E-13    0.25                     5.0E10                   2700                     4998.7331728482295       2886.0199429510376       2502.294445801098
1.12443                  6.52                     0.15337423312883436      5.218126693903174E-13    5.241217566963174E-13    0.25                     5.0E10                   2700                     4998.7331728482295       2886.0199429510376       2502.294445801098
1.12443                  6.54                     0.15290519877675843      5.218958056909896E-13    5.24185361511582E-13     0.25                     5.0E10                   2700                     4998.7331728482295       2886.0199429510376       2502.294445801098
1.12443                  6.56                     0.15243902439024393      5.219780104369639E-13    5.242481465427205E-13    0.25                     5.0E10                   2700                     4998.7331728482295       2886.0199429510376       2502.294445801098
1.12443                  6.58                     0.1519756838905775       5.220593088491627E-13    5.243101325593751E-13    0.25                     5.0E10                   2700                     4998.7331728482295       2886.0199429510376       2502.294445801098
1.12443                  6.6                      0.15151515151515152      5.221397256538789E-13    5.243713400212453E-13    0.25                     5.0E10                   2700                     4998.7331728482295       2886.0199429510376       2502.294445801098
1.12443                  6.62                     0.1510574018126888       5.222192850903155E-13    5.244317890701769E-13    0.25                     5.0E10                   2700                     4998.7331728482295       2886.0199429510376       2502.294445801098
1.12443                  6.64                     0.1506024096385542       5.222980109057271E-13    5.244914995213311E-13    0.25                     5.0E10                   2700                     4998.7331728482295       2886.0199429510376       2502.294445801098
1.12443                  6.66                     0.15015015015015015      5.223759263390504E-13    5.245504908512206E-13    0.25                     5.0E10                   2700                     4998.7331728482295       2886.0199429510376       2502.294445801098
1.12443                  6.68                     0.14970059880239522      5.224530541339656E-13    5.246087821978045E-13    0.25                     5.0E10                   2700                     4998.7331728482295       2886.0199429510376       2502.294445801098
1.12443                  6.7                      0.1492537313432836       5.225294165394386E-13    5.246663923576176E-13    0.25                     5.0E10                   2700                     4998.7331728482295       2886.0199429510376       2502.294445801098
1.12443                  6.72                     0.1488095238095238       5.226050353003709E-13    5.247233397742126E-13    0.25                     5.0E10                   2700                     4998.7331728482295       2886.0199429510376       2502.294445801098
1.12443                  6.74                     0.14836795252225518      5.226799316678419E-13    5.24779642542089E-13     0.25                     5.0E10                   2700                     4998.7331728482295       2886.0199429510376       2502.294445801098
1.12443                  6.76                     0.14792899408284024      5.227541264000896E-13    5.248353184023902E-13    0.25                     5.0E10                   2700                     4998.7331728482295       2886.0199429510376       2502.294445801098
1.12443                  6.779999999999999        0.14749262536873156      5.228276397564494E-13    5.2489038473395E-13      0.25                     5.0E10                   2700                     4998.7331728482295       2886.0199429510376       2502.294445801098
1.12443                  6.8                      0.14705882352941177      5.229004915096328E-13    5.249448585638923E-13    0.25                     5.0E10                   2700                     4998.7331728482295       2886.0199429510376       2502.294445801098
1.12443                  6.819999999999999        0.1466275659824047       5.229727009486579E-13    5.249987565596001E-13    0.25                     5.0E10                   2700                     4998.7331728482295       2886.0199429510376       2502.294445801098
1.12443                  6.84                     0.14619883040935674      5.230442868795218E-13    5.250520950289396E-13    0.25                     5.0E10                   2700                     4998.7331728482295       2886.0199429510376       2502.294445801098
1.12443                  6.859999999999999        0.1457725947521866       5.231152676204752E-13    5.251048899174348E-13    0.25                     5.0E10                   2700                     4998.7331728482295       2886.0199429510376       2502.294445801098
1.12443                  6.88                     0.14534883720930233      5.23185661032178E-13     5.251571568201464E-13    0.25                     5.0E10                   2700                     4998.7331728482295       2886.0199429510376       2502.294445801098
1.12443                  6.8999999999999995       0.14492753623188406      5.232554844910723E-13    5.252089109677438E-13    0.25                     5.0E10                   2700                     4998.7331728482295       2886.0199429510376       2502.294445801098
1.12443                  6.92                     0.1445086705202312       5.233247549204287E-13    5.252601672420009E-13    0.25                     5.0E10                   2700                     4998.7331728482295       2886.0199429510376       2502.294445801098
1.12443                  6.9399999999999995       0.1440922190201729       5.233934887833811E-13    5.253109401690683E-13    0.25                     5.0E10                   2700                     4998.7331728482295       2886.0199429510376       2502.294445801098
1.12443                  6.96                     0.14367816091954022      5.234617020871215E-13    5.253612439230252E-13    0.25                     5.0E10                   2700                     4998.7331728482295       2886.0199429510376       2502.294445801098
1.12443                  6.9799999999999995       0.14326647564469916      5.235294103900771E-13    5.254110923268745E-13    0.25                     5.0E10                   2700                     4998.7331728482295       2886.0199429510376       2502.294445801098
1.12443                  7                        0.14285714285714285      5.235966288276236E-13    5.25460498866652E-13     0.25                     5.0E10                   2700                     4998.7331728482295       2886.0199429510376       2502.294445801098
1.12443                  7.02                     0.14245014245014245      5.236633720748062E-13    5.255094766744681E-13    0.25                     5.0E10                   2700                     4998.7331728482295       2886.0199429510376       2502.294445801098
1.12443                  7.04                     0.14204545454545456      5.237296544086237E-13    5.255580385554487E-13    0.25                     5.0E10                   2700                     4998.7331728482295       2886.0199429510376       2502.294445801098
1.12443                  7.06                     0.141643059490085        5.237954896617053E-13    5.256061969693045E-13    0.25                     5.0E10                   2700                     4998.7331728482295       2886.0199429510376       2502.294445801098
1.12443                  7.08                     0.14124293785310735      5.238608912739569E-13    5.256539640516368E-13    0.25                     5.0E10                   2700                     4998.7331728482295       2886.0199429510376       2502.294445801098
1.12443                  7.1                      0.14084507042253522      5.239258722525191E-13    5.257013516011103E-13    0.25                     5.0E10                   2700                     4998.7331728482295       2886.0199429510376       2502.294445801098
1.12443                  7.12                     0.14044943820224717      5.239904452409836E-13    5.257483711087941E-13    0.25                     5.0E10                   2700                     4998.7331728482295       2886.0199429510376       2502.294445801098
1.12443                  7.14                     0.1400560224089636       5.240546224608631E-13    5.257950337303256E-13    0.25                     5.0E10                   2700                     4998.7331728482295       2886.0199429510376       2502.294445801098
1.12443                  7.16                     0.13966480446927376      5.241184157628469E-13    5.258413503169249E-13    0.25                     5.0E10                   2700                     4998.7331728482295       2886.0199429510376       2502.294445801098
1.12443                  7.18                     0.1392757660167131       5.241818366167696E-13    5.258873314061967E-13    0.25                     5.0E10                   2700                     4998.7331728482295       2886.0199429510376       2502.294445801098
1.12443                  7.2                      0.1388888888888889       5.242448961251599E-13    5.259329872335971E-13    0.25                     5.0E10                   2700                     4998.7331728482295       2886.0199429510376       2502.294445801098
1.12443                  7.22                     0.13850415512465375      5.243076050270857E-13    5.259783277334664E-13    0.25                     5.0E10                   2700                     4998.7331728482295       2886.0199429510376       2502.294445801098
1.12443                  7.24                     0.13812154696132597      5.243699737024762E-13    5.26023362543514E-13     0.25                     5.0E10                   2700                     4998.7331728482295       2886.0199429510376       2502.294445801098
1.12443                  7.26                     0.13774104683195593      5.244320121919137E-13    5.260681010152636E-13    0.25                     5.0E10                   2700                     4998.7331728482295       2886.0199429510376       2502.294445801098
1.12443                  7.279999999999999        0.13736263736263737      5.244937301860042E-13    5.26112552210921E-13     0.25                     5.0E10                   2700                     4998.7331728482295       2886.0199429510376       2502.294445801098
1.12443                  7.3                      0.13698630136986303      5.245551370527446E-13    5.261567249167078E-13    0.25                     5.0E10                   2700                     4998.7331728482295       2886.0199429510376       2502.294445801098
1.12443                  7.319999999999999        0.1366120218579235       5.24616241821326E-13     5.262006276421931E-13    0.25                     5.0E10                   2700                     4998.7331728482295       2886.0199429510376       2502.294445801098
1.12443                  7.34                     0.1362397820163488       5.246770532187083E-13    5.262442686290749E-13    0.25                     5.0E10                   2700                     4998.7331728482295       2886.0199429510376       2502.294445801098
1.12443                  7.359999999999999        0.13586956521739132      5.247375796436626E-13    5.262876558533547E-13    0.25                     5.0E10                   2700                     4998.7331728482295       2886.0199429510376       2502.294445801098
1.12443                  7.38                     0.13550135501355012      5.247978292080261E-13    5.263307970346609E-13    0.25                     5.0E10                   2700                     4998.7331728482295       2886.0199429510376       2502.294445801098
1.12443                  7.3999999999999995       0.13513513513513514      5.248578097151795E-13    5.263736996364558E-13    0.25                     5.0E10                   2700                     4998.7331728482295       2886.0199429510376       2502.294445801098
1.12443                  7.42                     0.1347708894878706       5.249175286804252E-13    5.264163708737592E-13    0.25                     5.0E10                   2700                     4998.7331728482295       2886.0199429510376       2502.294445801098
1.12443                  7.4399999999999995       0.13440860215053765      5.249769933475295E-13    5.264588177255077E-13    0.25                     5.0E10                   2700                     4998.7331728482295       2886.0199429510376       2502.294445801098
1.12443                  7.46                     0.13404825737265413      5.250362106720554E-13    5.265010469249142E-13    0.25                     5.0E10                   2700                     4998.7331728482295       2886.0199429510376       2502.294445801098
1.12443                  7.4799999999999995       0.1336898395721925       5.250951873470802E-13    5.265430649754943E-13    0.25                     5.0E10                   2700                     4998.7331728482295       2886.0199429510376       2502.294445801098
1.12443                  7.5                      0.13333333333333333      5.251539298045933E-13    5.265848781544285E-13    0.25                     5.0E10                   2700                     4998.7331728482295       2886.0199429510376       2502.294445801098
1.12443                  7.52                     0.13297872340425532      5.252124442151764E-13    5.266264925143247E-13    0.25                     5.0E10                   2700                     4998.7331728482295       2886.0199429510376       2502.294445801098
1.12443                  7.54                     0.13262599469496023      5.252707365182825E-13    5.26667913896549E-13     0.25                     5.0E10                   2700                     4998.7331728482295       2886.0199429510376       2502.294445801098
1.12443                  7.56                     0.13227513227513227      5.253288123881951E-13    5.26709147924148E-13     0.25                     5.0E10                   2700                     4998.7331728482295       2886.0199429510376       2502.294445801098
1.12443                  7.58                     0.13192612137203166      5.253866772888699E-13    5.267502000207891E-13    0.25                     5.0E10                   2700                     4998.7331728482295       2886.0199429510376       2502.294445801098
1.12443                  7.6                      0.13157894736842105      5.254443364335764E-13    5.267910753988722E-13    0.25                     5.0E10                   2700                     4998.7331728482295       2886.0199429510376       2502.294445801098
1.12443                  7.62                     0.13123359580052493      5.255017948304018E-13    5.268317790837165E-13    0.25                     5.0E10                   2700                     4998.7331728482295       2886.0199429510376       2502.294445801098
1.12443                  7.64                     0.13089005235602094      5.255590572555148E-13    5.268723159012754E-13    0.25                     5.0E10                   2700                     4998.7331728482295       2886.0199429510376       2502.294445801098
1.12443                  7.66                     0.13054830287206268      5.256161282989732E-13    5.269126904978558E-13    0.25                     5.0E10                   2700                     4998.7331728482295       2886.0199429510376       2502.294445801098
1.12443                  7.68                     0.13020833333333334      5.256730123226575E-13    5.269529073351255E-13    0.25                     5.0E10                   2700                     4998.7331728482295       2886.0199429510376       2502.294445801098
1.12443                  7.7                      0.12987012987012989      5.257297135009009E-13    5.269929706901712E-13    0.25                     5.0E10                   2700                     4998.7331728482295       2886.0199429510376       2502.294445801098
1.12443                  7.72                     0.1295336787564767       5.257862358176499E-13    5.270328846792247E-13    0.25                     5.0E10                   2700                     4998.7331728482295       2886.0199429510376       2502.294445801098
1.12443                  7.74                     0.12919896640826872      5.258425830704588E-13    5.270726532438103E-13    0.25                     5.0E10                   2700                     4998.7331728482295       2886.0199429510376       2502.294445801098
1.12443                  7.76                     0.1288659793814433       5.258987588717407E-13    5.271122801625909E-13    0.25                     5.0E10                   2700                     4998.7331728482295       2886.0199429510376       2502.294445801098
1.12443                  7.779999999999999        0.12853470437017997      5.259547666614474E-13    5.271517690560473E-13    0.25                     5.0E10                   2700                     4998.7331728482295       2886.0199429510376       2502.294445801098
1.12443                  7.8                      0.12820512820512822      5.260106097138915E-13    5.271911233915437E-13    0.25                     5.0E10                   2700                     4998.7331728482295       2886.0199429510376       2502.294445801098
1.12443                  7.819999999999999        0.1278772378516624       5.260662911269464E-13    5.272303464820372E-13    0.25                     5.0E10                   2700                     4998.7331728482295       2886.0199429510376       2502.294445801098
1.12443                  7.84                     0.12755102040816327      5.261218138509263E-13    5.272694414982113E-13    0.25                     5.0E10                   2700                     4998.7331728482295       2886.0199429510376       2502.294445801098
1.12443                  7.859999999999999        0.1272264631043257       5.261771806767224E-13    5.273084114675258E-13    0.25                     5.0E10                   2700                     4998.7331728482295       2886.0199429510376       2502.294445801098
1.12443                  7.88                     0.12690355329949238      5.262323942444888E-13    5.273472592805846E-13    0.25                     5.0E10                   2700                     4998.7331728482295       2886.0199429510376       2502.294445801098
1.12443                  7.8999999999999995       0.12658227848101267      5.262874570547645E-13    5.27385987694158E-13     0.25                     5.0E10                   2700                     4998.7331728482295       2886.0199429510376       2502.294445801098
1.12443                  7.92                     0.12626262626262624      5.263423714729961E-13    5.274245993382004E-13    0.25                     5.0E10                   2700                     4998.7331728482295       2886.0199429510376       2502.294445801098
1.12443                  7.9399999999999995       0.12594458438287154      5.263971397079106E-13    5.274630967079709E-13    0.25                     5.0E10                   2700                     4998.7331728482295       2886.0199429510376       2502.294445801098
1.12443                  7.96                     0.12562814070351758      5.264517638626785E-13    5.27501482189171E-13     0.25                     5.0E10                   2700                     4998.7331728482295       2886.0199429510376       2502.294445801098
1.12443                  7.9799999999999995       0.12531328320802007      5.265062459010932E-13    5.275397580398228E-13    0.25                     5.0E10                   2700                     4998.7331728482295       2886.0199429510376       2502.294445801098
1.12443                  8                        0.125                    5.265605876705354E-13    5.275779264087519E-13    0.25                     5.0E10                   2700                     4998.7331728482295       2886.0199429510376       2502.294445801098
1.12443                  8.02                     0.12468827930174564      5.266147908969627E-13    5.276159893308274E-13    0.25                     5.0E10                   2700                     4998.7331728482295       2886.0199429510376       2502.294445801098
1.12443                  8.040000000000001        0.1243781094527363       5.266688571930734E-13    5.276539487335381E-13    0.25                     5.0E10                   2700                     4998.7331728482295       2886.0199429510376       2502.294445801098
1.12443                  8.06                     0.12406947890818859      5.267227880671351E-13    5.27691806445195E-13     0.25                     5.0E10                   2700                     4998.7331728482295       2886.0199429510376       2502.294445801098
1.12443                  8.08                     0.12376237623762378      5.267765849151301E-13    5.27729564186275E-13     0.25                     5.0E10                   2700                     4998.7331728482295       2886.0199429510376       2502.294445801098
1.12443                  8.1                      0.1234567901234568       5.268302490406015E-13    5.27767223588038E-13     0.25                     5.0E10                   2700                     4998.7331728482295       2886.0199429510376       2502.294445801098
1.12443                  8.12                     0.12315270935960593      5.268837816394186E-13    5.278047861800226E-13    0.25                     5.0E10                   2700                     4998.7331728482295       2886.0199429510376       2502.294445801098
1.12443                  8.14                     0.12285012285012284      5.269371838243781E-13    5.278422534079828E-13    0.25                     5.0E10                   2700                     4998.7331728482295       2886.0199429510376       2502.294445801098
1.12443                  8.16                     0.12254901960784315      5.269904566111438E-13    5.278796266273355E-13    0.25                     5.0E10                   2700                     4998.7331728482295       2886.0199429510376       2502.294445801098
1.12443                  8.18                     0.12224938875305624      5.270436009232992E-13    5.279169071033616E-13    0.25                     5.0E10                   2700                     4998.7331728482295       2886.0199429510376       2502.294445801098
1.12443                  8.2                      0.12195121951219513      5.270966176129886E-13    5.279540960291251E-13    0.25                     5.0E10                   2700                     4998.7331728482295       2886.0199429510376       2502.294445801098
1.12443                  8.22                     0.121654501216545        5.271495074462516E-13    5.279911945130039E-13    0.25                     5.0E10                   2700                     4998.7331728482295       2886.0199429510376       2502.294445801098
1.12443                  8.24                     0.12135922330097086      5.272022711092318E-13    5.280282035882263E-13    0.25                     5.0E10                   2700                     4998.7331728482295       2886.0199429510376       2502.294445801098
1.12443                  8.26                     0.12106537530266344      5.272549092103233E-13    5.280651242130073E-13    0.25                     5.0E10                   2700                     4998.7331728482295       2886.0199429510376       2502.294445801098
1.12443                  8.28                     0.1207729468599034       5.273074223073797E-13    5.281019572798056E-13    0.25                     5.0E10                   2700                     4998.7331728482295       2886.0199429510376       2502.294445801098
1.12443                  8.299999999999999        0.1204819277108434       5.273598108646928E-13    5.281387036079975E-13    0.25                     5.0E10                   2700                     4998.7331728482295       2886.0199429510376       2502.294445801098
1.12443                  8.32                     0.12019230769230768      5.274120753054293E-13    5.281753639576431E-13    0.25                     5.0E10                   2700                     4998.7331728482295       2886.0199429510376       2502.294445801098
1.12443                  8.34                     0.11990407673860912      5.274642159673969E-13    5.282119390172258E-13    0.25                     5.0E10                   2700                     4998.7331728482295       2886.0199429510376       2502.294445801098
1.12443                  8.36                     0.1196172248803828       5.275162331456076E-13    5.282484294210821E-13    0.25                     5.0E10                   2700                     4998.7331728482295       2886.0199429510376       2502.294445801098
1.12443                  8.379999999999999        0.11933174224343678      5.275681270720282E-13    5.282848357432833E-13    0.25                     5.0E10                   2700                     4998.7331728482295       2886.0199429510376       2502.294445801098
1.12443                  8.4                      0.11904761904761904      5.276198979247103E-13    5.283211585030176E-13    0.25                     5.0E10                   2700                     4998.7331728482295       2886.0199429510376       2502.294445801098
1.12443                  8.42                     0.11876484560570072      5.276715458249079E-13    5.283573981599765E-13    0.25                     5.0E10                   2700                     4998.7331728482295       2886.0199429510376       2502.294445801098
1.12443                  8.44                     0.11848341232227488      5.277230708616729E-13    5.283935551349507E-13    0.25                     5.0E10                   2700                     4998.7331728482295       2886.0199429510376       2502.294445801098
1.12443                  8.459999999999999        0.11820330969267141      5.277744730602934E-13    5.284296297886665E-13    0.25                     5.0E10                   2700                     4998.7331728482295       2886.0199429510376       2502.294445801098
1.12443                  8.48                     0.1179245283018868       5.278257523968651E-13    5.284656224317314E-13    0.25                     5.0E10                   2700                     4998.7331728482295       2886.0199429510376       2502.294445801098
1.12443                  8.5                      0.11764705882352941      5.278769088238085E-13    5.285015333396969E-13    0.25                     5.0E10                   2700                     4998.7331728482295       2886.0199429510376       2502.294445801098
1.12443                  8.52                     0.11737089201877934      5.279279422443288E-13    5.285373627413127E-13    0.25                     5.0E10                   2700                     4998.7331728482295       2886.0199429510376       2502.294445801098
1.12443                  8.54                     0.117096018735363        5.279788525198306E-13    5.285731108188738E-13    0.25                     5.0E10                   2700                     4998.7331728482295       2886.0199429510376       2502.294445801098
1.12443                  8.56                     0.11682242990654204      5.280296394792769E-13    5.28608777720942E-13     0.25                     5.0E10                   2700                     4998.7331728482295       2886.0199429510376       2502.294445801098
1.12443                  8.58                     0.11655011655011656      5.280803029122316E-13    5.286443635532492E-13    0.25                     5.0E10                   2700                     4998.7331728482295       2886.0199429510376       2502.294445801098
1.12443                  8.6                      0.11627906976744186      5.281308425819573E-13    5.286798683875297E-13    0.25                     5.0E10                   2700                     4998.7331728482295       2886.0199429510376       2502.294445801098
1.12443                  8.62                     0.1160092807424594       5.281812582274414E-13    5.287152922663584E-13    0.25                     5.0E10                   2700                     4998.7331728482295       2886.0199429510376       2502.294445801098
1.12443                  8.64                     0.11574074074074073      5.282315495371963E-13    5.287506351846174E-13    0.25                     5.0E10                   2700                     4998.7331728482295       2886.0199429510376       2502.294445801098
1.12443                  8.66                     0.11547344110854503      5.28281716195417E-13     5.287858971255379E-13    0.25                     5.0E10                   2700                     4998.7331728482295       2886.0199429510376       2502.294445801098
1.12443                  8.68                     0.1152073732718894       5.283317578511289E-13    5.288210780295522E-13    0.25                     5.0E10                   2700                     4998.7331728482295       2886.0199429510376       2502.294445801098
1.12443                  8.7                      0.11494252873563218      5.283816741214858E-13    5.288561778054019E-13    0.25                     5.0E10                   2700                     4998.7331728482295       2886.0199429510376       2502.294445801098
1.12443                  8.72                     0.1146788990825688       5.28431464616856E-13     5.288911963479934E-13    0.25                     5.0E10                   2700                     4998.7331728482295       2886.0199429510376       2502.294445801098
1.12443                  8.74                     0.11441647597254004      5.284811289152439E-13    5.289261335166113E-13    0.25                     5.0E10                   2700                     4998.7331728482295       2886.0199429510376       2502.294445801098
1.12443                  8.76                     0.1141552511415525       5.285324300583137E-13    5.289626439757704E-13    0.25                     5.0E10                   2700                     4998.7331728482295       2886.0199429510376       2502.294445801098
1.12443                  8.78                     0.11389521640091117      5.285818492916228E-13    5.289974266560041E-13    0.25                     5.0E10                   2700                     4998.7331728482295       2886.0199429510376       2502.294445801098
1.12443                  8.8                      0.11363636363636362      5.286311409646347E-13    5.290321274153629E-13    0.25                     5.0E10                   2700                     4998.7331728482295       2886.0199429510376       2502.294445801098
1.12443                  8.82                     0.11337868480725624      5.286803045754225E-13    5.290667460167508E-13    0.25                     5.0E10                   2700                     4998.7331728482295       2886.0199429510376       2502.294445801098
1.12443                  8.84                     0.11312217194570136      5.28729339636034E-13     5.291012822231467E-13    0.25                     5.0E10                   2700                     4998.7331728482295       2886.0199429510376       2502.294445801098
1.12443                  8.86                     0.11286681715575621      5.287782456218972E-13    5.291357357685866E-13    0.25                     5.0E10                   2700                     4998.7331728482295       2886.0199429510376       2502.294445801098
1.12443                  8.879999999999999        0.11261261261261263      5.28827022020899E-13     5.291701063772514E-13    0.25                     5.0E10                   2700                     4998.7331728482295       2886.0199429510376       2502.294445801098
1.12443                  8.9                      0.11235955056179775      5.288756682799517E-13    5.292043937447341E-13    0.25                     5.0E10                   2700                     4998.7331728482295       2886.0199429510376       2502.294445801098
1.12443                  8.92                     0.11210762331838565      5.289241838651844E-13    5.292385975696096E-13    0.25                     5.0E10                   2700                     4998.7331728482295       2886.0199429510376       2502.294445801098
1.12443                  8.94                     0.11185682326621925      5.289725682221981E-13    5.292727175261622E-13    0.25                     5.0E10                   2700                     4998.7331728482295       2886.0199429510376       2502.294445801098
1.12443                  8.959999999999999        0.11160714285714285      5.290208207909797E-13    5.293067532781832E-13    0.25                     5.0E10                   2700                     4998.7331728482295       2886.0199429510376       2502.294445801098
1.12443                  8.98                     0.11135857461024498      5.290689409995151E-13    5.293407044764315E-13    0.25                     5.0E10                   2700                     4998.7331728482295       2886.0199429510376       2502.294445801098
1.12443                  9                        0.11111111111111112      5.291169282782578E-13    5.293745707633311E-13    0.25                     5.0E10                   2700                     4998.7331728482295       2886.0199429510376       2502.294445801098
1.12443                  9.02                     0.11086474501108647      5.291647820481287E-13    5.294083517701439E-13    0.25                     5.0E10                   2700                     4998.7331728482295       2886.0199429510376       2502.294445801098
1.12443                  9.04                     0.11061946902654868      5.292125017305433E-13    5.29442047118128E-13     0.25                     5.0E10                   2700                     4998.7331728482295       2886.0199429510376       2502.294445801098
1.12443                  9.06                     0.11037527593818983      5.292600867434371E-13    5.294756564238685E-13    0.25                     5.0E10                   2700                     4998.7331728482295       2886.0199429510376       2502.294445801098
1.12443                  9.08                     0.11013215859030838      5.293075364915048E-13    5.295091792886551E-13    0.25                     5.0E10                   2700                     4998.7331728482295       2886.0199429510376       2502.294445801098
1.12443                  9.1                      0.1098901098901099       5.293548503930346E-13    5.295426153136821E-13    0.25                     5.0E10                   2700                     4998.7331728482295       2886.0199429510376       2502.294445801098
1.12443                  9.12                     0.10964912280701757      5.294020278618534E-13    5.295759640955798E-13    0.25                     5.0E10                   2700                     4998.7331728482295       2886.0199429510376       2502.294445801098
1.12443                  9.14                     0.10940919037199125      5.294490683059751E-13    5.296092252202795E-13    0.25                     5.0E10                   2700                     4998.7331728482295       2886.0199429510376       2502.294445801098
1.12443                  9.16                     0.10917030567685589      5.294959711423044E-13    5.296423982721656E-13    0.25                     5.0E10                   2700                     4998.7331728482295       2886.0199429510376       2502.294445801098
1.12443                  9.18                     0.10893246187363835      5.295427357769505E-13    5.296754828270461E-13    0.25                     5.0E10                   2700                     4998.7331728482295       2886.0199429510376       2502.294445801098
1.12443                  9.2                      0.10869565217391305      5.29589361633178E-13     5.297084784652884E-13    0.25                     5.0E10                   2700                     4998.7331728482295       2886.0199429510376       2502.294445801098
1.12443                  9.22                     0.10845986984815618      5.296358481350102E-13    5.297413847639898E-13    0.25                     5.0E10                   2700                     4998.7331728482295       2886.0199429510376       2502.294445801098
1.12443                  9.24                     0.10822510822510822      5.296821946890008E-13    5.297742012840679E-13    0.25                     5.0E10                   2700                     4998.7331728482295       2886.0199429510376       2502.294445801098
1.12443                  9.26                     0.1079913606911447       5.297284007331715E-13    5.298069276042853E-13    0.25                     5.0E10                   2700                     4998.7331728482295       2886.0199429510376       2502.294445801098
1.12443                  9.28                     0.10775862068965518      5.297744656888853E-13    5.29839563287117E-13     0.25                     5.0E10                   2700                     4998.7331728482295       2886.0199429510376       2502.294445801098
1.12443                  9.3                      0.10752688172043011      5.298203889993078E-13    5.298721079053671E-13    0.25                     5.0E10                   2700                     4998.7331728482295       2886.0199429510376       2502.294445801098
1.12443                  9.32                     0.1072961373390558       5.298661701043137E-13    5.299045610304062E-13    0.25                     5.0E10                   2700                     4998.7331728482295       2886.0199429510376       2502.294445801098
1.12443                  9.34                     0.10706638115631692      5.299118084342548E-13    5.299369222174404E-13    0.25                     5.0E10                   2700                     4998.7331728482295       2886.0199429510376       2502.294445801098
1.12443                  9.36                     0.10683760683760683      5.29957303456986E-13     5.299691910472916E-13    0.25                     5.0E10                   2700                     4998.7331728482295       2886.0199429510376       2502.294445801098
1.12443                  9.379999999999999        0.10660980810234544      5.300026546196992E-13    5.300013670864636E-13    0.25                     5.0E10                   2700                     4998.7331728482295       2886.0199429510376       2502.294445801098
1.12443                  9.4                      0.10638297872340426      5.300478613888182E-13    5.300334499057519E-13    0.25                     5.0E10                   2700                     4998.7331728482295       2886.0199429510376       2502.294445801098
1.12443                  9.42                     0.10615711252653928      5.300929232472336E-13    5.30065439084225E-13     0.25                     5.0E10                   2700                     4998.7331728482295       2886.0199429510376       2502.294445801098
1.12443                  9.44                     0.1059322033898305       5.301378396649161E-13    5.30097334199043E-13     0.25                     5.0E10                   2700                     4998.7331728482295       2886.0199429510376       2502.294445801098
1.12443                  9.459999999999999        0.10570824524312897      5.301826101281404E-13    5.301291348237838E-13    0.25                     5.0E10                   2700                     4998.7331728482295       2886.0199429510376       2502.294445801098
1.12443                  9.48                     0.10548523206751054      5.30227234123251E-13     5.301608405399886E-13    0.25                     5.0E10                   2700                     4998.7331728482295       2886.0199429510376       2502.294445801098
1.12443                  9.5                      0.10526315789473685      5.302717111715292E-13    5.301924509417116E-13    0.25                     5.0E10                   2700                     4998.7331728482295       2886.0199429510376       2502.294445801098
1.12443                  9.52                     0.10504201680672269      5.303160407769323E-13    5.302239656158691E-13    0.25                     5.0E10                   2700                     4998.7331728482295       2886.0199429510376       2502.294445801098
1.12443                  9.54                     0.10482180293501049      5.303602224577026E-13    5.302553841542098E-13    0.25                     5.0E10                   2700                     4998.7331728482295       2886.0199429510376       2502.294445801098
1.12443                  9.56                     0.10460251046025104      5.304042557455236E-13    5.302867061570395E-13    0.25                     5.0E10                   2700                     4998.7331728482295       2886.0199429510376       2502.294445801098
1.12443                  9.58                     0.10438413361169102      5.30448140181698E-13     5.303179312272517E-13    0.25                     5.0E10                   2700                     4998.7331728482295       2886.0199429510376       2502.294445801098
1.12443                  9.6                      0.10416666666666667      5.30491875316894E-13     5.303490589760363E-13    0.25                     5.0E10                   2700                     4998.7331728482295       2886.0199429510376       2502.294445801098
1.12443                  9.62                     0.10395010395010396      5.305354607054052E-13    5.303800890121136E-13    0.25                     5.0E10                   2700                     4998.7331728482295       2886.0199429510376       2502.294445801098
1.12443                  9.64                     0.10373443983402489      5.305788959188731E-13    5.30411020955321E-13     0.25                     5.0E10                   2700                     4998.7331728482295       2886.0199429510376       2502.294445801098
1.12443                  9.66                     0.10351966873706003      5.306221805368237E-13    5.304418544336351E-13    0.25                     5.0E10                   2700                     4998.7331728482295       2886.0199429510376       2502.294445801098
1.12443                  9.68                     0.10330578512396693      5.306653141394386E-13    5.304725890677637E-13    0.25                     5.0E10                   2700                     4998.7331728482295       2886.0199429510376       2502.294445801098
1.12443                  9.7                      0.10309278350515465      5.307082963414579E-13    5.305032245048556E-13    0.25                     5.0E10                   2700                     4998.7331728482295       2886.0199429510376       2502.294445801098
1.12443                  9.72                     0.102880658436214        5.307511267469315E-13    5.305337603827196E-13    0.25                     5.0E10                   2700                     4998.7331728482295       2886.0199429510376       2502.294445801098
1.12443                  9.74                     0.1026694045174538       5.307938049694573E-13    5.305641963451869E-13    0.25                     5.0E10                   2700                     4998.7331728482295       2886.0199429510376       2502.294445801098
1.12443                  9.76                     0.10245901639344263      5.308363306599934E-13    5.30594532060902E-13     0.25                     5.0E10                   2700                     4998.7331728482295       2886.0199429510376       2502.294445801098
1.12443                  9.78                     0.10224948875255623      5.308787034359498E-13    5.306247671744326E-13    0.25                     5.0E10                   2700                     4998.7331728482295       2886.0199429510376       2502.294445801098
1.12443                  9.8                      0.10204081632653059      5.309209229641696E-13    5.306549013631742E-13    0.25                     5.0E10                   2700                     4998.7331728482295       2886.0199429510376       2502.294445801098
1.12443                  9.82                     0.10183299389002037      5.309629889094077E-13    5.306849343038794E-13    0.25                     5.0E10                   2700                     4998.7331728482295       2886.0199429510376       2502.294445801098
1.12443                  9.84                     0.1016260162601626       5.310049009380815E-13    5.307148656706899E-13    0.25                     5.0E10                   2700                     4998.7331728482295       2886.0199429510376       2502.294445801098
1.12443                  9.86                     0.10141987829614604      5.310466587538908E-13    5.307446951662703E-13    0.25                     5.0E10                   2700                     4998.7331728482295       2886.0199429510376       2502.294445801098
1.12443                  9.879999999999999        0.10121457489878542      5.310882620399099E-13    5.307744224761189E-13    0.25                     5.0E10                   2700                     4998.7331728482295       2886.0199429510376       2502.294445801098
1.12443                  9.9                      0.101010101010101        5.31129710509833E-13     5.308040473098865E-13    0.25                     5.0E10                   2700                     4998.7331728482295       2886.0199429510376       2502.294445801098
1.12443                  9.92                     0.10080645161290322      5.311710038814515E-13    5.308335693754123E-13    0.25                     5.0E10                   2700                     4998.7331728482295       2886.0199429510376       2502.294445801098
1.12443                  9.94                     0.1006036217303823       5.312121418908169E-13    5.308629883970316E-13    0.25                     5.0E10                   2700                     4998.7331728482295       2886.0199429510376       2502.294445801098
1.12443                  9.959999999999999        0.10040160642570282      5.312531242793862E-13    5.308923040988508E-13    0.25                     5.0E10                   2700                     4998.7331728482295       2886.0199429510376       2502.294445801098
1.12443                  9.98                     0.1002004008016032       5.312939508030184E-13    5.309215162138589E-13    0.25                     5.0E10                   2700                     4998.7331728482295       2886.0199429510376       2502.294445801098
1.12443                  10                       0.1                      5.312884476903257E-13    5.308800046036034E-13    0.25                     5.0E10                   2700                     4998.7331728482295       2886.0199429510376       2502.294445801098
