1.03381                  0.1                      10                       5.331360050718638E-13    5.331372668185221E-13    0.25                     5.0E10                   2700                     4793.073706459723        2767.282394670239        2502.294445801098
1.03381                  0.12000000000000001      8.333333333333332        5.36298056121124E-13     5.363549039154594E-13    0.25                     5.0E10                   2700                     4793.073706459723        2767.282394670239        2502.294445801098
1.03381                  0.14                     7.1428571428571415       5.341212182992645E-13    5.339560791862972E-13    0.25                     5.0E10                   2700                     4793.073706459723        2767.282394670239        2502.294445801098
1.03381                  0.16                     6.249999999999999        5.330832445242614E-13    5.331795778459782E-13    0.25                     5.0E10                   2700                     4793.073706459723        2767.282394670239        2502.294445801098
1.03381                  0.18                     5.555555555555555        5.372691763219683E-13    5.372932487123097E-13    0.25                     5.0E10                   2700                     4793.073706459723        2767.282394670239        2502.294445801098
1.03381                  0.2                      5                        5.33450723513817E-13     5.331454366157578E-13    0.25                     5.0E10                   2700                     4793.073706459723        2767.282394670239        2502.294445801098
1.03381                  0.22                     4.545454545454546        5.367781792716058E-13    5.367407336941318E-13    0.25                     5.0E10                   2700                     4793.073706459723        2767.282394670239        2502.294445801098
1.03381                  0.24000000000000002      4.166666666666666        5.363415557708212E-13    5.364161179498286E-13    0.25                     5.0E10                   2700                     4793.073706459723        2767.282394670239        2502.294445801098
1.03381                  0.26                     3.846153846153846        5.349744874491399E-13    5.350247819196838E-13    0.25                     5.0E10                   2700                     4793.073706459723        2767.282394670239        2502.294445801098
1.03381                  0.28                     3.5714285714285707       5.37154946781415E-13     5.372516756857971E-13    0.25                     5.0E10                   2700                     4793.073706459723        2767.282394670239        2502.294445801098
1.03381                  0.30000000000000004      3.3333333333333326       5.36597635255115E-13     5.364588424444523E-13    0.25                     5.0E10                   2700                     4793.073706459723        2767.282394670239        2502.294445801098
1.03381                  0.32                     3.1249999999999996       5.337153598684272E-13    5.333963331247339E-13    0.25                     5.0E10                   2700                     4793.073706459723        2767.282394670239        2502.294445801098
1.03381                  0.33999999999999997      2.9411764705882355       5.37568411096184E-13     5.377762222522536E-13    0.25                     5.0E10                   2700                     4793.073706459723        2767.282394670239        2502.294445801098
1.03381                  0.36                     2.7777777777777777       5.35174952069387E-13     5.354426561249968E-13    0.25                     5.0E10                   2700                     4793.073706459723        2767.282394670239        2502.294445801098
1.03381                  0.38                     2.6315789473684212       5.34725248763128E-13     5.340346529332727E-13    0.25                     5.0E10                   2700                     4793.073706459723        2767.282394670239        2502.294445801098
1.03381                  0.4                      2.5                      5.341568509538776E-13    5.340498725011648E-13    0.25                     5.0E10                   2700                     4793.073706459723        2767.282394670239        2502.294445801098
1.03381                  0.42000000000000004      2.3809523809523805       5.353516017046516E-13    5.342364336636077E-13    0.25                     5.0E10                   2700                     4793.073706459723        2767.282394670239        2502.294445801098
1.03381                  0.44000000000000006      2.272727272727273        5.36683865675691E-13     5.35906784444113E-13     0.25                     5.0E10                   2700                     4793.073706459723        2767.282394670239        2502.294445801098
1.03381                  0.45999999999999996      2.173913043478261        5.398488501796824E-13    5.38456356853151E-13     0.25                     5.0E10                   2700                     4793.073706459723        2767.282394670239        2502.294445801098
1.03381                  0.48                     2.0833333333333335       5.399008231706109E-13    5.380255608210243E-13    0.25                     5.0E10                   2700                     4793.073706459723        2767.282394670239        2502.294445801098
1.03381                  0.5                      2                        5.369191916095745E-13    5.35048743979047E-13     0.25                     5.0E10                   2700                     4793.073706459723        2767.282394670239        2502.294445801098
1.03381                  0.52                     1.923076923076923        5.414450970494659E-13    5.393684816523584E-13    0.25                     5.0E10                   2700                     4793.073706459723        2767.282394670239        2502.294445801098
1.03381                  0.54                     1.8518518518518516       5.388039479303346E-13    5.366616950705407E-13    0.25                     5.0E10                   2700                     4793.073706459723        2767.282394670239        2502.294445801098
1.03381                  0.56                     1.7857142857142854       5.410721000699397E-13    5.381758074302439E-13    0.25                     5.0E10                   2700                     4793.073706459723        2767.282394670239        2502.294445801098
1.03381                  0.58                     1.7241379310344829       5.413215786650631E-13    5.378674332005253E-13    0.25                     5.0E10                   2700                     4793.073706459723        2767.282394670239        2502.294445801098
1.03381                  0.6                      1.6666666666666667       5.43139981413152E-13     5.398915102712764E-13    0.25                     5.0E10                   2700                     4793.073706459723        2767.282394670239        2502.294445801098
1.03381                  0.62                     1.6129032258064515       5.397877249378361E-13    5.366721188183519E-13    0.25                     5.0E10                   2700                     4793.073706459723        2767.282394670239        2502.294445801098
1.03381                  0.64                     1.5624999999999998       5.444345680180882E-13    5.406032139927778E-13    0.25                     5.0E10                   2700                     4793.073706459723        2767.282394670239        2502.294445801098
1.03381                  0.66                     1.515151515151515        5.424910189326904E-13    5.374729458937416E-13    0.25                     5.0E10                   2700                     4793.073706459723        2767.282394670239        2502.294445801098
1.03381                  0.6799999999999999       1.4705882352941178       5.443445942082816E-13    5.387492930205123E-13    0.25                     5.0E10                   2700                     4793.073706459723        2767.282394670239        2502.294445801098
1.03381                  0.7                      1.4285714285714286       5.460850793350036E-13    5.408251261627725E-13    0.25                     5.0E10                   2700                     4793.073706459723        2767.282394670239        2502.294445801098
1.03381                  0.72                     1.3888888888888888       5.424324698230513E-13    5.37408592172589E-13     0.25                     5.0E10                   2700                     4793.073706459723        2767.282394670239        2502.294445801098
1.03381                  0.74                     1.3513513513513513       5.443774743111695E-13    5.389798806814835E-13    0.25                     5.0E10                   2700                     4793.073706459723        2767.282394670239        2502.294445801098
1.03381                  0.76                     1.3157894736842106       5.489740513872022E-13    5.425968220318967E-13    0.25                     5.0E10                   2700                     4793.073706459723        2767.282394670239        2502.294445801098
1.03381                  0.78                     1.2820512820512822       5.481566649364867E-13    5.40588768510893E-13     0.25                     5.0E10                   2700                     4793.073706459723        2767.282394670239        2502.294445801098
1.03381                  0.8                      1.25                     5.461308013574786E-13    5.376915678337627E-13    0.25                     5.0E10                   2700                     4793.073706459723        2767.282394670239        2502.294445801098
1.03381                  0.82                     1.2195121951219514       5.476334075744028E-13    5.389591399623804E-13    0.25                     5.0E10                   2700                     4793.073706459723        2767.282394670239        2502.294445801098
1.03381                  0.84                     1.1904761904761905       5.486902057732579E-13    5.406130338787818E-13    0.25                     5.0E10                   2700                     4793.073706459723        2767.282394670239        2502.294445801098
1.03381                  0.86                     1.1627906976744187       5.468353669519863E-13    5.394467186000568E-13    0.25                     5.0E10                   2700                     4793.073706459723        2767.282394670239        2502.294445801098
1.03381                  0.88                     1.1363636363636365       5.445504246119871E-13    5.375422278696333E-13    0.25                     5.0E10                   2700                     4793.073706459723        2767.282394670239        2502.294445801098
1.03381                  0.9                      1.1111111111111112       5.454187375436406E-13    5.382434143491214E-13    0.25                     5.0E10                   2700                     4793.073706459723        2767.282394670239        2502.294445801098
1.03381                  0.92                     1.0869565217391304       5.486466130550672E-13    5.408151758946579E-13    0.25                     5.0E10                   2700                     4793.073706459723        2767.282394670239        2502.294445801098
1.03381                  0.94                     1.0638297872340425       5.508701540498739E-13    5.421616949756686E-13    0.25                     5.0E10                   2700                     4793.073706459723        2767.282394670239        2502.294445801098
1.03381                  0.96                     1.0416666666666667       5.504363142995154E-13    5.408621525524854E-13    0.25                     5.0E10                   2700                     4793.073706459723        2767.282394670239        2502.294445801098
1.03381                  0.98                     1.0204081632653061       5.487701746789005E-13    5.384547261787033E-13    0.25                     5.0E10                   2700                     4793.073706459723        2767.282394670239        2502.294445801098
1.03381                  1                        1                        5.480472260517829E-13    5.371107225153792E-13    0.25                     5.0E10                   2700                     4793.073706459723        2767.282394670239        2502.294445801098
1.03381                  1.02                     0.9803921568627452       5.49334708907945E-13     5.38260814685837E-13     0.25                     5.0E10                   2700                     4793.073706459723        2767.282394670239        2502.294445801098
1.03381                  1.04                     0.9615384615384615       5.513461576370664E-13    5.405457273995957E-13    0.25                     5.0E10                   2700                     4793.073706459723        2767.282394670239        2502.294445801098
1.03381                  1.06                     0.9433962264150944       5.523281291453603E-13    5.421718443263357E-13    0.25                     5.0E10                   2700                     4793.073706459723        2767.282394670239        2502.294445801098
1.03381                  1.08                     0.9259259259259258       5.513450997663189E-13    5.420517993504774E-13    0.25                     5.0E10                   2700                     4793.073706459723        2767.282394670239        2502.294445801098
1.03381                  1.1                      0.909090909090909        5.488140632662269E-13    5.40394284734969E-13     0.25                     5.0E10                   2700                     4793.073706459723        2767.282394670239        2502.294445801098
1.03381                  1.12                     0.8928571428571427       5.458788849789663E-13    5.382400824841973E-13    0.25                     5.0E10                   2700                     4793.073706459723        2767.282394670239        2502.294445801098
1.03381                  1.1400000000000001       0.8771929824561403       5.439375089565829E-13    5.366889160968036E-13    0.25                     5.0E10                   2700                     4793.073706459723        2767.282394670239        2502.294445801098
1.03381                  1.1600000000000001       0.8620689655172412       5.433540411515557E-13    5.361941082792008E-13    0.25                     5.0E10                   2700                     4793.073706459723        2767.282394670239        2502.294445801098
1.03381                  1.1800000000000002       0.8474576271186439       5.438899484442338E-13    5.365604706343198E-13    0.25                     5.0E10                   2700                     4793.073706459723        2767.282394670239        2502.294445801098
1.03381                  1.2000000000000002       0.8333333333333331       5.448917929750975E-13    5.372094012430745E-13    0.25                     5.0E10                   2700                     4793.073706459723        2767.282394670239        2502.294445801098
1.03381                  1.2200000000000002       0.8196721311475409       5.456970575721576E-13    5.375619456719576E-13    0.25                     5.0E10                   2700                     4793.073706459723        2767.282394670239        2502.294445801098
1.03381                  1.2400000000000002       0.8064516129032256       5.459363872524671E-13    5.373250058763567E-13    0.25                     5.0E10                   2700                     4793.073706459723        2767.282394670239        2502.294445801098
1.03381                  1.26                     0.7936507936507936       5.455907653396173E-13    5.36558374899551E-13     0.25                     5.0E10                   2700                     4793.073706459723        2767.282394670239        2502.294445801098
1.03381                  1.28                     0.7812499999999999       5.450435698293315E-13    5.356671549608511E-13    0.25                     5.0E10                   2700                     4793.073706459723        2767.282394670239        2502.294445801098
1.03381                  1.3                      0.7692307692307692       5.44653601184123E-13     5.350441154864816E-13    0.25                     5.0E10                   2700                     4793.073706459723        2767.282394670239        2502.294445801098
1.03381                  1.32                     0.7575757575757575       5.446989598345182E-13    5.349912201333768E-13    0.25                     5.0E10                   2700                     4793.073706459723        2767.282394670239        2502.294445801098
1.03381                  1.34                     0.7462686567164178       5.452673842906131E-13    5.356135764246453E-13    0.25                     5.0E10                   2700                     4793.073706459723        2767.282394670239        2502.294445801098
1.03381                  1.36                     0.7352941176470588       5.462445879352115E-13    5.368073883514657E-13    0.25                     5.0E10                   2700                     4793.073706459723        2767.282394670239        2502.294445801098
1.03381                  1.3800000000000001       0.7246376811594203       5.473673644637714E-13    5.383110066981817E-13    0.25                     5.0E10                   2700                     4793.073706459723        2767.282394670239        2502.294445801098
1.03381                  1.4000000000000001       0.7142857142857142       5.483092951793757E-13    5.397886569116756E-13    0.25                     5.0E10                   2700                     4793.073706459723        2767.282394670239        2502.294445801098
1.03381                  1.4200000000000002       0.704225352112676        5.487725605651908E-13    5.409213088704642E-13    0.25                     5.0E10                   2700                     4793.073706459723        2767.282394670239        2502.294445801098
1.03381                  1.4400000000000002       0.6944444444444444       5.485957218107172E-13    5.414811170232686E-13    0.25                     5.0E10                   2700                     4793.073706459723        2767.282394670239        2502.294445801098
1.03381                  1.4600000000000002       0.6849315068493149       5.476618111440212E-13    5.41375154048908E-13     0.25                     5.0E10                   2700                     4793.073706459723        2767.282394670239        2502.294445801098
1.03381                  1.4800000000000002       0.6756756756756755       5.460658171749134E-13    5.406314434457099E-13    0.25                     5.0E10                   2700                     4793.073706459723        2767.282394670239        2502.294445801098
1.03381                  1.5000000000000002       0.6666666666666665       5.439874615984095E-13    5.393911914605935E-13    0.25                     5.0E10                   2700                     4793.073706459723        2767.282394670239        2502.294445801098
1.03381                  1.52                     0.6578947368421053       5.416636574178335E-13    5.378588879986786E-13    0.25                     5.0E10                   2700                     4793.073706459723        2767.282394670239        2502.294445801098
1.03381                  1.54                     0.6493506493506493       5.393388369378352E-13    5.362547577539703E-13    0.25                     5.0E10                   2700                     4793.073706459723        2767.282394670239        2502.294445801098
1.03381                  1.56                     0.6410256410256411       5.372250543470044E-13    5.347753700074915E-13    0.25                     5.0E10                   2700                     4793.073706459723        2767.282394670239        2502.294445801098
1.03381                  1.58                     0.6329113924050632       5.354769459533504E-13    5.335678724684237E-13    0.25                     5.0E10                   2700                     4793.073706459723        2767.282394670239        2502.294445801098
1.03381                  1.6                      0.625                    5.341815227157065E-13    5.327183462146054E-13    0.25                     5.0E10                   2700                     4793.073706459723        2767.282394670239        2502.294445801098
1.03381                  1.62                     0.6172839506172839       5.333605575152314E-13    5.322525980564721E-13    0.25                     5.0E10                   2700                     4793.073706459723        2767.282394670239        2502.294445801098
1.03381                  1.6400000000000001       0.6097560975609756       5.329800587111958E-13    5.32143995922312E-13     0.25                     5.0E10                   2700                     4793.073706459723        2767.282394670239        2502.294445801098
1.03381                  1.6600000000000001       0.6024096385542168       5.329653097945022E-13    5.323272559073264E-13    0.25                     5.0E10                   2700                     4793.073706459723        2767.282394670239        2502.294445801098
1.03381                  1.6800000000000002       0.5952380952380951       5.33311864323742E-13     5.328329904893992E-13    0.25                     5.0E10                   2700                     4793.073706459723        2767.282394670239        2502.294445801098
1.03381                  1.7000000000000002       0.588235294117647        5.337305051033241E-13    5.333330821289326E-13    0.25                     5.0E10                   2700                     4793.073706459723        2767.282394670239        2502.294445801098
1.03381                  1.7200000000000002       0.5813953488372092       5.342006067721888E-13    5.338426615583035E-13    0.25                     5.0E10                   2700                     4793.073706459723        2767.282394670239        2502.294445801098
1.03381                  1.7400000000000002       0.5747126436781609       5.346315873036711E-13    5.342813281372591E-13    0.25                     5.0E10                   2700                     4793.073706459723        2767.282394670239        2502.294445801098
1.03381                  1.7600000000000002       0.5681818181818182       5.349545955483592E-13    5.34589738441397E-13     0.25                     5.0E10                   2700                     4793.073706459723        2767.282394670239        2502.294445801098
1.03381                  1.78                     0.5617977528089887       5.351259583756549E-13    5.347326300228734E-13    0.25                     5.0E10                   2700                     4793.073706459723        2767.282394670239        2502.294445801098
1.03381                  1.8                      0.5555555555555556       5.351262899386033E-13    5.346983560577128E-13    0.25                     5.0E10                   2700                     4793.073706459723        2767.282394670239        2502.294445801098
1.03381                  1.82                     0.5494505494505494       5.349580435058181E-13    5.344961291613128E-13    0.25                     5.0E10                   2700                     4793.073706459723        2767.282394670239        2502.294445801098
1.03381                  1.84                     0.5434782608695652       5.346408225701198E-13    5.341514393501723E-13    0.25                     5.0E10                   2700                     4793.073706459723        2767.282394670239        2502.294445801098
1.03381                  1.86                     0.5376344086021505       5.342059635621235E-13    5.337006831677779E-13    0.25                     5.0E10                   2700                     4793.073706459723        2767.282394670239        2502.294445801098
1.03381                  1.8800000000000001       0.5319148936170213       5.336910728854065E-13    5.331857534112876E-13    0.25                     5.0E10                   2700                     4793.073706459723        2767.282394670239        2502.294445801098
1.03381                  1.9000000000000001       0.5263157894736842       5.331351149760104E-13    5.326491787920605E-13    0.25                     5.0E10                   2700                     4793.073706459723        2767.282394670239        2502.294445801098
1.03381                  1.9200000000000002       0.5208333333333333       5.325744284551815E-13    5.321301857707904E-13    0.25                     5.0E10                   2700                     4793.073706459723        2767.282394670239        2502.294445801098
1.03381                  1.9400000000000002       0.5154639175257731       5.32039841106734E-13     5.316618508984388E-13    0.25                     5.0E10                   2700                     4793.073706459723        2767.282394670239        2502.294445801098
1.03381                  1.9600000000000002       0.5102040816326531       5.31554757534437E-13     5.31269306172417E-13     0.25                     5.0E10                   2700                     4793.073706459723        2767.282394670239        2502.294445801098
1.03381                  1.9800000000000002       0.505050505050505        5.31134901508404E-13     5.309691477151237E-13    0.25                     5.0E10                   2700                     4793.073706459723        2767.282394670239        2502.294445801098
1.03381                  2                        0.5                      5.308074054772721E-13    5.307778181911016E-13    0.25                     5.0E10                   2700                     4793.073706459723        2767.282394670239        2502.294445801098
1.03381                  2.02                     0.4950495049504951       5.305324426826685E-13    5.306777789999996E-13    0.25                     5.0E10                   2700                     4793.073706459723        2767.282394670239        2502.294445801098
1.03381                  2.04                     0.4901960784313726       5.303238653710256E-13    5.306711887045832E-13    0.25                     5.0E10                   2700                     4793.073706459723        2767.282394670239        2502.294445801098
1.03381                  2.06                     0.48543689320388345      5.301705661575571E-13    5.307458189923123E-13    0.25                     5.0E10                   2700                     4793.073706459723        2767.282394670239        2502.294445801098
1.03381                  2.08                     0.4807692307692307       5.300580073437367E-13    5.308855320118534E-13    0.25                     5.0E10                   2700                     4793.073706459723        2767.282394670239        2502.294445801098
1.03381                  2.1                      0.47619047619047616      5.299696881694718E-13    5.310717897564163E-13    0.25                     5.0E10                   2700                     4793.073706459723        2767.282394670239        2502.294445801098
1.03381                  2.12                     0.4716981132075472       5.298885129959105E-13    5.312850745052702E-13    0.25                     5.0E10                   2700                     4793.073706459723        2767.282394670239        2502.294445801098
1.03381                  2.14                     0.46728971962616817      5.297979943307212E-13    5.315061536529882E-13    0.25                     5.0E10                   2700                     4793.073706459723        2767.282394670239        2502.294445801098
1.03381                  2.16                     0.4629629629629629       5.296832472966956E-13    5.31717143953597E-13     0.25                     5.0E10                   2700                     4793.073706459723        2767.282394670239        2502.294445801098
1.03381                  2.18                     0.4587155963302752       5.295317519826679E-13    5.31902349258433E-13     0.25                     5.0E10                   2700                     4793.073706459723        2767.282394670239        2502.294445801098
1.03381                  2.2                      0.4545454545454545       5.293338922691377E-13    5.320488835689138E-13    0.25                     5.0E10                   2700                     4793.073706459723        2767.282394670239        2502.294445801098
1.03381                  2.22                     0.45045045045045035      5.290831905455685E-13    5.321469608368808E-13    0.25                     5.0E10                   2700                     4793.073706459723        2767.282394670239        2502.294445801098
1.03381                  2.24                     0.44642857142857134      5.287764745221899E-13    5.321901668817436E-13    0.25                     5.0E10                   2700                     4793.073706459723        2767.282394670239        2502.294445801098
1.03381                  2.2600000000000002       0.44247787610619466      5.28413722157622E-13     5.321753531343055E-13    0.25                     5.0E10                   2700                     4793.073706459723        2767.282394670239        2502.294445801098
1.03381                  2.2800000000000002       0.43859649122807015      5.279978240693323E-13    5.321024625217071E-13    0.25                     5.0E10                   2700                     4793.073706459723        2767.282394670239        2502.294445801098
1.03381                  2.3000000000000003       0.43478260869565216      5.275342200774343E-13    5.319742148241625E-13    0.25                     5.0E10                   2700                     4793.073706459723        2767.282394670239        2502.294445801098
1.03381                  2.3200000000000003       0.4310344827586206       5.27030459147672E-13     5.317957042610317E-13    0.25                     5.0E10                   2700                     4793.073706459723        2767.282394670239        2502.294445801098
1.03381                  2.3400000000000003       0.4273504273504273       5.264957171252002E-13    5.315739433685354E-13    0.25                     5.0E10                   2700                     4793.073706459723        2767.282394670239        2502.294445801098
1.03381                  2.3600000000000003       0.42372881355932196      5.259403027507067E-13    5.313173840629702E-13    0.25                     5.0E10                   2700                     4793.073706459723        2767.282394670239        2502.294445801098
1.03381                  2.3800000000000003       0.4201680672268907       5.253751774794108E-13    5.310354422818226E-13    0.25                     5.0E10                   2700                     4793.073706459723        2767.282394670239        2502.294445801098
1.03381                  2.4000000000000004       0.4166666666666666       5.248115091444588E-13    5.307380474783034E-13    0.25                     5.0E10                   2700                     4793.073706459723        2767.282394670239        2502.294445801098
1.03381                  2.42                     0.4132231404958677       5.24260273855351E-13     5.304352328432842E-13    0.25                     5.0E10                   2700                     4793.073706459723        2767.282394670239        2502.294445801098
1.03381                  2.44                     0.4098360655737705       5.237319153099506E-13    5.301367770043156E-13    0.25                     5.0E10                   2700                     4793.073706459723        2767.282394670239        2502.294445801098
1.03381                  2.46                     0.4065040650406504       5.232360660391285E-13    5.298519032737227E-13    0.25                     5.0E10                   2700                     4793.073706459723        2767.282394670239        2502.294445801098
1.03381                  2.48                     0.4032258064516129       5.227813312677711E-13    5.295890386120754E-13    0.25                     5.0E10                   2700                     4793.073706459723        2767.282394670239        2502.294445801098
1.03381                  2.5                      0.4                      5.225107127558904E-13    5.294114146581738E-13    0.25                     5.0E10                   2700                     4793.073706459723        2767.282394670239        2502.294445801098
1.03381                  2.52                     0.3968253968253968       5.221604234870498E-13    5.292150090789923E-13    0.25                     5.0E10                   2700                     4793.073706459723        2767.282394670239        2502.294445801098
1.03381                  2.54                     0.39370078740157477      5.218691567169184E-13    5.29059351925553E-13     0.25                     5.0E10                   2700                     4793.073706459723        2767.282394670239        2502.294445801098
1.03381                  2.56                     0.39062499999999994      5.216402495917142E-13    5.289482244043429E-13    0.25                     5.0E10                   2700                     4793.073706459723        2767.282394670239        2502.294445801098
1.03381                  2.58                     0.38759689922480617      5.21475825380169E-13     5.28884314803838E-13     0.25                     5.0E10                   2700                     4793.073706459723        2767.282394670239        2502.294445801098
1.03381                  2.6                      0.3846153846153846       5.213767769080807E-13    5.288691601087831E-13    0.25                     5.0E10                   2700                     4793.073706459723        2767.282394670239        2502.294445801098
1.03381                  2.62                     0.3816793893129771       5.213428460012193E-13    5.28903206167937E-13     0.25                     5.0E10                   2700                     4793.073706459723        2767.282394670239        2502.294445801098
1.03381                  2.64                     0.37878787878787873      5.213727200540526E-13    5.289858871466688E-13    0.25                     5.0E10                   2700                     4793.073706459723        2767.282394670239        2502.294445801098
1.03381                  2.66                     0.37593984962406013      5.214641406773852E-13    5.291157192012595E-13    0.25                     5.0E10                   2700                     4793.073706459723        2767.282394670239        2502.294445801098
1.03381                  2.68                     0.3731343283582089       5.216140199920614E-13    5.292904038884734E-13    0.25                     5.0E10                   2700                     4793.073706459723        2767.282394670239        2502.294445801098
1.03381                  2.7                      0.37037037037037035      5.218185608198974E-13    5.295069374277839E-13    0.25                     5.0E10                   2700                     4793.073706459723        2767.282394670239        2502.294445801098
1.03381                  2.72                     0.3676470588235294       5.220733775977497E-13    5.297617225081164E-13    0.25                     5.0E10                   2700                     4793.073706459723        2767.282394670239        2502.294445801098
1.03381                  2.74                     0.36496350364963503      5.223736154537578E-13    5.300506798997189E-13    0.25                     5.0E10                   2700                     4793.073706459723        2767.282394670239        2502.294445801098
1.03381                  2.7600000000000002       0.36231884057971014      5.227140652990515E-13    5.303693575665537E-13    0.25                     5.0E10                   2700                     4793.073706459723        2767.282394670239        2502.294445801098
1.03381                  2.7800000000000002       0.35971223021582727      5.230892733178109E-13    5.307130354735963E-13    0.25                     5.0E10                   2700                     4793.073706459723        2767.282394670239        2502.294445801098
1.03381                  2.8000000000000003       0.3571428571428571       5.234936435454153E-13    5.310768246295403E-13    0.25                     5.0E10                   2700                     4793.073706459723        2767.282394670239        2502.294445801098
1.03381                  2.8200000000000003       0.35460992907801414      5.239215325941599E-13    5.314557592459372E-13    0.25                     5.0E10                   2700                     4793.073706459723        2767.282394670239        2502.294445801098
1.03381                  2.8400000000000003       0.352112676056338        5.243673358250167E-13    5.318448811976731E-13    0.25                     5.0E10                   2700                     4793.073706459723        2767.282394670239        2502.294445801098
1.03381                  2.8600000000000003       0.3496503496503496       5.248255645456526E-13    5.322393162036462E-13    0.25                     5.0E10                   2700                     4793.073706459723        2767.282394670239        2502.294445801098
1.03381                  2.8800000000000003       0.3472222222222222       5.252909139882285E-13    5.326343413803796E-13    0.25                     5.0E10                   2700                     4793.073706459723        2767.282394670239        2502.294445801098
1.03381                  2.9000000000000004       0.3448275862068965       5.257583219995359E-13    5.330254439952154E-13    0.25                     5.0E10                   2700                     4793.073706459723        2767.282394670239        2502.294445801098
1.03381                  2.92                     0.34246575342465757      5.262229949533881E-13    5.334083533775932E-13    0.25                     5.0E10                   2700                     4793.073706459723        2767.282394670239        2502.294445801098
1.03381                  2.94                     0.3401360544217687       5.266805489463183E-13    5.337791604051891E-13    0.25                     5.0E10                   2700                     4793.073706459723        2767.282394670239        2502.294445801098
1.03381                  2.96                     0.33783783783783783      5.271268812093896E-13    5.341342239712926E-13    0.25                     5.0E10                   2700                     4793.073706459723        2767.282394670239        2502.294445801098
1.03381                  2.98                     0.3355704697986577       5.275583069482702E-13    5.34470286189392E-13     0.25                     5.0E10                   2700                     4793.073706459723        2767.282394670239        2502.294445801098
1.03381                  3                        0.3333333333333333       5.279715454529922E-13    5.347844655501221E-13    0.25                     5.0E10                   2700                     4793.073706459723        2767.282394670239        2502.294445801098
1.03381                  3.02                     0.33112582781456956      5.283637288569484E-13    5.350742670990443E-13    0.25                     5.0E10                   2700                     4793.073706459723        2767.282394670239        2502.294445801098
1.03381                  3.04                     0.32894736842105265      5.287324043550076E-13    5.35337586129795E-13     0.25                     5.0E10                   2700                     4793.073706459723        2767.282394670239        2502.294445801098
1.03381                  3.06                     0.32679738562091504      5.290755305162194E-13    5.355727059977998E-13    0.25                     5.0E10                   2700                     4793.073706459723        2767.282394670239        2502.294445801098
1.03381                  3.08                     0.3246753246753247       5.293914683764695E-13    5.357782907039188E-13    0.25                     5.0E10                   2700                     4793.073706459723        2767.282394670239        2502.294445801098
1.03381                  3.1                      0.32258064516129037      5.296789679873252E-13    5.359533729211702E-13    0.25                     5.0E10                   2700                     4793.073706459723        2767.282394670239        2502.294445801098
1.03381                  3.12                     0.32051282051282054      5.299371510861071E-13    5.360973381025508E-13    0.25                     5.0E10                   2700                     4793.073706459723        2767.282394670239        2502.294445801098
1.03381                  3.14                     0.3184713375796178       5.301654905705702E-13    5.362099053435785E-13    0.25                     5.0E10                   2700                     4793.073706459723        2767.282394670239        2502.294445801098
1.03381                  3.16                     0.3164556962025316       5.303637874101698E-13    5.362911056175069E-13    0.25                     5.0E10                   2700                     4793.073706459723        2767.282394670239        2502.294445801098
1.03381                  3.18                     0.31446540880503143      5.305321456095041E-13    5.36341257999048E-13     0.25                     5.0E10                   2700                     4793.073706459723        2767.282394670239        2502.294445801098
1.03381                  3.2                      0.3125                   5.306709457880563E-13    5.363609444293851E-13    0.25                     5.0E10                   2700                     4793.073706459723        2767.282394670239        2502.294445801098
1.03381                  3.22                     0.31055900621118004      5.307808179199443E-13    5.363509835681615E-13    0.25                     5.0E10                   2700                     4793.073706459723        2767.282394670239        2502.294445801098
1.03381                  3.24                     0.30864197530864196      5.308626136971323E-13    5.363124041851556E-13    0.25                     5.0E10                   2700                     4793.073706459723        2767.282394670239        2502.294445801098
1.03381                  3.2600000000000002       0.3067484662576687       5.309173789537775E-13    5.362464185440592E-13    0.25                     5.0E10                   2700                     4793.073706459723        2767.282394670239        2502.294445801098
1.03381                  3.2800000000000002       0.3048780487804878       5.309463265310034E-13    5.36154396138796E-13     0.25                     5.0E10                   2700                     4793.073706459723        2767.282394670239        2502.294445801098
1.03381                  3.3000000000000003       0.30303030303030304      5.309508098959411E-13    5.360378381245939E-13    0.25                     5.0E10                   2700                     4793.073706459723        2767.282394670239        2502.294445801098
1.03381                  3.3200000000000003       0.3012048192771084       5.309322977919881E-13    5.358983526898349E-13    0.25                     5.0E10                   2700                     4793.073706459723        2767.282394670239        2502.294445801098
1.03381                  3.3400000000000003       0.29940119760479045      5.309057624772955E-13    5.3575439338367E-13      0.25                     5.0E10                   2700                     4793.073706459723        2767.282394670239        2502.294445801098
1.03381                  3.3600000000000003       0.29761904761904756      5.308454270991151E-13    5.355732068904683E-13    0.25                     5.0E10                   2700                     4793.073706459723        2767.282394670239        2502.294445801098
1.03381                  3.3800000000000003       0.29585798816568043      5.307668962855917E-13    5.353742600989513E-13    0.25                     5.0E10                   2700                     4793.073706459723        2767.282394670239        2502.294445801098
1.03381                  3.4000000000000004       0.2941176470588235       5.306718809087146E-13    5.35159377400792E-13     0.25                     5.0E10                   2700                     4793.073706459723        2767.282394670239        2502.294445801098
1.03381                  3.4200000000000004       0.29239766081871343      5.305621021871904E-13    5.349303879652803E-13    0.25                     5.0E10                   2700                     4793.073706459723        2767.282394670239        2502.294445801098
1.03381                  3.44                     0.29069767441860467      5.304392755396768E-13    5.34689109948907E-13     0.25                     5.0E10                   2700                     4793.073706459723        2767.282394670239        2502.294445801098
1.03381                  3.46                     0.2890173410404624       5.30305096135409E-13     5.344373363923129E-13    0.25                     5.0E10                   2700                     4793.073706459723        2767.282394670239        2502.294445801098
1.03381                  3.48                     0.28735632183908044      5.301612261699837E-13    5.341768227734044E-13    0.25                     5.0E10                   2700                     4793.073706459723        2767.282394670239        2502.294445801098
1.03381                  3.5                      0.2857142857142857       5.300092837547516E-13    5.339092761544306E-13    0.25                     5.0E10                   2700                     4793.073706459723        2767.282394670239        2502.294445801098
1.03381                  3.52                     0.2840909090909091       5.298509315158528E-13    5.336364272593213E-13    0.25                     5.0E10                   2700                     4793.073706459723        2767.282394670239        2502.294445801098
1.03381                  3.54                     0.2824858757062147       5.296874765128966E-13    5.33359695428258E-13     0.25                     5.0E10                   2700                     4793.073706459723        2767.282394670239        2502.294445801098
1.03381                  3.56                     0.28089887640449435      5.295204510943493E-13    5.330806755466127E-13    0.25                     5.0E10                   2700                     4793.073706459723        2767.282394670239        2502.294445801098
1.03381                  3.58                     0.2793296089385475       5.29351216346564E-13     5.328008022041278E-13    0.25                     5.0E10                   2700                     4793.073706459723        2767.282394670239        2502.294445801098
1.03381                  3.6                      0.2777777777777778       5.291810556852614E-13    5.325214288067191E-13    0.25                     5.0E10                   2700                     4793.073706459723        2767.282394670239        2502.294445801098
1.03381                  3.62                     0.27624309392265195      5.290111718553402E-13    5.322438246771407E-13    0.25                     5.0E10                   2700                     4793.073706459723        2767.282394670239        2502.294445801098
1.03381                  3.64                     0.2747252747252747       5.288426849372966E-13    5.31969173142103E-13     0.25                     5.0E10                   2700                     4793.073706459723        2767.282394670239        2502.294445801098
1.03381                  3.66                     0.27322404371584696      5.286766312594904E-13    5.316985705246261E-13    0.25                     5.0E10                   2700                     4793.073706459723        2767.282394670239        2502.294445801098
1.03381                  3.68                     0.2717391304347826       5.285139631155536E-13    5.314330259204395E-13    0.25                     5.0E10                   2700                     4793.073706459723        2767.282394670239        2502.294445801098
1.03381                  3.7                      0.2702702702702703       5.283555491882999E-13    5.311734616723564E-13    0.25                     5.0E10                   2700                     4793.073706459723        2767.282394670239        2502.294445801098
1.03381                  3.72                     0.26881720430107525      5.282021756066995E-13    5.309207144751803E-13    0.25                     5.0E10                   2700                     4793.073706459723        2767.282394670239        2502.294445801098
1.03381                  3.74                     0.267379679144385        5.280545475328148E-13    5.306755370080093E-13    0.25                     5.0E10                   2700                     4793.073706459723        2767.282394670239        2502.294445801098
1.03381                  3.7600000000000002       0.26595744680851063      5.279132912131121E-13    5.304386000147799E-13    0.25                     5.0E10                   2700                     4793.073706459723        2767.282394670239        2502.294445801098
1.03381                  3.7800000000000002       0.26455026455026454      5.277789564131403E-13    5.302104947759795E-13    0.25                     5.0E10                   2700                     4793.073706459723        2767.282394670239        2502.294445801098
1.03381                  3.8000000000000003       0.2631578947368421       5.276520191717453E-13    5.299917358945672E-13    0.25                     5.0E10                   2700                     4793.073706459723        2767.282394670239        2502.294445801098
1.03381                  3.8200000000000003       0.26178010471204183      5.275328848177663E-13    5.297827643435282E-13    0.25                     5.0E10                   2700                     4793.073706459723        2767.282394670239        2502.294445801098
1.03381                  3.8400000000000003       0.26041666666666663      5.274218911872791E-13    5.295839507094435E-13    0.25                     5.0E10                   2700                     4793.073706459723        2767.282394670239        2502.294445801098
1.03381                  3.8600000000000003       0.25906735751295334      5.273193119855126E-13    5.293955985874937E-13    0.25                     5.0E10                   2700                     4793.073706459723        2767.282394670239        2502.294445801098
1.03381                  3.8800000000000003       0.25773195876288657      5.272253602672716E-13    5.292179480940035E-13    0.25                     5.0E10                   2700                     4793.073706459723        2767.282394670239        2502.294445801098
1.03381                  3.9000000000000004       0.2564102564102564       5.271401919794647E-13    5.290511794362776E-13    0.25                     5.0E10                   2700                     4793.073706459723        2767.282394670239        2502.294445801098
1.03381                  3.9200000000000004       0.25510204081632654      5.270639095357827E-13    5.28895416524997E-13     0.25                     5.0E10                   2700                     4793.073706459723        2767.282394670239        2502.294445801098
1.03381                  3.94                     0.25380710659898476      5.269965653869252E-13    5.287507305834106E-13    0.25                     5.0E10                   2700                     4793.073706459723        2767.282394670239        2502.294445801098
1.03381                  3.96                     0.2525252525252525       5.26938165585299E-13     5.286171437410087E-13    0.25                     5.0E10                   2700                     4793.073706459723        2767.282394670239        2502.294445801098
1.03381                  3.98                     0.25125628140703515      5.268886732703181E-13    5.284946325676012E-13    0.25                     5.0E10                   2700                     4793.073706459723        2767.282394670239        2502.294445801098
1.03381                  4                        0.25                     5.268480121177311E-13    5.283831315595335E-13    0.25                     5.0E10                   2700                     4793.073706459723        2767.282394670239        2502.294445801098
1.03381                  4.02                     0.24875621890547264      5.268160696866278E-13    5.282825365374946E-13    0.25                     5.0E10                   2700                     4793.073706459723        2767.282394670239        2502.294445801098
1.03381                  4.04                     0.24752475247524755      5.267927006632776E-13    5.281927079352262E-13    0.25                     5.0E10                   2700                     4793.073706459723        2767.282394670239        2502.294445801098
1.03381                  4.06                     0.24630541871921185      5.267777300185398E-13    5.281134740101273E-13    0.25                     5.0E10                   2700                     4793.073706459723        2767.282394670239        2502.294445801098
1.03381                  4.08                     0.2450980392156863       5.267709560255784E-13    5.280446339076247E-13    0.25                     5.0E10                   2700                     4793.073706459723        2767.282394670239        2502.294445801098
1.03381                  4.1                      0.24390243902439027      5.267721531612503E-13    5.2798596062829E-13      0.25                     5.0E10                   2700                     4793.073706459723        2767.282394670239        2502.294445801098
1.03381                  4.12                     0.24271844660194172      5.267810748838379E-13    5.279372038560568E-13    0.25                     5.0E10                   2700                     4793.073706459723        2767.282394670239        2502.294445801098
1.03381                  4.14                     0.2415458937198068       5.267974562669783E-13    5.278980926573131E-13    0.25                     5.0E10                   2700                     4793.073706459723        2767.282394670239        2502.294445801098
1.03381                  4.16                     0.24038461538461536      5.26821016507559E-13     5.278683380453006E-13    0.25                     5.0E10                   2700                     4793.073706459723        2767.282394670239        2502.294445801098
1.03381                  4.18                     0.2392344497607656       5.268514612908101E-13    5.278476354224056E-13    0.25                     5.0E10                   2700                     4793.073706459723        2767.282394670239        2502.294445801098
1.03381                  4.199999999999999        0.23809523809523814      5.268884850283423E-13    5.278356668675202E-13    0.25                     5.0E10                   2700                     4793.073706459723        2767.282394670239        2502.294445801098
1.03381                  4.22                     0.23696682464454977      5.269317729511733E-13    5.278321033161821E-13    0.25                     5.0E10                   2700                     4793.073706459723        2767.282394670239        2502.294445801098
1.03381                  4.239999999999999        0.23584905660377362      5.269810030807073E-13    5.278366065828262E-13    0.25                     5.0E10                   2700                     4793.073706459723        2767.282394670239        2502.294445801098
1.03381                  4.26                     0.2347417840375587       5.270358480632651E-13    5.27848831285925E-13     0.25                     5.0E10                   2700                     4793.073706459723        2767.282394670239        2502.294445801098
1.03381                  4.279999999999999        0.23364485981308417      5.270959768707881E-13    5.278684266046137E-13    0.25                     5.0E10                   2700                     4793.073706459723        2767.282394670239        2502.294445801098
1.03381                  4.3                      0.23255813953488372      5.271610564016182E-13    5.278950379696989E-13    0.25                     5.0E10                   2700                     4793.073706459723        2767.282394670239        2502.294445801098
1.03381                  4.319999999999999        0.23148148148148148      5.272307529299634E-13    5.27928308568129E-13     0.25                     5.0E10                   2700                     4793.073706459723        2767.282394670239        2502.294445801098
1.03381                  4.34                     0.2304147465437788       5.273047334592101E-13    5.279678807878144E-13    0.25                     5.0E10                   2700                     4793.073706459723        2767.282394670239        2502.294445801098
1.03381                  4.359999999999999        0.22935779816513763      5.273826669665614E-13    5.280133975347301E-13    0.25                     5.0E10                   2700                     4793.073706459723        2767.282394670239        2502.294445801098
1.03381                  4.38                     0.228310502283105        5.274644247013028E-13    5.280646537170462E-13    0.25                     5.0E10                   2700                     4793.073706459723        2767.282394670239        2502.294445801098
1.03381                  4.3999999999999995       0.22727272727272732      5.275492888683217E-13    5.281210008261059E-13    0.25                     5.0E10                   2700                     4793.073706459723        2767.282394670239        2502.294445801098
1.03381                  4.42                     0.22624434389140272      5.276371355605494E-13    5.28182235830491E-13     0.25                     5.0E10                   2700                     4793.073706459723        2767.282394670239        2502.294445801098
1.03381                  4.4399999999999995       0.22522522522522526      5.277276519208166E-13    5.282480147311972E-13    0.25                     5.0E10                   2700                     4793.073706459723        2767.282394670239        2502.294445801098
1.03381                  4.46                     0.2242152466367713       5.278205317345752E-13    5.283179990915368E-13    0.25                     5.0E10                   2700                     4793.073706459723        2767.282394670239        2502.294445801098
1.03381                  4.4799999999999995       0.2232142857142857       5.279154760871917E-13    5.283918567808231E-13    0.25                     5.0E10                   2700                     4793.073706459723        2767.282394670239        2502.294445801098
1.03381                  4.5                      0.22222222222222224      5.280121939591853E-13    5.284692626261941E-13    0.25                     5.0E10                   2700                     4793.073706459723        2767.282394670239        2502.294445801098
1.03381                  4.52                     0.22123893805309736      5.281104027189747E-13    5.285498989981235E-13    0.25                     5.0E10                   2700                     4793.073706459723        2767.282394670239        2502.294445801098
1.03381                  4.54                     0.22026431718061676      5.282098285769023E-13    5.286334563247138E-13    0.25                     5.0E10                   2700                     4793.073706459723        2767.282394670239        2502.294445801098
1.03381                  4.56                     0.21929824561403513      5.283102069429906E-13    5.287196335320159E-13    0.25                     5.0E10                   2700                     4793.073706459723        2767.282394670239        2502.294445801098
1.03381                  4.58                     0.21834061135371177      5.284112827535663E-13    5.288081384258395E-13    0.25                     5.0E10                   2700                     4793.073706459723        2767.282394670239        2502.294445801098
1.03381                  4.6                      0.2173913043478261       5.285128107062352E-13    5.288986880073589E-13    0.25                     5.0E10                   2700                     4793.073706459723        2767.282394670239        2502.294445801098
1.03381                  4.62                     0.21645021645021645      5.28614555466893E-13     5.289910087530065E-13    0.25                     5.0E10                   2700                     4793.073706459723        2767.282394670239        2502.294445801098
1.03381                  4.64                     0.21551724137931036      5.287162918194421E-13    5.290848368155154E-13    0.25                     5.0E10                   2700                     4793.073706459723        2767.282394670239        2502.294445801098
1.03381                  4.66                     0.2145922746781116       5.288178047580479E-13    5.291799181931298E-13    0.25                     5.0E10                   2700                     4793.073706459723        2767.282394670239        2502.294445801098
1.03381                  4.68                     0.21367521367521367      5.28918889543824E-13     5.292760088386577E-13    0.25                     5.0E10                   2700                     4793.073706459723        2767.282394670239        2502.294445801098
1.03381                  4.7                      0.2127659574468085       5.290193517356377E-13    5.29372874767206E-13     0.25                     5.0E10                   2700                     4793.073706459723        2767.282394670239        2502.294445801098
1.03381                  4.72                     0.211864406779661        5.29119007155587E-13     5.294702920654599E-13    0.25                     5.0E10                   2700                     4793.073706459723        2767.282394670239        2502.294445801098
1.03381                  4.739999999999999        0.21097046413502113      5.292176818520026E-13    5.295680469203828E-13    0.25                     5.0E10                   2700                     4793.073706459723        2767.282394670239        2502.294445801098
1.03381                  4.76                     0.21008403361344538      5.293152119952831E-13    5.296659355673974E-13    0.25                     5.0E10                   2700                     4793.073706459723        2767.282394670239        2502.294445801098
1.03381                  4.779999999999999        0.20920502092050208      5.294114437828759E-13    5.297637642536891E-13    0.25                     5.0E10                   2700                     4793.073706459723        2767.282394670239        2502.294445801098
1.03381                  4.8                      0.20833333333333334      5.295062333059305E-13    5.298613491492221E-13    0.25                     5.0E10                   2700                     4793.073706459723        2767.282394670239        2502.294445801098
1.03381                  4.819999999999999        0.2074688796680498       5.295994463717131E-13    5.299585162298042E-13    0.25                     5.0E10                   2700                     4793.073706459723        2767.282394670239        2502.294445801098
1.03381                  4.84                     0.20661157024793386      5.296909583418114E-13    5.300551011506417E-13    0.25                     5.0E10                   2700                     4793.073706459723        2767.282394670239        2502.294445801098
1.03381                  4.859999999999999        0.20576131687242802      5.29780653927471E-13     5.301509490933294E-13    0.25                     5.0E10                   2700                     4793.073706459723        2767.282394670239        2502.294445801098
1.03381                  4.88                     0.20491803278688525      5.298684269851246E-13    5.302459146003346E-13    0.25                     5.0E10                   2700                     4793.073706459723        2767.282394670239        2502.294445801098
1.03381                  4.8999999999999995       0.20408163265306126      5.299541802716518E-13    5.303398613856017E-13    0.25                     5.0E10                   2700                     4793.073706459723        2767.282394670239        2502.294445801098
1.03381                  4.92                     0.2032520325203252       5.30037825221174E-13     5.304326621275423E-13    0.25                     5.0E10                   2700                     4793.073706459723        2767.282394670239        2502.294445801098
1.03381                  4.9399999999999995       0.20242914979757085      5.301192816904944E-13    5.305241982791343E-13    0.25                     5.0E10                   2700                     4793.073706459723        2767.282394670239        2502.294445801098
1.03381                  4.96                     0.20161290322580644      5.30198477701158E-13     5.306143598157365E-13    0.25                     5.0E10                   2700                     4793.073706459723        2767.282394670239        2502.294445801098
1.03381                  4.9799999999999995       0.20080321285140565      5.302753491826895E-13    5.307030450292603E-13    0.25                     5.0E10                   2700                     4793.073706459723        2767.282394670239        2502.294445801098
1.03381                  5                        0.2                      5.304530235549523E-13    5.309117211386505E-13    0.25                     5.0E10                   2700                     4793.073706459723        2767.282394670239        2502.294445801098
1.03381                  5.02                     0.19920318725099603      5.305230122916636E-13    5.309951968031915E-13    0.25                     5.0E10                   2700                     4793.073706459723        2767.282394670239        2502.294445801098
1.03381                  5.04                     0.1984126984126984       5.305905545960742E-13    5.310769565214386E-13    0.25                     5.0E10                   2700                     4793.073706459723        2767.282394670239        2502.294445801098
1.03381                  5.06                     0.19762845849802374      5.306556155181655E-13    5.311569300704806E-13    0.25                     5.0E10                   2700                     4793.073706459723        2767.282394670239        2502.294445801098
1.03381                  5.08                     0.19685039370078738      5.30718166582434E-13     5.312350542144757E-13    0.25                     5.0E10                   2700                     4793.073706459723        2767.282394670239        2502.294445801098
1.03381                  5.1                      0.19607843137254904      5.307781855031997E-13    5.313112724606093E-13    0.25                     5.0E10                   2700                     4793.073706459723        2767.282394670239        2502.294445801098
1.03381                  5.12                     0.19531249999999997      5.308356559163248E-13    5.313855347875275E-13    0.25                     5.0E10                   2700                     4793.073706459723        2767.282394670239        2502.294445801098
1.03381                  5.14                     0.1945525291828794       5.308905671063954E-13    5.314577974045912E-13    0.25                     5.0E10                   2700                     4793.073706459723        2767.282394670239        2502.294445801098
1.03381                  5.16                     0.19379844961240308      5.309429137103535E-13    5.31528022477947E-13     0.25                     5.0E10                   2700                     4793.073706459723        2767.282394670239        2502.294445801098
1.03381                  5.18                     0.19305019305019305      5.309926954875447E-13    5.31596177888017E-13     0.25                     5.0E10                   2700                     4793.073706459723        2767.282394670239        2502.294445801098
1.03381                  5.2                      0.1923076923076923       5.310399170023746E-13    5.316622369765186E-13    0.25                     5.0E10                   2700                     4793.073706459723        2767.282394670239        2502.294445801098
1.03381                  5.22                     0.19157088122605365      5.310845874095148E-13    5.317261782828803E-13    0.25                     5.0E10                   2700                     4793.073706459723        2767.282394670239        2502.294445801098
1.03381                  5.239999999999999        0.19083969465648856      5.311267201762504E-13    5.317879853140305E-13    0.25                     5.0E10                   2700                     4793.073706459723        2767.282394670239        2502.294445801098
1.03381                  5.26                     0.19011406844106465      5.311663328186175E-13    5.318476462994591E-13    0.25                     5.0E10                   2700                     4793.073706459723        2767.282394670239        2502.294445801098
1.03381                  5.279999999999999        0.18939393939393942      5.312034466774667E-13    5.319051539307882E-13    0.25                     5.0E10                   2700                     4793.073706459723        2767.282394670239        2502.294445801098
1.03381                  5.3                      0.18867924528301888      5.312380866670828E-13    5.31960505163526E-13     0.25                     5.0E10                   2700                     4793.073706459723        2767.282394670239        2502.294445801098
1.03381                  5.319999999999999        0.1879699248120301       5.312702810398733E-13    5.320137009529684E-13    0.25                     5.0E10                   2700                     4793.073706459723        2767.282394670239        2502.294445801098
1.03381                  5.34                     0.18726591760299627      5.313000611622382E-13    5.320647460577732E-13    0.25                     5.0E10                   2700                     4793.073706459723        2767.282394670239        2502.294445801098
1.03381                  5.359999999999999        0.1865671641791045       5.313274612849303E-13    5.321136487994755E-13    0.25                     5.0E10                   2700                     4793.073706459723        2767.282394670239        2502.294445801098
1.03381                  5.38                     0.1858736059479554       5.313525183490003E-13    5.321604208652699E-13    0.25                     5.0E10                   2700                     4793.073706459723        2767.282394670239        2502.294445801098
1.03381                  5.3999999999999995       0.1851851851851852       5.313752717442545E-13    5.32205077089485E-13     0.25                     5.0E10                   2700                     4793.073706459723        2767.282394670239        2502.294445801098
1.03381                  5.42                     0.18450184501845018      5.313957631431646E-13    5.322476352607057E-13    0.25                     5.0E10                   2700                     4793.073706459723        2767.282394670239        2502.294445801098
1.03381                  5.4399999999999995       0.18382352941176472      5.314140362891282E-13    5.322881159206184E-13    0.25                     5.0E10                   2700                     4793.073706459723        2767.282394670239        2502.294445801098
1.03381                  5.46                     0.18315018315018314      5.314301368038321E-13    5.32326542178334E-13     0.25                     5.0E10                   2700                     4793.073706459723        2767.282394670239        2502.294445801098
1.03381                  5.4799999999999995       0.18248175182481755      5.314441120222073E-13    5.323629395229995E-13    0.25                     5.0E10                   2700                     4793.073706459723        2767.282394670239        2502.294445801098
1.03381                  5.5                      0.18181818181818182      5.314560108197317E-13    5.323973356522376E-13    0.25                     5.0E10                   2700                     4793.073706459723        2767.282394670239        2502.294445801098
1.03381                  5.52                     0.1811594202898551       5.314658834216782E-13    5.324297602953197E-13    0.25                     5.0E10                   2700                     4793.073706459723        2767.282394670239        2502.294445801098
1.03381                  5.54                     0.18050541516245486      5.314737812795662E-13    5.324602450580208E-13    0.25                     5.0E10                   2700                     4793.073706459723        2767.282394670239        2502.294445801098
1.03381                  5.56                     0.1798561151079137       5.314797568972421E-13    5.324888232552275E-13    0.25                     5.0E10                   2700                     4793.073706459723        2767.282394670239        2502.294445801098
1.03381                  5.58                     0.17921146953405018      5.314838636847728E-13    5.325155297619294E-13    0.25                     5.0E10                   2700                     4793.073706459723        2767.282394670239        2502.294445801098
1.03381                  5.6                      0.17857142857142858      5.314861558328641E-13    5.325404008703735E-13    0.25                     5.0E10                   2700                     4793.073706459723        2767.282394670239        2502.294445801098
1.03381                  5.62                     0.17793594306049823      5.314866881719099E-13    5.325634741506326E-13    0.25                     5.0E10                   2700                     4793.073706459723        2767.282394670239        2502.294445801098
1.03381                  5.64                     0.1773049645390071       5.314855160477165E-13    5.325847883067259E-13    0.25                     5.0E10                   2700                     4793.073706459723        2767.282394670239        2502.294445801098
1.03381                  5.66                     0.17667844522968196      5.314826951986619E-13    5.326043830644189E-13    0.25                     5.0E10                   2700                     4793.073706459723        2767.282394670239        2502.294445801098
1.03381                  5.68                     0.17605633802816903      5.314782816556324E-13    5.32622299033621E-13     0.25                     5.0E10                   2700                     4793.073706459723        2767.282394670239        2502.294445801098
1.03381                  5.7                      0.17543859649122806      5.314723316277446E-13    5.326385776096058E-13    0.25                     5.0E10                   2700                     4793.073706459723        2767.282394670239        2502.294445801098
1.03381                  5.72                     0.17482517482517484      5.314649013819007E-13    5.326532608375123E-13    0.25                     5.0E10                   2700                     4793.073706459723        2767.282394670239        2502.294445801098
1.03381                  5.739999999999999        0.17421602787456447      5.314560471857977E-13    5.326663913344685E-13    0.25                     5.0E10                   2700                     4793.073706459723        2767.282394670239        2502.294445801098
1.03381                  5.76                     0.1736111111111111       5.314458251788416E-13    5.326780121635742E-13    0.25                     5.0E10                   2700                     4793.073706459723        2767.282394670239        2502.294445801098
1.03381                  5.779999999999999        0.17301038062283738      5.314342913356841E-13    5.326881667698484E-13    0.25                     5.0E10                   2700                     4793.073706459723        2767.282394670239        2502.294445801098
1.03381                  5.8                      0.1724137931034483       5.314215013292778E-13    5.326968988499403E-13    0.25                     5.0E10                   2700                     4793.073706459723        2767.282394670239        2502.294445801098
1.03381                  5.819999999999999        0.17182130584192443      5.31407510496146E-13     5.327042523040582E-13    0.25                     5.0E10                   2700                     4793.073706459723        2767.282394670239        2502.294445801098
1.03381                  5.84                     0.17123287671232879      5.313928741146364E-13    5.327107517289971E-13    0.25                     5.0E10                   2700                     4793.073706459723        2767.282394670239        2502.294445801098
1.03381                  5.859999999999999        0.17064846416382254      5.313766532337421E-13    5.327154867230683E-13    0.25                     5.0E10                   2700                     4793.073706459723        2767.282394670239        2502.294445801098
1.03381                  5.88                     0.17006802721088435      5.31359394882493E-13     5.327189752078328E-13    0.25                     5.0E10                   2700                     4793.073706459723        2767.282394670239        2502.294445801098
1.03381                  5.8999999999999995       0.16949152542372883      5.313411523632809E-13    5.327212610730572E-13    0.25                     5.0E10                   2700                     4793.073706459723        2767.282394670239        2502.294445801098
1.03381                  5.92                     0.16891891891891891      5.313219783358304E-13    5.327223880466447E-13    0.25                     5.0E10                   2700                     4793.073706459723        2767.282394670239        2502.294445801098
1.03381                  5.9399999999999995       0.16835016835016836      5.31301924764227E-13     5.327223996276112E-13    0.25                     5.0E10                   2700                     4793.073706459723        2767.282394670239        2502.294445801098
1.03381                  5.96                     0.16778523489932884      5.312810428644425E-13    5.32721339029618E-13     0.25                     5.0E10                   2700                     4793.073706459723        2767.282394670239        2502.294445801098
1.03381                  5.9799999999999995       0.16722408026755856      5.312593830931324E-13    5.32719249138619E-13     0.25                     5.0E10                   2700                     4793.073706459723        2767.282394670239        2502.294445801098
1.03381                  6                        0.16666666666666666      5.312369950784029E-13    5.327161724577724E-13    0.25                     5.0E10                   2700                     4793.073706459723        2767.282394670239        2502.294445801098
1.03381                  6.02                     0.16611295681063123      5.312139276076744E-13    5.32712151064841E-13     0.25                     5.0E10                   2700                     4793.073706459723        2767.282394670239        2502.294445801098
1.03381                  6.04                     0.16556291390728478      5.311902285974033E-13    5.327072265774083E-13    0.25                     5.0E10                   2700                     4793.073706459723        2767.282394670239        2502.294445801098
1.03381                  6.06                     0.16501650165016504      5.311659450569385E-13    5.327014401081269E-13    0.25                     5.0E10                   2700                     4793.073706459723        2767.282394670239        2502.294445801098
1.03381                  6.08                     0.16447368421052633      5.311411230694311E-13    5.326948322286746E-13    0.25                     5.0E10                   2700                     4793.073706459723        2767.282394670239        2502.294445801098
1.03381                  6.1                      0.16393442622950818      5.311158077851794E-13    5.326874429541436E-13    0.25                     5.0E10                   2700                     4793.073706459723        2767.282394670239        2502.294445801098
1.03381                  6.12                     0.16339869281045752      5.310900433764734E-13    5.32679311689264E-13     0.25                     5.0E10                   2700                     4793.073706459723        2767.282394670239        2502.294445801098
1.03381                  6.14                     0.16286644951140067      5.310638730410458E-13    5.326704772248316E-13    0.25                     5.0E10                   2700                     4793.073706459723        2767.282394670239        2502.294445801098
1.03381                  6.16                     0.16233766233766234      5.31037338997214E-13     5.32660977702966E-13     0.25                     5.0E10                   2700                     4793.073706459723        2767.282394670239        2502.294445801098
1.03381                  6.18                     0.16181229773462782      5.310104824476344E-13    5.326508505937442E-13    0.25                     5.0E10                   2700                     4793.073706459723        2767.282394670239        2502.294445801098
1.03381                  6.2                      0.16129032258064518      5.309833435903582E-13    5.326401326866365E-13    0.25                     5.0E10                   2700                     4793.073706459723        2767.282394670239        2502.294445801098
1.03381                  6.22                     0.16077170418006428      5.309559616135858E-13    5.326288600668622E-13    0.25                     5.0E10                   2700                     4793.073706459723        2767.282394670239        2502.294445801098
1.03381                  6.24                     0.16025641025641027      5.309283746678518E-13    5.326170680955743E-13    0.25                     5.0E10                   2700                     4793.073706459723        2767.282394670239        2502.294445801098
1.03381                  6.26                     0.1597444089456869       5.309006198972886E-13    5.326047914094514E-13    0.25                     5.0E10                   2700                     4793.073706459723        2767.282394670239        2502.294445801098
1.03381                  6.279999999999999        0.15923566878980894      5.308727334201727E-13    5.325920639063828E-13    0.25                     5.0E10                   2700                     4793.073706459723        2767.282394670239        2502.294445801098
1.03381                  6.3                      0.15873015873015872      5.30844750321876E-13     5.325789187259578E-13    0.25                     5.0E10                   2700                     4793.073706459723        2767.282394670239        2502.294445801098
1.03381                  6.319999999999999        0.15822784810126583      5.308167046674332E-13    5.325653882539511E-13    0.25                     5.0E10                   2700                     4793.073706459723        2767.282394670239        2502.294445801098
1.03381                  6.34                     0.1577287066246057       5.307886295202048E-13    5.325515041202417E-13    0.25                     5.0E10                   2700                     4793.073706459723        2767.282394670239        2502.294445801098
1.03381                  6.359999999999999        0.15723270440251574      5.307605569061767E-13    5.32537297171258E-13     0.25                     5.0E10                   2700                     4793.073706459723        2767.282394670239        2502.294445801098
1.03381                  6.38                     0.15673981191222572      5.307325178584337E-13    5.325227974944661E-13    0.25                     5.0E10                   2700                     4793.073706459723        2767.282394670239        2502.294445801098
1.03381                  6.3999999999999995       0.15625                  5.307045424106984E-13    5.325080344042453E-13    0.25                     5.0E10                   2700                     4793.073706459723        2767.282394670239        2502.294445801098
1.03381                  6.42                     0.1557632398753894       5.30676659605306E-13     5.324930364406538E-13    0.25                     5.0E10                   2700                     4793.073706459723        2767.282394670239        2502.294445801098
1.03381                  6.4399999999999995       0.15527950310559008      5.306488974919515E-13    5.324778313692074E-13    0.25                     5.0E10                   2700                     4793.073706459723        2767.282394670239        2502.294445801098
1.03381                  6.46                     0.15479876160990713      5.306212831613357E-13    5.324624461916084E-13    0.25                     5.0E10                   2700                     4793.073706459723        2767.282394670239        2502.294445801098
1.03381                  6.4799999999999995       0.154320987654321        5.305938427371546E-13    5.324469071387847E-13    0.25                     5.0E10                   2700                     4793.073706459723        2767.282394670239        2502.294445801098
1.03381                  6.5                      0.15384615384615383      5.305666013874122E-13    5.324312396769519E-13    0.25                     5.0E10                   2700                     4793.073706459723        2767.282394670239        2502.294445801098
1.03381                  6.52                     0.15337423312883436      5.30539583357864E-13     5.324154685237368E-13    0.25                     5.0E10                   2700                     4793.073706459723        2767.282394670239        2502.294445801098
1.03381                  6.54                     0.15290519877675843      5.305128119460844E-13    5.323996176260107E-13    0.25                     5.0E10                   2700                     4793.073706459723        2767.282394670239        2502.294445801098
1.03381                  6.56                     0.15243902439024393      5.304863095655762E-13    5.323837102041334E-13    0.25                     5.0E10                   2700                     4793.073706459723        2767.282394670239        2502.294445801098
1.03381                  6.58                     0.1519756838905775       5.304600977180624E-13    5.323677687256788E-13    0.25                     5.0E10                   2700                     4793.073706459723        2767.282394670239        2502.294445801098
1.03381                  6.6                      0.15151515151515152      5.304341970188369E-13    5.323518149283367E-13    0.25                     5.0E10                   2700                     4793.073706459723        2767.282394670239        2502.294445801098
1.03381                  6.62                     0.1510574018126888       5.30408627223549E-13     5.323358698289161E-13    0.25                     5.0E10                   2700                     4793.073706459723        2767.282394670239        2502.294445801098
1.03381                  6.64                     0.1506024096385542       5.303834072391973E-13    5.323199537296514E-13    0.25                     5.0E10                   2700                     4793.073706459723        2767.282394670239        2502.294445801098
1.03381                  6.66                     0.15015015015015015      5.303585551256991E-13    5.323040862224336E-13    0.25                     5.0E10                   2700                     4793.073706459723        2767.282394670239        2502.294445801098
1.03381                  6.68                     0.14970059880239522      5.303340881266347E-13    5.322882862046012E-13    0.25                     5.0E10                   2700                     4793.073706459723        2767.282394670239        2502.294445801098
1.03381                  6.7                      0.1492537313432836       5.303100226834017E-13    5.322725718898084E-13    0.25                     5.0E10                   2700                     4793.073706459723        2767.282394670239        2502.294445801098
1.03381                  6.72                     0.1488095238095238       5.302863744436761E-13    5.322569608115636E-13    0.25                     5.0E10                   2700                     4793.073706459723        2767.282394670239        2502.294445801098
1.03381                  6.74                     0.14836795252225518      5.302631582859408E-13    5.322414698412973E-13    0.25                     5.0E10                   2700                     4793.073706459723        2767.282394670239        2502.294445801098
1.03381                  6.76                     0.14792899408284024      5.302403883351665E-13    5.322261151972009E-13    0.25                     5.0E10                   2700                     4793.073706459723        2767.282394670239        2502.294445801098
1.03381                  6.779999999999999        0.14749262536873156      5.302180779710072E-13    5.322109124488985E-13    0.25                     5.0E10                   2700                     4793.073706459723        2767.282394670239        2502.294445801098
1.03381                  6.8                      0.14705882352941177      5.301962398528238E-13    5.321958765401501E-13    0.25                     5.0E10                   2700                     4793.073706459723        2767.282394670239        2502.294445801098
1.03381                  6.819999999999999        0.1466275659824047       5.301748859387527E-13    5.321810217947502E-13    0.25                     5.0E10                   2700                     4793.073706459723        2767.282394670239        2502.294445801098
1.03381                  6.84                     0.14619883040935674      5.301540274955523E-13    5.321663619271254E-13    0.25                     5.0E10                   2700                     4793.073706459723        2767.282394670239        2502.294445801098
1.03381                  6.859999999999999        0.1457725947521866       5.301336751093818E-13    5.321519100526801E-13    0.25                     5.0E10                   2700                     4793.073706459723        2767.282394670239        2502.294445801098
1.03381                  6.88                     0.14534883720930233      5.301138387262518E-13    5.321376787100836E-13    0.25                     5.0E10                   2700                     4793.073706459723        2767.282394670239        2502.294445801098
1.03381                  6.8999999999999995       0.14492753623188406      5.300945276377363E-13    5.321236798589236E-13    0.25                     5.0E10                   2700                     4793.073706459723        2767.282394670239        2502.294445801098
1.03381                  6.92                     0.1445086705202312       5.300757505230221E-13    5.321099249056242E-13    0.25                     5.0E10                   2700                     4793.073706459723        2767.282394670239        2502.294445801098
1.03381                  6.9399999999999995       0.1440922190201729       5.300575154529653E-13    5.320964247071937E-13    0.25                     5.0E10                   2700                     4793.073706459723        2767.282394670239        2502.294445801098
1.03381                  6.96                     0.14367816091954022      5.300398299046065E-13    5.32083189584861E-13     0.25                     5.0E10                   2700                     4793.073706459723        2767.282394670239        2502.294445801098
1.03381                  6.9799999999999995       0.14326647564469916      5.300227007780551E-13    5.320702293343109E-13    0.25                     5.0E10                   2700                     4793.073706459723        2767.282394670239        2502.294445801098
1.03381                  7                        0.14285714285714285      5.30006134433559E-13     5.320575532502094E-13    0.25                     5.0E10                   2700                     4793.073706459723        2767.282394670239        2502.294445801098
1.03381                  7.02                     0.14245014245014245      5.299901366609288E-13    5.320451701169831E-13    0.25                     5.0E10                   2700                     4793.073706459723        2767.282394670239        2502.294445801098
1.03381                  7.04                     0.14204545454545456      5.299747127535043E-13    5.320330882456127E-13    0.25                     5.0E10                   2700                     4793.073706459723        2767.282394670239        2502.294445801098
1.03381                  7.06                     0.141643059490085        5.299598674687317E-13    5.320213154629051E-13    0.25                     5.0E10                   2700                     4793.073706459723        2767.282394670239        2502.294445801098
1.03381                  7.08                     0.14124293785310735      5.299456050889821E-13    5.320098591419832E-13    0.25                     5.0E10                   2700                     4793.073706459723        2767.282394670239        2502.294445801098
1.03381                  7.1                      0.14084507042253522      5.299319293900528E-13    5.319987261964105E-13    0.25                     5.0E10                   2700                     4793.073706459723        2767.282394670239        2502.294445801098
1.03381                  7.12                     0.14044943820224717      5.299188437161865E-13    5.319879231170292E-13    0.25                     5.0E10                   2700                     4793.073706459723        2767.282394670239        2502.294445801098
1.03381                  7.14                     0.1400560224089636       5.299063509316995E-13    5.319774559529252E-13    0.25                     5.0E10                   2700                     4793.073706459723        2767.282394670239        2502.294445801098
1.03381                  7.16                     0.13966480446927376      5.298944534774006E-13    5.319673303481347E-13    0.25                     5.0E10                   2700                     4793.073706459723        2767.282394670239        2502.294445801098
1.03381                  7.18                     0.1392757660167131       5.298831533679603E-13    5.319575515396992E-13    0.25                     5.0E10                   2700                     4793.073706459723        2767.282394670239        2502.294445801098
1.03381                  7.2                      0.1388888888888889       5.298724522121985E-13    5.319481243760197E-13    0.25                     5.0E10                   2700                     4793.073706459723        2767.282394670239        2502.294445801098
1.03381                  7.22                     0.13850415512465375      5.298623512236602E-13    5.319390533239824E-13    0.25                     5.0E10                   2700                     4793.073706459723        2767.282394670239        2502.294445801098
1.03381                  7.24                     0.13812154696132597      5.298528512286828E-13    5.319303424793371E-13    0.25                     5.0E10                   2700                     4793.073706459723        2767.282394670239        2502.294445801098
1.03381                  7.26                     0.13774104683195593      5.298439527004249E-13    5.319219955855111E-13    0.25                     5.0E10                   2700                     4793.073706459723        2767.282394670239        2502.294445801098
1.03381                  7.279999999999999        0.13736263736263737      5.298356557334049E-13    5.31914016029664E-13     0.25                     5.0E10                   2700                     4793.073706459723        2767.282394670239        2502.294445801098
1.03381                  7.3                      0.13698630136986303      5.298279601005034E-13    5.31906406868262E-13     0.25                     5.0E10                   2700                     4793.073706459723        2767.282394670239        2502.294445801098
1.03381                  7.319999999999999        0.1366120218579235       5.298208652421138E-13    5.318991708344698E-13    0.25                     5.0E10                   2700                     4793.073706459723        2767.282394670239        2502.294445801098
1.03381                  7.34                     0.1362397820163488       5.298143702718579E-13    5.31892310337272E-13     0.25                     5.0E10                   2700                     4793.073706459723        2767.282394670239        2502.294445801098
1.03381                  7.359999999999999        0.13586956521739132      5.298084739960009E-13    5.318858274837426E-13    0.25                     5.0E10                   2700                     4793.073706459723        2767.282394670239        2502.294445801098
1.03381                  7.38                     0.13550135501355012      5.298031749411324E-13    5.318797240865016E-13    0.25                     5.0E10                   2700                     4793.073706459723        2767.282394670239        2502.294445801098
1.03381                  7.3999999999999995       0.13513513513513514      5.297984713381178E-13    5.318740016689774E-13    0.25                     5.0E10                   2700                     4793.073706459723        2767.282394670239        2502.294445801098
1.03381                  7.42                     0.1347708894878706       5.297943611488757E-13    5.318686614779648E-13    0.25                     5.0E10                   2700                     4793.073706459723        2767.282394670239        2502.294445801098
1.03381                  7.4399999999999995       0.13440860215053765      5.297908420841899E-13    5.318637044995229E-13    0.25                     5.0E10                   2700                     4793.073706459723        2767.282394670239        2502.294445801098
1.03381                  7.46                     0.13404825737265413      5.297879115931912E-13    5.318591314538742E-13    0.25                     5.0E10                   2700                     4793.073706459723        2767.282394670239        2502.294445801098
1.03381                  7.4799999999999995       0.1336898395721925       5.297855668911894E-13    5.318549428152749E-13    0.25                     5.0E10                   2700                     4793.073706459723        2767.282394670239        2502.294445801098
1.03381                  7.5                      0.13333333333333333      5.29783804964256E-13     5.318511388178919E-13    0.25                     5.0E10                   2700                     4793.073706459723        2767.282394670239        2502.294445801098
1.03381                  7.52                     0.13297872340425532      5.297826225730988E-13    5.318477194628711E-13    0.25                     5.0E10                   2700                     4793.073706459723        2767.282394670239        2502.294445801098
1.03381                  7.54                     0.13262599469496023      5.297820162853345E-13    5.318446845334742E-13    0.25                     5.0E10                   2700                     4793.073706459723        2767.282394670239        2502.294445801098
1.03381                  7.56                     0.13227513227513227      5.297819824453471E-13    5.318420335920291E-13    0.25                     5.0E10                   2700                     4793.073706459723        2767.282394670239        2502.294445801098
1.03381                  7.58                     0.13192612137203166      5.297825172302049E-13    5.318397660011904E-13    0.25                     5.0E10                   2700                     4793.073706459723        2767.282394670239        2502.294445801098
1.03381                  7.6                      0.13157894736842105      5.297836166138437E-13    5.318378809160022E-13    0.25                     5.0E10                   2700                     4793.073706459723        2767.282394670239        2502.294445801098
1.03381                  7.62                     0.13123359580052493      5.29785276413502E-13     5.318363773098352E-13    0.25                     5.0E10                   2700                     4793.073706459723        2767.282394670239        2502.294445801098
1.03381                  7.64                     0.13089005235602094      5.297874922659501E-13    5.318352539655004E-13    0.25                     5.0E10                   2700                     4793.073706459723        2767.282394670239        2502.294445801098
1.03381                  7.66                     0.13054830287206268      5.297902596749256E-13    5.318345094970168E-13    0.25                     5.0E10                   2700                     4793.073706459723        2767.282394670239        2502.294445801098
1.03381                  7.68                     0.13020833333333334      5.297935739725901E-13    5.31834142347616E-13     0.25                     5.0E10                   2700                     4793.073706459723        2767.282394670239        2502.294445801098
1.03381                  7.7                      0.12987012987012989      5.297974303592934E-13    5.318341507909875E-13    0.25                     5.0E10                   2700                     4793.073706459723        2767.282394670239        2502.294445801098
1.03381                  7.72                     0.1295336787564767       5.298018239052446E-13    5.318345329585242E-13    0.25                     5.0E10                   2700                     4793.073706459723        2767.282394670239        2502.294445801098
1.03381                  7.74                     0.12919896640826872      5.298067495544695E-13    5.318352868265643E-13    0.25                     5.0E10                   2700                     4793.073706459723        2767.282394670239        2502.294445801098
1.03381                  7.76                     0.1288659793814433       5.298122021289343E-13    5.318364102309748E-13    0.25                     5.0E10                   2700                     4793.073706459723        2767.282394670239        2502.294445801098
1.03381                  7.779999999999999        0.12853470437017997      5.298181763419153E-13    5.31837900873217E-13     0.25                     5.0E10                   2700                     4793.073706459723        2767.282394670239        2502.294445801098
1.03381                  7.8                      0.12820512820512822      5.298246668054365E-13    5.318397563269083E-13    0.25                     5.0E10                   2700                     4793.073706459723        2767.282394670239        2502.294445801098
1.03381                  7.819999999999999        0.1278772378516624       5.298316680229045E-13    5.318419740393012E-13    0.25                     5.0E10                   2700                     4793.073706459723        2767.282394670239        2502.294445801098
1.03381                  7.84                     0.12755102040816327      5.298391744164438E-13    5.318445513435027E-13    0.25                     5.0E10                   2700                     4793.073706459723        2767.282394670239        2502.294445801098
1.03381                  7.859999999999999        0.1272264631043257       5.298471803195732E-13    5.31847485461169E-13     0.25                     5.0E10                   2700                     4793.073706459723        2767.282394670239        2502.294445801098
1.03381                  7.88                     0.12690355329949238      5.298556799829125E-13    5.318507735075966E-13    0.25                     5.0E10                   2700                     4793.073706459723        2767.282394670239        2502.294445801098
1.03381                  7.8999999999999995       0.12658227848101267      5.29864667589285E-13     5.318544124984079E-13    0.25                     5.0E10                   2700                     4793.073706459723        2767.282394670239        2502.294445801098
1.03381                  7.92                     0.12626262626262624      5.298741372567311E-13    5.318583993560618E-13    0.25                     5.0E10                   2700                     4793.073706459723        2767.282394670239        2502.294445801098
1.03381                  7.9399999999999995       0.12594458438287154      5.298840830214718E-13    5.318627309055257E-13    0.25                     5.0E10                   2700                     4793.073706459723        2767.282394670239        2502.294445801098
1.03381                  7.96                     0.12562814070351758      5.298944988850804E-13    5.318674038978599E-13    0.25                     5.0E10                   2700                     4793.073706459723        2767.282394670239        2502.294445801098
1.03381                  7.9799999999999995       0.12531328320802007      5.299053787839967E-13    5.318724149946191E-13    0.25                     5.0E10                   2700                     4793.073706459723        2767.282394670239        2502.294445801098
1.03381                  8                        0.125                    5.299167166127173E-13    5.31877760787159E-13     0.25                     5.0E10                   2700                     4793.073706459723        2767.282394670239        2502.294445801098
1.03381                  8.02                     0.12468827930174564      5.299285062190922E-13    5.318834377928132E-13    0.25                     5.0E10                   2700                     4793.073706459723        2767.282394670239        2502.294445801098
1.03381                  8.040000000000001        0.1243781094527363       5.299407414129567E-13    5.318894424621488E-13    0.25                     5.0E10                   2700                     4793.073706459723        2767.282394670239        2502.294445801098
1.03381                  8.06                     0.12406947890818859      5.299534159750222E-13    5.318957711879192E-13    0.25                     5.0E10                   2700                     4793.073706459723        2767.282394670239        2502.294445801098
1.03381                  8.08                     0.12376237623762378      5.299665236498653E-13    5.31902420297391E-13     0.25                     5.0E10                   2700                     4793.073706459723        2767.282394670239        2502.294445801098
1.03381                  8.1                      0.1234567901234568       5.299800581666403E-13    5.319093860721588E-13    0.25                     5.0E10                   2700                     4793.073706459723        2767.282394670239        2502.294445801098
1.03381                  8.12                     0.12315270935960593      5.299940132215456E-13    5.319166647344417E-13    0.25                     5.0E10                   2700                     4793.073706459723        2767.282394670239        2502.294445801098
1.03381                  8.14                     0.12285012285012284      5.300083825058308E-13    5.319242524679852E-13    0.25                     5.0E10                   2700                     4793.073706459723        2767.282394670239        2502.294445801098
1.03381                  8.16                     0.12254901960784315      5.300231596895624E-13    5.319321454102804E-13    0.25                     5.0E10                   2700                     4793.073706459723        2767.282394670239        2502.294445801098
1.03381                  8.18                     0.12224938875305624      5.300383384278784E-13    5.319403396542222E-13    0.25                     5.0E10                   2700                     4793.073706459723        2767.282394670239        2502.294445801098
1.03381                  8.2                      0.12195121951219513      5.300539123811174E-13    5.319488312657879E-13    0.25                     5.0E10                   2700                     4793.073706459723        2767.282394670239        2502.294445801098
1.03381                  8.22                     0.121654501216545        5.300698752009545E-13    5.319576162730886E-13    0.25                     5.0E10                   2700                     4793.073706459723        2767.282394670239        2502.294445801098
1.03381                  8.24                     0.12135922330097086      5.300862205354749E-13    5.319666906747125E-13    0.25                     5.0E10                   2700                     4793.073706459723        2767.282394670239        2502.294445801098
1.03381                  8.26                     0.12106537530266344      5.301029420316774E-13    5.31976050441335E-13     0.25                     5.0E10                   2700                     4793.073706459723        2767.282394670239        2502.294445801098
1.03381                  8.28                     0.1207729468599034       5.301200333632497E-13    5.319856915250965E-13    0.25                     5.0E10                   2700                     4793.073706459723        2767.282394670239        2502.294445801098
1.03381                  8.299999999999999        0.1204819277108434       5.301374881863091E-13    5.319956098521011E-13    0.25                     5.0E10                   2700                     4793.073706459723        2767.282394670239        2502.294445801098
1.03381                  8.32                     0.12019230769230768      5.301553001920687E-13    5.32005801336604E-13     0.25                     5.0E10                   2700                     4793.073706459723        2767.282394670239        2502.294445801098
1.03381                  8.34                     0.11990407673860912      5.301734630631876E-13    5.320162618693512E-13    0.25                     5.0E10                   2700                     4793.073706459723        2767.282394670239        2502.294445801098
1.03381                  8.36                     0.1196172248803828       5.301919705157001E-13    5.320269873349943E-13    0.25                     5.0E10                   2700                     4793.073706459723        2767.282394670239        2502.294445801098
1.03381                  8.379999999999999        0.11933174224343678      5.30210816276234E-13     5.320379736046204E-13    0.25                     5.0E10                   2700                     4793.073706459723        2767.282394670239        2502.294445801098
1.03381                  8.4                      0.11904761904761904      5.302299940954274E-13    5.320492165443753E-13    0.25                     5.0E10                   2700                     4793.073706459723        2767.282394670239        2502.294445801098
1.03381                  8.42                     0.11876484560570072      5.302494977402573E-13    5.320607120075651E-13    0.25                     5.0E10                   2700                     4793.073706459723        2767.282394670239        2502.294445801098
1.03381                  8.44                     0.11848341232227488      5.302693210208252E-13    5.320724558572978E-13    0.25                     5.0E10                   2700                     4793.073706459723        2767.282394670239        2502.294445801098
1.03381                  8.459999999999999        0.11820330969267141      5.302894577585773E-13    5.32084443945163E-13     0.25                     5.0E10                   2700                     4793.073706459723        2767.282394670239        2502.294445801098
1.03381                  8.48                     0.1179245283018868       5.303099017979527E-13    5.320966721197736E-13    0.25                     5.0E10                   2700                     4793.073706459723        2767.282394670239        2502.294445801098
1.03381                  8.5                      0.11764705882352941      5.30330647036504E-13     5.321091362451388E-13    0.25                     5.0E10                   2700                     4793.073706459723        2767.282394670239        2502.294445801098
1.03381                  8.52                     0.11737089201877934      5.303516873913331E-13    5.321218321832356E-13    0.25                     5.0E10                   2700                     4793.073706459723        2767.282394670239        2502.294445801098
1.03381                  8.54                     0.117096018735363        5.303730168138701E-13    5.321347558002656E-13    0.25                     5.0E10                   2700                     4793.073706459723        2767.282394670239        2502.294445801098
1.03381                  8.56                     0.11682242990654204      5.303946292942998E-13    5.321479029755187E-13    0.25                     5.0E10                   2700                     4793.073706459723        2767.282394670239        2502.294445801098
1.03381                  8.58                     0.11655011655011656      5.304165188551155E-13    5.32161269593408E-13     0.25                     5.0E10                   2700                     4793.073706459723        2767.282394670239        2502.294445801098
1.03381                  8.6                      0.11627906976744186      5.304386795637659E-13    5.321748515520792E-13    0.25                     5.0E10                   2700                     4793.073706459723        2767.282394670239        2502.294445801098
1.03381                  8.62                     0.1160092807424594       5.304611055348754E-13    5.321886447682379E-13    0.25                     5.0E10                   2700                     4793.073706459723        2767.282394670239        2502.294445801098
1.03381                  8.64                     0.11574074074074073      5.304837909021049E-13    5.322026451576521E-13    0.25                     5.0E10                   2700                     4793.073706459723        2767.282394670239        2502.294445801098
1.03381                  8.66                     0.11547344110854503      5.305067298654179E-13    5.322168486722689E-13    0.25                     5.0E10                   2700                     4793.073706459723        2767.282394670239        2502.294445801098
1.03381                  8.68                     0.1152073732718894       5.30529916658713E-13     5.322312512680065E-13    0.25                     5.0E10                   2700                     4793.073706459723        2767.282394670239        2502.294445801098
1.03381                  8.7                      0.11494252873563218      5.305533455522473E-13    5.322458489156642E-13    0.25                     5.0E10                   2700                     4793.073706459723        2767.282394670239        2502.294445801098
1.03381                  8.72                     0.1146788990825688       5.305770108783574E-13    5.322606376188579E-13    0.25                     5.0E10                   2700                     4793.073706459723        2767.282394670239        2502.294445801098
1.03381                  8.74                     0.11441647597254004      5.306009070039384E-13    5.322756133916373E-13    0.25                     5.0E10                   2700                     4793.073706459723        2767.282394670239        2502.294445801098
1.03381                  8.76                     0.1141552511415525       5.306267792454491E-13    5.322924507312328E-13    0.25                     5.0E10                   2700                     4793.073706459723        2767.282394670239        2502.294445801098
1.03381                  8.78                     0.11389521640091117      5.306511287297043E-13    5.323077975109693E-13    0.25                     5.0E10                   2700                     4793.073706459723        2767.282394670239        2502.294445801098
1.03381                  8.8                      0.11363636363636362      5.306756924190395E-13    5.323233195544471E-13    0.25                     5.0E10                   2700                     4793.073706459723        2767.282394670239        2502.294445801098
1.03381                  8.82                     0.11337868480725624      5.307004648663124E-13    5.323390129623848E-13    0.25                     5.0E10                   2700                     4793.073706459723        2767.282394670239        2502.294445801098
1.03381                  8.84                     0.11312217194570136      5.307254407030678E-13    5.323548738804309E-13    0.25                     5.0E10                   2700                     4793.073706459723        2767.282394670239        2502.294445801098
1.03381                  8.86                     0.11286681715575621      5.307506145881556E-13    5.323708984700476E-13    0.25                     5.0E10                   2700                     4793.073706459723        2767.282394670239        2502.294445801098
1.03381                  8.879999999999999        0.11261261261261263      5.307759812552002E-13    5.323870829261248E-13    0.25                     5.0E10                   2700                     4793.073706459723        2767.282394670239        2502.294445801098
1.03381                  8.9                      0.11235955056179775      5.30801535462705E-13     5.324034234608037E-13    0.25                     5.0E10                   2700                     4793.073706459723        2767.282394670239        2502.294445801098
1.03381                  8.92                     0.11210762331838565      5.308272720485243E-13    5.324199163318502E-13    0.25                     5.0E10                   2700                     4793.073706459723        2767.282394670239        2502.294445801098
1.03381                  8.94                     0.11185682326621925      5.308531858920436E-13    5.324365578157789E-13    0.25                     5.0E10                   2700                     4793.073706459723        2767.282394670239        2502.294445801098
1.03381                  8.959999999999999        0.11160714285714285      5.308792719287395E-13    5.324533442224477E-13    0.25                     5.0E10                   2700                     4793.073706459723        2767.282394670239        2502.294445801098
1.03381                  8.98                     0.11135857461024498      5.309055251424781E-13    5.324702718908526E-13    0.25                     5.0E10                   2700                     4793.073706459723        2767.282394670239        2502.294445801098
1.03381                  9                        0.11111111111111112      5.309319405794708E-13    5.324873371943654E-13    0.25                     5.0E10                   2700                     4793.073706459723        2767.282394670239        2502.294445801098
1.03381                  9.02                     0.11086474501108647      5.309585133358265E-13    5.325045365370934E-13    0.25                     5.0E10                   2700                     4793.073706459723        2767.282394670239        2502.294445801098
1.03381                  9.04                     0.11061946902654868      5.309852385664482E-13    5.32521866354421E-13     0.25                     5.0E10                   2700                     4793.073706459723        2767.282394670239        2502.294445801098
1.03381                  9.06                     0.11037527593818983      5.310121114819818E-13    5.32539323119443E-13     0.25                     5.0E10                   2700                     4793.073706459723        2767.282394670239        2502.294445801098
1.03381                  9.08                     0.11013215859030838      5.31039127335876E-13     5.325569033295652E-13    0.25                     5.0E10                   2700                     4793.073706459723        2767.282394670239        2502.294445801098
1.03381                  9.1                      0.1098901098901099       5.310662814530265E-13    5.325746035236172E-13    0.25                     5.0E10                   2700                     4793.073706459723        2767.282394670239        2502.294445801098
1.03381                  9.12                     0.10964912280701757      5.310935692095962E-13    5.325924202755405E-13    0.25                     5.0E10                   2700                     4793.073706459723        2767.282394670239        2502.294445801098
1.03381                  9.14                     0.10940919037199125      5.311209860318905E-13    5.326103501887223E-13    0.25                     5.0E10                   2700                     4793.073706459723        2767.282394670239        2502.294445801098
1.03381                  9.16                     0.10917030567685589      5.311485274095135E-13    5.326283899039967E-13    0.25                     5.0E10                   2700                     4793.073706459723        2767.282394670239        2502.294445801098
1.03381                  9.18                     0.10893246187363835      5.311761888773542E-13    5.326465360939882E-13    0.25                     5.0E10                   2700                     4793.073706459723        2767.282394670239        2502.294445801098
1.03381                  9.2                      0.10869565217391305      5.312039660392999E-13    5.326647854730772E-13    0.25                     5.0E10                   2700                     4793.073706459723        2767.282394670239        2502.294445801098
1.03381                  9.22                     0.10845986984815618      5.312318545538218E-13    5.326831347912295E-13    0.25                     5.0E10                   2700                     4793.073706459723        2767.282394670239        2502.294445801098
1.03381                  9.24                     0.10822510822510822      5.312598501144137E-13    5.327015808201062E-13    0.25                     5.0E10                   2700                     4793.073706459723        2767.282394670239        2502.294445801098
1.03381                  9.26                     0.1079913606911447       5.3128794849949E-13      5.327201203880557E-13    0.25                     5.0E10                   2700                     4793.073706459723        2767.282394670239        2502.294445801098
1.03381                  9.28                     0.10775862068965518      5.313161455196159E-13    5.327387503419882E-13    0.25                     5.0E10                   2700                     4793.073706459723        2767.282394670239        2502.294445801098
1.03381                  9.3                      0.10752688172043011      5.31344437059359E-13     5.327574675775206E-13    0.25                     5.0E10                   2700                     4793.073706459723        2767.282394670239        2502.294445801098
1.03381                  9.32                     0.1072961373390558       5.313728190507829E-13    5.327762690254441E-13    0.25                     5.0E10                   2700                     4793.073706459723        2767.282394670239        2502.294445801098
1.03381                  9.34                     0.10706638115631692      5.31401287464434E-13     5.327951516352748E-13    0.25                     5.0E10                   2700                     4793.073706459723        2767.282394670239        2502.294445801098
1.03381                  9.36                     0.10683760683760683      5.3142983835944E-13      5.328141124195853E-13    0.25                     5.0E10                   2700                     4793.073706459723        2767.282394670239        2502.294445801098
1.03381                  9.379999999999999        0.10660980810234544      5.31458467819566E-13     5.328331484093141E-13    0.25                     5.0E10                   2700                     4793.073706459723        2767.282394670239        2502.294445801098
1.03381                  9.4                      0.10638297872340426      5.314871719988261E-13    5.328522566770757E-13    0.25                     5.0E10                   2700                     4793.073706459723        2767.282394670239        2502.294445801098
1.03381                  9.42                     0.10615711252653928      5.315159471136813E-13    5.328714343375145E-13    0.25                     5.0E10                   2700                     4793.073706459723        2767.282394670239        2502.294445801098
1.03381                  9.44                     0.1059322033898305       5.315447894122061E-13    5.328906785358695E-13    0.25                     5.0E10                   2700                     4793.073706459723        2767.282394670239        2502.294445801098
1.03381                  9.459999999999999        0.10570824524312897      5.315736952099118E-13    5.329099864506132E-13    0.25                     5.0E10                   2700                     4793.073706459723        2767.282394670239        2502.294445801098
1.03381                  9.48                     0.10548523206751054      5.316026608626626E-13    5.329293552990282E-13    0.25                     5.0E10                   2700                     4793.073706459723        2767.282394670239        2502.294445801098
1.03381                  9.5                      0.10526315789473685      5.316316828087396E-13    5.329487823449776E-13    0.25                     5.0E10                   2700                     4793.073706459723        2767.282394670239        2502.294445801098
1.03381                  9.52                     0.10504201680672269      5.316607575135878E-13    5.329682648777832E-13    0.25                     5.0E10                   2700                     4793.073706459723        2767.282394670239        2502.294445801098
1.03381                  9.54                     0.10482180293501049      5.31689881500036E-13     5.329878002235795E-13    0.25                     5.0E10                   2700                     4793.073706459723        2767.282394670239        2502.294445801098
1.03381                  9.56                     0.10460251046025104      5.317190513476981E-13    5.330073857489324E-13    0.25                     5.0E10                   2700                     4793.073706459723        2767.282394670239        2502.294445801098
1.03381                  9.58                     0.10438413361169102      5.317482636883579E-13    5.330270188544563E-13    0.25                     5.0E10                   2700                     4793.073706459723        2767.282394670239        2502.294445801098
1.03381                  9.6                      0.10416666666666667      5.317775152067978E-13    5.33046696981214E-13     0.25                     5.0E10                   2700                     4793.073706459723        2767.282394670239        2502.294445801098
1.03381                  9.62                     0.10395010395010396      5.318068026309786E-13    5.330664175969816E-13    0.25                     5.0E10                   2700                     4793.073706459723        2767.282394670239        2502.294445801098
1.03381                  9.64                     0.10373443983402489      5.318361227484181E-13    5.330861782119626E-13    0.25                     5.0E10                   2700                     4793.073706459723        2767.282394670239        2502.294445801098
1.03381                  9.66                     0.10351966873706003      5.318654723956263E-13    5.331059763750421E-13    0.25                     5.0E10                   2700                     4793.073706459723        2767.282394670239        2502.294445801098
1.03381                  9.68                     0.10330578512396693      5.318948484479832E-13    5.331258096557808E-13    0.25                     5.0E10                   2700                     4793.073706459723        2767.282394670239        2502.294445801098
1.03381                  9.7                      0.10309278350515465      5.319242478568388E-13    5.331456756813328E-13    0.25                     5.0E10                   2700                     4793.073706459723        2767.282394670239        2502.294445801098
1.03381                  9.72                     0.102880658436214        5.319536676009852E-13    5.331655720975395E-13    0.25                     5.0E10                   2700                     4793.073706459723        2767.282394670239        2502.294445801098
1.03381                  9.74                     0.1026694045174538       5.319831047069526E-13    5.331854965848766E-13    0.25                     5.0E10                   2700                     4793.073706459723        2767.282394670239        2502.294445801098
1.03381                  9.76                     0.10245901639344263      5.320125562773389E-13    5.332054468773173E-13    0.25                     5.0E10                   2700                     4793.073706459723        2767.282394670239        2502.294445801098
1.03381                  9.78                     0.10224948875255623      5.320420194186488E-13    5.332254207124766E-13    0.25                     5.0E10                   2700                     4793.073706459723        2767.282394670239        2502.294445801098
1.03381                  9.8                      0.10204081632653059      5.320714913225835E-13    5.332454158880506E-13    0.25                     5.0E10                   2700                     4793.073706459723        2767.282394670239        2502.294445801098
1.03381                  9.82                     0.10183299389002037      5.32100969217734E-13     5.332654302289898E-13    0.25                     5.0E10                   2700                     4793.073706459723        2767.282394670239        2502.294445801098
1.03381                  9.84                     0.1016260162601626       5.32130450367038E-13     5.332854615834015E-13    0.25                     5.0E10                   2700                     4793.073706459723        2767.282394670239        2502.294445801098
1.03381                  9.86                     0.10141987829614604      5.321599321084357E-13    5.333055078553092E-13    0.25                     5.0E10                   2700                     4793.073706459723        2767.282394670239        2502.294445801098
1.03381                  9.879999999999999        0.10121457489878542      5.321894117948672E-13    5.333255669583843E-13    0.25                     5.0E10                   2700                     4793.073706459723        2767.282394670239        2502.294445801098
1.03381                  9.9                      0.101010101010101        5.322188868420457E-13    5.333456368543591E-13    0.25                     5.0E10                   2700                     4793.073706459723        2767.282394670239        2502.294445801098
1.03381                  9.92                     0.10080645161290322      5.322483547059699E-13    5.333657155304846E-13    0.25                     5.0E10                   2700                     4793.073706459723        2767.282394670239        2502.294445801098
1.03381                  9.94                     0.1006036217303823       5.322778128937918E-13    5.333858010150033E-13    0.25                     5.0E10                   2700                     4793.073706459723        2767.282394670239        2502.294445801098
1.03381                  9.959999999999999        0.10040160642570282      5.323072589503809E-13    5.334058913601304E-13    0.25                     5.0E10                   2700                     4793.073706459723        2767.282394670239        2502.294445801098
1.03381                  9.98                     0.1002004008016032       5.323366904699132E-13    5.334259846535089E-13    0.25                     5.0E10                   2700                     4793.073706459723        2767.282394670239        2502.294445801098
1.03381                  10                       0.1                      5.323188397935604E-13    5.333736118604918E-13    0.25                     5.0E10                   2700                     4793.073706459723        2767.282394670239        2502.294445801098
