1.56221                  0.1                      10                       5.331222179418828E-13    5.33125102061797E-13     0.25                     5.0E10                   2700                     5892.009655268546        3401.7533605371696       2502.294445801098
1.56221                  0.12000000000000001      8.333333333333332        5.362957853839252E-13    5.363489858277184E-13    0.25                     5.0E10                   2700                     5892.009655268546        3401.7533605371696       2502.294445801098
1.56221                  0.14                     7.1428571428571415       5.341292117137084E-13    5.339618419121226E-13    0.25                     5.0E10                   2700                     5892.009655268546        3401.7533605371696       2502.294445801098
1.56221                  0.16                     6.249999999999999        5.330599273019052E-13    5.331801412549031E-13    0.25                     5.0E10                   2700                     5892.009655268546        3401.7533605371696       2502.294445801098
1.56221                  0.18                     5.555555555555555        5.371021814635734E-13    5.37292771553697E-13     0.25                     5.0E10                   2700                     5892.009655268546        3401.7533605371696       2502.294445801098
1.56221                  0.2                      5                        5.329621937552677E-13    5.331386936103326E-13    0.25                     5.0E10                   2700                     5892.009655268546        3401.7533605371696       2502.294445801098
1.56221                  0.22                     4.545454545454546        5.359258834116475E-13    5.367147307214376E-13    0.25                     5.0E10                   2700                     5892.009655268546        3401.7533605371696       2502.294445801098
1.56221                  0.24000000000000002      4.166666666666666        5.351483987298549E-13    5.362952201666516E-13    0.25                     5.0E10                   2700                     5892.009655268546        3401.7533605371696       2502.294445801098
1.56221                  0.26                     3.846153846153846        5.339209116853406E-13    5.349207597268745E-13    0.25                     5.0E10                   2700                     5892.009655268546        3401.7533605371696       2502.294445801098
1.56221                  0.28                     3.5714285714285707       5.365984266324514E-13    5.371212659222231E-13    0.25                     5.0E10                   2700                     5892.009655268546        3401.7533605371696       2502.294445801098
1.56221                  0.30000000000000004      3.3333333333333326       5.369601186262868E-13    5.36360359552599E-13     0.25                     5.0E10                   2700                     5892.009655268546        3401.7533605371696       2502.294445801098
1.56221                  0.32                     3.1249999999999996       5.358207607730823E-13    5.328771192736758E-13    0.25                     5.0E10                   2700                     5892.009655268546        3401.7533605371696       2502.294445801098
1.56221                  0.33999999999999997      2.9411764705882355       5.423267773557565E-13    5.38025368052189E-13     0.25                     5.0E10                   2700                     5892.009655268546        3401.7533605371696       2502.294445801098
1.56221                  0.36                     2.7777777777777777       5.430463337745471E-13    5.349070236628141E-13    0.25                     5.0E10                   2700                     5892.009655268546        3401.7533605371696       2502.294445801098
1.56221                  0.38                     2.6315789473684212       5.481732791238413E-13    5.353205985995957E-13    0.25                     5.0E10                   2700                     5892.009655268546        3401.7533605371696       2502.294445801098
1.56221                  0.4                      2.5                      5.518810988045647E-13    5.343724664816997E-13    0.25                     5.0E10                   2700                     5892.009655268546        3401.7533605371696       2502.294445801098
1.56221                  0.42000000000000004      2.3809523809523805       5.585861215171382E-13    5.353640632900873E-13    0.25                     5.0E10                   2700                     5892.009655268546        3401.7533605371696       2502.294445801098
1.56221                  0.44000000000000006      2.272727272727273        5.655348497427971E-13    5.395095002188158E-13    0.25                     5.0E10                   2700                     5892.009655268546        3401.7533605371696       2502.294445801098
1.56221                  0.45999999999999996      2.173913043478261        5.724630907234574E-13    5.41648387992016E-13     0.25                     5.0E10                   2700                     5892.009655268546        3401.7533605371696       2502.294445801098
1.56221                  0.48                     2.0833333333333335       5.780849075680243E-13    5.421085489880946E-13    0.25                     5.0E10                   2700                     5892.009655268546        3401.7533605371696       2502.294445801098
1.56221                  0.5                      2                        5.823944039072727E-13    5.435388868815646E-13    0.25                     5.0E10                   2700                     5892.009655268546        3401.7533605371696       2502.294445801098
1.56221                  0.52                     1.923076923076923        5.898855559203402E-13    5.475548865931703E-13    0.25                     5.0E10                   2700                     5892.009655268546        3401.7533605371696       2502.294445801098
1.56221                  0.54                     1.8518518518518516       5.926682942763491E-13    5.460488461950281E-13    0.25                     5.0E10                   2700                     5892.009655268546        3401.7533605371696       2502.294445801098
1.56221                  0.56                     1.7857142857142854       6.027451690838283E-13    5.511055795786197E-13    0.25                     5.0E10                   2700                     5892.009655268546        3401.7533605371696       2502.294445801098
1.56221                  0.58                     1.7241379310344829       6.086702669212501E-13    5.529864965173787E-13    0.25                     5.0E10                   2700                     5892.009655268546        3401.7533605371696       2502.294445801098
1.56221                  0.6                      1.6666666666666667       6.159700768910401E-13    5.564501163475559E-13    0.25                     5.0E10                   2700                     5892.009655268546        3401.7533605371696       2502.294445801098
1.56221                  0.62                     1.6129032258064515       6.226428675017406E-13    5.590293615236442E-13    0.25                     5.0E10                   2700                     5892.009655268546        3401.7533605371696       2502.294445801098
1.56221                  0.64                     1.5624999999999998       6.328409754628071E-13    5.641236630623014E-13    0.25                     5.0E10                   2700                     5892.009655268546        3401.7533605371696       2502.294445801098
1.56221                  0.66                     1.515151515151515        6.3004751927039E-13      5.568984014910585E-13    0.25                     5.0E10                   2700                     5892.009655268546        3401.7533605371696       2502.294445801098
1.56221                  0.6799999999999999       1.4705882352941178       6.366134151608383E-13    5.578263534657947E-13    0.25                     5.0E10                   2700                     5892.009655268546        3401.7533605371696       2502.294445801098
1.56221                  0.7                      1.4285714285714286       6.504264400408831E-13    5.651837593305251E-13    0.25                     5.0E10                   2700                     5892.009655268546        3401.7533605371696       2502.294445801098
1.56221                  0.72                     1.3888888888888888       6.640385865447717E-13    5.720544562350015E-13    0.25                     5.0E10                   2700                     5892.009655268546        3401.7533605371696       2502.294445801098
1.56221                  0.74                     1.3513513513513513       6.814045669282275E-13    5.81992361621741E-13     0.25                     5.0E10                   2700                     5892.009655268546        3401.7533605371696       2502.294445801098
1.56221                  0.76                     1.3157894736842106       6.917538919844189E-13    5.856112767322488E-13    0.25                     5.0E10                   2700                     5892.009655268546        3401.7533605371696       2502.294445801098
1.56221                  0.78                     1.2820512820512822       6.903309463852044E-13    5.791199578361564E-13    0.25                     5.0E10                   2700                     5892.009655268546        3401.7533605371696       2502.294445801098
1.56221                  0.8                      1.25                     6.899114343454336E-13    5.740902559179647E-13    0.25                     5.0E10                   2700                     5892.009655268546        3401.7533605371696       2502.294445801098
1.56221                  0.82                     1.2195121951219514       6.95987966583013E-13     5.755548894970678E-13    0.25                     5.0E10                   2700                     5892.009655268546        3401.7533605371696       2502.294445801098
1.56221                  0.84                     1.1904761904761905       7.015033697565987E-13    5.776439572381215E-13    0.25                     5.0E10                   2700                     5892.009655268546        3401.7533605371696       2502.294445801098
1.56221                  0.86                     1.1627906976744187       7.039192916341572E-13    5.774947398157081E-13    0.25                     5.0E10                   2700                     5892.009655268546        3401.7533605371696       2502.294445801098
1.56221                  0.88                     1.1363636363636365       7.065743713180763E-13    5.775277614088949E-13    0.25                     5.0E10                   2700                     5892.009655268546        3401.7533605371696       2502.294445801098
1.56221                  0.9                      1.1111111111111112       7.117316595396288E-13    5.794913719413977E-13    0.25                     5.0E10                   2700                     5892.009655268546        3401.7533605371696       2502.294445801098
1.56221                  0.92                     1.0869565217391304       7.168287385232453E-13    5.8138135862283E-13      0.25                     5.0E10                   2700                     5892.009655268546        3401.7533605371696       2502.294445801098
1.56221                  0.94                     1.0638297872340425       7.194314075464596E-13    5.814973379671466E-13    0.25                     5.0E10                   2700                     5892.009655268546        3401.7533605371696       2502.294445801098
1.56221                  0.96                     1.0416666666666667       7.212326301573584E-13    5.814874898621483E-13    0.25                     5.0E10                   2700                     5892.009655268546        3401.7533605371696       2502.294445801098
1.56221                  0.98                     1.0204081632653061       7.256068332572553E-13    5.84279048033627E-13     0.25                     5.0E10                   2700                     5892.009655268546        3401.7533605371696       2502.294445801098
1.56221                  1                        1                        7.333802273162593E-13    5.905767326752292E-13    0.25                     5.0E10                   2700                     5892.009655268546        3401.7533605371696       2502.294445801098
1.56221                  1.02                     0.9803921568627452       7.417364420216899E-13    5.984242526702543E-13    0.25                     5.0E10                   2700                     5892.009655268546        3401.7533605371696       2502.294445801098
1.56221                  1.04                     0.9615384615384615       7.456194213502766E-13    6.034178517290208E-13    0.25                     5.0E10                   2700                     5892.009655268546        3401.7533605371696       2502.294445801098
1.56221                  1.06                     0.9433962264150944       7.415782379622942E-13    6.024012768084245E-13    0.25                     5.0E10                   2700                     5892.009655268546        3401.7533605371696       2502.294445801098
1.56221                  1.08                     0.9259259259259258       7.297123914595275E-13    5.950288153101512E-13    0.25                     5.0E10                   2700                     5892.009655268546        3401.7533605371696       2502.294445801098
1.56221                  1.1                      0.909090909090909        7.12968726988223E-13     5.833718927105063E-13    0.25                     5.0E10                   2700                     5892.009655268546        3401.7533605371696       2502.294445801098
1.56221                  1.12                     0.8928571428571427       6.949225037062302E-13    5.702226409982945E-13    0.25                     5.0E10                   2700                     5892.009655268546        3401.7533605371696       2502.294445801098
1.56221                  1.1400000000000001       0.8771929824561403       6.783329117237771E-13    5.57795472226905E-13     0.25                     5.0E10                   2700                     5892.009655268546        3401.7533605371696       2502.294445801098
1.56221                  1.1600000000000001       0.8620689655172412       6.64454619415932E-13     5.472973623988836E-13    0.25                     5.0E10                   2700                     5892.009655268546        3401.7533605371696       2502.294445801098
1.56221                  1.1800000000000002       0.8474576271186439       6.537143899683866E-13    5.392493503116562E-13    0.25                     5.0E10                   2700                     5892.009655268546        3401.7533605371696       2502.294445801098
1.56221                  1.2000000000000002       0.8333333333333331       6.461296962690359E-13    5.338416551047316E-13    0.25                     5.0E10                   2700                     5892.009655268546        3401.7533605371696       2502.294445801098
1.56221                  1.2200000000000002       0.8196721311475409       6.415949878219467E-13    5.311516313726879E-13    0.25                     5.0E10                   2700                     5892.009655268546        3401.7533605371696       2502.294445801098
1.56221                  1.2400000000000002       0.8064516129032256       6.399376165322819E-13    5.311831026093905E-13    0.25                     5.0E10                   2700                     5892.009655268546        3401.7533605371696       2502.294445801098
1.56221                  1.26                     0.7936507936507936       6.409288311462244E-13    5.33883732877622E-13     0.25                     5.0E10                   2700                     5892.009655268546        3401.7533605371696       2502.294445801098
1.56221                  1.28                     0.7812499999999999       6.438512715936648E-13    5.38749218461097E-13     0.25                     5.0E10                   2700                     5892.009655268546        3401.7533605371696       2502.294445801098
1.56221                  1.3                      0.7692307692307692       6.478553295046379E-13    5.451419206310862E-13    0.25                     5.0E10                   2700                     5892.009655268546        3401.7533605371696       2502.294445801098
1.56221                  1.32                     0.7575757575757575       6.517625971480353E-13    5.521063952851241E-13    0.25                     5.0E10                   2700                     5892.009655268546        3401.7533605371696       2502.294445801098
1.56221                  1.34                     0.7462686567164178       6.542754806322698E-13    5.585268601290183E-13    0.25                     5.0E10                   2700                     5892.009655268546        3401.7533605371696       2502.294445801098
1.56221                  1.36                     0.7352941176470588       6.542073521537251E-13    5.633123751833696E-13    0.25                     5.0E10                   2700                     5892.009655268546        3401.7533605371696       2502.294445801098
1.56221                  1.3800000000000001       0.7246376811594203       6.507320221382897E-13    5.656134778300366E-13    0.25                     5.0E10                   2700                     5892.009655268546        3401.7533605371696       2502.294445801098
1.56221                  1.4000000000000001       0.7142857142857142       6.435633448976302E-13    5.64997297627105E-13     0.25                     5.0E10                   2700                     5892.009655268546        3401.7533605371696       2502.294445801098
1.56221                  1.4200000000000002       0.704225352112676        6.329956373971022E-13    5.61516973437078E-13     0.25                     5.0E10                   2700                     5892.009655268546        3401.7533605371696       2502.294445801098
1.56221                  1.4400000000000002       0.6944444444444444       6.198786373038321E-13    5.556763993864003E-13    0.25                     5.0E10                   2700                     5892.009655268546        3401.7533605371696       2502.294445801098
1.56221                  1.4600000000000002       0.6849315068493149       6.050672639575307E-13    5.48183247520552E-13     0.25                     5.0E10                   2700                     5892.009655268546        3401.7533605371696       2502.294445801098
1.56221                  1.4800000000000002       0.6756756756756755       5.896868122769364E-13    5.398890047025954E-13    0.25                     5.0E10                   2700                     5892.009655268546        3401.7533605371696       2502.294445801098
1.56221                  1.5000000000000002       0.6666666666666665       5.746563733983697E-13    5.315677307333693E-13    0.25                     5.0E10                   2700                     5892.009655268546        3401.7533605371696       2502.294445801098
1.56221                  1.52                     0.6578947368421053       5.60665238109927E-13     5.238349645167921E-13    0.25                     5.0E10                   2700                     5892.009655268546        3401.7533605371696       2502.294445801098
1.56221                  1.54                     0.6493506493506493       5.481485573021464E-13    5.171103102546716E-13    0.25                     5.0E10                   2700                     5892.009655268546        3401.7533605371696       2502.294445801098
1.56221                  1.56                     0.6410256410256411       5.373088278491079E-13    5.116213655564862E-13    0.25                     5.0E10                   2700                     5892.009655268546        3401.7533605371696       2502.294445801098
1.56221                  1.58                     0.6329113924050632       5.281591560609376E-13    5.07430125872779E-13     0.25                     5.0E10                   2700                     5892.009655268546        3401.7533605371696       2502.294445801098
1.56221                  1.6                      0.625                    5.205716476423285E-13    5.044677032216565E-13    0.25                     5.0E10                   2700                     5892.009655268546        3401.7533605371696       2502.294445801098
1.56221                  1.62                     0.6172839506172839       5.143232378003878E-13    5.025701313736755E-13    0.25                     5.0E10                   2700                     5892.009655268546        3401.7533605371696       2502.294445801098
1.56221                  1.6400000000000001       0.6097560975609756       5.091339463813183E-13    5.015101999130798E-13    0.25                     5.0E10                   2700                     5892.009655268546        3401.7533605371696       2502.294445801098
1.56221                  1.6600000000000001       0.6024096385542168       5.047001698885167E-13    5.010268886644968E-13    0.25                     5.0E10                   2700                     5892.009655268546        3401.7533605371696       2502.294445801098
1.56221                  1.6800000000000002       0.5952380952380951       5.008153415766742E-13    5.00955684510887E-13     0.25                     5.0E10                   2700                     5892.009655268546        3401.7533605371696       2502.294445801098
1.56221                  1.7000000000000002       0.588235294117647        4.970196841241154E-13    5.008344148399785E-13    0.25                     5.0E10                   2700                     5892.009655268546        3401.7533605371696       2502.294445801098
1.56221                  1.7200000000000002       0.5813953488372092       4.931681891328915E-13    5.005366505560163E-13    0.25                     5.0E10                   2700                     5892.009655268546        3401.7533605371696       2502.294445801098
1.56221                  1.7400000000000002       0.5747126436781609       4.890823068599162E-13    4.99883708831106E-13     0.25                     5.0E10                   2700                     5892.009655268546        3401.7533605371696       2502.294445801098
1.56221                  1.7600000000000002       0.5681818181818182       4.846430975447112E-13    4.987506954829819E-13    0.25                     5.0E10                   2700                     5892.009655268546        3401.7533605371696       2502.294445801098
1.56221                  1.78                     0.5617977528089887       4.797914306090869E-13    4.970688728758611E-13    0.25                     5.0E10                   2700                     5892.009655268546        3401.7533605371696       2502.294445801098
1.56221                  1.8                      0.5555555555555556       4.745218376969744E-13    4.948227113866908E-13    0.25                     5.0E10                   2700                     5892.009655268546        3401.7533605371696       2502.294445801098
1.56221                  1.82                     0.5494505494505494       4.688737538138703E-13    4.920426148169984E-13    0.25                     5.0E10                   2700                     5892.009655268546        3401.7533605371696       2502.294445801098
1.56221                  1.84                     0.5434782608695652       4.629199376893916E-13    4.887948375098205E-13    0.25                     5.0E10                   2700                     5892.009655268546        3401.7533605371696       2502.294445801098
1.56221                  1.86                     0.5376344086021505       4.567544620448306E-13    4.851702195053005E-13    0.25                     5.0E10                   2700                     5892.009655268546        3401.7533605371696       2502.294445801098
1.56221                  1.8800000000000001       0.5319148936170213       4.504815526553453E-13    4.812732116942037E-13    0.25                     5.0E10                   2700                     5892.009655268546        3401.7533605371696       2502.294445801098
1.56221                  1.9000000000000001       0.5263157894736842       4.4420623678740736E-13   4.772122809449436E-13    0.25                     5.0E10                   2700                     5892.009655268546        3401.7533605371696       2502.294445801098
1.56221                  1.9200000000000002       0.5208333333333333       4.380272769079029E-13    4.730923219133331E-13    0.25                     5.0E10                   2700                     5892.009655268546        3401.7533605371696       2502.294445801098
1.56221                  1.9400000000000002       0.5154639175257731       4.3203244495774723E-13   4.690092724161321E-13    0.25                     5.0E10                   2700                     5892.009655268546        3401.7533605371696       2502.294445801098
1.56221                  1.9600000000000002       0.5102040816326531       4.262957328869301E-13    4.650467561089467E-13    0.25                     5.0E10                   2700                     5892.009655268546        3401.7533605371696       2502.294445801098
1.56221                  1.9800000000000002       0.505050505050505        4.2087707045577895E-13   4.612747125012983E-13    0.25                     5.0E10                   2700                     5892.009655268546        3401.7533605371696       2502.294445801098
1.56221                  2                        0.5                      4.1584087122697737E-13   4.577560511397804E-13    0.25                     5.0E10                   2700                     5892.009655268546        3401.7533605371696       2502.294445801098
1.56221                  2.02                     0.4950495049504951       4.111799135725389E-13    4.545185037461653E-13    0.25                     5.0E10                   2700                     5892.009655268546        3401.7533605371696       2502.294445801098
1.56221                  2.04                     0.4901960784313726       4.0693517831785074E-13   4.5160007838412923E-13   0.25                     5.0E10                   2700                     5892.009655268546        3401.7533605371696       2502.294445801098
1.56221                  2.06                     0.48543689320388345      4.031175883427199E-13    4.490207155584374E-13    0.25                     5.0E10                   2700                     5892.009655268546        3401.7533605371696       2502.294445801098
1.56221                  2.08                     0.4807692307692307       3.9973005766424745E-13   4.467915442250941E-13    0.25                     5.0E10                   2700                     5892.009655268546        3401.7533605371696       2502.294445801098
1.56221                  2.1                      0.47619047619047616      3.967691389265997E-13    4.449164902639657E-13    0.25                     5.0E10                   2700                     5892.009655268546        3401.7533605371696       2502.294445801098
1.56221                  2.12                     0.4716981132075472       3.9422648464594165E-13   4.4339374657363523E-13   0.25                     5.0E10                   2700                     5892.009655268546        3401.7533605371696       2502.294445801098
1.56221                  2.14                     0.46728971962616817      3.9209009453058607E-13   4.4221706148087873E-13   0.25                     5.0E10                   2700                     5892.009655268546        3401.7533605371696       2502.294445801098
1.56221                  2.16                     0.4629629629629629       3.9034534665453404E-13   4.413768306188745E-13    0.25                     5.0E10                   2700                     5892.009655268546        3401.7533605371696       2502.294445801098
1.56221                  2.18                     0.4587155963302752       3.889758257560475E-13    4.4086099588030463E-13   0.25                     5.0E10                   2700                     5892.009655268546        3401.7533605371696       2502.294445801098
1.56221                  2.2                      0.4545454545454545       3.8796387817755016E-13   4.406557253610199E-13    0.25                     5.0E10                   2700                     5892.009655268546        3401.7533605371696       2502.294445801098
1.56221                  2.22                     0.45045045045045035      3.872914678717365E-13    4.4074613626687814E-13   0.25                     5.0E10                   2700                     5892.009655268546        3401.7533605371696       2502.294445801098
1.56221                  2.24                     0.44642857142857134      3.8693999402109245E-13   4.4111648463550417E-13   0.25                     5.0E10                   2700                     5892.009655268546        3401.7533605371696       2502.294445801098
1.56221                  2.2600000000000002       0.44247787610619466      3.868909025418394E-13    4.417506342210466E-13    0.25                     5.0E10                   2700                     5892.009655268546        3401.7533605371696       2502.294445801098
1.56221                  2.2800000000000002       0.43859649122807015      3.871257661711128E-13    4.4263223931013905E-13   0.25                     5.0E10                   2700                     5892.009655268546        3401.7533605371696       2502.294445801098
1.56221                  2.3000000000000003       0.43478260869565216      3.876263871798993E-13    4.437448922860509E-13    0.25                     5.0E10                   2700                     5892.009655268546        3401.7533605371696       2502.294445801098
1.56221                  2.3200000000000003       0.4310344827586206       3.883748504393328E-13    4.4507221442426773E-13   0.25                     5.0E10                   2700                     5892.009655268546        3401.7533605371696       2502.294445801098
1.56221                  2.3400000000000003       0.4273504273504273       3.893535404900167E-13    4.465979042932467E-13    0.25                     5.0E10                   2700                     5892.009655268546        3401.7533605371696       2502.294445801098
1.56221                  2.3600000000000003       0.42372881355932196      3.905451339416333E-13    4.483057559465029E-13    0.25                     5.0E10                   2700                     5892.009655268546        3401.7533605371696       2502.294445801098
1.56221                  2.3800000000000003       0.4201680672268907       3.9193257642580436E-13   4.501796570874772E-13    0.25                     5.0E10                   2700                     5892.009655268546        3401.7533605371696       2502.294445801098
1.56221                  2.4000000000000004       0.4166666666666666       3.934990515976255E-13    4.5220357561867756E-13   0.25                     5.0E10                   2700                     5892.009655268546        3401.7533605371696       2502.294445801098
1.56221                  2.42                     0.4132231404958677       3.9522794809610513E-13   4.543615413798959E-13    0.25                     5.0E10                   2700                     5892.009655268546        3401.7533605371696       2502.294445801098
1.56221                  2.44                     0.4098360655737705       3.971028291203612E-13    4.566376285165926E-13    0.25                     5.0E10                   2700                     5892.009655268546        3401.7533605371696       2502.294445801098
1.56221                  2.46                     0.4065040650406504       3.9910740814715304E-13   4.590159426915877E-13    0.25                     5.0E10                   2700                     5892.009655268546        3401.7533605371696       2502.294445801098
1.56221                  2.48                     0.4032258064516129       4.0122553336401106E-13   4.614806163041261E-13    0.25                     5.0E10                   2700                     5892.009655268546        3401.7533605371696       2502.294445801098
1.56221                  2.5                      0.4                      4.0370070669946643E-13   4.64223517509959E-13     0.25                     5.0E10                   2700                     5892.009655268546        3401.7533605371696       2502.294445801098
1.56221                  2.52                     0.3968253968253968       4.0599393021646707E-13   4.668095047257327E-13    0.25                     5.0E10                   2700                     5892.009655268546        3401.7533605371696       2502.294445801098
1.56221                  2.54                     0.39370078740157477      4.083521529290611E-13    4.694336130356418E-13    0.25                     5.0E10                   2700                     5892.009655268546        3401.7533605371696       2502.294445801098
1.56221                  2.56                     0.39062499999999994      4.107597320000759E-13    4.720801611726228E-13    0.25                     5.0E10                   2700                     5892.009655268546        3401.7533605371696       2502.294445801098
1.56221                  2.58                     0.38759689922480617      4.132014004096753E-13    4.747337880265656E-13    0.25                     5.0E10                   2700                     5892.009655268546        3401.7533605371696       2502.294445801098
1.56221                  2.6                      0.3846153846153846       4.1566218069122845E-13   4.7737938324186E-13      0.25                     5.0E10                   2700                     5892.009655268546        3401.7533605371696       2502.294445801098
1.56221                  2.62                     0.3816793893129771       4.181274446504241E-13    4.800021597022072E-13    0.25                     5.0E10                   2700                     5892.009655268546        3401.7533605371696       2502.294445801098
1.56221                  2.64                     0.37878787878787873      4.2058298030383666E-13   4.825877334639775E-13    0.25                     5.0E10                   2700                     5892.009655268546        3401.7533605371696       2502.294445801098
1.56221                  2.66                     0.37593984962406013      4.2301506420000684E-13   4.851222091095633E-13    0.25                     5.0E10                   2700                     5892.009655268546        3401.7533605371696       2502.294445801098
1.56221                  2.68                     0.3731343283582089       4.254105370893927E-13    4.875922682862298E-13    0.25                     5.0E10                   2700                     5892.009655268546        3401.7533605371696       2502.294445801098
1.56221                  2.7                      0.37037037037037035      4.2775688079249026E-13   4.899852590497734E-13    0.25                     5.0E10                   2700                     5892.009655268546        3401.7533605371696       2502.294445801098
1.56221                  2.72                     0.3676470588235294       4.300422941089053E-13    4.922892836141529E-13    0.25                     5.0E10                   2700                     5892.009655268546        3401.7533605371696       2502.294445801098
1.56221                  2.74                     0.36496350364963503      4.3225576559541547E-13   4.94493282116082E-13     0.25                     5.0E10                   2700                     5892.009655268546        3401.7533605371696       2502.294445801098
1.56221                  2.7600000000000002       0.36231884057971014      4.34387141158973E-13     4.965871101200176E-13    0.25                     5.0E10                   2700                     5892.009655268546        3401.7533605371696       2502.294445801098
1.56221                  2.7800000000000002       0.35971223021582727      4.364271845821902E-13    4.98561607783885E-13     0.25                     5.0E10                   2700                     5892.009655268546        3401.7533605371696       2502.294445801098
1.56221                  2.8000000000000003       0.3571428571428571       4.3836762929431317E-13   5.00408658851645E-13     0.25                     5.0E10                   2700                     5892.009655268546        3401.7533605371696       2502.294445801098
1.56221                  2.8200000000000003       0.35460992907801414      4.402012199877773E-13    5.021212379343403E-13    0.25                     5.0E10                   2700                     5892.009655268546        3401.7533605371696       2502.294445801098
1.56221                  2.8400000000000003       0.352112676056338        4.419217429817592E-13    5.036934449156679E-13    0.25                     5.0E10                   2700                     5892.009655268546        3401.7533605371696       2502.294445801098
1.56221                  2.8600000000000003       0.3496503496503496       4.4352404458212625E-13   5.05120525679223E-13     0.25                     5.0E10                   2700                     5892.009655268546        3401.7533605371696       2502.294445801098
1.56221                  2.8800000000000003       0.3472222222222222       4.4500403702603634E-13   5.063988787611536E-13    0.25                     5.0E10                   2700                     5892.009655268546        3401.7533605371696       2502.294445801098
1.56221                  2.9000000000000004       0.3448275862068965       4.4635869195003836E-13   5.07526047914595E-13     0.25                     5.0E10                   2700                     5892.009655268546        3401.7533605371696       2502.294445801098
1.56221                  2.92                     0.34246575342465757      4.4758605837862355E-13   5.08500716784505E-13     0.25                     5.0E10                   2700                     5892.009655268546        3401.7533605371696       2502.294445801098
1.56221                  2.94                     0.3401360544217687       4.4868509195026655E-13   5.093226162731412E-13    0.25                     5.0E10                   2700                     5892.009655268546        3401.7533605371696       2502.294445801098
1.56221                  2.96                     0.33783783783783783      4.4965581477449645E-13   5.099925586457279E-13    0.25                     5.0E10                   2700                     5892.009655268546        3401.7533605371696       2502.294445801098
1.56221                  2.98                     0.3355704697986577       4.5049913755016994E-13   5.105123324072522E-13    0.25                     5.0E10                   2700                     5892.009655268546        3401.7533605371696       2502.294445801098
1.56221                  3                        0.3333333333333333       4.512168306509183E-13    5.1088464697126E-13      0.25                     5.0E10                   2700                     5892.009655268546        3401.7533605371696       2502.294445801098
1.56221                  3.02                     0.33112582781456956      4.518114581962499E-13    5.111130589773062E-13    0.25                     5.0E10                   2700                     5892.009655268546        3401.7533605371696       2502.294445801098
1.56221                  3.04                     0.32894736842105265      4.5228630669145027E-13   5.112018926866783E-13    0.25                     5.0E10                   2700                     5892.009655268546        3401.7533605371696       2502.294445801098
1.56221                  3.06                     0.32679738562091504      4.5264530974061985E-13   5.111561561552596E-13    0.25                     5.0E10                   2700                     5892.009655268546        3401.7533605371696       2502.294445801098
1.56221                  3.08                     0.3246753246753247       4.5289297033581827E-13   5.10981454862146E-13     0.25                     5.0E10                   2700                     5892.009655268546        3401.7533605371696       2502.294445801098
1.56221                  3.1                      0.32258064516129037      4.5303428214989136E-13   5.10683904406173E-13     0.25                     5.0E10                   2700                     5892.009655268546        3401.7533605371696       2502.294445801098
1.56221                  3.12                     0.32051282051282054      4.530746511445906E-13    5.102700437294328E-13    0.25                     5.0E10                   2700                     5892.009655268546        3401.7533605371696       2502.294445801098
1.56221                  3.14                     0.3184713375796178       4.5301981871955337E-13   5.09746750226712E-13     0.25                     5.0E10                   2700                     5892.009655268546        3401.7533605371696       2502.294445801098
1.56221                  3.16                     0.3164556962025316       4.5287578743632277E-13   5.091211578877377E-13    0.25                     5.0E10                   2700                     5892.009655268546        3401.7533605371696       2502.294445801098
1.56221                  3.18                     0.31446540880503143      4.5264875022642876E-13   5.084005794727884E-13    0.25                     5.0E10                   2700                     5892.009655268546        3401.7533605371696       2502.294445801098
1.56221                  3.2                      0.3125                   4.523450238071251E-13    5.07592433507986E-13     0.25                     5.0E10                   2700                     5892.009655268546        3401.7533605371696       2502.294445801098
1.56221                  3.22                     0.31055900621118004      4.5197098687865156E-13   5.067041767344019E-13    0.25                     5.0E10                   2700                     5892.009655268546        3401.7533605371696       2502.294445801098
1.56221                  3.24                     0.30864197530864196      4.51533023503007E-13     5.057432424147546E-13    0.25                     5.0E10                   2700                     5892.009655268546        3401.7533605371696       2502.294445801098
1.56221                  3.2600000000000002       0.3067484662576687       4.510374719312369E-13    5.04716984800746E-13     0.25                     5.0E10                   2700                     5892.009655268546        3401.7533605371696       2502.294445801098
1.56221                  3.2800000000000002       0.3048780487804878       4.504905790087218E-13    5.036326298641318E-13    0.25                     5.0E10                   2700                     5892.009655268546        3401.7533605371696       2502.294445801098
1.56221                  3.3000000000000003       0.30303030303030304      4.4989846015673117E-13   5.024972322903782E-13    0.25                     5.0E10                   2700                     5892.009655268546        3401.7533605371696       2502.294445801098
1.56221                  3.3200000000000003       0.3012048192771084       4.492670648378985E-13    5.013176385870534E-13    0.25                     5.0E10                   2700                     5892.009655268546        3401.7533605371696       2502.294445801098
1.56221                  3.3400000000000003       0.29940119760479045      4.4860014939004973E-13   5.001018295287523E-13    0.25                     5.0E10                   2700                     5892.009655268546        3401.7533605371696       2502.294445801098
1.56221                  3.3600000000000003       0.29761904761904756      4.4790668247551247E-13   4.988522815667191E-13    0.25                     5.0E10                   2700                     5892.009655268546        3401.7533605371696       2502.294445801098
1.56221                  3.3800000000000003       0.29585798816568043      4.471905090431173E-13    4.975775299418959E-13    0.25                     5.0E10                   2700                     5892.009655268546        3401.7533605371696       2502.294445801098
1.56221                  3.4000000000000004       0.2941176470588235       4.464566765778457E-13    4.962833398608549E-13    0.25                     5.0E10                   2700                     5892.009655268546        3401.7533605371696       2502.294445801098
1.56221                  3.4200000000000004       0.29239766081871343      4.4570996763832606E-13   4.949751657446211E-13    0.25                     5.0E10                   2700                     5892.009655268546        3401.7533605371696       2502.294445801098
1.56221                  3.44                     0.29069767441860467      4.449548924606945E-13    4.936581443863664E-13    0.25                     5.0E10                   2700                     5892.009655268546        3401.7533605371696       2502.294445801098
1.56221                  3.46                     0.2890173410404624       4.441956848257219E-13    4.923370917178631E-13    0.25                     5.0E10                   2700                     5892.009655268546        3401.7533605371696       2502.294445801098
1.56221                  3.48                     0.28735632183908044      4.434363008511616E-13    4.910165027390488E-13    0.25                     5.0E10                   2700                     5892.009655268546        3401.7533605371696       2502.294445801098
1.56221                  3.5                      0.2857142857142857       4.42680420298222E-13     4.897005541905271E-13    0.25                     5.0E10                   2700                     5892.009655268546        3401.7533605371696       2502.294445801098
1.56221                  3.52                     0.2840909090909091       4.4193156666569213E-13   4.883931980794335E-13    0.25                     5.0E10                   2700                     5892.009655268546        3401.7533605371696       2502.294445801098
1.56221                  3.54                     0.2824858757062147       4.4119264869661824E-13   4.870978158420107E-13    0.25                     5.0E10                   2700                     5892.009655268546        3401.7533605371696       2502.294445801098
1.56221                  3.56                     0.28089887640449435      4.4046665927457453E-13   4.858177547313506E-13    0.25                     5.0E10                   2700                     5892.009655268546        3401.7533605371696       2502.294445801098
1.56221                  3.58                     0.2793296089385475       4.3975622471299713E-13   4.845559869669764E-13    0.25                     5.0E10                   2700                     5892.009655268546        3401.7533605371696       2502.294445801098
1.56221                  3.6                      0.2777777777777778       4.390637279974034E-13    4.833152082360358E-13    0.25                     5.0E10                   2700                     5892.009655268546        3401.7533605371696       2502.294445801098
1.56221                  3.62                     0.27624309392265195      4.3839131870486465E-13   4.820978495180851E-13    0.25                     5.0E10                   2700                     5892.009655268546        3401.7533605371696       2502.294445801098
1.56221                  3.64                     0.2747252747252747       4.3774092349118847E-13   4.809060894539598E-13    0.25                     5.0E10                   2700                     5892.009655268546        3401.7533605371696       2502.294445801098
1.56221                  3.66                     0.27322404371584696      4.3711425694793306E-13   4.797418670857152E-13    0.25                     5.0E10                   2700                     5892.009655268546        3401.7533605371696       2502.294445801098
1.56221                  3.68                     0.2717391304347826       4.365128327052663E-13    4.786068947946374E-13    0.25                     5.0E10                   2700                     5892.009655268546        3401.7533605371696       2502.294445801098
1.56221                  3.7                      0.2702702702702703       4.3593797460070946E-13   4.775026712538289E-13    0.25                     5.0E10                   2700                     5892.009655268546        3401.7533605371696       2502.294445801098
1.56221                  3.72                     0.26881720430107525      4.353908278427482E-13    4.764304943216871E-13    0.25                     5.0E10                   2700                     5892.009655268546        3401.7533605371696       2502.294445801098
1.56221                  3.74                     0.267379679144385        4.3487237003905486E-13   4.753914737432006E-13    0.25                     5.0E10                   2700                     5892.009655268546        3401.7533605371696       2502.294445801098
1.56221                  3.7600000000000002       0.26595744680851063      4.3438342202309014E-13   4.743865435580213E-13    0.25                     5.0E10                   2700                     5892.009655268546        3401.7533605371696       2502.294445801098
1.56221                  3.7800000000000002       0.26455026455026454      4.339246584101681E-13    4.734164741848323E-13    0.25                     5.0E10                   2700                     5892.009655268546        3401.7533605371696       2502.294445801098
1.56221                  3.8000000000000003       0.2631578947368421       4.334966178357065E-13    4.724818840954245E-13    0.25                     5.0E10                   2700                     5892.009655268546        3401.7533605371696       2502.294445801098
1.56221                  3.8200000000000003       0.26178010471204183      4.3309971282383856E-13   4.715832510496054E-13    0.25                     5.0E10                   2700                     5892.009655268546        3401.7533605371696       2502.294445801098
1.56221                  3.8400000000000003       0.26041666666666663      4.3273423927321127E-13   4.707209228611905E-13    0.25                     5.0E10                   2700                     5892.009655268546        3401.7533605371696       2502.294445801098
1.56221                  3.8600000000000003       0.25906735751295334      4.324003855162665E-13    4.698951276636398E-13    0.25                     5.0E10                   2700                     5892.009655268546        3401.7533605371696       2502.294445801098
1.56221                  3.8800000000000003       0.25773195876288657      4.320982409627917E-13    4.691059836814355E-13    0.25                     5.0E10                   2700                     5892.009655268546        3401.7533605371696       2502.294445801098
1.56221                  3.9000000000000004       0.2564102564102564       4.3182780429935184E-13   4.683535084840557E-13    0.25                     5.0E10                   2700                     5892.009655268546        3401.7533605371696       2502.294445801098
1.56221                  3.9200000000000004       0.25510204081632654      4.3158899126259803E-13   4.676376277329344E-13    0.25                     5.0E10                   2700                     5892.009655268546        3401.7533605371696       2502.294445801098
1.56221                  3.94                     0.25380710659898476      4.313816419631907E-13    4.669581834234376E-13    0.25                     5.0E10                   2700                     5892.009655268546        3401.7533605371696       2502.294445801098
1.56221                  3.96                     0.2525252525252525       4.3120552780103967E-13   4.66314941635098E-13     0.25                     5.0E10                   2700                     5892.009655268546        3401.7533605371696       2502.294445801098
1.56221                  3.98                     0.25125628140703515      4.3106035794223704E-13   4.657075997904121E-13    0.25                     5.0E10                   2700                     5892.009655268546        3401.7533605371696       2502.294445801098
1.56221                  4                        0.25                     4.309457854122759E-13    4.65135793460686E-13     0.25                     5.0E10                   2700                     5892.009655268546        3401.7533605371696       2502.294445801098
1.56221                  4.02                     0.24875621890547264      4.3086141278022475E-13   4.645991027141287E-13    0.25                     5.0E10                   2700                     5892.009655268546        3401.7533605371696       2502.294445801098
1.56221                  4.04                     0.24752475247524755      4.308067974685972E-13    4.640970580267997E-13    0.25                     5.0E10                   2700                     5892.009655268546        3401.7533605371696       2502.294445801098
1.56221                  4.06                     0.24630541871921185      4.307814567075791E-13    4.636291457953905E-13    0.25                     5.0E10                   2700                     5892.009655268546        3401.7533605371696       2502.294445801098
1.56221                  4.08                     0.2450980392156863       4.307848721428346E-13    4.631948134403962E-13    0.25                     5.0E10                   2700                     5892.009655268546        3401.7533605371696       2502.294445801098
1.56221                  4.1                      0.24390243902439027      4.308164941072404E-13    4.627934741478266E-13    0.25                     5.0E10                   2700                     5892.009655268546        3401.7533605371696       2502.294445801098
1.56221                  4.12                     0.24271844660194172      4.308757455965466E-13    4.624245112601348E-13    0.25                     5.0E10                   2700                     5892.009655268546        3401.7533605371696       2502.294445801098
1.56221                  4.14                     0.2415458937198068       4.3096202593757385E-13   4.620872823241382E-13    0.25                     5.0E10                   2700                     5892.009655268546        3401.7533605371696       2502.294445801098
1.56221                  4.16                     0.24038461538461536      4.310747141876162E-13    4.617811228312561E-13    0.25                     5.0E10                   2700                     5892.009655268546        3401.7533605371696       2502.294445801098
1.56221                  4.18                     0.2392344497607656       4.312131722681505E-13    4.615053496695179E-13    0.25                     5.0E10                   2700                     5892.009655268546        3401.7533605371696       2502.294445801098
1.56221                  4.199999999999999        0.23809523809523814      4.31376747857166E-13     4.612592642831402E-13    0.25                     5.0E10                   2700                     5892.009655268546        3401.7533605371696       2502.294445801098
1.56221                  4.22                     0.23696682464454977      4.315647770491497E-13    4.610421555967178E-13    0.25                     5.0E10                   2700                     5892.009655268546        3401.7533605371696       2502.294445801098
1.56221                  4.239999999999999        0.23584905660377362      4.317765868025661E-13    4.608533026717777E-13    0.25                     5.0E10                   2700                     5892.009655268546        3401.7533605371696       2502.294445801098
1.56221                  4.26                     0.2347417840375587       4.320114971838076E-13    4.60691977168489E-13     0.25                     5.0E10                   2700                     5892.009655268546        3401.7533605371696       2502.294445801098
1.56221                  4.279999999999999        0.23364485981308417      4.322688234193915E-13    4.605574455584418E-13    0.25                     5.0E10                   2700                     5892.009655268546        3401.7533605371696       2502.294445801098
1.56221                  4.3                      0.23255813953488372      4.325478777879638E-13    4.604489711916484E-13    0.25                     5.0E10                   2700                     5892.009655268546        3401.7533605371696       2502.294445801098
1.56221                  4.319999999999999        0.23148148148148148      4.3284797133083427E-13   4.60365816127118E-13     0.25                     5.0E10                   2700                     5892.009655268546        3401.7533605371696       2502.294445801098
1.56221                  4.34                     0.2304147465437788       4.3316841542123746E-13   4.603072428400523E-13    0.25                     5.0E10                   2700                     5892.009655268546        3401.7533605371696       2502.294445801098
1.56221                  4.359999999999999        0.22935779816513763      4.3350852319597355E-13   4.602725157562125E-13    0.25                     5.0E10                   2700                     5892.009655268546        3401.7533605371696       2502.294445801098
1.56221                  4.38                     0.228310502283105        4.3386785824786875E-13   4.602610998369377E-13    0.25                     5.0E10                   2700                     5892.009655268546        3401.7533605371696       2502.294445801098
1.56221                  4.3999999999999995       0.22727272727272732      4.342452498271414E-13    4.602718765517926E-13    0.25                     5.0E10                   2700                     5892.009655268546        3401.7533605371696       2502.294445801098
1.56221                  4.42                     0.22624434389140272      4.3464026741465817E-13   4.603043176342567E-13    0.25                     5.0E10                   2700                     5892.009655268546        3401.7533605371696       2502.294445801098
1.56221                  4.4399999999999995       0.22522522522522526      4.3505224297286693E-13   4.603577078822126E-13    0.25                     5.0E10                   2700                     5892.009655268546        3401.7533605371696       2502.294445801098
1.56221                  4.46                     0.2242152466367713       4.3548051557916536E-13   4.604313397388711E-13    0.25                     5.0E10                   2700                     5892.009655268546        3401.7533605371696       2502.294445801098
1.56221                  4.4799999999999995       0.2232142857142857       4.359244321891764E-13    4.605245141085543E-13    0.25                     5.0E10                   2700                     5892.009655268546        3401.7533605371696       2502.294445801098
1.56221                  4.5                      0.22222222222222224      4.363833483390553E-13    4.606365410720616E-13    0.25                     5.0E10                   2700                     5892.009655268546        3401.7533605371696       2502.294445801098
1.56221                  4.52                     0.22123893805309736      4.3685662874223203E-13   4.607667405282586E-13    0.25                     5.0E10                   2700                     5892.009655268546        3401.7533605371696       2502.294445801098
1.56221                  4.54                     0.22026431718061676      4.373436478468982E-13    4.60914442758359E-13     0.25                     5.0E10                   2700                     5892.009655268546        3401.7533605371696       2502.294445801098
1.56221                  4.56                     0.21929824561403513      4.378437902990157E-13    4.610789889161333E-13    0.25                     5.0E10                   2700                     5892.009655268546        3401.7533605371696       2502.294445801098
1.56221                  4.58                     0.21834061135371177      4.3835645137668484E-13   4.612597314550993E-13    0.25                     5.0E10                   2700                     5892.009655268546        3401.7533605371696       2502.294445801098
1.56221                  4.6                      0.2173913043478261       4.388810373350109E-13    4.614560344898882E-13    0.25                     5.0E10                   2700                     5892.009655268546        3401.7533605371696       2502.294445801098
1.56221                  4.62                     0.21645021645021645      4.3941696572459214E-13   4.616672741215352E-13    0.25                     5.0E10                   2700                     5892.009655268546        3401.7533605371696       2502.294445801098
1.56221                  4.64                     0.21551724137931036      4.3996366566693814E-13   4.618928386958179E-13    0.25                     5.0E10                   2700                     5892.009655268546        3401.7533605371696       2502.294445801098
1.56221                  4.66                     0.2145922746781116       4.405205780470068E-13    4.621321290056699E-13    0.25                     5.0E10                   2700                     5892.009655268546        3401.7533605371696       2502.294445801098
1.56221                  4.68                     0.21367521367521367      4.410871557150482E-13    4.623845584754388E-13    0.25                     5.0E10                   2700                     5892.009655268546        3401.7533605371696       2502.294445801098
1.56221                  4.7                      0.2127659574468085       4.416628636307834E-13    4.626495533059836E-13    0.25                     5.0E10                   2700                     5892.009655268546        3401.7533605371696       2502.294445801098
1.56221                  4.72                     0.211864406779661        4.4224717895992285E-13   4.629265525541305E-13    0.25                     5.0E10                   2700                     5892.009655268546        3401.7533605371696       2502.294445801098
1.56221                  4.739999999999999        0.21097046413502113      4.428395911718602E-13    4.632150082187577E-13    0.25                     5.0E10                   2700                     5892.009655268546        3401.7533605371696       2502.294445801098
1.56221                  4.76                     0.21008403361344538      4.4343960207062487E-13   4.635143852574397E-13    0.25                     5.0E10                   2700                     5892.009655268546        3401.7533605371696       2502.294445801098
1.56221                  4.779999999999999        0.20920502092050208      4.44046725827903E-13     4.638241616128309E-13    0.25                     5.0E10                   2700                     5892.009655268546        3401.7533605371696       2502.294445801098
1.56221                  4.8                      0.20833333333333334      4.446604889960147E-13    4.641438281971711E-13    0.25                     5.0E10                   2700                     5892.009655268546        3401.7533605371696       2502.294445801098
1.56221                  4.819999999999999        0.2074688796680498       4.4528043046281496E-13   4.644728888450145E-13    0.25                     5.0E10                   2700                     5892.009655268546        3401.7533605371696       2502.294445801098
1.56221                  4.84                     0.20661157024793386      4.4590610143000357E-13   4.648108602650955E-13    0.25                     5.0E10                   2700                     5892.009655268546        3401.7533605371696       2502.294445801098
1.56221                  4.859999999999999        0.20576131687242802      4.465370653441398E-13    4.651572719593188E-13    0.25                     5.0E10                   2700                     5892.009655268546        3401.7533605371696       2502.294445801098
1.56221                  4.88                     0.20491803278688525      4.471728978316596E-13    4.655116661347887E-13    0.25                     5.0E10                   2700                     5892.009655268546        3401.7533605371696       2502.294445801098
1.56221                  4.8999999999999995       0.20408163265306126      4.4781318658972177E-13   4.658735975918455E-13    0.25                     5.0E10                   2700                     5892.009655268546        3401.7533605371696       2502.294445801098
1.56221                  4.92                     0.2032520325203252       4.484575312953236E-13    4.662426335988748E-13    0.25                     5.0E10                   2700                     5892.009655268546        3401.7533605371696       2502.294445801098
1.56221                  4.9399999999999995       0.20242914979757085      4.491055434832451E-13    4.66618353773352E-13     0.25                     5.0E10                   2700                     5892.009655268546        3401.7533605371696       2502.294445801098
1.56221                  4.96                     0.20161290322580644      4.4975684641973274E-13   4.670003499135353E-13    0.25                     5.0E10                   2700                     5892.009655268546        3401.7533605371696       2502.294445801098
1.56221                  4.9799999999999995       0.20080321285140565      4.504110749672752E-13    4.673882258669874E-13    0.25                     5.0E10                   2700                     5892.009655268546        3401.7533605371696       2502.294445801098
1.56221                  5                        0.2                      4.5115583397924304E-13   4.678952637303264E-13    0.25                     5.0E10                   2700                     5892.009655268546        3401.7533605371696       2502.294445801098
1.56221                  5.02                     0.19920318725099603      4.5181502515767494E-13   4.682939102209631E-13    0.25                     5.0E10                   2700                     5892.009655268546        3401.7533605371696       2502.294445801098
1.56221                  5.04                     0.1984126984126984       4.5247605821817747E-13   4.686972542625369E-13    0.25                     5.0E10                   2700                     5892.009655268546        3401.7533605371696       2502.294445801098
1.56221                  5.06                     0.19762845849802374      4.531386150442936E-13    4.691049489357953E-13    0.25                     5.0E10                   2700                     5892.009655268546        3401.7533605371696       2502.294445801098
1.56221                  5.08                     0.19685039370078738      4.538023882293044E-13    4.695166583696617E-13    0.25                     5.0E10                   2700                     5892.009655268546        3401.7533605371696       2502.294445801098
1.56221                  5.1                      0.19607843137254904      4.5446708089650556E-13   4.699320575590086E-13    0.25                     5.0E10                   2700                     5892.009655268546        3401.7533605371696       2502.294445801098
1.56221                  5.12                     0.19531249999999997      4.551324065218335E-13    4.703508321598809E-13    0.25                     5.0E10                   2700                     5892.009655268546        3401.7533605371696       2502.294445801098
1.56221                  5.14                     0.1945525291828794       4.55798088748475E-13     4.707726783023947E-13    0.25                     5.0E10                   2700                     5892.009655268546        3401.7533605371696       2502.294445801098
1.56221                  5.16                     0.19379844961240308      4.564638611779703E-13    4.71197302375542E-13     0.25                     5.0E10                   2700                     5892.009655268546        3401.7533605371696       2502.294445801098
1.56221                  5.18                     0.19305019305019305      4.571294672137312E-13    4.716244208351233E-13    0.25                     5.0E10                   2700                     5892.009655268546        3401.7533605371696       2502.294445801098
1.56221                  5.2                      0.1923076923076923       4.577946598181077E-13    4.720537599969112E-13    0.25                     5.0E10                   2700                     5892.009655268546        3401.7533605371696       2502.294445801098
1.56221                  5.22                     0.19157088122605365      4.584592013605194E-13    4.724850558203491E-13    0.25                     5.0E10                   2700                     5892.009655268546        3401.7533605371696       2502.294445801098
1.56221                  5.239999999999999        0.19083969465648856      4.591228633975412E-13    4.729180537156936E-13    0.25                     5.0E10                   2700                     5892.009655268546        3401.7533605371696       2502.294445801098
1.56221                  5.26                     0.19011406844106465      4.597854264695723E-13    4.733525083320154E-13    0.25                     5.0E10                   2700                     5892.009655268546        3401.7533605371696       2502.294445801098
1.56221                  5.279999999999999        0.18939393939393942      4.604466799152392E-13    4.737881833361213E-13    0.25                     5.0E10                   2700                     5892.009655268546        3401.7533605371696       2502.294445801098
1.56221                  5.3                      0.18867924528301888      4.611064216651007E-13    4.742248512324979E-13    0.25                     5.0E10                   2700                     5892.009655268546        3401.7533605371696       2502.294445801098
1.56221                  5.319999999999999        0.1879699248120301       4.61764458043144E-13     4.746622931277858E-13    0.25                     5.0E10                   2700                     5892.009655268546        3401.7533605371696       2502.294445801098
1.56221                  5.34                     0.18726591760299627      4.624206035677939E-13    4.751002985502202E-13    0.25                     5.0E10                   2700                     5892.009655268546        3401.7533605371696       2502.294445801098
1.56221                  5.359999999999999        0.1865671641791045       4.630746807478032E-13    4.755386652244432E-13    0.25                     5.0E10                   2700                     5892.009655268546        3401.7533605371696       2502.294445801098
1.56221                  5.38                     0.1858736059479554       4.637265199038656E-13    4.759771988837926E-13    0.25                     5.0E10                   2700                     5892.009655268546        3401.7533605371696       2502.294445801098
1.56221                  5.3999999999999995       0.1851851851851852       4.643759589423303E-13    4.764157130578041E-13    0.25                     5.0E10                   2700                     5892.009655268546        3401.7533605371696       2502.294445801098
1.56221                  5.42                     0.18450184501845018      4.65022843188939E-13     4.768540288810313E-13    0.25                     5.0E10                   2700                     5892.009655268546        3401.7533605371696       2502.294445801098
1.56221                  5.4399999999999995       0.18382352941176472      4.656670251846538E-13    4.772919748882143E-13    0.25                     5.0E10                   2700                     5892.009655268546        3401.7533605371696       2502.294445801098
1.56221                  5.46                     0.18315018315018314      4.663083644833917E-13    4.77729386824635E-13     0.25                     5.0E10                   2700                     5892.009655268546        3401.7533605371696       2502.294445801098
1.56221                  5.4799999999999995       0.18248175182481755      4.669467274769624E-13    4.781661074421264E-13    0.25                     5.0E10                   2700                     5892.009655268546        3401.7533605371696       2502.294445801098
1.56221                  5.5                      0.18181818181818182      4.675819872102775E-13    4.786019863232635E-13    0.25                     5.0E10                   2700                     5892.009655268546        3401.7533605371696       2502.294445801098
1.56221                  5.52                     0.1811594202898551       4.682140231739376E-13    4.790368796772016E-13    0.25                     5.0E10                   2700                     5892.009655268546        3401.7533605371696       2502.294445801098
1.56221                  5.54                     0.18050541516245486      4.688427211462168E-13    4.794706501662807E-13    0.25                     5.0E10                   2700                     5892.009655268546        3401.7533605371696       2502.294445801098
1.56221                  5.56                     0.1798561151079137       4.694679729989322E-13    4.799031667135107E-13    0.25                     5.0E10                   2700                     5892.009655268546        3401.7533605371696       2502.294445801098
1.56221                  5.58                     0.17921146953405018      4.700896765168757E-13    4.803343043250963E-13    0.25                     5.0E10                   2700                     5892.009655268546        3401.7533605371696       2502.294445801098
1.56221                  5.6                      0.17857142857142858      4.707077352353048E-13    4.807639439145799E-13    0.25                     5.0E10                   2700                     5892.009655268546        3401.7533605371696       2502.294445801098
1.56221                  5.62                     0.17793594306049823      4.713220582524155E-13    4.811919721289913E-13    0.25                     5.0E10                   2700                     5892.009655268546        3401.7533605371696       2502.294445801098
1.56221                  5.64                     0.1773049645390071       4.719325600702368E-13    4.816182811675107E-13    0.25                     5.0E10                   2700                     5892.009655268546        3401.7533605371696       2502.294445801098
1.56221                  5.66                     0.17667844522968196      4.725391604166536E-13    4.820427686270763E-13    0.25                     5.0E10                   2700                     5892.009655268546        3401.7533605371696       2502.294445801098
1.56221                  5.68                     0.17605633802816903      4.731417840959353E-13    4.824653373229591E-13    0.25                     5.0E10                   2700                     5892.009655268546        3401.7533605371696       2502.294445801098
1.56221                  5.7                      0.17543859649122806      4.737403608170039E-13    4.828858951414174E-13    0.25                     5.0E10                   2700                     5892.009655268546        3401.7533605371696       2502.294445801098
1.56221                  5.72                     0.17482517482517484      4.743348250239506E-13    4.833043548587687E-13    0.25                     5.0E10                   2700                     5892.009655268546        3401.7533605371696       2502.294445801098
1.56221                  5.739999999999999        0.17421602787456447      4.74925115768605E-13     4.837206340096858E-13    0.25                     5.0E10                   2700                     5892.009655268546        3401.7533605371696       2502.294445801098
1.56221                  5.76                     0.1736111111111111       4.755111765285328E-13    4.841346547115492E-13    0.25                     5.0E10                   2700                     5892.009655268546        3401.7533605371696       2502.294445801098
1.56221                  5.779999999999999        0.17301038062283738      4.760929550925297E-13    4.845463435398969E-13    0.25                     5.0E10                   2700                     5892.009655268546        3401.7533605371696       2502.294445801098
1.56221                  5.8                      0.1724137931034483       4.766704033751067E-13    4.849556313500446E-13    0.25                     5.0E10                   2700                     5892.009655268546        3401.7533605371696       2502.294445801098
1.56221                  5.819999999999999        0.17182130584192443      4.772434772942271E-13    4.853624531615654E-13    0.25                     5.0E10                   2700                     5892.009655268546        3401.7533605371696       2502.294445801098
1.56221                  5.84                     0.17123287671232879      4.778126349624812E-13    4.857671816123057E-13    0.25                     5.0E10                   2700                     5892.009655268546        3401.7533605371696       2502.294445801098
1.56221                  5.859999999999999        0.17064846416382254      4.783768501550249E-13    4.861688982153541E-13    0.25                     5.0E10                   2700                     5892.009655268546        3401.7533605371696       2502.294445801098
1.56221                  5.88                     0.17006802721088435      4.789365814687918E-13    4.865679774901884E-13    0.25                     5.0E10                   2700                     5892.009655268546        3401.7533605371696       2502.294445801098
1.56221                  5.8999999999999995       0.16949152542372883      4.794917994520841E-13    4.8696436969134E-13      0.25                     5.0E10                   2700                     5892.009655268546        3401.7533605371696       2502.294445801098
1.56221                  5.92                     0.16891891891891891      4.800424779978423E-13    4.873580285656503E-13    0.25                     5.0E10                   2700                     5892.009655268546        3401.7533605371696       2502.294445801098
1.56221                  5.9399999999999995       0.16835016835016836      4.80588594199636E-13     4.877489112149739E-13    0.25                     5.0E10                   2700                     5892.009655268546        3401.7533605371696       2502.294445801098
1.56221                  5.96                     0.16778523489932884      4.81130128228686E-13     4.881369779773357E-13    0.25                     5.0E10                   2700                     5892.009655268546        3401.7533605371696       2502.294445801098
1.56221                  5.9799999999999995       0.16722408026755856      4.816670632369093E-13    4.885221923123945E-13    0.25                     5.0E10                   2700                     5892.009655268546        3401.7533605371696       2502.294445801098
1.56221                  6                        0.16666666666666666      4.82199385213518E-13     4.889045206823967E-13    0.25                     5.0E10                   2700                     5892.009655268546        3401.7533605371696       2502.294445801098
1.56221                  6.02                     0.16611295681063123      4.827270828925197E-13    4.89283932439997E-13     0.25                     5.0E10                   2700                     5892.009655268546        3401.7533605371696       2502.294445801098
1.56221                  6.04                     0.16556291390728478      4.832501476392053E-13    4.896603997242101E-13    0.25                     5.0E10                   2700                     5892.009655268546        3401.7533605371696       2502.294445801098
1.56221                  6.06                     0.16501650165016504      4.837685733346954E-13    4.900338973467191E-13    0.25                     5.0E10                   2700                     5892.009655268546        3401.7533605371696       2502.294445801098
1.56221                  6.08                     0.16447368421052633      4.842823562780369E-13    4.904044026884189E-13    0.25                     5.0E10                   2700                     5892.009655268546        3401.7533605371696       2502.294445801098
1.56221                  6.1                      0.16393442622950818      4.847914950955183E-13    4.907718956116978E-13    0.25                     5.0E10                   2700                     5892.009655268546        3401.7533605371696       2502.294445801098
1.56221                  6.12                     0.16339869281045752      4.852959906180676E-13    4.91136358340083E-13     0.25                     5.0E10                   2700                     5892.009655268546        3401.7533605371696       2502.294445801098
1.56221                  6.14                     0.16286644951140067      4.85795845801465E-13     4.914977753833068E-13    0.25                     5.0E10                   2700                     5892.009655268546        3401.7533605371696       2502.294445801098
1.56221                  6.16                     0.16233766233766234      4.862910656441019E-13    4.918561334355586E-13    0.25                     5.0E10                   2700                     5892.009655268546        3401.7533605371696       2502.294445801098
1.56221                  6.18                     0.16181229773462782      4.867816570746001E-13    4.922114212843987E-13    0.25                     5.0E10                   2700                     5892.009655268546        3401.7533605371696       2502.294445801098
1.56221                  6.2                      0.16129032258064518      4.872676288733451E-13    4.92563629729555E-13     0.25                     5.0E10                   2700                     5892.009655268546        3401.7533605371696       2502.294445801098
1.56221                  6.22                     0.16077170418006428      4.877489915908557E-13    4.929127514930866E-13    0.25                     5.0E10                   2700                     5892.009655268546        3401.7533605371696       2502.294445801098
1.56221                  6.24                     0.16025641025641027      4.882257574609619E-13    4.932587811372498E-13    0.25                     5.0E10                   2700                     5892.009655268546        3401.7533605371696       2502.294445801098
1.56221                  6.26                     0.1597444089456869       4.886979403280845E-13    4.936017149900718E-13    0.25                     5.0E10                   2700                     5892.009655268546        3401.7533605371696       2502.294445801098
1.56221                  6.279999999999999        0.15923566878980894      4.891655555645258E-13    4.93941551066279E-13     0.25                     5.0E10                   2700                     5892.009655268546        3401.7533605371696       2502.294445801098
1.56221                  6.3                      0.15873015873015872      4.89628619990656E-13     4.94278288985768E-13     0.25                     5.0E10                   2700                     5892.009655268546        3401.7533605371696       2502.294445801098
1.56221                  6.319999999999999        0.15822784810126583      4.900871518045578E-13    4.946119299078995E-13    0.25                     5.0E10                   2700                     5892.009655268546        3401.7533605371696       2502.294445801098
1.56221                  6.34                     0.1577287066246057       4.905411705315477E-13    4.949424764674004E-13    0.25                     5.0E10                   2700                     5892.009655268546        3401.7533605371696       2502.294445801098
1.56221                  6.359999999999999        0.15723270440251574      4.909906969186632E-13    4.952699326855235E-13    0.25                     5.0E10                   2700                     5892.009655268546        3401.7533605371696       2502.294445801098
1.56221                  6.38                     0.15673981191222572      4.914357528979229E-13    4.955943039260724E-13    0.25                     5.0E10                   2700                     5892.009655268546        3401.7533605371696       2502.294445801098
1.56221                  6.3999999999999995       0.15625                  4.918763615187844E-13    4.959155968240527E-13    0.25                     5.0E10                   2700                     5892.009655268546        3401.7533605371696       2502.294445801098
1.56221                  6.42                     0.1557632398753894       4.923125468807569E-13    4.962338192214355E-13    0.25                     5.0E10                   2700                     5892.009655268546        3401.7533605371696       2502.294445801098
1.56221                  6.4399999999999995       0.15527950310559008      4.927443340648679E-13    4.965489801058819E-13    0.25                     5.0E10                   2700                     5892.009655268546        3401.7533605371696       2502.294445801098
1.56221                  6.46                     0.15479876160990713      4.931717491001608E-13    4.9686108956321E-13      0.25                     5.0E10                   2700                     5892.009655268546        3401.7533605371696       2502.294445801098
1.56221                  6.4799999999999995       0.154320987654321        4.935948188883848E-13    4.971701587116146E-13    0.25                     5.0E10                   2700                     5892.009655268546        3401.7533605371696       2502.294445801098
1.56221                  6.5                      0.15384615384615383      4.940135711534046E-13    4.974761996507274E-13    0.25                     5.0E10                   2700                     5892.009655268546        3401.7533605371696       2502.294445801098
1.56221                  6.52                     0.15337423312883436      4.944280344050636E-13    4.977792254192122E-13    0.25                     5.0E10                   2700                     5892.009655268546        3401.7533605371696       2502.294445801098
1.56221                  6.54                     0.15290519877675843      4.948382378556773E-13    4.980792499204212E-13    0.25                     5.0E10                   2700                     5892.009655268546        3401.7533605371696       2502.294445801098
1.56221                  6.56                     0.15243902439024393      4.95244211421083E-13     4.983762879091347E-13    0.25                     5.0E10                   2700                     5892.009655268546        3401.7533605371696       2502.294445801098
1.56221                  6.58                     0.1519756838905775       4.956459856294184E-13    4.986703549126927E-13    0.25                     5.0E10                   2700                     5892.009655268546        3401.7533605371696       2502.294445801098
1.56221                  6.6                      0.15151515151515152      4.960435915945462E-13    4.989614672023545E-13    0.25                     5.0E10                   2700                     5892.009655268546        3401.7533605371696       2502.294445801098
1.56221                  6.62                     0.1510574018126888       4.964370609748547E-13    4.992496417479739E-13    0.25                     5.0E10                   2700                     5892.009655268546        3401.7533605371696       2502.294445801098
1.56221                  6.64                     0.1506024096385542       4.968264259397024E-13    4.995348961786384E-13    0.25                     5.0E10                   2700                     5892.009655268546        3401.7533605371696       2502.294445801098
1.56221                  6.66                     0.15015015015015015      4.972117191073656E-13    4.998172487339756E-13    0.25                     5.0E10                   2700                     5892.009655268546        3401.7533605371696       2502.294445801098
1.56221                  6.68                     0.14970059880239522      4.975929735214204E-13    5.000967182304078E-13    0.25                     5.0E10                   2700                     5892.009655268546        3401.7533605371696       2502.294445801098
1.56221                  6.7                      0.1492537313432836       4.979702226195435E-13    5.003733240295463E-13    0.25                     5.0E10                   2700                     5892.009655268546        3401.7533605371696       2502.294445801098
1.56221                  6.72                     0.1488095238095238       4.983435001832225E-13    5.006470859915261E-13    0.25                     5.0E10                   2700                     5892.009655268546        3401.7533605371696       2502.294445801098
1.56221                  6.74                     0.14836795252225518      4.987128403124157E-13    5.009180244474405E-13    0.25                     5.0E10                   2700                     5892.009655268546        3401.7533605371696       2502.294445801098
1.56221                  6.76                     0.14792899408284024      4.990782773983616E-13    5.011861601680886E-13    0.25                     5.0E10                   2700                     5892.009655268546        3401.7533605371696       2502.294445801098
1.56221                  6.779999999999999        0.14749262536873156      4.994398460790579E-13    5.014515143222746E-13    0.25                     5.0E10                   2700                     5892.009655268546        3401.7533605371696       2502.294445801098
1.56221                  6.8                      0.14705882352941177      4.997975812160472E-13    5.017141084567632E-13    0.25                     5.0E10                   2700                     5892.009655268546        3401.7533605371696       2502.294445801098
1.56221                  6.819999999999999        0.1466275659824047       5.001515178725852E-13    5.019739644639357E-13    0.25                     5.0E10                   2700                     5892.009655268546        3401.7533605371696       2502.294445801098
1.56221                  6.84                     0.14619883040935674      5.005016912790674E-13    5.022311045510413E-13    0.25                     5.0E10                   2700                     5892.009655268546        3401.7533605371696       2502.294445801098
1.56221                  6.859999999999999        0.1457725947521866       5.008481367953329E-13    5.024855512093922E-13    0.25                     5.0E10                   2700                     5892.009655268546        3401.7533605371696       2502.294445801098
1.56221                  6.88                     0.14534883720930233      5.011908899166628E-13    5.027373272027676E-13    0.25                     5.0E10                   2700                     5892.009655268546        3401.7533605371696       2502.294445801098
1.56221                  6.8999999999999995       0.14492753623188406      5.015299862133771E-13    5.029864555240925E-13    0.25                     5.0E10                   2700                     5892.009655268546        3401.7533605371696       2502.294445801098
1.56221                  6.92                     0.1445086705202312       5.018654613365332E-13    5.032329593878243E-13    0.25                     5.0E10                   2700                     5892.009655268546        3401.7533605371696       2502.294445801098
1.56221                  6.9399999999999995       0.1440922190201729       5.021973509806327E-13    5.034768621967619E-13    0.25                     5.0E10                   2700                     5892.009655268546        3401.7533605371696       2502.294445801098
1.56221                  6.96                     0.14367816091954022      5.025256908648862E-13    5.037181875227577E-13    0.25                     5.0E10                   2700                     5892.009655268546        3401.7533605371696       2502.294445801098
1.56221                  6.9799999999999995       0.14326647564469916      5.028505167126166E-13    5.039569590844313E-13    0.25                     5.0E10                   2700                     5892.009655268546        3401.7533605371696       2502.294445801098
1.56221                  7                        0.14285714285714285      5.031718642478713E-13    5.041932007357941E-13    0.25                     5.0E10                   2700                     5892.009655268546        3401.7533605371696       2502.294445801098
1.56221                  7.02                     0.14245014245014245      5.034897691393944E-13    5.044269364295114E-13    0.25                     5.0E10                   2700                     5892.009655268546        3401.7533605371696       2502.294445801098
1.56221                  7.04                     0.14204545454545456      5.038042670358041E-13    5.046581902217497E-13    0.25                     5.0E10                   2700                     5892.009655268546        3401.7533605371696       2502.294445801098
1.56221                  7.06                     0.141643059490085        5.04115393497207E-13     5.048869862319146E-13    0.25                     5.0E10                   2700                     5892.009655268546        3401.7533605371696       2502.294445801098
1.56221                  7.08                     0.14124293785310735      5.04423184023022E-13     5.051133486435726E-13    0.25                     5.0E10                   2700                     5892.009655268546        3401.7533605371696       2502.294445801098
1.56221                  7.1                      0.14084507042253522      5.047276739893024E-13    5.053373016706525E-13    0.25                     5.0E10                   2700                     5892.009655268546        3401.7533605371696       2502.294445801098
1.56221                  7.12                     0.14044943820224717      5.050288987023232E-13    5.055588695707517E-13    0.25                     5.0E10                   2700                     5892.009655268546        3401.7533605371696       2502.294445801098
1.56221                  7.14                     0.1400560224089636       5.053268933097405E-13    5.057780765933507E-13    0.25                     5.0E10                   2700                     5892.009655268546        3401.7533605371696       2502.294445801098
1.56221                  7.16                     0.13966480446927376      5.056216928417567E-13    5.059949469969153E-13    0.25                     5.0E10                   2700                     5892.009655268546        3401.7533605371696       2502.294445801098
1.56221                  7.18                     0.1392757660167131       5.059133321751366E-13    5.062095050196128E-13    0.25                     5.0E10                   2700                     5892.009655268546        3401.7533605371696       2502.294445801098
1.56221                  7.2                      0.1388888888888889       5.062018460299199E-13    5.064217748739287E-13    0.25                     5.0E10                   2700                     5892.009655268546        3401.7533605371696       2502.294445801098
1.56221                  7.22                     0.13850415512465375      5.064872689558735E-13    5.066317807309344E-13    0.25                     5.0E10                   2700                     5892.009655268546        3401.7533605371696       2502.294445801098
1.56221                  7.24                     0.13812154696132597      5.067696353185871E-13    5.068395467088133E-13    0.25                     5.0E10                   2700                     5892.009655268546        3401.7533605371696       2502.294445801098
1.56221                  7.26                     0.13774104683195593      5.070489793078568E-13    5.070450968698438E-13    0.25                     5.0E10                   2700                     5892.009655268546        3401.7533605371696       2502.294445801098
1.56221                  7.279999999999999        0.13736263736263737      5.073253348972084E-13    5.072484551960034E-13    0.25                     5.0E10                   2700                     5892.009655268546        3401.7533605371696       2502.294445801098
1.56221                  7.3                      0.13698630136986303      5.075987358607184E-13    5.074496455897706E-13    0.25                     5.0E10                   2700                     5892.009655268546        3401.7533605371696       2502.294445801098
1.56221                  7.319999999999999        0.1366120218579235       5.078692157658913E-13    5.076486918699939E-13    0.25                     5.0E10                   2700                     5892.009655268546        3401.7533605371696       2502.294445801098
1.56221                  7.34                     0.1362397820163488       5.081368079481203E-13    5.0784561774619E-13      0.25                     5.0E10                   2700                     5892.009655268546        3401.7533605371696       2502.294445801098
1.56221                  7.359999999999999        0.13586956521739132      5.084015455060327E-13    5.080404468227297E-13    0.25                     5.0E10                   2700                     5892.009655268546        3401.7533605371696       2502.294445801098
1.56221                  7.38                     0.13550135501355012      5.086634613242032E-13    5.082332025934993E-13    0.25                     5.0E10                   2700                     5892.009655268546        3401.7533605371696       2502.294445801098
1.56221                  7.3999999999999995       0.13513513513513514      5.089225880298499E-13    5.084239084253082E-13    0.25                     5.0E10                   2700                     5892.009655268546        3401.7533605371696       2502.294445801098
1.56221                  7.42                     0.1347708894878706       5.091789580016397E-13    5.086125875542275E-13    0.25                     5.0E10                   2700                     5892.009655268546        3401.7533605371696       2502.294445801098
1.56221                  7.4399999999999995       0.13440860215053765      5.09432603382308E-13     5.087992630901393E-13    0.25                     5.0E10                   2700                     5892.009655268546        3401.7533605371696       2502.294445801098
1.56221                  7.46                     0.13404825737265413      5.096835560387954E-13    5.089839579909885E-13    0.25                     5.0E10                   2700                     5892.009655268546        3401.7533605371696       2502.294445801098
1.56221                  7.4799999999999995       0.1336898395721925       5.099318475842569E-13    5.091666950708395E-13    0.25                     5.0E10                   2700                     5892.009655268546        3401.7533605371696       2502.294445801098
1.56221                  7.5                      0.13333333333333333      5.101775093675544E-13    5.093474969924157E-13    0.25                     5.0E10                   2700                     5892.009655268546        3401.7533605371696       2502.294445801098
1.56221                  7.52                     0.13297872340425532      5.104205724597797E-13    5.095263862579592E-13    0.25                     5.0E10                   2700                     5892.009655268546        3401.7533605371696       2502.294445801098
1.56221                  7.54                     0.13262599469496023      5.106610676780086E-13    5.097033852143312E-13    0.25                     5.0E10                   2700                     5892.009655268546        3401.7533605371696       2502.294445801098
1.56221                  7.56                     0.13227513227513227      5.108990255365479E-13    5.098785160338629E-13    0.25                     5.0E10                   2700                     5892.009655268546        3401.7533605371696       2502.294445801098
1.56221                  7.58                     0.13192612137203166      5.111344762992308E-13    5.100518007277093E-13    0.25                     5.0E10                   2700                     5892.009655268546        3401.7533605371696       2502.294445801098
1.56221                  7.6                      0.13157894736842105      5.113674499243873E-13    5.102232611227485E-13    0.25                     5.0E10                   2700                     5892.009655268546        3401.7533605371696       2502.294445801098
1.56221                  7.62                     0.13123359580052493      5.115979761039332E-13    5.103929188777102E-13    0.25                     5.0E10                   2700                     5892.009655268546        3401.7533605371696       2502.294445801098
1.56221                  7.64                     0.13089005235602094      5.118260842296438E-13    5.105607954645075E-13    0.25                     5.0E10                   2700                     5892.009655268546        3401.7533605371696       2502.294445801098
1.56221                  7.66                     0.13054830287206268      5.120518034304328E-13    5.107269121787727E-13    0.25                     5.0E10                   2700                     5892.009655268546        3401.7533605371696       2502.294445801098
1.56221                  7.68                     0.13020833333333334      5.122751625186067E-13    5.108912901261532E-13    0.25                     5.0E10                   2700                     5892.009655268546        3401.7533605371696       2502.294445801098
1.56221                  7.7                      0.12987012987012989      5.124961900341402E-13    5.110539502203765E-13    0.25                     5.0E10                   2700                     5892.009655268546        3401.7533605371696       2502.294445801098
1.56221                  7.72                     0.1295336787564767       5.127149142231933E-13    5.112149131938489E-13    0.25                     5.0E10                   2700                     5892.009655268546        3401.7533605371696       2502.294445801098
1.56221                  7.74                     0.12919896640826872      5.129313630433841E-13    5.113741995818415E-13    0.25                     5.0E10                   2700                     5892.009655268546        3401.7533605371696       2502.294445801098
1.56221                  7.76                     0.1288659793814433       5.1314556415283E-13      5.115318297246068E-13    0.25                     5.0E10                   2700                     5892.009655268546        3401.7533605371696       2502.294445801098
1.56221                  7.779999999999999        0.12853470437017997      5.133575449246321E-13    5.116878237699456E-13    0.25                     5.0E10                   2700                     5892.009655268546        3401.7533605371696       2502.294445801098
1.56221                  7.8                      0.12820512820512822      5.135673324419672E-13    5.118422016695551E-13    0.25                     5.0E10                   2700                     5892.009655268546        3401.7533605371696       2502.294445801098
1.56221                  7.819999999999999        0.1278772378516624       5.137749534819057E-13    5.119949831721474E-13    0.25                     5.0E10                   2700                     5892.009655268546        3401.7533605371696       2502.294445801098
1.56221                  7.84                     0.12755102040816327      5.13980434546646E-13     5.12146187834264E-13     0.25                     5.0E10                   2700                     5892.009655268546        3401.7533605371696       2502.294445801098
1.56221                  7.859999999999999        0.1272264631043257       5.141838018341075E-13    5.122958350070494E-13    0.25                     5.0E10                   2700                     5892.009655268546        3401.7533605371696       2502.294445801098
1.56221                  7.88                     0.12690355329949238      5.143850812548211E-13    5.124439438456869E-13    0.25                     5.0E10                   2700                     5892.009655268546        3401.7533605371696       2502.294445801098
1.56221                  7.8999999999999995       0.12658227848101267      5.14584298433166E-13     5.125905333037845E-13    0.25                     5.0E10                   2700                     5892.009655268546        3401.7533605371696       2502.294445801098
1.56221                  7.92                     0.12626262626262624      5.147814787104532E-13    5.12735622138241E-13     0.25                     5.0E10                   2700                     5892.009655268546        3401.7533605371696       2502.294445801098
1.56221                  7.9399999999999995       0.12594458438287154      5.149766471083833E-13    5.128792288905026E-13    0.25                     5.0E10                   2700                     5892.009655268546        3401.7533605371696       2502.294445801098
1.56221                  7.96                     0.12562814070351758      5.151698283949312E-13    5.13021371918234E-13     0.25                     5.0E10                   2700                     5892.009655268546        3401.7533605371696       2502.294445801098
1.56221                  7.9799999999999995       0.12531328320802007      5.153610470346159E-13    5.131620693664927E-13    0.25                     5.0E10                   2700                     5892.009655268546        3401.7533605371696       2502.294445801098
1.56221                  8                        0.125                    5.155503272116042E-13    5.133013391846142E-13    0.25                     5.0E10                   2700                     5892.009655268546        3401.7533605371696       2502.294445801098
1.56221                  8.02                     0.12468827930174564      5.157376928211056E-13    5.134391991170712E-13    0.25                     5.0E10                   2700                     5892.009655268546        3401.7533605371696       2502.294445801098
1.56221                  8.040000000000001        0.1243781094527363       5.159231674764316E-13    5.135756667088797E-13    0.25                     5.0E10                   2700                     5892.009655268546        3401.7533605371696       2502.294445801098
1.56221                  8.06                     0.12406947890818859      5.161067745146702E-13    5.137107593095622E-13    0.25                     5.0E10                   2700                     5892.009655268546        3401.7533605371696       2502.294445801098
1.56221                  8.08                     0.12376237623762378      5.162885369859646E-13    5.138444940617515E-13    0.25                     5.0E10                   2700                     5892.009655268546        3401.7533605371696       2502.294445801098
1.56221                  8.1                      0.1234567901234568       5.164684776680507E-13    5.139768879151217E-13    0.25                     5.0E10                   2700                     5892.009655268546        3401.7533605371696       2502.294445801098
1.56221                  8.12                     0.12315270935960593      5.16646619058728E-13     5.141079576173471E-13    0.25                     5.0E10                   2700                     5892.009655268546        3401.7533605371696       2502.294445801098
1.56221                  8.14                     0.12285012285012284      5.168229833868005E-13    5.142377197227299E-13    0.25                     5.0E10                   2700                     5892.009655268546        3401.7533605371696       2502.294445801098
1.56221                  8.16                     0.12254901960784315      5.169975926047438E-13    5.143661905878688E-13    0.25                     5.0E10                   2700                     5892.009655268546        3401.7533605371696       2502.294445801098
1.56221                  8.18                     0.12224938875305624      5.171704683876185E-13    5.144933863678547E-13    0.25                     5.0E10                   2700                     5892.009655268546        3401.7533605371696       2502.294445801098
1.56221                  8.2                      0.12195121951219513      5.173416321561537E-13    5.146193230340397E-13    0.25                     5.0E10                   2700                     5892.009655268546        3401.7533605371696       2502.294445801098
1.56221                  8.22                     0.121654501216545        5.17511105055413E-13     5.147440163565484E-13    0.25                     5.0E10                   2700                     5892.009655268546        3401.7533605371696       2502.294445801098
1.56221                  8.24                     0.12135922330097086      5.176789079646082E-13    5.148674819153226E-13    0.25                     5.0E10                   2700                     5892.009655268546        3401.7533605371696       2502.294445801098
1.56221                  8.26                     0.12106537530266344      5.178450614980725E-13    5.149897350976743E-13    0.25                     5.0E10                   2700                     5892.009655268546        3401.7533605371696       2502.294445801098
1.56221                  8.28                     0.1207729468599034       5.180095860275621E-13    5.1511079110524E-13      0.25                     5.0E10                   2700                     5892.009655268546        3401.7533605371696       2502.294445801098
1.56221                  8.299999999999999        0.1204819277108434       5.181725016446148E-13    5.152306649474213E-13    0.25                     5.0E10                   2700                     5892.009655268546        3401.7533605371696       2502.294445801098
1.56221                  8.32                     0.12019230769230768      5.183338282060515E-13    5.153493714511837E-13    0.25                     5.0E10                   2700                     5892.009655268546        3401.7533605371696       2502.294445801098
1.56221                  8.34                     0.11990407673860912      5.184935852932956E-13    5.154669252496698E-13    0.25                     5.0E10                   2700                     5892.009655268546        3401.7533605371696       2502.294445801098
1.56221                  8.36                     0.1196172248803828       5.186517922541786E-13    5.155833407982908E-13    0.25                     5.0E10                   2700                     5892.009655268546        3401.7533605371696       2502.294445801098
1.56221                  8.379999999999999        0.11933174224343678      5.18808468180698E-13     5.156986323676921E-13    0.25                     5.0E10                   2700                     5892.009655268546        3401.7533605371696       2502.294445801098
1.56221                  8.4                      0.11904761904761904      5.189636319174348E-13    5.158128140458806E-13    0.25                     5.0E10                   2700                     5892.009655268546        3401.7533605371696       2502.294445801098
1.56221                  8.42                     0.11876484560570072      5.191173020638776E-13    5.159258997388378E-13    0.25                     5.0E10                   2700                     5892.009655268546        3401.7533605371696       2502.294445801098
1.56221                  8.44                     0.11848341232227488      5.192694969927178E-13    5.16037903184717E-13     0.25                     5.0E10                   2700                     5892.009655268546        3401.7533605371696       2502.294445801098
1.56221                  8.459999999999999        0.11820330969267141      5.194202348206724E-13    5.161488379338069E-13    0.25                     5.0E10                   2700                     5892.009655268546        3401.7533605371696       2502.294445801098
1.56221                  8.48                     0.1179245283018868       5.195695334243254E-13    5.162587173596806E-13    0.25                     5.0E10                   2700                     5892.009655268546        3401.7533605371696       2502.294445801098
1.56221                  8.5                      0.11764705882352941      5.197174104624872E-13    5.16367554670466E-13     0.25                     5.0E10                   2700                     5892.009655268546        3401.7533605371696       2502.294445801098
1.56221                  8.52                     0.11737089201877934      5.19863883357434E-13     5.164753629019639E-13    0.25                     5.0E10                   2700                     5892.009655268546        3401.7533605371696       2502.294445801098
1.56221                  8.54                     0.117096018735363        5.200089692969619E-13    5.165821549130926E-13    0.25                     5.0E10                   2700                     5892.009655268546        3401.7533605371696       2502.294445801098
1.56221                  8.56                     0.11682242990654204      5.201526852431843E-13    5.166879433990816E-13    0.25                     5.0E10                   2700                     5892.009655268546        3401.7533605371696       2502.294445801098
1.56221                  8.58                     0.11655011655011656      5.202950479335684E-13    5.167927408854086E-13    0.25                     5.0E10                   2700                     5892.009655268546        3401.7533605371696       2502.294445801098
1.56221                  8.6                      0.11627906976744186      5.204360738859485E-13    5.168965597323261E-13    0.25                     5.0E10                   2700                     5892.009655268546        3401.7533605371696       2502.294445801098
1.56221                  8.62                     0.1160092807424594       5.205757794076849E-13    5.169994121435234E-13    0.25                     5.0E10                   2700                     5892.009655268546        3401.7533605371696       2502.294445801098
1.56221                  8.64                     0.11574074074074073      5.207141805679219E-13    5.17101310145789E-13     0.25                     5.0E10                   2700                     5892.009655268546        3401.7533605371696       2502.294445801098
1.56221                  8.66                     0.11547344110854503      5.208512932393559E-13    5.172022656229345E-13    0.25                     5.0E10                   2700                     5892.009655268546        3401.7533605371696       2502.294445801098
1.56221                  8.68                     0.1152073732718894       5.20987133079191E-13     5.17302290290342E-13     0.25                     5.0E10                   2700                     5892.009655268546        3401.7533605371696       2502.294445801098
1.56221                  8.7                      0.11494252873563218      5.211217155245244E-13    5.174013957020553E-13    0.25                     5.0E10                   2700                     5892.009655268546        3401.7533605371696       2502.294445801098
1.56221                  8.72                     0.1146788990825688       5.212550558215417E-13    5.17499593270272E-13     0.25                     5.0E10                   2700                     5892.009655268546        3401.7533605371696       2502.294445801098
1.56221                  8.74                     0.11441647597254004      5.213871689985764E-13    5.175968942425278E-13    0.25                     5.0E10                   2700                     5892.009655268546        3401.7533605371696       2502.294445801098
1.56221                  8.76                     0.1141552511415525       5.215198116620619E-13    5.176948876797619E-13    0.25                     5.0E10                   2700                     5892.009655268546        3401.7533605371696       2502.294445801098
1.56221                  8.78                     0.11389521640091117      5.216495234483684E-13    5.177904370905984E-13    0.25                     5.0E10                   2700                     5892.009655268546        3401.7533605371696       2502.294445801098
1.56221                  8.8                      0.11363636363636362      5.217780520171905E-13    5.178851227630609E-13    0.25                     5.0E10                   2700                     5892.009655268546        3401.7533605371696       2502.294445801098
1.56221                  8.82                     0.11337868480725624      5.219054115923768E-13    5.179789553409831E-13    0.25                     5.0E10                   2700                     5892.009655268546        3401.7533605371696       2502.294445801098
1.56221                  8.84                     0.11312217194570136      5.220316162328832E-13    5.180719453424376E-13    0.25                     5.0E10                   2700                     5892.009655268546        3401.7533605371696       2502.294445801098
1.56221                  8.86                     0.11286681715575621      5.221566797888689E-13    5.181641031341155E-13    0.25                     5.0E10                   2700                     5892.009655268546        3401.7533605371696       2502.294445801098
1.56221                  8.879999999999999        0.11261261261261263      5.222806159427472E-13    5.182554389462381E-13    0.25                     5.0E10                   2700                     5892.009655268546        3401.7533605371696       2502.294445801098
1.56221                  8.9                      0.11235955056179775      5.224034381608243E-13    5.183459628563193E-13    0.25                     5.0E10                   2700                     5892.009655268546        3401.7533605371696       2502.294445801098
1.56221                  8.92                     0.11210762331838565      5.225251597578514E-13    5.184356848232079E-13    0.25                     5.0E10                   2700                     5892.009655268546        3401.7533605371696       2502.294445801098
1.56221                  8.94                     0.11185682326621925      5.226457938550876E-13    5.185246146584762E-13    0.25                     5.0E10                   2700                     5892.009655268546        3401.7533605371696       2502.294445801098
1.56221                  8.959999999999999        0.11160714285714285      5.227653533979434E-13    5.186127620416645E-13    0.25                     5.0E10                   2700                     5892.009655268546        3401.7533605371696       2502.294445801098
1.56221                  8.98                     0.11135857461024498      5.228838511461684E-13    5.187001365162456E-13    0.25                     5.0E10                   2700                     5892.009655268546        3401.7533605371696       2502.294445801098
1.56221                  9                        0.11111111111111112      5.230012996993213E-13    5.187867474998054E-13    0.25                     5.0E10                   2700                     5892.009655268546        3401.7533605371696       2502.294445801098
1.56221                  9.02                     0.11086474501108647      5.231177114768999E-13    5.188726042774856E-13    0.25                     5.0E10                   2700                     5892.009655268546        3401.7533605371696       2502.294445801098
1.56221                  9.04                     0.11061946902654868      5.232330987353562E-13    5.189577160068662E-13    0.25                     5.0E10                   2700                     5892.009655268546        3401.7533605371696       2502.294445801098
1.56221                  9.06                     0.11037527593818983      5.233474735616519E-13    5.190420917212615E-13    0.25                     5.0E10                   2700                     5892.009655268546        3401.7533605371696       2502.294445801098
1.56221                  9.08                     0.11013215859030838      5.234608478688488E-13    5.191257403232803E-13    0.25                     5.0E10                   2700                     5892.009655268546        3401.7533605371696       2502.294445801098
1.56221                  9.1                      0.1098901098901099       5.235732334220575E-13    5.192086705990667E-13    0.25                     5.0E10                   2700                     5892.009655268546        3401.7533605371696       2502.294445801098
1.56221                  9.12                     0.10964912280701757      5.236846418208046E-13    5.192908912137734E-13    0.25                     5.0E10                   2700                     5892.009655268546        3401.7533605371696       2502.294445801098
1.56221                  9.14                     0.10940919037199125      5.237950845009539E-13    5.193724107081695E-13    0.25                     5.0E10                   2700                     5892.009655268546        3401.7533605371696       2502.294445801098
1.56221                  9.16                     0.10917030567685589      5.239045727504868E-13    5.194532375074819E-13    0.25                     5.0E10                   2700                     5892.009655268546        3401.7533605371696       2502.294445801098
1.56221                  9.18                     0.10893246187363835      5.240131176937094E-13    5.19533379917412E-13     0.25                     5.0E10                   2700                     5892.009655268546        3401.7533605371696       2502.294445801098
1.56221                  9.2                      0.10869565217391305      5.241207303114226E-13    5.196128461325681E-13    0.25                     5.0E10                   2700                     5892.009655268546        3401.7533605371696       2502.294445801098
1.56221                  9.22                     0.10845986984815618      5.242274214420965E-13    5.196916442394211E-13    0.25                     5.0E10                   2700                     5892.009655268546        3401.7533605371696       2502.294445801098
1.56221                  9.24                     0.10822510822510822      5.243332017450942E-13    5.197697821912927E-13    0.25                     5.0E10                   2700                     5892.009655268546        3401.7533605371696       2502.294445801098
1.56221                  9.26                     0.1079913606911447       5.244380817699181E-13    5.198472678559192E-13    0.25                     5.0E10                   2700                     5892.009655268546        3401.7533605371696       2502.294445801098
1.56221                  9.28                     0.10775862068965518      5.245420718991619E-13    5.199241089759352E-13    0.25                     5.0E10                   2700                     5892.009655268546        3401.7533605371696       2502.294445801098
1.56221                  9.3                      0.10752688172043011      5.24645182389908E-13     5.200003131952208E-13    0.25                     5.0E10                   2700                     5892.009655268546        3401.7533605371696       2502.294445801098
1.56221                  9.32                     0.1072961373390558       5.247474233509847E-13    5.200758880523197E-13    0.25                     5.0E10                   2700                     5892.009655268546        3401.7533605371696       2502.294445801098
1.56221                  9.34                     0.10706638115631692      5.248488047380629E-13    5.201508409633882E-13    0.25                     5.0E10                   2700                     5892.009655268546        3401.7533605371696       2502.294445801098
1.56221                  9.36                     0.10683760683760683      5.249493364019079E-13    5.202251792662099E-13    0.25                     5.0E10                   2700                     5892.009655268546        3401.7533605371696       2502.294445801098
1.56221                  9.379999999999999        0.10660980810234544      5.250490280344973E-13    5.202989101827467E-13    0.25                     5.0E10                   2700                     5892.009655268546        3401.7533605371696       2502.294445801098
1.56221                  9.4                      0.10638297872340426      5.251478892049843E-13    5.203720408354973E-13    0.25                     5.0E10                   2700                     5892.009655268546        3401.7533605371696       2502.294445801098
1.56221                  9.42                     0.10615711252653928      5.252459293611708E-13    5.204445782533849E-13    0.25                     5.0E10                   2700                     5892.009655268546        3401.7533605371696       2502.294445801098
1.56221                  9.44                     0.1059322033898305       5.253431578054026E-13    5.205165293669034E-13    0.25                     5.0E10                   2700                     5892.009655268546        3401.7533605371696       2502.294445801098
1.56221                  9.459999999999999        0.10570824524312897      5.254395837180759E-13    5.205879009994362E-13    0.25                     5.0E10                   2700                     5892.009655268546        3401.7533605371696       2502.294445801098
1.56221                  9.48                     0.10548523206751054      5.255352161489446E-13    5.206586998897514E-13    0.25                     5.0E10                   2700                     5892.009655268546        3401.7533605371696       2502.294445801098
1.56221                  9.5                      0.10526315789473685      5.256300640500096E-13    5.207289326870854E-13    0.25                     5.0E10                   2700                     5892.009655268546        3401.7533605371696       2502.294445801098
1.56221                  9.52                     0.10504201680672269      5.257241362251896E-13    5.207986059394833E-13    0.25                     5.0E10                   2700                     5892.009655268546        3401.7533605371696       2502.294445801098
1.56221                  9.54                     0.10482180293501049      5.258174413632513E-13    5.208677261039153E-13    0.25                     5.0E10                   2700                     5892.009655268546        3401.7533605371696       2502.294445801098
1.56221                  9.56                     0.10460251046025104      5.259099880437451E-13    5.209362995547449E-13    0.25                     5.0E10                   2700                     5892.009655268546        3401.7533605371696       2502.294445801098
1.56221                  9.58                     0.10438413361169102      5.260017847258945E-13    5.210043325735009E-13    0.25                     5.0E10                   2700                     5892.009655268546        3401.7533605371696       2502.294445801098
1.56221                  9.6                      0.10416666666666667      5.260928397522724E-13    5.210718313565036E-13    0.25                     5.0E10                   2700                     5892.009655268546        3401.7533605371696       2502.294445801098
1.56221                  9.62                     0.10395010395010396      5.261831613512723E-13    5.21138802010285E-13     0.25                     5.0E10                   2700                     5892.009655268546        3401.7533605371696       2502.294445801098
1.56221                  9.64                     0.10373443983402489      5.262727576451452E-13    5.212052505611548E-13    0.25                     5.0E10                   2700                     5892.009655268546        3401.7533605371696       2502.294445801098
1.56221                  9.66                     0.10351966873706003      5.263616366426408E-13    5.212711829534063E-13    0.25                     5.0E10                   2700                     5892.009655268546        3401.7533605371696       2502.294445801098
1.56221                  9.68                     0.10330578512396693      5.264498062344078E-13    5.213366050361797E-13    0.25                     5.0E10                   2700                     5892.009655268546        3401.7533605371696       2502.294445801098
1.56221                  9.7                      0.10309278350515465      5.265372742317232E-13    5.214015225999403E-13    0.25                     5.0E10                   2700                     5892.009655268546        3401.7533605371696       2502.294445801098
1.56221                  9.72                     0.102880658436214        5.266240483154833E-13    5.214659413374519E-13    0.25                     5.0E10                   2700                     5892.009655268546        3401.7533605371696       2502.294445801098
1.56221                  9.74                     0.1026694045174538       5.267101360648197E-13    5.215298668644732E-13    0.25                     5.0E10                   2700                     5892.009655268546        3401.7533605371696       2502.294445801098
1.56221                  9.76                     0.10245901639344263      5.267955449819322E-13    5.215933047362465E-13    0.25                     5.0E10                   2700                     5892.009655268546        3401.7533605371696       2502.294445801098
1.56221                  9.78                     0.10224948875255623      5.268802824211449E-13    5.216562603998042E-13    0.25                     5.0E10                   2700                     5892.009655268546        3401.7533605371696       2502.294445801098
1.56221                  9.8                      0.10204081632653059      5.269643556836228E-13    5.217187392575585E-13    0.25                     5.0E10                   2700                     5892.009655268546        3401.7533605371696       2502.294445801098
1.56221                  9.82                     0.10183299389002037      5.270477719493005E-13    5.21780746622645E-13     0.25                     5.0E10                   2700                     5892.009655268546        3401.7533605371696       2502.294445801098
1.56221                  9.84                     0.1016260162601626       5.27130538299885E-13     5.21842287731947E-13     0.25                     5.0E10                   2700                     5892.009655268546        3401.7533605371696       2502.294445801098
1.56221                  9.86                     0.10141987829614604      5.272126617481476E-13    5.219033677699168E-13    0.25                     5.0E10                   2700                     5892.009655268546        3401.7533605371696       2502.294445801098
1.56221                  9.879999999999999        0.10121457489878542      5.272941491752323E-13    5.219639918229822E-13    0.25                     5.0E10                   2700                     5892.009655268546        3401.7533605371696       2502.294445801098
1.56221                  9.9                      0.101010101010101        5.273750073944856E-13    5.220241649271483E-13    0.25                     5.0E10                   2700                     5892.009655268546        3401.7533605371696       2502.294445801098
1.56221                  9.92                     0.10080645161290322      5.274552431199192E-13    5.220838920390501E-13    0.25                     5.0E10                   2700                     5892.009655268546        3401.7533605371696       2502.294445801098
1.56221                  9.94                     0.1006036217303823       5.275348629835448E-13    5.221431780572302E-13    0.25                     5.0E10                   2700                     5892.009655268546        3401.7533605371696       2502.294445801098
1.56221                  9.959999999999999        0.10040160642570282      5.276138735216006E-13    5.222020278044443E-13    0.25                     5.0E10                   2700                     5892.009655268546        3401.7533605371696       2502.294445801098
1.56221                  9.98                     0.1002004008016032       5.276922811852531E-13    5.2226044603818E-13      0.25                     5.0E10                   2700                     5892.009655268546        3401.7533605371696       2502.294445801098
1.56221                  10                       0.1                      5.277329181770483E-13    5.222557798264621E-13    0.25                     5.0E10                   2700                     5892.009655268546        3401.7533605371696       2502.294445801098
