1.60512                  0.1                      10                       5.331214667520956E-13    5.331257831148637E-13    0.25                     5.0E10                   2700                     5972.380876445619        3448.155706718851        2502.294445801098
1.60512                  0.12000000000000001      8.333333333333332        5.362963397903628E-13    5.363498464305897E-13    0.25                     5.0E10                   2700                     5972.380876445619        3448.155706718851        2502.294445801098
1.60512                  0.14                     7.1428571428571415       5.341268662670686E-13    5.339595531952475E-13    0.25                     5.0E10                   2700                     5972.380876445619        3448.155706718851        2502.294445801098
1.60512                  0.16                     6.249999999999999        5.330593852265329E-13    5.331812051494452E-13    0.25                     5.0E10                   2700                     5972.380876445619        3448.155706718851        2502.294445801098
1.60512                  0.18                     5.555555555555555        5.370875365211793E-13    5.372909404292388E-13    0.25                     5.0E10                   2700                     5972.380876445619        3448.155706718851        2502.294445801098
1.60512                  0.2                      5                        5.329308201537352E-13    5.331421469333618E-13    0.25                     5.0E10                   2700                     5972.380876445619        3448.155706718851        2502.294445801098
1.60512                  0.22                     4.545454545454546        5.358850475453673E-13    5.367211391483287E-13    0.25                     5.0E10                   2700                     5972.380876445619        3448.155706718851        2502.294445801098
1.60512                  0.24000000000000002      4.166666666666666        5.350852754447668E-13    5.363050675403665E-13    0.25                     5.0E10                   2700                     5972.380876445619        3448.155706718851        2502.294445801098
1.60512                  0.26                     3.846153846153846        5.338939468643183E-13    5.349289420310258E-13    0.25                     5.0E10                   2700                     5972.380876445619        3448.155706718851        2502.294445801098
1.60512                  0.28                     3.5714285714285707       5.366108581249488E-13    5.371204186206358E-13    0.25                     5.0E10                   2700                     5972.380876445619        3448.155706718851        2502.294445801098
1.60512                  0.30000000000000004      3.3333333333333326       5.370628445022779E-13    5.363548231678694E-13    0.25                     5.0E10                   2700                     5972.380876445619        3448.155706718851        2502.294445801098
1.60512                  0.32                     3.1249999999999996       5.360520908122542E-13    5.328168075207022E-13    0.25                     5.0E10                   2700                     5972.380876445619        3448.155706718851        2502.294445801098
1.60512                  0.33999999999999997      2.9411764705882355       5.427160117327222E-13    5.379557134504704E-13    0.25                     5.0E10                   2700                     5972.380876445619        3448.155706718851        2502.294445801098
1.60512                  0.36                     2.7777777777777777       5.436681825167635E-13    5.3477433742106E-13      0.25                     5.0E10                   2700                     5972.380876445619        3448.155706718851        2502.294445801098
1.60512                  0.38                     2.6315789473684212       5.491458803154399E-13    5.352023507585342E-13    0.25                     5.0E10                   2700                     5972.380876445619        3448.155706718851        2502.294445801098
1.60512                  0.4                      2.5                      5.53120731626917E-13     5.341199833194924E-13    0.25                     5.0E10                   2700                     5972.380876445619        3448.155706718851        2502.294445801098
1.60512                  0.42000000000000004      2.3809523809523805       5.600514675726153E-13    5.350745862976329E-13    0.25                     5.0E10                   2700                     5972.380876445619        3448.155706718851        2502.294445801098
1.60512                  0.44000000000000006      2.272727272727273        5.673515636912108E-13    5.393613329787678E-13    0.25                     5.0E10                   2700                     5972.380876445619        3448.155706718851        2502.294445801098
1.60512                  0.45999999999999996      2.173913043478261        5.744002209348123E-13    5.412218987267795E-13    0.25                     5.0E10                   2700                     5972.380876445619        3448.155706718851        2502.294445801098
1.60512                  0.48                     2.0833333333333335       5.804433038425569E-13    5.418672422098003E-13    0.25                     5.0E10                   2700                     5972.380876445619        3448.155706718851        2502.294445801098
1.60512                  0.5                      2                        5.850375719673383E-13    5.433796612588068E-13    0.25                     5.0E10                   2700                     5972.380876445619        3448.155706718851        2502.294445801098
1.60512                  0.52                     1.923076923076923        5.927277257850137E-13    5.472882866953372E-13    0.25                     5.0E10                   2700                     5972.380876445619        3448.155706718851        2502.294445801098
1.60512                  0.54                     1.8518518518518516       5.960579222871883E-13    5.460752153421346E-13    0.25                     5.0E10                   2700                     5972.380876445619        3448.155706718851        2502.294445801098
1.60512                  0.56                     1.7857142857142854       6.062117874822695E-13    5.510197766071281E-13    0.25                     5.0E10                   2700                     5972.380876445619        3448.155706718851        2502.294445801098
1.60512                  0.58                     1.7241379310344829       6.123359213812954E-13    5.52821966804051E-13     0.25                     5.0E10                   2700                     5972.380876445619        3448.155706718851        2502.294445801098
1.60512                  0.6                      1.6666666666666667       6.203943235158667E-13    5.567410119628802E-13    0.25                     5.0E10                   2700                     5972.380876445619        3448.155706718851        2502.294445801098
1.60512                  0.62                     1.6129032258064515       6.277332145738778E-13    5.59770803193301E-13     0.25                     5.0E10                   2700                     5972.380876445619        3448.155706718851        2502.294445801098
1.60512                  0.64                     1.5624999999999998       6.378083461944864E-13    5.645737146529361E-13    0.25                     5.0E10                   2700                     5972.380876445619        3448.155706718851        2502.294445801098
1.60512                  0.66                     1.515151515151515        6.347560798821268E-13    5.569258100475187E-13    0.25                     5.0E10                   2700                     5972.380876445619        3448.155706718851        2502.294445801098
1.60512                  0.6799999999999999       1.4705882352941178       6.419951333063951E-13    5.581066074684241E-13    0.25                     5.0E10                   2700                     5972.380876445619        3448.155706718851        2502.294445801098
1.60512                  0.7                      1.4285714285714286       6.570374877748142E-13    5.661452624907717E-13    0.25                     5.0E10                   2700                     5972.380876445619        3448.155706718851        2502.294445801098
1.60512                  0.72                     1.3888888888888888       6.717622412952591E-13    5.736293595833139E-13    0.25                     5.0E10                   2700                     5972.380876445619        3448.155706718851        2502.294445801098
1.60512                  0.74                     1.3513513513513513       6.897819085358074E-13    5.837650591343017E-13    0.25                     5.0E10                   2700                     5972.380876445619        3448.155706718851        2502.294445801098
1.60512                  0.76                     1.3157894736842106       7.003173069007431E-13    5.872121810989631E-13    0.25                     5.0E10                   2700                     5972.380876445619        3448.155706718851        2502.294445801098
1.60512                  0.78                     1.2820512820512822       6.991535997428537E-13    5.806993222138011E-13    0.25                     5.0E10                   2700                     5972.380876445619        3448.155706718851        2502.294445801098
1.60512                  0.8                      1.25                     6.993811567020484E-13    5.759993487309654E-13    0.25                     5.0E10                   2700                     5972.380876445619        3448.155706718851        2502.294445801098
1.60512                  0.82                     1.2195121951219514       7.061153340037015E-13    5.777942907111808E-13    0.25                     5.0E10                   2700                     5972.380876445619        3448.155706718851        2502.294445801098
1.60512                  0.84                     1.1904761904761905       7.118965209133268E-13    5.799246238657645E-13    0.25                     5.0E10                   2700                     5972.380876445619        3448.155706718851        2502.294445801098
1.60512                  0.86                     1.1627906976744187       7.142786459567028E-13    5.796126087003041E-13    0.25                     5.0E10                   2700                     5972.380876445619        3448.155706718851        2502.294445801098
1.60512                  0.88                     1.1363636363636365       7.168684838296919E-13    5.79462860197329E-13     0.25                     5.0E10                   2700                     5972.380876445619        3448.155706718851        2502.294445801098
1.60512                  0.9                      1.1111111111111112       7.220198976587344E-13    5.812853560744787E-13    0.25                     5.0E10                   2700                     5972.380876445619        3448.155706718851        2502.294445801098
1.60512                  0.92                     1.0869565217391304       7.272041184391039E-13    5.83136975464496E-13     0.25                     5.0E10                   2700                     5972.380876445619        3448.155706718851        2502.294445801098
1.60512                  0.94                     1.0638297872340425       7.301222024237272E-13    5.834591777234797E-13    0.25                     5.0E10                   2700                     5972.380876445619        3448.155706718851        2502.294445801098
1.60512                  0.96                     1.0416666666666667       7.325892045069576E-13    5.839858724830108E-13    0.25                     5.0E10                   2700                     5972.380876445619        3448.155706718851        2502.294445801098
1.60512                  0.98                     1.0204081632653061       7.378833141934752E-13    5.875302283911586E-13    0.25                     5.0E10                   2700                     5972.380876445619        3448.155706718851        2502.294445801098
1.60512                  1                        1                        7.465275655985784E-13    5.945338388056493E-13    0.25                     5.0E10                   2700                     5972.380876445619        3448.155706718851        2502.294445801098
1.60512                  1.02                     0.9803921568627452       7.553327269205186E-13    6.027468872843847E-13    0.25                     5.0E10                   2700                     5972.380876445619        3448.155706718851        2502.294445801098
1.60512                  1.04                     0.9615384615384615       7.590228871455612E-13    6.07612496301084E-13     0.25                     5.0E10                   2700                     5972.380876445619        3448.155706718851        2502.294445801098
1.60512                  1.06                     0.9433962264150944       7.541873012712497E-13    6.06021072280384E-13     0.25                     5.0E10                   2700                     5972.380876445619        3448.155706718851        2502.294445801098
1.60512                  1.08                     0.9259259259259258       7.411740420363869E-13    5.978246059767917E-13    0.25                     5.0E10                   2700                     5972.380876445619        3448.155706718851        2502.294445801098
1.60512                  1.1                      0.909090909090909        7.232022991808084E-13    5.853010939231696E-13    0.25                     5.0E10                   2700                     5972.380876445619        3448.155706718851        2502.294445801098
1.60512                  1.12                     0.8928571428571427       7.040232051941562E-13    5.713702276426469E-13    0.25                     5.0E10                   2700                     5972.380876445619        3448.155706718851        2502.294445801098
1.60512                  1.1400000000000001       0.8771929824561403       6.864605953052417E-13    5.582969416654294E-13    0.25                     5.0E10                   2700                     5972.380876445619        3448.155706718851        2502.294445801098
1.60512                  1.1600000000000001       0.8620689655172412       6.717985559308133E-13    5.473115893051448E-13    0.25                     5.0E10                   2700                     5972.380876445619        3448.155706718851        2502.294445801098
1.60512                  1.1800000000000002       0.8474576271186439       6.604783418795048E-13    5.389519236506571E-13    0.25                     5.0E10                   2700                     5972.380876445619        3448.155706718851        2502.294445801098
1.60512                  1.2000000000000002       0.8333333333333331       6.525236482390641E-13    5.33418905475488E-13     0.25                     5.0E10                   2700                     5972.380876445619        3448.155706718851        2502.294445801098
1.60512                  1.2200000000000002       0.8196721311475409       6.478159510759175E-13    5.307844876798735E-13    0.25                     5.0E10                   2700                     5972.380876445619        3448.155706718851        2502.294445801098
1.60512                  1.2400000000000002       0.8064516129032256       6.461408452906147E-13    5.310233650688602E-13    0.25                     5.0E10                   2700                     5972.380876445619        3448.155706718851        2502.294445801098
1.60512                  1.26                     0.7936507936507936       6.472086967442532E-13    5.340369913589458E-13    0.25                     5.0E10                   2700                     5972.380876445619        3448.155706718851        2502.294445801098
1.60512                  1.28                     0.7812499999999999       6.50185336406178E-13     5.392337255323682E-13    0.25                     5.0E10                   2700                     5972.380876445619        3448.155706718851        2502.294445801098
1.60512                  1.3                      0.7692307692307692       6.541233539989422E-13    5.45898578343062E-13     0.25                     5.0E10                   2700                     5972.380876445619        3448.155706718851        2502.294445801098
1.60512                  1.32                     0.7575757575757575       6.577473694637405E-13    5.529966997061498E-13    0.25                     5.0E10                   2700                     5972.380876445619        3448.155706718851        2502.294445801098
1.60512                  1.34                     0.7462686567164178       6.596947944683922E-13    5.593531907768525E-13    0.25                     5.0E10                   2700                     5972.380876445619        3448.155706718851        2502.294445801098
1.60512                  1.36                     0.7352941176470588       6.587668742643665E-13    5.638551714147097E-13    0.25                     5.0E10                   2700                     5972.380876445619        3448.155706718851        2502.294445801098
1.60512                  1.3800000000000001       0.7246376811594203       6.541871748519753E-13    5.656779421141619E-13    0.25                     5.0E10                   2700                     5972.380876445619        3448.155706718851        2502.294445801098
1.60512                  1.4000000000000001       0.7142857142857142       6.457708280494917E-13    5.644554947983923E-13    0.25                     5.0E10                   2700                     5972.380876445619        3448.155706718851        2502.294445801098
1.60512                  1.4200000000000002       0.704225352112676        6.339371138507401E-13    5.603309978629234E-13    0.25                     5.0E10                   2700                     5972.380876445619        3448.155706718851        2502.294445801098
1.60512                  1.4400000000000002       0.6944444444444444       6.196544520611154E-13    5.538980454284613E-13    0.25                     5.0E10                   2700                     5972.380876445619        3448.155706718851        2502.294445801098
1.60512                  1.4600000000000002       0.6849315068493149       6.038509992293873E-13    5.459262533643036E-13    0.25                     5.0E10                   2700                     5972.380876445619        3448.155706718851        2502.294445801098
1.60512                  1.4800000000000002       0.6756756756756755       5.876947300611145E-13    5.373040275927221E-13    0.25                     5.0E10                   2700                     5972.380876445619        3448.155706718851        2502.294445801098
1.60512                  1.5000000000000002       0.6666666666666665       5.721053405752709E-13    5.288112764344532E-13    0.25                     5.0E10                   2700                     5972.380876445619        3448.155706718851        2502.294445801098
1.60512                  1.52                     0.6578947368421053       5.577466757254064E-13    5.210482003142628E-13    0.25                     5.0E10                   2700                     5972.380876445619        3448.155706718851        2502.294445801098
1.60512                  1.54                     0.6493506493506493       5.450147154688746E-13    5.144068515608798E-13    0.25                     5.0E10                   2700                     5972.380876445619        3448.155706718851        2502.294445801098
1.60512                  1.56                     0.6410256410256411       5.340683921542025E-13    5.090821521300283E-13    0.25                     5.0E10                   2700                     5972.380876445619        3448.155706718851        2502.294445801098
1.60512                  1.58                     0.6329113924050632       5.248785210289105E-13    5.051027567278369E-13    0.25                     5.0E10                   2700                     5972.380876445619        3448.155706718851        2502.294445801098
1.60512                  1.6                      0.625                    5.172790059392433E-13    5.023681107054112E-13    0.25                     5.0E10                   2700                     5972.380876445619        3448.155706718851        2502.294445801098
1.60512                  1.62                     0.6172839506172839       5.110138573793273E-13    5.006853581422804E-13    0.25                     5.0E10                   2700                     5972.380876445619        3448.155706718851        2502.294445801098
1.60512                  1.6400000000000001       0.6097560975609756       5.057758651962867E-13    4.998018174157119E-13    0.25                     5.0E10                   2700                     5972.380876445619        3448.155706718851        2502.294445801098
1.60512                  1.6600000000000001       0.6024096385542168       5.012402411918114E-13    4.994350500790848E-13    0.25                     5.0E10                   2700                     5972.380876445619        3448.155706718851        2502.294445801098
1.60512                  1.6800000000000002       0.5952380952380951       4.971848894894424E-13    4.99402345731115E-13     0.25                     5.0E10                   2700                     5972.380876445619        3448.155706718851        2502.294445801098
1.60512                  1.7000000000000002       0.588235294117647        4.931419399101849E-13    4.992324089715844E-13    0.25                     5.0E10                   2700                     5972.380876445619        3448.155706718851        2502.294445801098
1.60512                  1.7200000000000002       0.5813953488372092       4.889662488481091E-13    4.987941444733499E-13    0.25                     5.0E10                   2700                     5972.380876445619        3448.155706718851        2502.294445801098
1.60512                  1.7400000000000002       0.5747126436781609       4.844848712132706E-13    4.979109639780336E-13    0.25                     5.0E10                   2700                     5972.380876445619        3448.155706718851        2502.294445801098
1.60512                  1.7600000000000002       0.5681818181818182       4.795901834236418E-13    4.964662457134471E-13    0.25                     5.0E10                   2700                     5972.380876445619        3448.155706718851        2502.294445801098
1.60512                  1.78                     0.5617977528089887       4.742386858831009E-13    4.9440466350298E-13      0.25                     5.0E10                   2700                     5972.380876445619        3448.155706718851        2502.294445801098
1.60512                  1.8                      0.5555555555555556       4.684430884903686E-13    4.917277343355056E-13    0.25                     5.0E10                   2700                     5972.380876445619        3448.155706718851        2502.294445801098
1.60512                  1.82                     0.5494505494505494       4.622617098247691E-13    4.884847490528688E-13    0.25                     5.0E10                   2700                     5972.380876445619        3448.155706718851        2502.294445801098
1.60512                  1.84                     0.5434782608695652       4.557852264142684E-13    4.847609472893294E-13    0.25                     5.0E10                   2700                     5972.380876445619        3448.155706718851        2502.294445801098
1.60512                  1.86                     0.5376344086021505       4.491233772425425E-13    4.806647818341438E-13    0.25                     5.0E10                   2700                     5972.380876445619        3448.155706718851        2502.294445801098
1.60512                  1.8800000000000001       0.5319148936170213       4.4239300046637816E-13   4.76315896238824E-13     0.25                     5.0E10                   2700                     5972.380876445619        3448.155706718851        2502.294445801098
1.60512                  1.9000000000000001       0.5263157894736842       4.357083580525722E-13    4.718349469777337E-13    0.25                     5.0E10                   2700                     5972.380876445619        3448.155706718851        2502.294445801098
1.60512                  1.9200000000000002       0.5208333333333333       4.291741425919827E-13    4.673358509843466E-13    0.25                     5.0E10                   2700                     5972.380876445619        3448.155706718851        2502.294445801098
1.60512                  1.9400000000000002       0.5154639175257731       4.2288110183762625E-13   4.629205575334385E-13    0.25                     5.0E10                   2700                     5972.380876445619        3448.155706718851        2502.294445801098
1.60512                  1.9600000000000002       0.5102040816326531       4.169037534924067E-13    4.586760524352866E-13    0.25                     5.0E10                   2700                     5972.380876445619        3448.155706718851        2502.294445801098
1.60512                  1.9800000000000002       0.505050505050505        4.1130065844797323E-13   4.546734572714235E-13    0.25                     5.0E10                   2700                     5972.380876445619        3448.155706718851        2502.294445801098
1.60512                  2                        0.5                      4.0613282062479867E-13   4.509749882624315E-13    0.25                     5.0E10                   2700                     5972.380876445619        3448.155706718851        2502.294445801098
1.60512                  2.02                     0.4950495049504951       4.013907161887728E-13    4.4760695176763297E-13   0.25                     5.0E10                   2700                     5972.380876445619        3448.155706718851        2502.294445801098
1.60512                  2.04                     0.4901960784313726       3.971105260344525E-13    4.446045564447566E-13    0.25                     5.0E10                   2700                     5972.380876445619        3448.155706718851        2502.294445801098
1.60512                  2.06                     0.48543689320388345      3.93298788032976E-13     4.419845676207262E-13    0.25                     5.0E10                   2700                     5972.380876445619        3448.155706718851        2502.294445801098
1.60512                  2.08                     0.4807692307692307       3.8995400810476785E-13   4.397546336659654E-13    0.25                     5.0E10                   2700                     5972.380876445619        3448.155706718851        2502.294445801098
1.60512                  2.1                      0.47619047619047616      3.870684492564862E-13    4.3791507168205093E-13   0.25                     5.0E10                   2700                     5972.380876445619        3448.155706718851        2502.294445801098
1.60512                  2.12                     0.4716981132075472       3.846296816240202E-13    4.364604618607894E-13    0.25                     5.0E10                   2700                     5972.380876445619        3448.155706718851        2502.294445801098
1.60512                  2.14                     0.46728971962616817      3.826218793724528E-13    4.3538101878859465E-13   0.25                     5.0E10                   2700                     5972.380876445619        3448.155706718851        2502.294445801098
1.60512                  2.16                     0.4629629629629629       3.810268737241341E-13    4.3466373534578876E-13   0.25                     5.0E10                   2700                     5972.380876445619        3448.155706718851        2502.294445801098
1.60512                  2.18                     0.4587155963302752       3.7982498456220867E-13   4.342933115991039E-13    0.25                     5.0E10                   2700                     5972.380876445619        3448.155706718851        2502.294445801098
1.60512                  2.2                      0.4545454545454545       3.7899556044113626E-13   4.342528430291935E-13    0.25                     5.0E10                   2700                     5972.380876445619        3448.155706718851        2502.294445801098
1.60512                  2.22                     0.45045045045045035      3.78517846200148E-13     4.3452457422754676E-13   0.25                     5.0E10                   2700                     5972.380876445619        3448.155706718851        2502.294445801098
1.60512                  2.24                     0.44642857142857134      3.783707423664792E-13    4.350900485920992E-13    0.25                     5.0E10                   2700                     5972.380876445619        3448.155706718851        2502.294445801098
1.60512                  2.2600000000000002       0.44247787610619466      3.78533424226228E-13     4.3593059789663206E-13   0.25                     5.0E10                   2700                     5972.380876445619        3448.155706718851        2502.294445801098
1.60512                  2.2800000000000002       0.43859649122807015      3.7898539646177724E-13   4.3702751199964306E-13   0.25                     5.0E10                   2700                     5972.380876445619        3448.155706718851        2502.294445801098
1.60512                  2.3000000000000003       0.43478260869565216      3.79706578256264E-13     4.3836217886940107E-13   0.25                     5.0E10                   2700                     5972.380876445619        3448.155706718851        2502.294445801098
1.60512                  2.3200000000000003       0.4310344827586206       3.8067734030995185E-13   4.39916167735685E-13     0.25                     5.0E10                   2700                     5972.380876445619        3448.155706718851        2502.294445801098
1.60512                  2.3400000000000003       0.4273504273504273       3.8187850750807136E-13   4.4167127009776454E-13   0.25                     5.0E10                   2700                     5972.380876445619        3448.155706718851        2502.294445801098
1.60512                  2.3600000000000003       0.42372881355932196      3.8329133857634306E-13   4.4360951097895115E-13   0.25                     5.0E10                   2700                     5972.380876445619        3448.155706718851        2502.294445801098
1.60512                  2.3800000000000003       0.4201680672268907       3.848974918304041E-13    4.457131406852397E-13    0.25                     5.0E10                   2700                     5972.380876445619        3448.155706718851        2502.294445801098
1.60512                  2.4000000000000004       0.4166666666666666       3.8667898439588004E-13   4.4796461551295396E-13   0.25                     5.0E10                   2700                     5972.380876445619        3448.155706718851        2502.294445801098
1.60512                  2.42                     0.4132231404958677       3.886181506754791E-13    4.50346574216949E-13     0.25                     5.0E10                   2700                     5972.380876445619        3448.155706718851        2502.294445801098
1.60512                  2.44                     0.4098360655737705       3.906976045922243E-13    4.528418156679033E-13    0.25                     5.0E10                   2700                     5972.380876445619        3448.155706718851        2502.294445801098
1.60512                  2.46                     0.4065040650406504       3.9290020902163605E-13   4.554332819087637E-13    0.25                     5.0E10                   2700                     5972.380876445619        3448.155706718851        2502.294445801098
1.60512                  2.48                     0.4032258064516129       3.952090548839361E-13    4.581040497497851E-13    0.25                     5.0E10                   2700                     5972.380876445619        3448.155706718851        2502.294445801098
1.60512                  2.5                      0.4                      3.9787287326622817E-13   4.610538871978552E-13    0.25                     5.0E10                   2700                     5972.380876445619        3448.155706718851        2502.294445801098
1.60512                  2.52                     0.3968253968253968       4.0033976441710477E-13   4.638284776494209E-13    0.25                     5.0E10                   2700                     5972.380876445619        3448.155706718851        2502.294445801098
1.60512                  2.54                     0.39370078740157477      4.0286258162072175E-13   4.666315583632427E-13    0.25                     5.0E10                   2700                     5972.380876445619        3448.155706718851        2502.294445801098
1.60512                  2.56                     0.39062499999999994      4.0542526732720473E-13   4.694468042832985E-13    0.25                     5.0E10                   2700                     5972.380876445619        3448.155706718851        2502.294445801098
1.60512                  2.58                     0.38759689922480617      4.080122138560842E-13    4.72258306610823E-13     0.25                     5.0E10                   2700                     5972.380876445619        3448.155706718851        2502.294445801098
1.60512                  2.6                      0.3846153846153846       4.1060817840430403E-13   4.750505024293297E-13    0.25                     5.0E10                   2700                     5972.380876445619        3448.155706718851        2502.294445801098
1.60512                  2.62                     0.3816793893129771       4.1319834119476013E-13   4.778082459273612E-13    0.25                     5.0E10                   2700                     5972.380876445619        3448.155706718851        2502.294445801098
1.60512                  2.64                     0.37878787878787873      4.157683709203186E-13    4.805168870153183E-13    0.25                     5.0E10                   2700                     5972.380876445619        3448.155706718851        2502.294445801098
1.60512                  2.66                     0.37593984962406013      4.1830449548693046E-13   4.831623551711082E-13    0.25                     5.0E10                   2700                     5972.380876445619        3448.155706718851        2502.294445801098
1.60512                  2.68                     0.3731343283582089       4.2079357592646926E-13   4.857312461630006E-13    0.25                     5.0E10                   2700                     5972.380876445619        3448.155706718851        2502.294445801098
1.60512                  2.7                      0.37037037037037035      4.232231812116252E-13    4.88210909154193E-13     0.25                     5.0E10                   2700                     5972.380876445619        3448.155706718851        2502.294445801098
1.60512                  2.72                     0.3676470588235294       4.2558166171868433E-13   4.905895316856608E-13    0.25                     5.0E10                   2700                     5972.380876445619        3448.155706718851        2502.294445801098
1.60512                  2.74                     0.36496350364963503      4.278582191087626E-13    4.928562200795455E-13    0.25                     5.0E10                   2700                     5972.380876445619        3448.155706718851        2502.294445801098
1.60512                  2.7600000000000002       0.36231884057971014      4.300429705118777E-13    4.950010729222706E-13    0.25                     5.0E10                   2700                     5972.380876445619        3448.155706718851        2502.294445801098
1.60512                  2.7800000000000002       0.35971223021582727      4.321270051026503E-13    4.970152455265506E-13    0.25                     5.0E10                   2700                     5972.380876445619        3448.155706718851        2502.294445801098
1.60512                  2.8000000000000003       0.3571428571428571       4.341024313985456E-13    4.988910035482159E-13    0.25                     5.0E10                   2700                     5972.380876445619        3448.155706718851        2502.294445801098
1.60512                  2.8200000000000003       0.35460992907801414      4.3596241389280476E-13   5.006217642448915E-13    0.25                     5.0E10                   2700                     5972.380876445619        3448.155706718851        2502.294445801098
1.60512                  2.8400000000000003       0.352112676056338        4.3770119798532804E-13   5.022021242873937E-13    0.25                     5.0E10                   2700                     5972.380876445619        3448.155706718851        2502.294445801098
1.60512                  2.8600000000000003       0.3496503496503496       4.393141225339475E-13    5.036278734036247E-13    0.25                     5.0E10                   2700                     5972.380876445619        3448.155706718851        2502.294445801098
1.60512                  2.8800000000000003       0.3472222222222222       4.407976197031407E-13    5.048959935715294E-13    0.25                     5.0E10                   2700                     5972.380876445619        3448.155706718851        2502.294445801098
1.60512                  2.9000000000000004       0.3448275862068965       4.421492021669299E-13    5.060046438826544E-13    0.25                     5.0E10                   2700                     5972.380876445619        3448.155706718851        2502.294445801098
1.60512                  2.92                     0.34246575342465757      4.4336748080926744E-13   5.069531497587888E-13    0.25                     5.0E10                   2700                     5972.380876445619        3448.155706718851        2502.294445801098
1.60512                  2.94                     0.3401360544217687       4.444519632378133E-13    5.07741892848161E-13     0.25                     5.0E10                   2700                     5972.380876445619        3448.155706718851        2502.294445801098
1.60512                  2.96                     0.33783783783783783      4.4540324456312077E-13   5.083723524658122E-13    0.25                     5.0E10                   2700                     5972.380876445619        3448.155706718851        2502.294445801098
1.60512                  2.98                     0.3355704697986577       4.462227987730778E-13    5.088469829568244E-13    0.25                     5.0E10                   2700                     5972.380876445619        3448.155706718851        2502.294445801098
1.60512                  3                        0.3333333333333333       4.4691295066411304E-13   5.091691541187154E-13    0.25                     5.0E10                   2700                     5972.380876445619        3448.155706718851        2502.294445801098
1.60512                  3.02                     0.33112582781456956      4.474768049314447E-13    5.093430711874389E-13    0.25                     5.0E10                   2700                     5972.380876445619        3448.155706718851        2502.294445801098
1.60512                  3.04                     0.32894736842105265      4.4791817036326334E-13   5.09373689515281E-13     0.25                     5.0E10                   2700                     5972.380876445619        3448.155706718851        2502.294445801098
1.60512                  3.06                     0.32679738562091504      4.4824148068299244E-13   5.092666257160567E-13    0.25                     5.0E10                   2700                     5972.380876445619        3448.155706718851        2502.294445801098
1.60512                  3.08                     0.3246753246753247       4.4845171358136755E-13   5.090280669751623E-13    0.25                     5.0E10                   2700                     5972.380876445619        3448.155706718851        2502.294445801098
1.60512                  3.1                      0.32258064516129037      4.4855430937416343E-13   5.086646801782604E-13    0.25                     5.0E10                   2700                     5972.380876445619        3448.155706718851        2502.294445801098
1.60512                  3.12                     0.32051282051282054      4.4855509059280115E-13   5.081835223061958E-13    0.25                     5.0E10                   2700                     5972.380876445619        3448.155706718851        2502.294445801098
1.60512                  3.14                     0.3184713375796178       4.4846018371773416E-13   5.075919534377852E-13    0.25                     5.0E10                   2700                     5972.380876445619        3448.155706718851        2502.294445801098
1.60512                  3.16                     0.3164556962025316       4.4827594405388014E-13   5.068975534752898E-13    0.25                     5.0E10                   2700                     5972.380876445619        3448.155706718851        2502.294445801098
1.60512                  3.18                     0.31446540880503143      4.480088846128984E-13    5.061080435460691E-13    0.25                     5.0E10                   2700                     5972.380876445619        3448.155706718851        2502.294445801098
1.60512                  3.2                      0.3125                   4.476656096810178E-13    5.052312128127048E-13    0.25                     5.0E10                   2700                     5972.380876445619        3448.155706718851        2502.294445801098
1.60512                  3.22                     0.31055900621118004      4.4725275358759855E-13   5.042748512511536E-13    0.25                     5.0E10                   2700                     5972.380876445619        3448.155706718851        2502.294445801098
1.60512                  3.24                     0.30864197530864196      4.4677692501391776E-13   5.032466887519972E-13    0.25                     5.0E10                   2700                     5972.380876445619        3448.155706718851        2502.294445801098
1.60512                  3.2600000000000002       0.3067484662576687       4.4624465705377367E-13   5.021543407607626E-13    0.25                     5.0E10                   2700                     5972.380876445619        3448.155706718851        2502.294445801098
1.60512                  3.2800000000000002       0.3048780487804878       4.4566236309468166E-13   5.010052605023215E-13    0.25                     5.0E10                   2700                     5972.380876445619        3448.155706718851        2502.294445801098
1.60512                  3.3000000000000003       0.30303030303030304      4.4503629846160953E-13   4.998066977183788E-13    0.25                     5.0E10                   2700                     5972.380876445619        3448.155706718851        2502.294445801098
1.60512                  3.3200000000000003       0.3012048192771084       4.443725276808472E-13    4.985656637090868E-13    0.25                     5.0E10                   2700                     5972.380876445619        3448.155706718851        2502.294445801098
1.60512                  3.3400000000000003       0.29940119760479045      4.436740801329847E-13    4.972893046072842E-13    0.25                     5.0E10                   2700                     5972.380876445619        3448.155706718851        2502.294445801098
1.60512                  3.3600000000000003       0.29761904761904756      4.4295165367786537E-13   4.959821671118107E-13    0.25                     5.0E10                   2700                     5972.380876445619        3448.155706718851        2502.294445801098
1.60512                  3.3800000000000003       0.29585798816568043      4.4220830807750195E-13   4.94651887175089E-13     0.25                     5.0E10                   2700                     5972.380876445619        3448.155706718851        2502.294445801098
1.60512                  3.4000000000000004       0.2941176470588235       4.414491254413096E-13    4.933042947614769E-13    0.25                     5.0E10                   2700                     5972.380876445619        3448.155706718851        2502.294445801098
1.60512                  3.4200000000000004       0.29239766081871343      4.4067890763266877E-13   4.91944889485574E-13     0.25                     5.0E10                   2700                     5972.380876445619        3448.155706718851        2502.294445801098
1.60512                  3.44                     0.29069767441860467      4.399021706664316E-13    4.905788358468282E-13    0.25                     5.0E10                   2700                     5972.380876445619        3448.155706718851        2502.294445801098
1.60512                  3.46                     0.2890173410404624       4.391231422807932E-13    4.89210961988665E-13     0.25                     5.0E10                   2700                     5972.380876445619        3448.155706718851        2502.294445801098
1.60512                  3.48                     0.28735632183908044      4.3834576233026275E-13   4.878457615171358E-13    0.25                     5.0E10                   2700                     5972.380876445619        3448.155706718851        2502.294445801098
1.60512                  3.5                      0.2857142857142857       4.375736855906195E-13    4.864873979496782E-13    0.25                     5.0E10                   2700                     5972.380876445619        3448.155706718851        2502.294445801098
1.60512                  3.52                     0.2840909090909091       4.368104058205164E-13    4.851398012965311E-13    0.25                     5.0E10                   2700                     5972.380876445619        3448.155706718851        2502.294445801098
1.60512                  3.54                     0.2824858757062147       4.3605878831528814E-13   4.838063183634308E-13    0.25                     5.0E10                   2700                     5972.380876445619        3448.155706718851        2502.294445801098
1.60512                  3.56                     0.28089887640449435      4.353217850763169E-13    4.824902582923996E-13    0.25                     5.0E10                   2700                     5972.380876445619        3448.155706718851        2502.294445801098
1.60512                  3.58                     0.2793296089385475       4.346019751863217E-13    4.811945480372584E-13    0.25                     5.0E10                   2700                     5972.380876445619        3448.155706718851        2502.294445801098
1.60512                  3.6                      0.2777777777777778       4.339016914351129E-13    4.799218331986572E-13    0.25                     5.0E10                   2700                     5972.380876445619        3448.155706718851        2502.294445801098
1.60512                  3.62                     0.27624309392265195      4.332230310585605E-13    4.786744908798811E-13    0.25                     5.0E10                   2700                     5972.380876445619        3448.155706718851        2502.294445801098
1.60512                  3.64                     0.2747252747252747       4.325678669484702E-13    4.774546429753142E-13    0.25                     5.0E10                   2700                     5972.380876445619        3448.155706718851        2502.294445801098
1.60512                  3.66                     0.27322404371584696      4.3193785913811085E-13   4.762641697206781E-13    0.25                     5.0E10                   2700                     5972.380876445619        3448.155706718851        2502.294445801098
1.60512                  3.68                     0.2717391304347826       4.313344664504233E-13    4.751047233440374E-13    0.25                     5.0E10                   2700                     5972.380876445619        3448.155706718851        2502.294445801098
1.60512                  3.7                      0.2702702702702703       4.3075895813394906E-13   4.739777416376397E-13    0.25                     5.0E10                   2700                     5972.380876445619        3448.155706718851        2502.294445801098
1.60512                  3.72                     0.26881720430107525      4.3021242541611706E-13   4.728844613851E-13       0.25                     5.0E10                   2700                     5972.380876445619        3448.155706718851        2502.294445801098
1.60512                  3.74                     0.267379679144385        4.296957928619324E-13    4.71825931519845E-13     0.25                     5.0E10                   2700                     5972.380876445619        3448.155706718851        2502.294445801098
1.60512                  3.7600000000000002       0.26595744680851063      4.292098294686338E-13    4.708030259184184E-13    0.25                     5.0E10                   2700                     5972.380876445619        3448.155706718851        2502.294445801098
1.60512                  3.7800000000000002       0.26455026455026454      4.28755159444846E-13     4.698164558094172E-13    0.25                     5.0E10                   2700                     5972.380876445619        3448.155706718851        2502.294445801098
1.60512                  3.8000000000000003       0.2631578947368421       4.283322726069125E-13    4.688667817088708E-13    0.25                     5.0E10                   2700                     5972.380876445619        3448.155706718851        2502.294445801098
1.60512                  3.8200000000000003       0.26178010471204183      4.279415343881069E-13    4.679544248730561E-13    0.25                     5.0E10                   2700                     5972.380876445619        3448.155706718851        2502.294445801098
1.60512                  3.8400000000000003       0.26041666666666663      4.2758319541565626E-13   4.670796782336152E-13    0.25                     5.0E10                   2700                     5972.380876445619        3448.155706718851        2502.294445801098
1.60512                  3.8600000000000003       0.25906735751295334      4.2725740063012786E-13   4.662427167925025E-13    0.25                     5.0E10                   2700                     5972.380876445619        3448.155706718851        2502.294445801098
1.60512                  3.8800000000000003       0.25773195876288657      4.269641979638802E-13    4.654436074880431E-13    0.25                     5.0E10                   2700                     5972.380876445619        3448.155706718851        2502.294445801098
1.60512                  3.9000000000000004       0.2564102564102564       4.2670354655896033E-13   4.646823185170896E-13    0.25                     5.0E10                   2700                     5972.380876445619        3448.155706718851        2502.294445801098
1.60512                  3.9200000000000004       0.25510204081632654      4.2647532452293584E-13   4.639587281173085E-13    0.25                     5.0E10                   2700                     5972.380876445619        3448.155706718851        2502.294445801098
1.60512                  3.94                     0.25380710659898476      4.2627933624009937E-13   4.63272632830023E-13     0.25                     5.0E10                   2700                     5972.380876445619        3448.155706718851        2502.294445801098
1.60512                  3.96                     0.2525252525252525       4.2611531924237394E-13   4.626237552462985E-13    0.25                     5.0E10                   2700                     5972.380876445619        3448.155706718851        2502.294445801098
1.60512                  3.98                     0.25125628140703515      4.2598295064140385E-13   4.620117512491541E-13    0.25                     5.0E10                   2700                     5972.380876445619        3448.155706718851        2502.294445801098
1.60512                  4                        0.25                     4.2588185316350743E-13   4.614362167881378E-13    0.25                     5.0E10                   2700                     5972.380876445619        3448.155706718851        2502.294445801098
1.60512                  4.02                     0.24875621890547264      4.258116007702666E-13    4.608966941853504E-13    0.25                     5.0E10                   2700                     5972.380876445619        3448.155706718851        2502.294445801098
1.60512                  4.04                     0.24752475247524755      4.2577172389860896E-13   4.603926779967119E-13    0.25                     5.0E10                   2700                     5972.380876445619        3448.155706718851        2502.294445801098
1.60512                  4.06                     0.24630541871921185      4.257617143428164E-13    4.599236204659587E-13    0.25                     5.0E10                   2700                     5972.380876445619        3448.155706718851        2502.294445801098
1.60512                  4.08                     0.2450980392156863       4.257810297866528E-13    4.594889365659281E-13    0.25                     5.0E10                   2700                     5972.380876445619        3448.155706718851        2502.294445801098
1.60512                  4.1                      0.24390243902439027      4.2582909799457124E-13   4.590880086720183E-13    0.25                     5.0E10                   2700                     5972.380876445619        3448.155706718851        2502.294445801098
1.60512                  4.12                     0.24271844660194172      4.259053207173008E-13    4.587201908852901E-13    0.25                     5.0E10                   2700                     5972.380876445619        3448.155706718851        2502.294445801098
1.60512                  4.14                     0.2415458937198068       4.260090772738551E-13    4.583848130071967E-13    0.25                     5.0E10                   2700                     5972.380876445619        3448.155706718851        2502.294445801098
1.60512                  4.16                     0.24038461538461536      4.2613972788037576E-13   4.580811842076609E-13    0.25                     5.0E10                   2700                     5972.380876445619        3448.155706718851        2502.294445801098
1.60512                  4.18                     0.2392344497607656       4.2629661670600826E-13   4.57808596404955E-13     0.25                     5.0E10                   2700                     5972.380876445619        3448.155706718851        2502.294445801098
1.60512                  4.199999999999999        0.23809523809523814      4.264790746922797E-13    4.57566327352853E-13     0.25                     5.0E10                   2700                     5972.380876445619        3448.155706718851        2502.294445801098
1.60512                  4.22                     0.23696682464454977      4.266864221423183E-13    4.573536434938137E-13    0.25                     5.0E10                   2700                     5972.380876445619        3448.155706718851        2502.294445801098
1.60512                  4.239999999999999        0.23584905660377362      4.2691797109971947E-13   4.571698025456182E-13    0.25                     5.0E10                   2700                     5972.380876445619        3448.155706718851        2502.294445801098
1.60512                  4.26                     0.2347417840375587       4.271730275255162E-13    4.570140558951188E-13    0.25                     5.0E10                   2700                     5972.380876445619        3448.155706718851        2502.294445801098
1.60512                  4.279999999999999        0.23364485981308417      4.274508932882582E-13    4.568856507451743E-13    0.25                     5.0E10                   2700                     5972.380876445619        3448.155706718851        2502.294445801098
1.60512                  4.3                      0.23255813953488372      4.277508679950828E-13    4.567838321178525E-13    0.25                     5.0E10                   2700                     5972.380876445619        3448.155706718851        2502.294445801098
1.60512                  4.319999999999999        0.23148148148148148      4.2807225064569787E-13   4.567078446239787E-13    0.25                     5.0E10                   2700                     5972.380876445619        3448.155706718851        2502.294445801098
1.60512                  4.34                     0.2304147465437788       4.284143411468813E-13    4.566569341114007E-13    0.25                     5.0E10                   2700                     5972.380876445619        3448.155706718851        2502.294445801098
1.60512                  4.359999999999999        0.22935779816513763      4.287764416933715E-13    4.566303491434488E-13    0.25                     5.0E10                   2700                     5972.380876445619        3448.155706718851        2502.294445801098
1.60512                  4.38                     0.228310502283105        4.291581096498337E-13    4.566275436692369E-13    0.25                     5.0E10                   2700                     5972.380876445619        3448.155706718851        2502.294445801098
1.60512                  4.3999999999999995       0.22727272727272732      4.295581557337585E-13    4.56647376345915E-13     0.25                     5.0E10                   2700                     5972.380876445619        3448.155706718851        2502.294445801098
1.60512                  4.42                     0.22624434389140272      4.2997614403997517E-13   4.566893092107481E-13    0.25                     5.0E10                   2700                     5972.380876445619        3448.155706718851        2502.294445801098
1.60512                  4.4399999999999995       0.22522522522522526      4.304113972347945E-13    4.567526137512972E-13    0.25                     5.0E10                   2700                     5972.380876445619        3448.155706718851        2502.294445801098
1.60512                  4.46                     0.2242152466367713       4.3086324541226947E-13   4.568365696250083E-13    0.25                     5.0E10                   2700                     5972.380876445619        3448.155706718851        2502.294445801098
1.60512                  4.4799999999999995       0.2232142857142857       4.313310268246132E-13    4.56940465435068E-13     0.25                     5.0E10                   2700                     5972.380876445619        3448.155706718851        2502.294445801098
1.60512                  4.5                      0.22222222222222224      4.3181408855204226E-13   4.570635994076395E-13    0.25                     5.0E10                   2700                     5972.380876445619        3448.155706718851        2502.294445801098
1.60512                  4.52                     0.22123893805309736      4.323117870721056E-13    4.572052799991088E-13    0.25                     5.0E10                   2700                     5972.380876445619        3448.155706718851        2502.294445801098
1.60512                  4.54                     0.22026431718061676      4.3282348878913383E-13   4.5736482642615E-13      0.25                     5.0E10                   2700                     5972.380876445619        3448.155706718851        2502.294445801098
1.60512                  4.56                     0.21929824561403513      4.3334857047516186E-13   4.575415691270534E-13    0.25                     5.0E10                   2700                     5972.380876445619        3448.155706718851        2502.294445801098
1.60512                  4.58                     0.21834061135371177      4.3388641967991513E-13   4.577348501589081E-13    0.25                     5.0E10                   2700                     5972.380876445619        3448.155706718851        2502.294445801098
1.60512                  4.6                      0.2173913043478261       4.344364350586893E-13    4.579440235340864E-13    0.25                     5.0E10                   2700                     5972.380876445619        3448.155706718851        2502.294445801098
1.60512                  4.62                     0.21645021645021645      4.3499802667203684E-13   4.581684555226062E-13    0.25                     5.0E10                   2700                     5972.380876445619        3448.155706718851        2502.294445801098
1.60512                  4.64                     0.21551724137931036      4.3557061623703427E-13   4.584075248770107E-13    0.25                     5.0E10                   2700                     5972.380876445619        3448.155706718851        2502.294445801098
1.60512                  4.66                     0.2145922746781116       4.3615363732580335E-13   4.586606230372606E-13    0.25                     5.0E10                   2700                     5972.380876445619        3448.155706718851        2502.294445801098
1.60512                  4.68                     0.21367521367521367      4.367465355324204E-13    4.589271542729638E-13    0.25                     5.0E10                   2700                     5972.380876445619        3448.155706718851        2502.294445801098
1.60512                  4.7                      0.2127659574468085       4.37348768616177E-13     4.592065358227519E-13    0.25                     5.0E10                   2700                     5972.380876445619        3448.155706718851        2502.294445801098
1.60512                  4.72                     0.211864406779661        4.379598065906807E-13    4.594981979562981E-13    0.25                     5.0E10                   2700                     5972.380876445619        3448.155706718851        2502.294445801098
1.60512                  4.739999999999999        0.21097046413502113      4.3857913180674227E-13   4.59801584045384E-13     0.25                     5.0E10                   2700                     5972.380876445619        3448.155706718851        2502.294445801098
1.60512                  4.76                     0.21008403361344538      4.392062389809003E-13    4.601161505679384E-13    0.25                     5.0E10                   2700                     5972.380876445619        3448.155706718851        2502.294445801098
1.60512                  4.779999999999999        0.20920502092050208      4.3984063521883124E-13   4.604413671246655E-13    0.25                     5.0E10                   2700                     5972.380876445619        3448.155706718851        2502.294445801098
1.60512                  4.8                      0.20833333333333334      4.404818400282232E-13    4.607767164096228E-13    0.25                     5.0E10                   2700                     5972.380876445619        3448.155706718851        2502.294445801098
1.60512                  4.819999999999999        0.2074688796680498       4.411293852650058E-13    4.611216941569256E-13    0.25                     5.0E10                   2700                     5972.380876445619        3448.155706718851        2502.294445801098
1.60512                  4.84                     0.20661157024793386      4.417828151099955E-13    4.614758090833367E-13    0.25                     5.0E10                   2700                     5972.380876445619        3448.155706718851        2502.294445801098
1.60512                  4.859999999999999        0.20576131687242802      4.4244168600173584E-13   4.618385827999518E-13    0.25                     5.0E10                   2700                     5972.380876445619        3448.155706718851        2502.294445801098
1.60512                  4.88                     0.20491803278688525      4.431055665609404E-13    4.622095497175041E-13    0.25                     5.0E10                   2700                     5972.380876445619        3448.155706718851        2502.294445801098
1.60512                  4.8999999999999995       0.20408163265306126      4.4377403749155436E-13   4.625882569304859E-13    0.25                     5.0E10                   2700                     5972.380876445619        3448.155706718851        2502.294445801098
1.60512                  4.92                     0.2032520325203252       4.444466914821503E-13    4.629742640859098E-13    0.25                     5.0E10                   2700                     5972.380876445619        3448.155706718851        2502.294445801098
1.60512                  4.9399999999999995       0.20242914979757085      4.4512313308829816E-13   4.633671432613614E-13    0.25                     5.0E10                   2700                     5972.380876445619        3448.155706718851        2502.294445801098
1.60512                  4.96                     0.20161290322580644      4.4580297860287723E-13   4.637664787921663E-13    0.25                     5.0E10                   2700                     5972.380876445619        3448.155706718851        2502.294445801098
1.60512                  4.9799999999999995       0.20080321285140565      4.4648585593008313E-13   4.641718671395397E-13    0.25                     5.0E10                   2700                     5972.380876445619        3448.155706718851        2502.294445801098
1.60512                  5                        0.2                      4.47259027867175E-13     4.646966690932381E-13    0.25                     5.0E10                   2700                     5972.380876445619        3448.155706718851        2502.294445801098
1.60512                  5.02                     0.19920318725099603      4.4794713370455314E-13   4.651132237164166E-13    0.25                     5.0E10                   2700                     5972.380876445619        3448.155706718851        2502.294445801098
1.60512                  5.04                     0.1984126984126984       4.4863716421074847E-13   4.655346243506503E-13    0.25                     5.0E10                   2700                     5972.380876445619        3448.155706718851        2502.294445801098
1.60512                  5.06                     0.19762845849802374      4.493287944363965E-13    4.659605170510068E-13    0.25                     5.0E10                   2700                     5972.380876445619        3448.155706718851        2502.294445801098
1.60512                  5.08                     0.19685039370078738      4.500217101631052E-13    4.663905589878157E-13    0.25                     5.0E10                   2700                     5972.380876445619        3448.155706718851        2502.294445801098
1.60512                  5.1                      0.19607843137254904      4.507156077281077E-13    4.668244182643939E-13    0.25                     5.0E10                   2700                     5972.380876445619        3448.155706718851        2502.294445801098
1.60512                  5.12                     0.19531249999999997      4.5141019385085515E-13   4.672617737131593E-13    0.25                     5.0E10                   2700                     5972.380876445619        3448.155706718851        2502.294445801098
1.60512                  5.14                     0.1945525291828794       4.521051854499365E-13    4.677023147082199E-13    0.25                     5.0E10                   2700                     5972.380876445619        3448.155706718851        2502.294445801098
1.60512                  5.16                     0.19379844961240308      4.528003094400189E-13    4.681457409526506E-13    0.25                     5.0E10                   2700                     5972.380876445619        3448.155706718851        2502.294445801098
1.60512                  5.18                     0.19305019305019305      4.534953025774789E-13    4.685917622856028E-13    0.25                     5.0E10                   2700                     5972.380876445619        3448.155706718851        2502.294445801098
1.60512                  5.2                      0.1923076923076923       4.5418991122232463E-13   4.690400984777272E-13    0.25                     5.0E10                   2700                     5972.380876445619        3448.155706718851        2502.294445801098
1.60512                  5.22                     0.19157088122605365      4.54883891190052E-13     4.694904790170827E-13    0.25                     5.0E10                   2700                     5972.380876445619        3448.155706718851        2502.294445801098
1.60512                  5.239999999999999        0.19083969465648856      4.555770075368891E-13    4.699426429153529E-13    0.25                     5.0E10                   2700                     5972.380876445619        3448.155706718851        2502.294445801098
1.60512                  5.26                     0.19011406844106465      4.562690343575911E-13    4.703963384993387E-13    0.25                     5.0E10                   2700                     5972.380876445619        3448.155706718851        2502.294445801098
1.60512                  5.279999999999999        0.18939393939393942      4.569597546069821E-13    4.70851323191855E-13     0.25                     5.0E10                   2700                     5972.380876445619        3448.155706718851        2502.294445801098
1.60512                  5.3                      0.18867924528301888      4.576489598950638E-13    4.713073633311268E-13    0.25                     5.0E10                   2700                     5972.380876445619        3448.155706718851        2502.294445801098
1.60512                  5.319999999999999        0.1879699248120301       4.583364502940579E-13    4.717642339390874E-13    0.25                     5.0E10                   2700                     5972.380876445619        3448.155706718851        2502.294445801098
1.60512                  5.34                     0.18726591760299627      4.59022034141638E-13     4.722217185415169E-13    0.25                     5.0E10                   2700                     5972.380876445619        3448.155706718851        2502.294445801098
1.60512                  5.359999999999999        0.1865671641791045       4.597055278419148E-13    4.726796089451409E-13    0.25                     5.0E10                   2700                     5972.380876445619        3448.155706718851        2502.294445801098
1.60512                  5.38                     0.1858736059479554       4.60386755688892E-13     4.731377050509651E-13    0.25                     5.0E10                   2700                     5972.380876445619        3448.155706718851        2502.294445801098
1.60512                  5.3999999999999995       0.1851851851851852       4.610655496450142E-13    4.735958146438478E-13    0.25                     5.0E10                   2700                     5972.380876445619        3448.155706718851        2502.294445801098
1.60512                  5.42                     0.18450184501845018      4.617417491771546E-13    4.740537532030074E-13    0.25                     5.0E10                   2700                     5972.380876445619        3448.155706718851        2502.294445801098
1.60512                  5.4399999999999995       0.18382352941176472      4.624152010561684E-13    4.745113436986826E-13    0.25                     5.0E10                   2700                     5972.380876445619        3448.155706718851        2502.294445801098
1.60512                  5.46                     0.18315018315018314      4.630857591573966E-13    4.749684164042266E-13    0.25                     5.0E10                   2700                     5972.380876445619        3448.155706718851        2502.294445801098
1.60512                  5.4799999999999995       0.18248175182481755      4.637532842877583E-13    4.754248086927613E-13    0.25                     5.0E10                   2700                     5972.380876445619        3448.155706718851        2502.294445801098
1.60512                  5.5                      0.18181818181818182      4.644176440048433E-13    4.758803648642564E-13    0.25                     5.0E10                   2700                     5972.380876445619        3448.155706718851        2502.294445801098
1.60512                  5.52                     0.1811594202898551       4.65078712411437E-13     4.763349359415219E-13    0.25                     5.0E10                   2700                     5972.380876445619        3448.155706718851        2502.294445801098
1.60512                  5.54                     0.18050541516245486      4.657363699995523E-13    4.767883794983127E-13    0.25                     5.0E10                   2700                     5972.380876445619        3448.155706718851        2502.294445801098
1.60512                  5.56                     0.1798561151079137       4.663905034583755E-13    4.772405594678401E-13    0.25                     5.0E10                   2700                     5972.380876445619        3448.155706718851        2502.294445801098
1.60512                  5.58                     0.17921146953405018      4.670410054968525E-13    4.776913459671617E-13    0.25                     5.0E10                   2700                     5972.380876445619        3448.155706718851        2502.294445801098
1.60512                  5.6                      0.17857142857142858      4.676877746822748E-13    4.781406151216882E-13    0.25                     5.0E10                   2700                     5972.380876445619        3448.155706718851        2502.294445801098
1.60512                  5.62                     0.17793594306049823      4.683307152533441E-13    4.785882488913391E-13    0.25                     5.0E10                   2700                     5972.380876445619        3448.155706718851        2502.294445801098
1.60512                  5.64                     0.1773049645390071       4.689697369650506E-13    4.790341348922168E-13    0.25                     5.0E10                   2700                     5972.380876445619        3448.155706718851        2502.294445801098
1.60512                  5.66                     0.17667844522968196      4.696047549104396E-13    4.794781662408659E-13    0.25                     5.0E10                   2700                     5972.380876445619        3448.155706718851        2502.294445801098
1.60512                  5.68                     0.17605633802816903      4.702356893721411E-13    4.799202413762317E-13    0.25                     5.0E10                   2700                     5972.380876445619        3448.155706718851        2502.294445801098
1.60512                  5.7                      0.17543859649122806      4.708624656526567E-13    4.803602639126783E-13    0.25                     5.0E10                   2700                     5972.380876445619        3448.155706718851        2502.294445801098
1.60512                  5.72                     0.17482517482517484      4.714850139062764E-13    4.807981424599348E-13    0.25                     5.0E10                   2700                     5972.380876445619        3448.155706718851        2502.294445801098
1.60512                  5.739999999999999        0.17421602787456447      4.721032690098151E-13    4.812337904906967E-13    0.25                     5.0E10                   2700                     5972.380876445619        3448.155706718851        2502.294445801098
1.60512                  5.76                     0.1736111111111111       4.727171703842816E-13    4.816671261661059E-13    0.25                     5.0E10                   2700                     5972.380876445619        3448.155706718851        2502.294445801098
1.60512                  5.779999999999999        0.17301038062283738      4.733266618786747E-13    4.820980722104992E-13    0.25                     5.0E10                   2700                     5972.380876445619        3448.155706718851        2502.294445801098
1.60512                  5.8                      0.1724137931034483       4.73931691586585E-13     4.825265557340542E-13    0.25                     5.0E10                   2700                     5972.380876445619        3448.155706718851        2502.294445801098
1.60512                  5.819999999999999        0.17182130584192443      4.74532211722303E-13     4.829525081157743E-13    0.25                     5.0E10                   2700                     5972.380876445619        3448.155706718851        2502.294445801098
1.60512                  5.84                     0.17123287671232879      4.7512867944202E-13      4.833762992285044E-13    0.25                     5.0E10                   2700                     5972.380876445619        3448.155706718851        2502.294445801098
1.60512                  5.859999999999999        0.17064846416382254      4.757200597635884E-13    4.83797005574211E-13     0.25                     5.0E10                   2700                     5972.380876445619        3448.155706718851        2502.294445801098
1.60512                  5.88                     0.17006802721088435      4.763068105952034E-13    4.842149991576372E-13    0.25                     5.0E10                   2700                     5972.380876445619        3448.155706718851        2502.294445801098
1.60512                  5.8999999999999995       0.16949152542372883      4.768888992548363E-13    4.846302270120346E-13    0.25                     5.0E10                   2700                     5972.380876445619        3448.155706718851        2502.294445801098
1.60512                  5.92                     0.16891891891891891      4.774662965206873E-13    4.850426397660414E-13    0.25                     5.0E10                   2700                     5972.380876445619        3448.155706718851        2502.294445801098
1.60512                  5.9399999999999995       0.16835016835016836      4.780389764888783E-13    4.854521915065678E-13    0.25                     5.0E10                   2700                     5972.380876445619        3448.155706718851        2502.294445801098
1.60512                  5.96                     0.16778523489932884      4.786069164491608E-13    4.858588396586019E-13    0.25                     5.0E10                   2700                     5972.380876445619        3448.155706718851        2502.294445801098
1.60512                  5.9799999999999995       0.16722408026755856      4.791700967869389E-13    4.862625448702889E-13    0.25                     5.0E10                   2700                     5972.380876445619        3448.155706718851        2502.294445801098
1.60512                  6                        0.16666666666666666      4.797285008401464E-13    4.866632708936403E-13    0.25                     5.0E10                   2700                     5972.380876445619        3448.155706718851        2502.294445801098
1.60512                  6.02                     0.16611295681063123      4.802821148025286E-13    4.87060984468739E-13     0.25                     5.0E10                   2700                     5972.380876445619        3448.155706718851        2502.294445801098
1.60512                  6.04                     0.16556291390728478      4.808309276151886E-13    4.874556552236083E-13    0.25                     5.0E10                   2700                     5972.380876445619        3448.155706718851        2502.294445801098
1.60512                  6.06                     0.16501650165016504      4.813749308441011E-13    4.878472555549419E-13    0.25                     5.0E10                   2700                     5972.380876445619        3448.155706718851        2502.294445801098
1.60512                  6.08                     0.16447368421052633      4.819141185836796E-13    4.88235760525625E-13     0.25                     5.0E10                   2700                     5972.380876445619        3448.155706718851        2502.294445801098
1.60512                  6.1                      0.16393442622950818      4.824484873648867E-13    4.886211477758484E-13    0.25                     5.0E10                   2700                     5972.380876445619        3448.155706718851        2502.294445801098
1.60512                  6.12                     0.16339869281045752      4.829780360299207E-13    4.890033974008082E-13    0.25                     5.0E10                   2700                     5972.380876445619        3448.155706718851        2502.294445801098
1.60512                  6.14                     0.16286644951140067      4.835027656531161E-13    4.893824918753917E-13    0.25                     5.0E10                   2700                     5972.380876445619        3448.155706718851        2502.294445801098
1.60512                  6.16                     0.16233766233766234      4.840226794560403E-13    4.897584159508098E-13    0.25                     5.0E10                   2700                     5972.380876445619        3448.155706718851        2502.294445801098
1.60512                  6.18                     0.16181229773462782      4.845377826929987E-13    4.90131156561899E-13     0.25                     5.0E10                   2700                     5972.380876445619        3448.155706718851        2502.294445801098
1.60512                  6.2                      0.16129032258064518      4.850480825716763E-13    4.905007027447332E-13    0.25                     5.0E10                   2700                     5972.380876445619        3448.155706718851        2502.294445801098
1.60512                  6.22                     0.16077170418006428      4.855535881712874E-13    4.908670455460363E-13    0.25                     5.0E10                   2700                     5972.380876445619        3448.155706718851        2502.294445801098
1.60512                  6.24                     0.16025641025641027      4.860543103507623E-13    4.912301779383724E-13    0.25                     5.0E10                   2700                     5972.380876445619        3448.155706718851        2502.294445801098
1.60512                  6.26                     0.1597444089456869       4.865502616778505E-13    4.915900947455795E-13    0.25                     5.0E10                   2700                     5972.380876445619        3448.155706718851        2502.294445801098
1.60512                  6.279999999999999        0.15923566878980894      4.870414563425456E-13    4.919467925611223E-13    0.25                     5.0E10                   2700                     5972.380876445619        3448.155706718851        2502.294445801098
1.60512                  6.3                      0.15873015873015872      4.875279100760771E-13    4.923002696657096E-13    0.25                     5.0E10                   2700                     5972.380876445619        3448.155706718851        2502.294445801098
1.60512                  6.319999999999999        0.15822784810126583      4.880096400788713E-13    4.926505259600885E-13    0.25                     5.0E10                   2700                     5972.380876445619        3448.155706718851        2502.294445801098
1.60512                  6.34                     0.1577287066246057       4.884866649682923E-13    4.929975628987954E-13    0.25                     5.0E10                   2700                     5972.380876445619        3448.155706718851        2502.294445801098
1.60512                  6.359999999999999        0.15723270440251574      4.889590046708731E-13    4.933413834003339E-13    0.25                     5.0E10                   2700                     5972.380876445619        3448.155706718851        2502.294445801098
1.60512                  6.38                     0.15673981191222572      4.89426680384877E-13     4.936819918017452E-13    0.25                     5.0E10                   2700                     5972.380876445619        3448.155706718851        2502.294445801098
1.60512                  6.3999999999999995       0.15625                  4.898897145089309E-13    4.940193937848829E-13    0.25                     5.0E10                   2700                     5972.380876445619        3448.155706718851        2502.294445801098
1.60512                  6.42                     0.1557632398753894       4.903481305743878E-13    4.943535963113228E-13    0.25                     5.0E10                   2700                     5972.380876445619        3448.155706718851        2502.294445801098
1.60512                  6.4399999999999995       0.15527950310559008      4.908019531743581E-13    4.946846075591208E-13    0.25                     5.0E10                   2700                     5972.380876445619        3448.155706718851        2502.294445801098
1.60512                  6.46                     0.15479876160990713      4.912512079285608E-13    4.950124368741761E-13    0.25                     5.0E10                   2700                     5972.380876445619        3448.155706718851        2502.294445801098
1.60512                  6.4799999999999995       0.154320987654321        4.916959214055368E-13    4.953370947019795E-13    0.25                     5.0E10                   2700                     5972.380876445619        3448.155706718851        2502.294445801098
1.60512                  6.5                      0.15384615384615383      4.921361210707694E-13    4.956585925358251E-13    0.25                     5.0E10                   2700                     5972.380876445619        3448.155706718851        2502.294445801098
1.60512                  6.52                     0.15337423312883436      4.925718352478626E-13    4.959769428722383E-13    0.25                     5.0E10                   2700                     5972.380876445619        3448.155706718851        2502.294445801098
1.60512                  6.54                     0.15290519877675843      4.930030930344134E-13    4.962921591357098E-13    0.25                     5.0E10                   2700                     5972.380876445619        3448.155706718851        2502.294445801098
1.60512                  6.56                     0.15243902439024393      4.934299243000161E-13    4.966042556631413E-13    0.25                     5.0E10                   2700                     5972.380876445619        3448.155706718851        2502.294445801098
1.60512                  6.58                     0.1519756838905775       4.93852359593376E-13     4.96913247623704E-13     0.25                     5.0E10                   2700                     5972.380876445619        3448.155706718851        2502.294445801098
1.60512                  6.6                      0.15151515151515152      4.94270430114349E-13     4.972191509888575E-13    0.25                     5.0E10                   2700                     5972.380876445619        3448.155706718851        2502.294445801098
1.60512                  6.62                     0.1510574018126888       4.946841676698681E-13    4.975219824847444E-13    0.25                     5.0E10                   2700                     5972.380876445619        3448.155706718851        2502.294445801098
1.60512                  6.64                     0.1506024096385542       4.950936046404556E-13    4.978217595520813E-13    0.25                     5.0E10                   2700                     5972.380876445619        3448.155706718851        2502.294445801098
1.60512                  6.66                     0.15015015015015015      4.954987739136766E-13    4.981185002951804E-13    0.25                     5.0E10                   2700                     5972.380876445619        3448.155706718851        2502.294445801098
1.60512                  6.68                     0.14970059880239522      4.958997088612416E-13    4.98412223447359E-13     0.25                     5.0E10                   2700                     5972.380876445619        3448.155706718851        2502.294445801098
1.60512                  6.7                      0.1492537313432836       4.962964433039123E-13    4.987029483371093E-13    0.25                     5.0E10                   2700                     5972.380876445619        3448.155706718851        2502.294445801098
1.60512                  6.72                     0.1488095238095238       4.966890114609848E-13    4.98990694840546E-13     0.25                     5.0E10                   2700                     5972.380876445619        3448.155706718851        2502.294445801098
1.60512                  6.74                     0.14836795252225518      4.970774479223852E-13    4.992754833519444E-13    0.25                     5.0E10                   2700                     5972.380876445619        3448.155706718851        2502.294445801098
1.60512                  6.76                     0.14792899408284024      4.974617876199494E-13    4.995573347511709E-13    0.25                     5.0E10                   2700                     5972.380876445619        3448.155706718851        2502.294445801098
1.60512                  6.779999999999999        0.14749262536873156      4.978420657803512E-13    4.99836270360239E-13     0.25                     5.0E10                   2700                     5972.380876445619        3448.155706718851        2502.294445801098
1.60512                  6.8                      0.14705882352941177      4.982183179023358E-13    5.001123119225595E-13    0.25                     5.0E10                   2700                     5972.380876445619        3448.155706718851        2502.294445801098
1.60512                  6.819999999999999        0.1466275659824047       4.985905797309205E-13    5.003854815683023E-13    0.25                     5.0E10                   2700                     5972.380876445619        3448.155706718851        2502.294445801098
1.60512                  6.84                     0.14619883040935674      4.989588872222936E-13    5.006558017827575E-13    0.25                     5.0E10                   2700                     5972.380876445619        3448.155706718851        2502.294445801098
1.60512                  6.859999999999999        0.1457725947521866       4.993232765039455E-13    5.009232953739587E-13    0.25                     5.0E10                   2700                     5972.380876445619        3448.155706718851        2502.294445801098
1.60512                  6.88                     0.14534883720930233      4.996837838796746E-13    5.011879854598437E-13    0.25                     5.0E10                   2700                     5972.380876445619        3448.155706718851        2502.294445801098
1.60512                  6.8999999999999995       0.14492753623188406      5.000404457672203E-13    5.014498954234862E-13    0.25                     5.0E10                   2700                     5972.380876445619        3448.155706718851        2502.294445801098
1.60512                  6.92                     0.1445086705202312       5.003932987025473E-13    5.017090489042469E-13    0.25                     5.0E10                   2700                     5972.380876445619        3448.155706718851        2502.294445801098
1.60512                  6.9399999999999995       0.1440922190201729       5.007423793008464E-13    5.019654697632707E-13    0.25                     5.0E10                   2700                     5972.380876445619        3448.155706718851        2502.294445801098
1.60512                  6.96                     0.14367816091954022      5.010877242364502E-13    5.022191820628589E-13    0.25                     5.0E10                   2700                     5972.380876445619        3448.155706718851        2502.294445801098
1.60512                  6.9799999999999995       0.14326647564469916      5.0142937022068E-13      5.02470210042977E-13     0.25                     5.0E10                   2700                     5972.380876445619        3448.155706718851        2502.294445801098
1.60512                  7                        0.14285714285714285      5.017673539971646E-13    5.027185781089714E-13    0.25                     5.0E10                   2700                     5972.380876445619        3448.155706718851        2502.294445801098
1.60512                  7.02                     0.14245014245014245      5.021017122840688E-13    5.029643107927507E-13    0.25                     5.0E10                   2700                     5972.380876445619        3448.155706718851        2502.294445801098
1.60512                  7.04                     0.14204545454545456      5.024324818085406E-13    5.032074327576815E-13    0.25                     5.0E10                   2700                     5972.380876445619        3448.155706718851        2502.294445801098
1.60512                  7.06                     0.141643059490085        5.027596992360182E-13    5.034479687558067E-13    0.25                     5.0E10                   2700                     5972.380876445619        3448.155706718851        2502.294445801098
1.60512                  7.08                     0.14124293785310735      5.030834011977335E-13    5.036859436289011E-13    0.25                     5.0E10                   2700                     5972.380876445619        3448.155706718851        2502.294445801098
1.60512                  7.1                      0.14084507042253522      5.034036242257081E-13    5.039213822734217E-13    0.25                     5.0E10                   2700                     5972.380876445619        3448.155706718851        2502.294445801098
1.60512                  7.12                     0.14044943820224717      5.037204048063336E-13    5.041543096512049E-13    0.25                     5.0E10                   2700                     5972.380876445619        3448.155706718851        2502.294445801098
1.60512                  7.14                     0.1400560224089636       5.040337792890794E-13    5.043847507384249E-13    0.25                     5.0E10                   2700                     5972.380876445619        3448.155706718851        2502.294445801098
1.60512                  7.16                     0.13966480446927376      5.043437839265152E-13    5.04612730540822E-13     0.25                     5.0E10                   2700                     5972.380876445619        3448.155706718851        2502.294445801098
1.60512                  7.18                     0.1392757660167131       5.046504548383719E-13    5.048382740638603E-13    0.25                     5.0E10                   2700                     5972.380876445619        3448.155706718851        2502.294445801098
1.60512                  7.2                      0.1388888888888889       5.049538280068936E-13    5.050614063058984E-13    0.25                     5.0E10                   2700                     5972.380876445619        3448.155706718851        2502.294445801098
1.60512                  7.22                     0.13850415512465375      5.0525393925923E-13      5.052821522413423E-13    0.25                     5.0E10                   2700                     5972.380876445619        3448.155706718851        2502.294445801098
1.60512                  7.24                     0.13812154696132597      5.055508242605986E-13    5.055005368110547E-13    0.25                     5.0E10                   2700                     5972.380876445619        3448.155706718851        2502.294445801098
1.60512                  7.26                     0.13774104683195593      5.058445185045131E-13    5.05716584909634E-13     0.25                     5.0E10                   2700                     5972.380876445619        3448.155706718851        2502.294445801098
1.60512                  7.279999999999999        0.13736263736263737      5.061350572916043E-13    5.059303213727753E-13    0.25                     5.0E10                   2700                     5972.380876445619        3448.155706718851        2502.294445801098
1.60512                  7.3                      0.13698630136986303      5.064224757421932E-13    5.061417709711342E-13    0.25                     5.0E10                   2700                     5972.380876445619        3448.155706718851        2502.294445801098
1.60512                  7.319999999999999        0.1366120218579235       5.067068087583076E-13    5.063509583962572E-13    0.25                     5.0E10                   2700                     5972.380876445619        3448.155706718851        2502.294445801098
1.60512                  7.34                     0.1362397820163488       5.069880910516695E-13    5.065579082547951E-13    0.25                     5.0E10                   2700                     5972.380876445619        3448.155706718851        2502.294445801098
1.60512                  7.359999999999999        0.13586956521739132      5.072663570889013E-13    5.067626450533224E-13    0.25                     5.0E10                   2700                     5972.380876445619        3448.155706718851        2502.294445801098
1.60512                  7.38                     0.13550135501355012      5.07541641136137E-13     5.069651931987335E-13    0.25                     5.0E10                   2700                     5972.380876445619        3448.155706718851        2502.294445801098
1.60512                  7.3999999999999995       0.13513513513513514      5.078139772116491E-13    5.071655769826738E-13    0.25                     5.0E10                   2700                     5972.380876445619        3448.155706718851        2502.294445801098
1.60512                  7.42                     0.1347708894878706       5.080833990923976E-13    5.073638205751179E-13    0.25                     5.0E10                   2700                     5972.380876445619        3448.155706718851        2502.294445801098
1.60512                  7.4399999999999995       0.13440860215053765      5.083499403268072E-13    5.075599480284671E-13    0.25                     5.0E10                   2700                     5972.380876445619        3448.155706718851        2502.294445801098
1.60512                  7.46                     0.13404825737265413      5.086136341934747E-13    5.077539832511211E-13    0.25                     5.0E10                   2700                     5972.380876445619        3448.155706718851        2502.294445801098
1.60512                  7.4799999999999995       0.1336898395721925       5.088745137226535E-13    5.079459500151096E-13    0.25                     5.0E10                   2700                     5972.380876445619        3448.155706718851        2502.294445801098
1.60512                  7.5                      0.13333333333333333      5.091326116850714E-13    5.081358719478942E-13    0.25                     5.0E10                   2700                     5972.380876445619        3448.155706718851        2502.294445801098
1.60512                  7.52                     0.13297872340425532      5.093879605776875E-13    5.083237725222846E-13    0.25                     5.0E10                   2700                     5972.380876445619        3448.155706718851        2502.294445801098
1.60512                  7.54                     0.13262599469496023      5.096405926466099E-13    5.085096750615294E-13    0.25                     5.0E10                   2700                     5972.380876445619        3448.155706718851        2502.294445801098
1.60512                  7.56                     0.13227513227513227      5.098905398374713E-13    5.086936027188154E-13    0.25                     5.0E10                   2700                     5972.380876445619        3448.155706718851        2502.294445801098
1.60512                  7.58                     0.13192612137203166      5.101378338478519E-13    5.088755784907829E-13    0.25                     5.0E10                   2700                     5972.380876445619        3448.155706718851        2502.294445801098
1.60512                  7.6                      0.13157894736842105      5.103825060709111E-13    5.090556251934862E-13    0.25                     5.0E10                   2700                     5972.380876445619        3448.155706718851        2502.294445801098
1.60512                  7.62                     0.13123359580052493      5.106245876337381E-13    5.092337654778379E-13    0.25                     5.0E10                   2700                     5972.380876445619        3448.155706718851        2502.294445801098
1.60512                  7.64                     0.13089005235602094      5.108641093640595E-13    5.094100218109529E-13    0.25                     5.0E10                   2700                     5972.380876445619        3448.155706718851        2502.294445801098
1.60512                  7.66                     0.13054830287206268      5.111011018254711E-13    5.095844164854306E-13    0.25                     5.0E10                   2700                     5972.380876445619        3448.155706718851        2502.294445801098
1.60512                  7.68                     0.13020833333333334      5.113355952643996E-13    5.097569716058304E-13    0.25                     5.0E10                   2700                     5972.380876445619        3448.155706718851        2502.294445801098
1.60512                  7.7                      0.12987012987012989      5.115676196531637E-13    5.099277090860252E-13    0.25                     5.0E10                   2700                     5972.380876445619        3448.155706718851        2502.294445801098
1.60512                  7.72                     0.1295336787564767       5.117972046684435E-13    5.100966506593911E-13    0.25                     5.0E10                   2700                     5972.380876445619        3448.155706718851        2502.294445801098
1.60512                  7.74                     0.12919896640826872      5.120243796956141E-13    5.102638178624442E-13    0.25                     5.0E10                   2700                     5972.380876445619        3448.155706718851        2502.294445801098
1.60512                  7.76                     0.1288659793814433       5.122491738174054E-13    5.10429232036551E-13     0.25                     5.0E10                   2700                     5972.380876445619        3448.155706718851        2502.294445801098
1.60512                  7.779999999999999        0.12853470437017997      5.124716158281988E-13    5.105929143301843E-13    0.25                     5.0E10                   2700                     5972.380876445619        3448.155706718851        2502.294445801098
1.60512                  7.8                      0.12820512820512822      5.126917342287087E-13    5.107548856949494E-13    0.25                     5.0E10                   2700                     5972.380876445619        3448.155706718851        2502.294445801098
1.60512                  7.819999999999999        0.1278772378516624       5.129095572088417E-13    5.109151668781702E-13    0.25                     5.0E10                   2700                     5972.380876445619        3448.155706718851        2502.294445801098
1.60512                  7.84                     0.12755102040816327      5.131251126792886E-13    5.1107377843339E-13      0.25                     5.0E10                   2700                     5972.380876445619        3448.155706718851        2502.294445801098
1.60512                  7.859999999999999        0.1272264631043257       5.133384282404566E-13    5.112307407065704E-13    0.25                     5.0E10                   2700                     5972.380876445619        3448.155706718851        2502.294445801098
1.60512                  7.88                     0.12690355329949238      5.135495312011675E-13    5.113860738459128E-13    0.25                     5.0E10                   2700                     5972.380876445619        3448.155706718851        2502.294445801098
1.60512                  7.8999999999999995       0.12658227848101267      5.137584485772144E-13    5.115397977950607E-13    0.25                     5.0E10                   2700                     5972.380876445619        3448.155706718851        2502.294445801098
1.60512                  7.92                     0.12626262626262624      5.139652070960673E-13    5.116919322984271E-13    0.25                     5.0E10                   2700                     5972.380876445619        3448.155706718851        2502.294445801098
1.60512                  7.9399999999999995       0.12594458438287154      5.141698331580333E-13    5.118424968812749E-13    0.25                     5.0E10                   2700                     5972.380876445619        3448.155706718851        2502.294445801098
1.60512                  7.96                     0.12562814070351758      5.14372352903741E-13     5.11991510882047E-13     0.25                     5.0E10                   2700                     5972.380876445619        3448.155706718851        2502.294445801098
1.60512                  7.9799999999999995       0.12531328320802007      5.14572792162809E-13     5.121389934225785E-13    0.25                     5.0E10                   2700                     5972.380876445619        3448.155706718851        2502.294445801098
1.60512                  8                        0.125                    5.147711764774068E-13    5.122849634250745E-13    0.25                     5.0E10                   2700                     5972.380876445619        3448.155706718851        2502.294445801098
1.60512                  8.02                     0.12468827930174564      5.149675310928723E-13    5.124294396027682E-13    0.25                     5.0E10                   2700                     5972.380876445619        3448.155706718851        2502.294445801098
1.60512                  8.040000000000001        0.1243781094527363       5.151618809649755E-13    5.125724404647333E-13    0.25                     5.0E10                   2700                     5972.380876445619        3448.155706718851        2502.294445801098
1.60512                  8.06                     0.12406947890818859      5.153542507655508E-13    5.127139843200614E-13    0.25                     5.0E10                   2700                     5972.380876445619        3448.155706718851        2502.294445801098
1.60512                  8.08                     0.12376237623762378      5.155446648699132E-13    5.128540892658558E-13    0.25                     5.0E10                   2700                     5972.380876445619        3448.155706718851        2502.294445801098
1.60512                  8.1                      0.1234567901234568       5.15733147373419E-13     5.129927732010914E-13    0.25                     5.0E10                   2700                     5972.380876445619        3448.155706718851        2502.294445801098
1.60512                  8.12                     0.12315270935960593      5.159197220827576E-13    5.131300538178708E-13    0.25                     5.0E10                   2700                     5972.380876445619        3448.155706718851        2502.294445801098
1.60512                  8.14                     0.12285012285012284      5.161044125264357E-13    5.132659486090191E-13    0.25                     5.0E10                   2700                     5972.380876445619        3448.155706718851        2502.294445801098
1.60512                  8.16                     0.12254901960784315      5.162872419473461E-13    5.134004748641431E-13    0.25                     5.0E10                   2700                     5972.380876445619        3448.155706718851        2502.294445801098
1.60512                  8.18                     0.12224938875305624      5.164682333017784E-13    5.135336496654276E-13    0.25                     5.0E10                   2700                     5972.380876445619        3448.155706718851        2502.294445801098
1.60512                  8.2                      0.12195121951219513      5.166474092825638E-13    5.136654899056058E-13    0.25                     5.0E10                   2700                     5972.380876445619        3448.155706718851        2502.294445801098
1.60512                  8.22                     0.121654501216545        5.168247922969376E-13    5.137960122697478E-13    0.25                     5.0E10                   2700                     5972.380876445619        3448.155706718851        2502.294445801098
1.60512                  8.24                     0.12135922330097086      5.170004044765478E-13    5.139252332466314E-13    0.25                     5.0E10                   2700                     5972.380876445619        3448.155706718851        2502.294445801098
1.60512                  8.26                     0.12106537530266344      5.171742676785699E-13    5.140531691260597E-13    0.25                     5.0E10                   2700                     5972.380876445619        3448.155706718851        2502.294445801098
1.60512                  8.28                     0.1207729468599034       5.173464035070141E-13    5.141798360053865E-13    0.25                     5.0E10                   2700                     5972.380876445619        3448.155706718851        2502.294445801098
1.60512                  8.299999999999999        0.1204819277108434       5.17516833276778E-13     5.143052497835621E-13    0.25                     5.0E10                   2700                     5972.380876445619        3448.155706718851        2502.294445801098
1.60512                  8.32                     0.12019230769230768      5.17685578056789E-13     5.144294261700135E-13    0.25                     5.0E10                   2700                     5972.380876445619        3448.155706718851        2502.294445801098
1.60512                  8.34                     0.11990407673860912      5.178526586294955E-13    5.145523806729615E-13    0.25                     5.0E10                   2700                     5972.380876445619        3448.155706718851        2502.294445801098
1.60512                  8.36                     0.1196172248803828       5.180180955375897E-13    5.146741286182791E-13    0.25                     5.0E10                   2700                     5972.380876445619        3448.155706718851        2502.294445801098
1.60512                  8.379999999999999        0.11933174224343678      5.181819090517819E-13    5.147946851368307E-13    0.25                     5.0E10                   2700                     5972.380876445619        3448.155706718851        2502.294445801098
1.60512                  8.4                      0.11904761904761904      5.183441191878906E-13    5.149140651718303E-13    0.25                     5.0E10                   2700                     5972.380876445619        3448.155706718851        2502.294445801098
1.60512                  8.42                     0.11876484560570072      5.185047457063452E-13    5.150322834768812E-13    0.25                     5.0E10                   2700                     5972.380876445619        3448.155706718851        2502.294445801098
1.60512                  8.44                     0.11848341232227488      5.186638081289398E-13    5.151493546300412E-13    0.25                     5.0E10                   2700                     5972.380876445619        3448.155706718851        2502.294445801098
1.60512                  8.459999999999999        0.11820330969267141      5.188213257118401E-13    5.152652930149768E-13    0.25                     5.0E10                   2700                     5972.380876445619        3448.155706718851        2502.294445801098
1.60512                  8.48                     0.1179245283018868       5.189773174597266E-13    5.15380112830834E-13     0.25                     5.0E10                   2700                     5972.380876445619        3448.155706718851        2502.294445801098
1.60512                  8.5                      0.11764705882352941      5.191318021485496E-13    5.154938281037353E-13    0.25                     5.0E10                   2700                     5972.380876445619        3448.155706718851        2502.294445801098
1.60512                  8.52                     0.11737089201877934      5.192847983078599E-13    5.15606452680513E-13     0.25                     5.0E10                   2700                     5972.380876445619        3448.155706718851        2502.294445801098
1.60512                  8.54                     0.117096018735363        5.194363242211982E-13    5.157180002232815E-13    0.25                     5.0E10                   2700                     5972.380876445619        3448.155706718851        2502.294445801098
1.60512                  8.56                     0.11682242990654204      5.19586397935756E-13     5.158284842230632E-13    0.25                     5.0E10                   2700                     5972.380876445619        3448.155706718851        2502.294445801098
1.60512                  8.58                     0.11655011655011656      5.197350372633014E-13    5.159379179935209E-13    0.25                     5.0E10                   2700                     5972.380876445619        3448.155706718851        2502.294445801098
1.60512                  8.6                      0.11627906976744186      5.198822597846934E-13    5.160463146754115E-13    0.25                     5.0E10                   2700                     5972.380876445619        3448.155706718851        2502.294445801098
1.60512                  8.62                     0.1160092807424594       5.200280828603428E-13    5.161536872456146E-13    0.25                     5.0E10                   2700                     5972.380876445619        3448.155706718851        2502.294445801098
1.60512                  8.64                     0.11574074074074073      5.201725236006786E-13    5.16260048496177E-13     0.25                     5.0E10                   2700                     5972.380876445619        3448.155706718851        2502.294445801098
1.60512                  8.66                     0.11547344110854503      5.203155989101205E-13    5.163654110690556E-13    0.25                     5.0E10                   2700                     5972.380876445619        3448.155706718851        2502.294445801098
1.60512                  8.68                     0.1152073732718894       5.204573254650888E-13    5.164697874292657E-13    0.25                     5.0E10                   2700                     5972.380876445619        3448.155706718851        2502.294445801098
1.60512                  8.7                      0.11494252873563218      5.205977197119547E-13    5.165731898734202E-13    0.25                     5.0E10                   2700                     5972.380876445619        3448.155706718851        2502.294445801098
1.60512                  8.72                     0.1146788990825688       5.207367978955278E-13    5.166756305486539E-13    0.25                     5.0E10                   2700                     5972.380876445619        3448.155706718851        2502.294445801098
1.60512                  8.74                     0.11441647597254004      5.208745760315082E-13    5.167771214294149E-13    0.25                     5.0E10                   2700                     5972.380876445619        3448.155706718851        2502.294445801098
1.60512                  8.76                     0.1141552511415525       5.210128061582318E-13    5.168792466581748E-13    0.25                     5.0E10                   2700                     5972.380876445619        3448.155706718851        2502.294445801098
1.60512                  8.78                     0.11389521640091117      5.211480399089099E-13    5.16978881685049E-13     0.25                     5.0E10                   2700                     5972.380876445619        3448.155706718851        2502.294445801098
1.60512                  8.8                      0.11363636363636362      5.212820204135629E-13    5.170776019108224E-13    0.25                     5.0E10                   2700                     5972.380876445619        3448.155706718851        2502.294445801098
1.60512                  8.82                     0.11337868480725624      5.214147628406894E-13    5.171754186758287E-13    0.25                     5.0E10                   2700                     5972.380876445619        3448.155706718851        2502.294445801098
1.60512                  8.84                     0.11312217194570136      5.215462821831751E-13    5.172723431869584E-13    0.25                     5.0E10                   2700                     5972.380876445619        3448.155706718851        2502.294445801098
1.60512                  8.86                     0.11286681715575621      5.2167659321542E-13      5.173683864926923E-13    0.25                     5.0E10                   2700                     5972.380876445619        3448.155706718851        2502.294445801098
1.60512                  8.879999999999999        0.11261261261261263      5.218057105318381E-13    5.174635594962634E-13    0.25                     5.0E10                   2700                     5972.380876445619        3448.155706718851        2502.294445801098
1.60512                  8.9                      0.11235955056179775      5.219336485026963E-13    5.175578729423959E-13    0.25                     5.0E10                   2700                     5972.380876445619        3448.155706718851        2502.294445801098
1.60512                  8.92                     0.11210762331838565      5.220604213342132E-13    5.176513374482127E-13    0.25                     5.0E10                   2700                     5972.380876445619        3448.155706718851        2502.294445801098
1.60512                  8.94                     0.11185682326621925      5.221860430295265E-13    5.177439634765386E-13    0.25                     5.0E10                   2700                     5972.380876445619        3448.155706718851        2502.294445801098
1.60512                  8.959999999999999        0.11160714285714285      5.223105274059535E-13    5.178357613509879E-13    0.25                     5.0E10                   2700                     5972.380876445619        3448.155706718851        2502.294445801098
1.60512                  8.98                     0.11135857461024498      5.22433888083872E-13     5.179267412510334E-13    0.25                     5.0E10                   2700                     5972.380876445619        3448.155706718851        2502.294445801098
1.60512                  9                        0.11111111111111112      5.225561385145427E-13    5.18016913223591E-13     0.25                     5.0E10                   2700                     5972.380876445619        3448.155706718851        2502.294445801098
1.60512                  9.02                     0.11086474501108647      5.226772919579476E-13    5.1810628717519E-13      0.25                     5.0E10                   2700                     5972.380876445619        3448.155706718851        2502.294445801098
1.60512                  9.04                     0.11061946902654868      5.227973615016754E-13    5.181948728779134E-13    0.25                     5.0E10                   2700                     5972.380876445619        3448.155706718851        2502.294445801098
1.60512                  9.06                     0.11037527593818983      5.229163600533168E-13    5.182826799717937E-13    0.25                     5.0E10                   2700                     5972.380876445619        3448.155706718851        2502.294445801098
1.60512                  9.08                     0.11013215859030838      5.230343003367872E-13    5.183697179596089E-13    0.25                     5.0E10                   2700                     5972.380876445619        3448.155706718851        2502.294445801098
1.60512                  9.1                      0.1098901098901099       5.231511949183699E-13    5.184559962197452E-13    0.25                     5.0E10                   2700                     5972.380876445619        3448.155706718851        2502.294445801098
1.60512                  9.12                     0.10964912280701757      5.232670561887712E-13    5.185415240030306E-13    0.25                     5.0E10                   2700                     5972.380876445619        3448.155706718851        2502.294445801098
1.60512                  9.14                     0.10940919037199125      5.233818963651679E-13    5.186263104283295E-13    0.25                     5.0E10                   2700                     5972.380876445619        3448.155706718851        2502.294445801098
1.60512                  9.16                     0.10917030567685589      5.234957275076232E-13    5.187103644921482E-13    0.25                     5.0E10                   2700                     5972.380876445619        3448.155706718851        2502.294445801098
1.60512                  9.18                     0.10893246187363835      5.236085615027063E-13    5.187936950649201E-13    0.25                     5.0E10                   2700                     5972.380876445619        3448.155706718851        2502.294445801098
1.60512                  9.2                      0.10869565217391305      5.237204100835136E-13    5.188763108979093E-13    0.25                     5.0E10                   2700                     5972.380876445619        3448.155706718851        2502.294445801098
1.60512                  9.22                     0.10845986984815618      5.238312848309675E-13    5.189582206273018E-13    0.25                     5.0E10                   2700                     5972.380876445619        3448.155706718851        2502.294445801098
1.60512                  9.24                     0.10822510822510822      5.239411971409931E-13    5.190394327519253E-13    0.25                     5.0E10                   2700                     5972.380876445619        3448.155706718851        2502.294445801098
1.60512                  9.26                     0.1079913606911447       5.240501582854399E-13    5.191199556745308E-13    0.25                     5.0E10                   2700                     5972.380876445619        3448.155706718851        2502.294445801098
1.60512                  9.28                     0.10775862068965518      5.241581793632256E-13    5.191997976680652E-13    0.25                     5.0E10                   2700                     5972.380876445619        3448.155706718851        2502.294445801098
1.60512                  9.3                      0.10752688172043011      5.242652713361407E-13    5.192789668991191E-13    0.25                     5.0E10                   2700                     5972.380876445619        3448.155706718851        2502.294445801098
1.60512                  9.32                     0.1072961373390558       5.24371445012112E-13     5.193574714234762E-13    0.25                     5.0E10                   2700                     5972.380876445619        3448.155706718851        2502.294445801098
1.60512                  9.34                     0.10706638115631692      5.244767110344545E-13    5.19435319167059E-13     0.25                     5.0E10                   2700                     5972.380876445619        3448.155706718851        2502.294445801098
1.60512                  9.36                     0.10683760683760683      5.245810799329466E-13    5.195125179705053E-13    0.25                     5.0E10                   2700                     5972.380876445619        3448.155706718851        2502.294445801098
1.60512                  9.379999999999999        0.10660980810234544      5.246845620706763E-13    5.195890755533005E-13    0.25                     5.0E10                   2700                     5972.380876445619        3448.155706718851        2502.294445801098
1.60512                  9.4                      0.10638297872340426      5.247871676781687E-13    5.196649995279671E-13    0.25                     5.0E10                   2700                     5972.380876445619        3448.155706718851        2502.294445801098
1.60512                  9.42                     0.10615711252653928      5.248889068564347E-13    5.197402974075866E-13    0.25                     5.0E10                   2700                     5972.380876445619        3448.155706718851        2502.294445801098
1.60512                  9.44                     0.1059322033898305       5.249897895525457E-13    5.198149766002095E-13    0.25                     5.0E10                   2700                     5972.380876445619        3448.155706718851        2502.294445801098
1.60512                  9.459999999999999        0.10570824524312897      5.25089825584073E-13     5.19889044402E-13        0.25                     5.0E10                   2700                     5972.380876445619        3448.155706718851        2502.294445801098
1.60512                  9.48                     0.10548523206751054      5.251890246255494E-13    5.199625080136915E-13    0.25                     5.0E10                   2700                     5972.380876445619        3448.155706718851        2502.294445801098
1.60512                  9.5                      0.10526315789473685      5.252873962509759E-13    5.20035374546549E-13     0.25                     5.0E10                   2700                     5972.380876445619        3448.155706718851        2502.294445801098
1.60512                  9.52                     0.10504201680672269      5.253849498749138E-13    5.201076510008549E-13    0.25                     5.0E10                   2700                     5972.380876445619        3448.155706718851        2502.294445801098
1.60512                  9.54                     0.10482180293501049      5.254816947888608E-13    5.201793442802587E-13    0.25                     5.0E10                   2700                     5972.380876445619        3448.155706718851        2502.294445801098
1.60512                  9.56                     0.10460251046025104      5.255776401676576E-13    5.202504612005109E-13    0.25                     5.0E10                   2700                     5972.380876445619        3448.155706718851        2502.294445801098
1.60512                  9.58                     0.10438413361169102      5.256727950573102E-13    5.203210084778625E-13    0.25                     5.0E10                   2700                     5972.380876445619        3448.155706718851        2502.294445801098
1.60512                  9.6                      0.10416666666666667      5.257671683793021E-13    5.203909927377742E-13    0.25                     5.0E10                   2700                     5972.380876445619        3448.155706718851        2502.294445801098
1.60512                  9.62                     0.10395010395010396      5.258607689335534E-13    5.204604205102506E-13    0.25                     5.0E10                   2700                     5972.380876445619        3448.155706718851        2502.294445801098
1.60512                  9.64                     0.10373443983402489      5.259536054058248E-13    5.205292982395582E-13    0.25                     5.0E10                   2700                     5972.380876445619        3448.155706718851        2502.294445801098
1.60512                  9.66                     0.10351966873706003      5.26045686360857E-13     5.205976322816792E-13    0.25                     5.0E10                   2700                     5972.380876445619        3448.155706718851        2502.294445801098
1.60512                  9.68                     0.10330578512396693      5.26137020237282E-13     5.206654288920202E-13    0.25                     5.0E10                   2700                     5972.380876445619        3448.155706718851        2502.294445801098
1.60512                  9.7                      0.10309278350515465      5.262276153874323E-13    5.20732694261961E-13     0.25                     5.0E10                   2700                     5972.380876445619        3448.155706718851        2502.294445801098
1.60512                  9.72                     0.102880658436214        5.263174800258523E-13    5.207994344797243E-13    0.25                     5.0E10                   2700                     5972.380876445619        3448.155706718851        2502.294445801098
1.60512                  9.74                     0.1026694045174538       5.264066222576165E-13    5.208656555506851E-13    0.25                     5.0E10                   2700                     5972.380876445619        3448.155706718851        2502.294445801098
1.60512                  9.76                     0.10245901639344263      5.264950501036423E-13    5.209313634145235E-13    0.25                     5.0E10                   2700                     5972.380876445619        3448.155706718851        2502.294445801098
1.60512                  9.78                     0.10224948875255623      5.265827714301532E-13    5.209965638974968E-13    0.25                     5.0E10                   2700                     5972.380876445619        3448.155706718851        2502.294445801098
1.60512                  9.8                      0.10204081632653059      5.266697940428245E-13    5.21061262775838E-13     0.25                     5.0E10                   2700                     5972.380876445619        3448.155706718851        2502.294445801098
1.60512                  9.82                     0.10183299389002037      5.267561256189003E-13    5.21125465730851E-13     0.25                     5.0E10                   2700                     5972.380876445619        3448.155706718851        2502.294445801098
1.60512                  9.84                     0.1016260162601626       5.268417737322117E-13    5.211891783639889E-13    0.25                     5.0E10                   2700                     5972.380876445619        3448.155706718851        2502.294445801098
1.60512                  9.86                     0.10141987829614604      5.26926745878442E-13     5.212524062176227E-13    0.25                     5.0E10                   2700                     5972.380876445619        3448.155706718851        2502.294445801098
1.60512                  9.879999999999999        0.10121457489878542      5.270110494156172E-13    5.213151547311085E-13    0.25                     5.0E10                   2700                     5972.380876445619        3448.155706718851        2502.294445801098
1.60512                  9.9                      0.101010101010101        5.270946916280436E-13    5.213774292892035E-13    0.25                     5.0E10                   2700                     5972.380876445619        3448.155706718851        2502.294445801098
1.60512                  9.92                     0.10080645161290322      5.27177679693399E-13     5.214392351918492E-13    0.25                     5.0E10                   2700                     5972.380876445619        3448.155706718851        2502.294445801098
1.60512                  9.94                     0.1006036217303823       5.272600207011779E-13    5.21500577676266E-13     0.25                     5.0E10                   2700                     5972.380876445619        3448.155706718851        2502.294445801098
1.60512                  9.959999999999999        0.10040160642570282      5.273417216386528E-13    5.215614618990659E-13    0.25                     5.0E10                   2700                     5972.380876445619        3448.155706718851        2502.294445801098
1.60512                  9.98                     0.1002004008016032       5.274227894014061E-13    5.216218929466994E-13    0.25                     5.0E10                   2700                     5972.380876445619        3448.155706718851        2502.294445801098
1.60512                  10                       0.1                      5.274670212406219E-13    5.216199111968001E-13    0.25                     5.0E10                   2700                     5972.380876445619        3448.155706718851        2502.294445801098
