0.781561                 0.1                      10                       5.331322086836359E-13    5.33133841007587E-13     0.25                     5.0E10                   2700                     4167.49591748117         2406.10488980442         2502.294445801098
0.781561                 0.12000000000000001      8.333333333333332        5.362994068412533E-13    5.36355488640852E-13     0.25                     5.0E10                   2700                     4167.49591748117         2406.10488980442         2502.294445801098
0.781561                 0.14                     7.1428571428571415       5.341204363902779E-13    5.339674544190267E-13    0.25                     5.0E10                   2700                     4167.49591748117         2406.10488980442         2502.294445801098
0.781561                 0.16                     6.249999999999999        5.330991122921759E-13    5.331878419527215E-13    0.25                     5.0E10                   2700                     4167.49591748117         2406.10488980442         2502.294445801098
0.781561                 0.18                     5.555555555555555        5.373624389688275E-13    5.372929718610039E-13    0.25                     5.0E10                   2700                     4167.49591748117         2406.10488980442         2502.294445801098
0.781561                 0.2                      5                        5.336961824973235E-13    5.330876007145481E-13    0.25                     5.0E10                   2700                     4167.49591748117         2406.10488980442         2502.294445801098
0.781561                 0.22                     4.545454545454546        5.374065870747698E-13    5.366208059302309E-13    0.25                     5.0E10                   2700                     4167.49591748117         2406.10488980442         2502.294445801098
0.781561                 0.24000000000000002      4.166666666666666        5.373359761099253E-13    5.360896378868326E-13    0.25                     5.0E10                   2700                     4167.49591748117         2406.10488980442         2502.294445801098
0.781561                 0.26                     3.846153846153846        5.361703226535083E-13    5.341900951816609E-13    0.25                     5.0E10                   2700                     4167.49591748117         2406.10488980442         2502.294445801098
0.781561                 0.28                     3.5714285714285707       5.384339266954112E-13    5.357789687042445E-13    0.25                     5.0E10                   2700                     4167.49591748117         2406.10488980442         2502.294445801098
0.781561                 0.30000000000000004      3.3333333333333326       5.376491516170399E-13    5.340422126184071E-13    0.25                     5.0E10                   2700                     4167.49591748117         2406.10488980442         2502.294445801098
0.781561                 0.32                     3.1249999999999996       5.342513196881669E-13    5.300207436604994E-13    0.25                     5.0E10                   2700                     4167.49591748117         2406.10488980442         2502.294445801098
0.781561                 0.33999999999999997      2.9411764705882355       5.365651642295048E-13    5.324500056788436E-13    0.25                     5.0E10                   2700                     4167.49591748117         2406.10488980442         2502.294445801098
0.781561                 0.36                     2.7777777777777777       5.330047480636157E-13    5.291362732000211E-13    0.25                     5.0E10                   2700                     4167.49591748117         2406.10488980442         2502.294445801098
0.781561                 0.38                     2.6315789473684212       5.284116963672948E-13    5.238525008573596E-13    0.25                     5.0E10                   2700                     4167.49591748117         2406.10488980442         2502.294445801098
0.781561                 0.4                      2.5                      5.263772385499104E-13    5.230900354128639E-13    0.25                     5.0E10                   2700                     4167.49591748117         2406.10488980442         2502.294445801098
0.781561                 0.42000000000000004      2.3809523809523805       5.238700874375356E-13    5.212354915069245E-13    0.25                     5.0E10                   2700                     4167.49591748117         2406.10488980442         2502.294445801098
0.781561                 0.44000000000000006      2.272727272727273        5.186855946929252E-13    5.182437283943389E-13    0.25                     5.0E10                   2700                     4167.49591748117         2406.10488980442         2502.294445801098
0.781561                 0.45999999999999996      2.173913043478261        5.197133082914617E-13    5.207820057520815E-13    0.25                     5.0E10                   2700                     4167.49591748117         2406.10488980442         2502.294445801098
0.781561                 0.48                     2.0833333333333335       5.12439226441672E-13     5.157499456696834E-13    0.25                     5.0E10                   2700                     4167.49591748117         2406.10488980442         2502.294445801098
0.781561                 0.5                      2                        5.059581646321888E-13    5.109259883037816E-13    0.25                     5.0E10                   2700                     4167.49591748117         2406.10488980442         2502.294445801098
0.781561                 0.52                     1.923076923076923        5.068733323141902E-13    5.135250068522064E-13    0.25                     5.0E10                   2700                     4167.49591748117         2406.10488980442         2502.294445801098
0.781561                 0.54                     1.8518518518518516       4.976153066641454E-13    5.060125109570462E-13    0.25                     5.0E10                   2700                     4167.49591748117         2406.10488980442         2502.294445801098
0.781561                 0.56                     1.7857142857142854       5.007563047415665E-13    5.110870133400064E-13    0.25                     5.0E10                   2700                     4167.49591748117         2406.10488980442         2502.294445801098
0.781561                 0.58                     1.7241379310344829       4.928278675508308E-13    5.059244350970603E-13    0.25                     5.0E10                   2700                     4167.49591748117         2406.10488980442         2502.294445801098
0.781561                 0.6                      1.6666666666666667       4.834315231416326E-13    4.994942892730713E-13    0.25                     5.0E10                   2700                     4167.49591748117         2406.10488980442         2502.294445801098
0.781561                 0.62                     1.6129032258064515       4.805362487804589E-13    4.988580759431376E-13    0.25                     5.0E10                   2700                     4167.49591748117         2406.10488980442         2502.294445801098
0.781561                 0.64                     1.5624999999999998       4.880792327666296E-13    5.090866057461227E-13    0.25                     5.0E10                   2700                     4167.49591748117         2406.10488980442         2502.294445801098
0.781561                 0.66                     1.515151515151515        4.799914086835219E-13    5.03546285643458E-13     0.25                     5.0E10                   2700                     4167.49591748117         2406.10488980442         2502.294445801098
0.781561                 0.6799999999999999       1.4705882352941178       4.701186338173326E-13    4.967267104825608E-13    0.25                     5.0E10                   2700                     4167.49591748117         2406.10488980442         2502.294445801098
0.781561                 0.7                      1.4285714285714286       4.680956413993068E-13    4.985722219694034E-13    0.25                     5.0E10                   2700                     4167.49591748117         2406.10488980442         2502.294445801098
0.781561                 0.72                     1.3888888888888888       4.654499259583203E-13    4.99471429877842E-13     0.25                     5.0E10                   2700                     4167.49591748117         2406.10488980442         2502.294445801098
0.781561                 0.74                     1.3513513513513513       4.625168452582924E-13    4.994486241325894E-13    0.25                     5.0E10                   2700                     4167.49591748117         2406.10488980442         2502.294445801098
0.781561                 0.76                     1.3157894736842106       4.58396196628093E-13     4.970977500949848E-13    0.25                     5.0E10                   2700                     4167.49591748117         2406.10488980442         2502.294445801098
0.781561                 0.78                     1.2820512820512822       4.517350149002341E-13    4.910293597068366E-13    0.25                     5.0E10                   2700                     4167.49591748117         2406.10488980442         2502.294445801098
0.781561                 0.8                      1.25                     4.493874901881428E-13    4.894360607026771E-13    0.25                     5.0E10                   2700                     4167.49591748117         2406.10488980442         2502.294445801098
0.781561                 0.82                     1.2195121951219514       4.553593801929999E-13    4.974807844274227E-13    0.25                     5.0E10                   2700                     4167.49591748117         2406.10488980442         2502.294445801098
0.781561                 0.84                     1.1904761904761905       4.625803322232708E-13    5.079329721869214E-13    0.25                     5.0E10                   2700                     4167.49591748117         2406.10488980442         2502.294445801098
0.781561                 0.86                     1.1627906976744187       4.629692185521459E-13    5.111394810190997E-13    0.25                     5.0E10                   2700                     4167.49591748117         2406.10488980442         2502.294445801098
0.781561                 0.88                     1.1363636363636365       4.559883464187079E-13    5.058678217076415E-13    0.25                     5.0E10                   2700                     4167.49591748117         2406.10488980442         2502.294445801098
0.781561                 0.9                      1.1111111111111112       4.4775435481859417E-13   4.984304980210806E-13    0.25                     5.0E10                   2700                     4167.49591748117         2406.10488980442         2502.294445801098
0.781561                 0.92                     1.0869565217391304       4.427017079818219E-13    4.937549205237406E-13    0.25                     5.0E10                   2700                     4167.49591748117         2406.10488980442         2502.294445801098
0.781561                 0.94                     1.0638297872340425       4.413148821758837E-13    4.927230632071461E-13    0.25                     5.0E10                   2700                     4167.49591748117         2406.10488980442         2502.294445801098
0.781561                 0.96                     1.0416666666666667       4.4212300257770204E-13   4.940165245164029E-13    0.25                     5.0E10                   2700                     4167.49591748117         2406.10488980442         2502.294445801098
0.781561                 0.98                     1.0204081632653061       4.439337078810469E-13    4.964802396654128E-13    0.25                     5.0E10                   2700                     4167.49591748117         2406.10488980442         2502.294445801098
0.781561                 1                        1                        4.460600238461803E-13    4.993885200734759E-13    0.25                     5.0E10                   2700                     4167.49591748117         2406.10488980442         2502.294445801098
0.781561                 1.02                     0.9803921568627452       4.4821021971794464E-13   5.026927817137031E-13    0.25                     5.0E10                   2700                     4167.49591748117         2406.10488980442         2502.294445801098
0.781561                 1.04                     0.9615384615384615       4.493051714632662E-13    5.051013731932287E-13    0.25                     5.0E10                   2700                     4167.49591748117         2406.10488980442         2502.294445801098
0.781561                 1.06                     0.9433962264150944       4.485129436654449E-13    5.056099465133808E-13    0.25                     5.0E10                   2700                     4167.49591748117         2406.10488980442         2502.294445801098
0.781561                 1.08                     0.9259259259259258       4.4587483075233187E-13   5.041121622404082E-13    0.25                     5.0E10                   2700                     4167.49591748117         2406.10488980442         2502.294445801098
0.781561                 1.1                      0.909090909090909        4.4253648586668154E-13   5.017152676329672E-13    0.25                     5.0E10                   2700                     4167.49591748117         2406.10488980442         2502.294445801098
0.781561                 1.12                     0.8928571428571427       4.400854301536029E-13    5.001758688884367E-13    0.25                     5.0E10                   2700                     4167.49591748117         2406.10488980442         2502.294445801098
0.781561                 1.1400000000000001       0.8771929824561403       4.4023565034152594E-13   5.011008421615307E-13    0.25                     5.0E10                   2700                     4167.49591748117         2406.10488980442         2502.294445801098
0.781561                 1.1600000000000001       0.8620689655172412       4.4347692953052E-13      5.051591859959682E-13    0.25                     5.0E10                   2700                     4167.49591748117         2406.10488980442         2502.294445801098
0.781561                 1.1800000000000002       0.8474576271186439       4.494380187096941E-13    5.119619223420862E-13    0.25                     5.0E10                   2700                     4167.49591748117         2406.10488980442         2502.294445801098
0.781561                 1.2000000000000002       0.8333333333333331       4.569390430559197E-13    5.202226341082468E-13    0.25                     5.0E10                   2700                     4167.49591748117         2406.10488980442         2502.294445801098
0.781561                 1.2200000000000002       0.8196721311475409       4.643745707279137E-13    5.281764759224888E-13    0.25                     5.0E10                   2700                     4167.49591748117         2406.10488980442         2502.294445801098
0.781561                 1.2400000000000002       0.8064516129032256       4.702089941366055E-13    5.341331091183122E-13    0.25                     5.0E10                   2700                     4167.49591748117         2406.10488980442         2502.294445801098
0.781561                 1.26                     0.7936507936507936       4.73371237526526E-13     5.369421903884421E-13    0.25                     5.0E10                   2700                     4167.49591748117         2406.10488980442         2502.294445801098
0.781561                 1.28                     0.7812499999999999       4.737086580924124E-13    5.364267996314546E-13    0.25                     5.0E10                   2700                     4167.49591748117         2406.10488980442         2502.294445801098
0.781561                 1.3                      0.7692307692307692       4.716610439770923E-13    5.331106856111097E-13    0.25                     5.0E10                   2700                     4167.49591748117         2406.10488980442         2502.294445801098
0.781561                 1.32                     0.7575757575757575       4.680748830610019E-13    5.279597178603799E-13    0.25                     5.0E10                   2700                     4167.49591748117         2406.10488980442         2502.294445801098
0.781561                 1.34                     0.7462686567164178       4.638865228001156E-13    5.220339622309006E-13    0.25                     5.0E10                   2700                     4167.49591748117         2406.10488980442         2502.294445801098
0.781561                 1.36                     0.7352941176470588       4.598971092216596E-13    5.162353416284084E-13    0.25                     5.0E10                   2700                     4167.49591748117         2406.10488980442         2502.294445801098
0.781561                 1.3800000000000001       0.7246376811594203       4.566747551221632E-13    5.111991118286373E-13    0.25                     5.0E10                   2700                     4167.49591748117         2406.10488980442         2502.294445801098
0.781561                 1.4000000000000001       0.7142857142857142       4.5455318942333153E-13   5.072941584769688E-13    0.25                     5.0E10                   2700                     4167.49591748117         2406.10488980442         2502.294445801098
0.781561                 1.4200000000000002       0.704225352112676        4.53681164149867E-13     5.046800990599881E-13    0.25                     5.0E10                   2700                     4167.49591748117         2406.10488980442         2502.294445801098
0.781561                 1.4400000000000002       0.6944444444444444       4.5409455656834553E-13   5.033740644192319E-13    0.25                     5.0E10                   2700                     4167.49591748117         2406.10488980442         2502.294445801098
0.781561                 1.4600000000000002       0.6849315068493149       4.55739234001527E-13     5.033303014852294E-13    0.25                     5.0E10                   2700                     4167.49591748117         2406.10488980442         2502.294445801098
0.781561                 1.4800000000000002       0.6756756756756755       4.585354828809982E-13    5.044485009133813E-13    0.25                     5.0E10                   2700                     4167.49591748117         2406.10488980442         2502.294445801098
0.781561                 1.5000000000000002       0.6666666666666665       4.623918953861953E-13    5.066222895448512E-13    0.25                     5.0E10                   2700                     4167.49591748117         2406.10488980442         2502.294445801098
0.781561                 1.52                     0.6578947368421053       4.672126311200557E-13    5.097422692736745E-13    0.25                     5.0E10                   2700                     4167.49591748117         2406.10488980442         2502.294445801098
0.781561                 1.54                     0.6493506493506493       4.72895867008772E-13     5.136946296199405E-13    0.25                     5.0E10                   2700                     4167.49591748117         2406.10488980442         2502.294445801098
0.781561                 1.56                     0.6410256410256411       4.793276301715031E-13    5.183547018600995E-13    0.25                     5.0E10                   2700                     4167.49591748117         2406.10488980442         2502.294445801098
0.781561                 1.58                     0.6329113924050632       4.863747121931907E-13    5.235795637696715E-13    0.25                     5.0E10                   2700                     4167.49591748117         2406.10488980442         2502.294445801098
0.781561                 1.6                      0.625                    4.938794394375746E-13    5.292027358011344E-13    0.25                     5.0E10                   2700                     4167.49591748117         2406.10488980442         2502.294445801098
0.781561                 1.62                     0.6172839506172839       5.016591111329513E-13    5.35033917350752E-13     0.25                     5.0E10                   2700                     4167.49591748117         2406.10488980442         2502.294445801098
0.781561                 1.6400000000000001       0.6097560975609756       5.095090219138944E-13    5.408625411303571E-13    0.25                     5.0E10                   2700                     4167.49591748117         2406.10488980442         2502.294445801098
0.781561                 1.6600000000000001       0.6024096385542168       5.172119123594984E-13    5.464679994274238E-13    0.25                     5.0E10                   2700                     4167.49591748117         2406.10488980442         2502.294445801098
0.781561                 1.6800000000000002       0.5952380952380951       5.246966242527311E-13    5.518137787239263E-13    0.25                     5.0E10                   2700                     4167.49591748117         2406.10488980442         2502.294445801098
0.781561                 1.7000000000000002       0.588235294117647        5.314687668238264E-13    5.563377530606992E-13    0.25                     5.0E10                   2700                     4167.49591748117         2406.10488980442         2502.294445801098
0.781561                 1.7200000000000002       0.5813953488372092       5.3750623792516E-13      5.600618540440336E-13    0.25                     5.0E10                   2700                     4167.49591748117         2406.10488980442         2502.294445801098
0.781561                 1.7400000000000002       0.5747126436781609       5.426844446933839E-13    5.62872632760075E-13     0.25                     5.0E10                   2700                     4167.49591748117         2406.10488980442         2502.294445801098
0.781561                 1.7600000000000002       0.5681818181818182       5.469337713702486E-13    5.647145755728428E-13    0.25                     5.0E10                   2700                     4167.49591748117         2406.10488980442         2502.294445801098
0.781561                 1.78                     0.5617977528089887       5.502436211002697E-13    5.655926446383446E-13    0.25                     5.0E10                   2700                     4167.49591748117         2406.10488980442         2502.294445801098
0.781561                 1.8                      0.5555555555555556       5.526588584221704E-13    5.655681917915986E-13    0.25                     5.0E10                   2700                     4167.49591748117         2406.10488980442         2502.294445801098
0.781561                 1.82                     0.5494505494505494       5.542723420964704E-13    5.647498842074109E-13    0.25                     5.0E10                   2700                     4167.49591748117         2406.10488980442         2502.294445801098
0.781561                 1.84                     0.5434782608695652       5.552130581122858E-13    5.632809739005547E-13    0.25                     5.0E10                   2700                     4167.49591748117         2406.10488980442         2502.294445801098
0.781561                 1.86                     0.5376344086021505       5.556326936089164E-13    5.613251932356738E-13    0.25                     5.0E10                   2700                     4167.49591748117         2406.10488980442         2502.294445801098
0.781561                 1.8800000000000001       0.5319148936170213       5.556923859908895E-13    5.590531542766425E-13    0.25                     5.0E10                   2700                     4167.49591748117         2406.10488980442         2502.294445801098
0.781561                 1.9000000000000001       0.5263157894736842       5.555510775342047E-13    5.566306586017939E-13    0.25                     5.0E10                   2700                     4167.49591748117         2406.10488980442         2502.294445801098
0.781561                 1.9200000000000002       0.5208333333333333       5.553563195213264E-13    5.542096991843585E-13    0.25                     5.0E10                   2700                     4167.49591748117         2406.10488980442         2502.294445801098
0.781561                 1.9400000000000002       0.5154639175257731       5.552378108305405E-13    5.519223599941123E-13    0.25                     5.0E10                   2700                     4167.49591748117         2406.10488980442         2502.294445801098
0.781561                 1.9600000000000002       0.5102040816326531       5.553033935399856E-13    5.49877374093489E-13     0.25                     5.0E10                   2700                     4167.49591748117         2406.10488980442         2502.294445801098
0.781561                 1.9800000000000002       0.505050505050505        5.556379223384428E-13    5.481589931358897E-13    0.25                     5.0E10                   2700                     4167.49591748117         2406.10488980442         2502.294445801098
0.781561                 2                        0.5                      5.563155585011609E-13    5.468347032691122E-13    0.25                     5.0E10                   2700                     4167.49591748117         2406.10488980442         2502.294445801098
0.781561                 2.02                     0.4950495049504951       5.573491797025262E-13    5.459273038179071E-13    0.25                     5.0E10                   2700                     4167.49591748117         2406.10488980442         2502.294445801098
0.781561                 2.04                     0.4901960784313726       5.587705736576191E-13    5.454615525590122E-13    0.25                     5.0E10                   2700                     4167.49591748117         2406.10488980442         2502.294445801098
0.781561                 2.06                     0.48543689320388345      5.605805840939928E-13    5.454371090376407E-13    0.25                     5.0E10                   2700                     4167.49591748117         2406.10488980442         2502.294445801098
0.781561                 2.08                     0.4807692307692307       5.627646941349959E-13    5.458386520210766E-13    0.25                     5.0E10                   2700                     4167.49591748117         2406.10488980442         2502.294445801098
0.781561                 2.1                      0.47619047619047616      5.652955820218896E-13    5.466385271469392E-13    0.25                     5.0E10                   2700                     4167.49591748117         2406.10488980442         2502.294445801098
0.781561                 2.12                     0.4716981132075472       5.681356039279751E-13    5.477992636549712E-13    0.25                     5.0E10                   2700                     4167.49591748117         2406.10488980442         2502.294445801098
0.781561                 2.14                     0.46728971962616817      5.71239154034194E-13     5.492759201084347E-13    0.25                     5.0E10                   2700                     4167.49591748117         2406.10488980442         2502.294445801098
0.781561                 2.16                     0.4629629629629629       5.74554878335397E-13     5.510182452949172E-13    0.25                     5.0E10                   2700                     4167.49591748117         2406.10488980442         2502.294445801098
0.781561                 2.18                     0.4587155963302752       5.780277319372506E-13    5.529726534231628E-13    0.25                     5.0E10                   2700                     4167.49591748117         2406.10488980442         2502.294445801098
0.781561                 2.2                      0.4545454545454545       5.816008877264906E-13    5.550840381241587E-13    0.25                     5.0E10                   2700                     4167.49591748117         2406.10488980442         2502.294445801098
0.781561                 2.22                     0.45045045045045035      5.852174123049376E-13    5.572973001178796E-13    0.25                     5.0E10                   2700                     4167.49591748117         2406.10488980442         2502.294445801098
0.781561                 2.24                     0.44642857142857134      5.888218833424462E-13    5.595589000815195E-13    0.25                     5.0E10                   2700                     4167.49591748117         2406.10488980442         2502.294445801098
0.781561                 2.2600000000000002       0.44247787610619466      5.923617066592169E-13    5.618180199693781E-13    0.25                     5.0E10                   2700                     4167.49591748117         2406.10488980442         2502.294445801098
0.781561                 2.2800000000000002       0.43859649122807015      5.95788280147409E-13     5.640276291830927E-13    0.25                     5.0E10                   2700                     4167.49591748117         2406.10488980442         2502.294445801098
0.781561                 2.3000000000000003       0.43478260869565216      5.990579328089624E-13    5.661453287571297E-13    0.25                     5.0E10                   2700                     4167.49591748117         2406.10488980442         2502.294445801098
0.781561                 2.3200000000000003       0.4310344827586206       6.021326390701282E-13    5.681339880166815E-13    0.25                     5.0E10                   2700                     4167.49591748117         2406.10488980442         2502.294445801098
0.781561                 2.3400000000000003       0.4273504273504273       6.049805050083787E-13    5.699621729380867E-13    0.25                     5.0E10                   2700                     4167.49591748117         2406.10488980442         2502.294445801098
0.781561                 2.3600000000000003       0.42372881355932196      6.07576030275595E-13     5.716043711959631E-13    0.25                     5.0E10                   2700                     4167.49591748117         2406.10488980442         2502.294445801098
0.781561                 2.3800000000000003       0.4201680672268907       6.099001570710418E-13    5.730410252993116E-13    0.25                     5.0E10                   2700                     4167.49591748117         2406.10488980442         2502.294445801098
0.781561                 2.4000000000000004       0.4166666666666666       6.119401250930115E-13    5.742583915503538E-13    0.25                     5.0E10                   2700                     4167.49591748117         2406.10488980442         2502.294445801098
0.781561                 2.42                     0.4132231404958677       6.136891576798847E-13    5.752482479757029E-13    0.25                     5.0E10                   2700                     4167.49591748117         2406.10488980442         2502.294445801098
0.781561                 2.44                     0.4098360655737705       6.151460092215483E-13    5.76007478468811E-13     0.25                     5.0E10                   2700                     4167.49591748117         2406.10488980442         2502.294445801098
0.781561                 2.46                     0.4065040650406504       6.163144066351106E-13    5.765375626981221E-13    0.25                     5.0E10                   2700                     4167.49591748117         2406.10488980442         2502.294445801098
0.781561                 2.48                     0.4032258064516129       6.172024184537176E-13    5.76844001882724E-13     0.25                     5.0E10                   2700                     4167.49591748117         2406.10488980442         2502.294445801098
0.781561                 2.5                      0.4                      6.178920186250363E-13    5.769304792041388E-13    0.25                     5.0E10                   2700                     4167.49591748117         2406.10488980442         2502.294445801098
0.781561                 2.52                     0.3968253968253968       6.18253966480983E-13     5.768150278537268E-13    0.25                     5.0E10                   2700                     4167.49591748117         2406.10488980442         2502.294445801098
0.781561                 2.54                     0.39370078740157477      6.183792601505218E-13    5.765110312995082E-13    0.25                     5.0E10                   2700                     4167.49591748117         2406.10488980442         2502.294445801098
0.781561                 2.56                     0.39062499999999994      6.182866011906252E-13    5.760338409019343E-13    0.25                     5.0E10                   2700                     4167.49591748117         2406.10488980442         2502.294445801098
0.781561                 2.58                     0.38759689922480617      6.179957751996389E-13    5.753999891051881E-13    0.25                     5.0E10                   2700                     4167.49591748117         2406.10488980442         2502.294445801098
0.781561                 2.6                      0.3846153846153846       6.175271760767585E-13    5.746266414602369E-13    0.25                     5.0E10                   2700                     4167.49591748117         2406.10488980442         2502.294445801098
0.781561                 2.62                     0.3816793893129771       6.169013553634265E-13    5.737311879952053E-13    0.25                     5.0E10                   2700                     4167.49591748117         2406.10488980442         2502.294445801098
0.781561                 2.64                     0.37878787878787873      6.161386407927438E-13    5.727308968003451E-13    0.25                     5.0E10                   2700                     4167.49591748117         2406.10488980442         2502.294445801098
0.781561                 2.66                     0.37593984962406013      6.152588232248445E-13    5.716426290436346E-13    0.25                     5.0E10                   2700                     4167.49591748117         2406.10488980442         2502.294445801098
0.781561                 2.68                     0.3731343283582089       6.142809086334594E-13    5.70482612427514E-13     0.25                     5.0E10                   2700                     4167.49591748117         2406.10488980442         2502.294445801098
0.781561                 2.7                      0.37037037037037035      6.132229300406463E-13    5.692662684969433E-13    0.25                     5.0E10                   2700                     4167.49591748117         2406.10488980442         2502.294445801098
0.781561                 2.72                     0.3676470588235294       6.121018131288375E-13    5.68008088187772E-13     0.25                     5.0E10                   2700                     4167.49591748117         2406.10488980442         2502.294445801098
0.781561                 2.74                     0.36496350364963503      6.109332887066093E-13    5.667215494992469E-13    0.25                     5.0E10                   2700                     4167.49591748117         2406.10488980442         2502.294445801098
0.781561                 2.7600000000000002       0.36231884057971014      6.097318449831707E-13    5.654190709900371E-13    0.25                     5.0E10                   2700                     4167.49591748117         2406.10488980442         2502.294445801098
0.781561                 2.7800000000000002       0.35971223021582727      6.08510712861865E-13     5.641119950112538E-13    0.25                     5.0E10                   2700                     4167.49591748117         2406.10488980442         2502.294445801098
0.781561                 2.8000000000000003       0.3571428571428571       6.072818778249942E-13    5.628105949328631E-13    0.25                     5.0E10                   2700                     4167.49591748117         2406.10488980442         2502.294445801098
0.781561                 2.8200000000000003       0.35460992907801414      6.060561126033419E-13    5.615241011465768E-13    0.25                     5.0E10                   2700                     4167.49591748117         2406.10488980442         2502.294445801098
0.781561                 2.8400000000000003       0.352112676056338        6.048430254582463E-13    5.602607412343695E-13    0.25                     5.0E10                   2700                     4167.49591748117         2406.10488980442         2502.294445801098
0.781561                 2.8600000000000003       0.3496503496503496       6.036511196295763E-13    5.590277902983455E-13    0.25                     5.0E10                   2700                     4167.49591748117         2406.10488980442         2502.294445801098
0.781561                 2.8800000000000003       0.3472222222222222       6.024878601900689E-13    5.578316280862452E-13    0.25                     5.0E10                   2700                     4167.49591748117         2406.10488980442         2502.294445801098
0.781561                 2.9000000000000004       0.3448275862068965       6.013597451811974E-13    5.566778001153027E-13    0.25                     5.0E10                   2700                     4167.49591748117         2406.10488980442         2502.294445801098
0.781561                 2.92                     0.34246575342465757      6.002724251383557E-13    5.555710760717734E-13    0.25                     5.0E10                   2700                     4167.49591748117         2406.10488980442         2502.294445801098
0.781561                 2.94                     0.3401360544217687       5.992305902172224E-13    5.545155336783639E-13    0.25                     5.0E10                   2700                     4167.49591748117         2406.10488980442         2502.294445801098
0.781561                 2.96                     0.33783783783783783      5.982383184318998E-13    5.535145837627315E-13    0.25                     5.0E10                   2700                     4167.49591748117         2406.10488980442         2502.294445801098
0.781561                 2.98                     0.3355704697986577       5.972989599167629E-13    5.525710569380197E-13    0.25                     5.0E10                   2700                     4167.49591748117         2406.10488980442         2502.294445801098
0.781561                 3                        0.3333333333333333       5.964152474106049E-13    5.516872518636475E-13    0.25                     5.0E10                   2700                     4167.49591748117         2406.10488980442         2502.294445801098
0.781561                 3.02                     0.33112582781456956      5.955893568583692E-13    5.508649877131158E-13    0.25                     5.0E10                   2700                     4167.49591748117         2406.10488980442         2502.294445801098
0.781561                 3.04                     0.32894736842105265      5.948229636808473E-13    5.501056528541164E-13    0.25                     5.0E10                   2700                     4167.49591748117         2406.10488980442         2502.294445801098
0.781561                 3.06                     0.32679738562091504      5.941172945821091E-13    5.494102496278058E-13    0.25                     5.0E10                   2700                     4167.49591748117         2406.10488980442         2502.294445801098
0.781561                 3.08                     0.3246753246753247       5.93473174928403E-13     5.487794352477417E-13    0.25                     5.0E10                   2700                     4167.49591748117         2406.10488980442         2502.294445801098
0.781561                 3.1                      0.32258064516129037      5.928910718420266E-13    5.482135589324009E-13    0.25                     5.0E10                   2700                     4167.49591748117         2406.10488980442         2502.294445801098
0.781561                 3.12                     0.32051282051282054      5.923711331645579E-13    5.477126954193857E-13    0.25                     5.0E10                   2700                     4167.49591748117         2406.10488980442         2502.294445801098
0.781561                 3.14                     0.3184713375796178       5.919132225690229E-13    5.472766750934012E-13    0.25                     5.0E10                   2700                     4167.49591748117         2406.10488980442         2502.294445801098
0.781561                 3.16                     0.3164556962025316       5.915169510791822E-13    5.469051109554142E-13    0.25                     5.0E10                   2700                     4167.49591748117         2406.10488980442         2502.294445801098
0.781561                 3.18                     0.31446540880503143      5.911817052864319E-13    5.465974226972043E-13    0.25                     5.0E10                   2700                     4167.49591748117         2406.10488980442         2502.294445801098
0.781561                 3.2                      0.3125                   5.909066725469465E-13    5.463528581225053E-13    0.25                     5.0E10                   2700                     4167.49591748117         2406.10488980442         2502.294445801098
0.781561                 3.22                     0.31055900621118004      5.906908634663274E-13    5.46170512192261E-13     0.25                     5.0E10                   2700                     4167.49591748117         2406.10488980442         2502.294445801098
0.781561                 3.24                     0.30864197530864196      5.905331319296752E-13    5.460493439222002E-13    0.25                     5.0E10                   2700                     4167.49591748117         2406.10488980442         2502.294445801098
0.781561                 3.2600000000000002       0.3067484662576687       5.90432192960381E-13     5.459881913693682E-13    0.25                     5.0E10                   2700                     4167.49591748117         2406.10488980442         2502.294445801098
0.781561                 3.2800000000000002       0.3048780487804878       5.903866386301261E-13    5.459857849383258E-13    0.25                     5.0E10                   2700                     4167.49591748117         2406.10488980442         2502.294445801098
0.781561                 3.3000000000000003       0.30303030303030304      5.903949522740048E-13    5.46040759201232E-13     0.25                     5.0E10                   2700                     4167.49591748117         2406.10488980442         2502.294445801098
0.781561                 3.3200000000000003       0.3012048192771084       5.904555211985404E-13    5.461516634062729E-13    0.25                     5.0E10                   2700                     4167.49591748117         2406.10488980442         2502.294445801098
0.781561                 3.3400000000000003       0.29940119760479045      5.905903325934874E-13    5.463402690864125E-13    0.25                     5.0E10                   2700                     4167.49591748117         2406.10488980442         2502.294445801098
0.781561                 3.3600000000000003       0.29761904761904756      5.907501486387367E-13    5.465580207688954E-13    0.25                     5.0E10                   2700                     4167.49591748117         2406.10488980442         2502.294445801098
0.781561                 3.3800000000000003       0.29585798816568043      5.90956811971157E-13     5.468268240246431E-13    0.25                     5.0E10                   2700                     4167.49591748117         2406.10488980442         2502.294445801098
0.781561                 3.4000000000000004       0.2941176470588235       5.912084351595546E-13    5.471449774756296E-13    0.25                     5.0E10                   2700                     4167.49591748117         2406.10488980442         2502.294445801098
0.781561                 3.4200000000000004       0.29239766081871343      5.915030821892885E-13    5.475107332275785E-13    0.25                     5.0E10                   2700                     4167.49591748117         2406.10488980442         2502.294445801098
0.781561                 3.44                     0.29069767441860467      5.918387754346682E-13    5.479223024761734E-13    0.25                     5.0E10                   2700                     4167.49591748117         2406.10488980442         2502.294445801098
0.781561                 3.46                     0.2890173410404624       5.922135020726959E-13    5.483778606816117E-13    0.25                     5.0E10                   2700                     4167.49591748117         2406.10488980442         2502.294445801098
0.781561                 3.48                     0.28735632183908044      5.926252200801267E-13    5.488755523839762E-13    0.25                     5.0E10                   2700                     4167.49591748117         2406.10488980442         2502.294445801098
0.781561                 3.5                      0.2857142857142857       5.930718638046985E-13    5.494134956985003E-13    0.25                     5.0E10                   2700                     4167.49591748117         2406.10488980442         2502.294445801098
0.781561                 3.52                     0.2840909090909091       5.935514432380375E-13    5.499898483212085E-13    0.25                     5.0E10                   2700                     4167.49591748117         2406.10488980442         2502.294445801098
0.781561                 3.54                     0.2824858757062147       5.940616715491881E-13    5.506025618369046E-13    0.25                     5.0E10                   2700                     4167.49591748117         2406.10488980442         2502.294445801098
0.781561                 3.56                     0.28089887640449435      5.946005381908566E-13    5.512497642848255E-13    0.25                     5.0E10                   2700                     4167.49591748117         2406.10488980442         2502.294445801098
0.781561                 3.58                     0.2793296089385475       5.951659329869447E-13    5.519295085969988E-13    0.25                     5.0E10                   2700                     4167.49591748117         2406.10488980442         2502.294445801098
0.781561                 3.6                      0.2777777777777778       5.957557459586024E-13    5.526398406966573E-13    0.25                     5.0E10                   2700                     4167.49591748117         2406.10488980442         2502.294445801098
0.781561                 3.62                     0.27624309392265195      5.963678714796418E-13    5.533788029602773E-13    0.25                     5.0E10                   2700                     4167.49591748117         2406.10488980442         2502.294445801098
0.781561                 3.64                     0.2747252747252747       5.970002122995799E-13    5.541444375937843E-13    0.25                     5.0E10                   2700                     4167.49591748117         2406.10488980442         2502.294445801098
0.781561                 3.66                     0.27322404371584696      5.976506834300463E-13    5.54934789940282E-13     0.25                     5.0E10                   2700                     4167.49591748117         2406.10488980442         2502.294445801098
0.781561                 3.68                     0.2717391304347826       5.983172158948955E-13    5.557479116919671E-13    0.25                     5.0E10                   2700                     4167.49591748117         2406.10488980442         2502.294445801098
0.781561                 3.7                      0.2702702702702703       5.989977603591517E-13    5.565818640381931E-13    0.25                     5.0E10                   2700                     4167.49591748117         2406.10488980442         2502.294445801098
0.781561                 3.72                     0.26881720430107525      5.99690290649827E-13     5.574347207546677E-13    0.25                     5.0E10                   2700                     4167.49591748117         2406.10488980442         2502.294445801098
0.781561                 3.74                     0.267379679144385        6.003928071393124E-13    5.583045712185776E-13    0.25                     5.0E10                   2700                     4167.49591748117         2406.10488980442         2502.294445801098
0.781561                 3.7600000000000002       0.26595744680851063      6.011033400559932E-13    5.591895233568121E-13    0.25                     5.0E10                   2700                     4167.49591748117         2406.10488980442         2502.294445801098
0.781561                 3.7800000000000002       0.26455026455026454      6.018199525780366E-13    5.600877065158852E-13    0.25                     5.0E10                   2700                     4167.49591748117         2406.10488980442         2502.294445801098
0.781561                 3.8000000000000003       0.2631578947368421       6.025407439260233E-13    5.609972742682401E-13    0.25                     5.0E10                   2700                     4167.49591748117         2406.10488980442         2502.294445801098
0.781561                 3.8200000000000003       0.26178010471204183      6.03263852242166E-13     5.619164071380843E-13    0.25                     5.0E10                   2700                     4167.49591748117         2406.10488980442         2502.294445801098
0.781561                 3.8400000000000003       0.26041666666666663      6.039874573695702E-13    5.628433152322432E-13    0.25                     5.0E10                   2700                     4167.49591748117         2406.10488980442         2502.294445801098
0.781561                 3.8600000000000003       0.25906735751295334      6.047097834856367E-13    5.637762407890932E-13    0.25                     5.0E10                   2700                     4167.49591748117         2406.10488980442         2502.294445801098
0.781561                 3.8800000000000003       0.25773195876288657      6.054291016021241E-13    5.647134606332094E-13    0.25                     5.0E10                   2700                     4167.49591748117         2406.10488980442         2502.294445801098
0.781561                 3.9000000000000004       0.2564102564102564       6.061437319131225E-13    5.656532885184512E-13    0.25                     5.0E10                   2700                     4167.49591748117         2406.10488980442         2502.294445801098
0.781561                 3.9200000000000004       0.25510204081632654      6.068520459919599E-13    5.66594077373897E-13     0.25                     5.0E10                   2700                     4167.49591748117         2406.10488980442         2502.294445801098
0.781561                 3.94                     0.25380710659898476      6.075524688321341E-13    5.675342214268303E-13    0.25                     5.0E10                   2700                     4167.49591748117         2406.10488980442         2502.294445801098
0.781561                 3.96                     0.2525252525252525       6.082434807289469E-13    5.684721582103301E-13    0.25                     5.0E10                   2700                     4167.49591748117         2406.10488980442         2502.294445801098
0.781561                 3.98                     0.25125628140703515      6.089236189866494E-13    5.694063704370551E-13    0.25                     5.0E10                   2700                     4167.49591748117         2406.10488980442         2502.294445801098
0.781561                 4                        0.25                     6.095914794781665E-13    5.703353877584851E-13    0.25                     5.0E10                   2700                     4167.49591748117         2406.10488980442         2502.294445801098
0.781561                 4.02                     0.24875621890547264      6.10245718017042E-13     5.712577883802902E-13    0.25                     5.0E10                   2700                     4167.49591748117         2406.10488980442         2502.294445801098
0.781561                 4.04                     0.24752475247524755      6.108850515508135E-13    5.721722005246853E-13    0.25                     5.0E10                   2700                     4167.49591748117         2406.10488980442         2502.294445801098
0.781561                 4.06                     0.24630541871921185      6.115082592010951E-13    5.730773037818272E-13    0.25                     5.0E10                   2700                     4167.49591748117         2406.10488980442         2502.294445801098
0.781561                 4.08                     0.2450980392156863       6.121141831111555E-13    5.739718302809122E-13    0.25                     5.0E10                   2700                     4167.49591748117         2406.10488980442         2502.294445801098
0.781561                 4.1                      0.24390243902439027      6.127017291194418E-13    5.748545657426017E-13    0.25                     5.0E10                   2700                     4167.49591748117         2406.10488980442         2502.294445801098
0.781561                 4.12                     0.24271844660194172      6.132698672699128E-13    5.757243503663103E-13    0.25                     5.0E10                   2700                     4167.49591748117         2406.10488980442         2502.294445801098
0.781561                 4.14                     0.2415458937198068       6.138176321316901E-13    5.765800795717158E-13    0.25                     5.0E10                   2700                     4167.49591748117         2406.10488980442         2502.294445801098
0.781561                 4.16                     0.24038461538461536      6.143441229624636E-13    5.774207045879839E-13    0.25                     5.0E10                   2700                     4167.49591748117         2406.10488980442         2502.294445801098
0.781561                 4.18                     0.2392344497607656       6.148485036931291E-13    5.782452329054453E-13    0.25                     5.0E10                   2700                     4167.49591748117         2406.10488980442         2502.294445801098
0.781561                 4.199999999999999        0.23809523809523814      6.153300027549346E-13    5.790527285580604E-13    0.25                     5.0E10                   2700                     4167.49591748117         2406.10488980442         2502.294445801098
0.781561                 4.22                     0.23696682464454977      6.157879127418196E-13    5.798423122842216E-13    0.25                     5.0E10                   2700                     4167.49591748117         2406.10488980442         2502.294445801098
0.781561                 4.239999999999999        0.23584905660377362      6.16221589916415E-13     5.806131615173454E-13    0.25                     5.0E10                   2700                     4167.49591748117         2406.10488980442         2502.294445801098
0.781561                 4.26                     0.2347417840375587       6.166304535732603E-13    5.813645102694336E-13    0.25                     5.0E10                   2700                     4167.49591748117         2406.10488980442         2502.294445801098
0.781561                 4.279999999999999        0.23364485981308417      6.170139852428696E-13    5.820956488368272E-13    0.25                     5.0E10                   2700                     4167.49591748117         2406.10488980442         2502.294445801098
0.781561                 4.3                      0.23255813953488372      6.173717277803731E-13    5.828059234226546E-13    0.25                     5.0E10                   2700                     4167.49591748117         2406.10488980442         2502.294445801098
0.781561                 4.319999999999999        0.23148148148148148      6.177032843014928E-13    5.83494735575216E-13     0.25                     5.0E10                   2700                     4167.49591748117         2406.10488980442         2502.294445801098
0.781561                 4.34                     0.2304147465437788       6.180083170029354E-13    5.841615415491697E-13    0.25                     5.0E10                   2700                     4167.49591748117         2406.10488980442         2502.294445801098
0.781561                 4.359999999999999        0.22935779816513763      6.182865458856574E-13    5.8480585154539E-13      0.25                     5.0E10                   2700                     4167.49591748117         2406.10488980442         2502.294445801098
0.781561                 4.38                     0.228310502283105        6.185379501900227E-13    5.854273837830012E-13    0.25                     5.0E10                   2700                     4167.49591748117         2406.10488980442         2502.294445801098
0.781561                 4.3999999999999995       0.22727272727272732      6.187619619263572E-13    5.860254507587775E-13    0.25                     5.0E10                   2700                     4167.49591748117         2406.10488980442         2502.294445801098
0.781561                 4.42                     0.22624434389140272      6.189586621785007E-13    5.865998667395776E-13    0.25                     5.0E10                   2700                     4167.49591748117         2406.10488980442         2502.294445801098
0.781561                 4.4399999999999995       0.22522522522522526      6.191279871694516E-13    5.871503478374905E-13    0.25                     5.0E10                   2700                     4167.49591748117         2406.10488980442         2502.294445801098
0.781561                 4.46                     0.2242152466367713       6.192699230198927E-13    5.876766587223586E-13    0.25                     5.0E10                   2700                     4167.49591748117         2406.10488980442         2502.294445801098
0.781561                 4.4799999999999995       0.2232142857142857       6.193845039315043E-13    5.881786112933598E-13    0.25                     5.0E10                   2700                     4167.49591748117         2406.10488980442         2502.294445801098
0.781561                 4.5                      0.22222222222222224      6.194718103349892E-13    5.88656063271283E-13     0.25                     5.0E10                   2700                     4167.49591748117         2406.10488980442         2502.294445801098
0.781561                 4.52                     0.22123893805309736      6.195319669607083E-13    5.891089167376072E-13    0.25                     5.0E10                   2700                     4167.49591748117         2406.10488980442         2502.294445801098
0.781561                 4.54                     0.22026431718061676      6.195651409052979E-13    5.89537116621766E-13     0.25                     5.0E10                   2700                     4167.49591748117         2406.10488980442         2502.294445801098
0.781561                 4.56                     0.21929824561403513      6.195715396346325E-13    5.899406491293477E-13    0.25                     5.0E10                   2700                     4167.49591748117         2406.10488980442         2502.294445801098
0.781561                 4.58                     0.21834061135371177      6.195514089966781E-13    5.903195401408514E-13    0.25                     5.0E10                   2700                     4167.49591748117         2406.10488980442         2502.294445801098
0.781561                 4.6                      0.2173913043478261       6.195050311840562E-13    5.906738535671807E-13    0.25                     5.0E10                   2700                     4167.49591748117         2406.10488980442         2502.294445801098
0.781561                 4.62                     0.21645021645021645      6.194327227177083E-13    5.910036897014382E-13    0.25                     5.0E10                   2700                     4167.49591748117         2406.10488980442         2502.294445801098
0.781561                 4.64                     0.21551724137931036      6.193348324195109E-13    5.913091835177693E-13    0.25                     5.0E10                   2700                     4167.49591748117         2406.10488980442         2502.294445801098
0.781561                 4.66                     0.2145922746781116       6.192117393846715E-13    5.915905029854159E-13    0.25                     5.0E10                   2700                     4167.49591748117         2406.10488980442         2502.294445801098
0.781561                 4.68                     0.21367521367521367      6.190638509688641E-13    5.918478473442746E-13    0.25                     5.0E10                   2700                     4167.49591748117         2406.10488980442         2502.294445801098
0.781561                 4.7                      0.2127659574468085       6.188916008143492E-13    5.920814454354165E-13    0.25                     5.0E10                   2700                     4167.49591748117         2406.10488980442         2502.294445801098
0.781561                 4.72                     0.211864406779661        6.186954468639341E-13    5.922915539629356E-13    0.25                     5.0E10                   2700                     4167.49591748117         2406.10488980442         2502.294445801098
0.781561                 4.739999999999999        0.21097046413502113      6.184758694468945E-13    5.924784558337414E-13    0.25                     5.0E10                   2700                     4167.49591748117         2406.10488980442         2502.294445801098
0.781561                 4.76                     0.21008403361344538      6.182333693502617E-13    5.926424584469014E-13    0.25                     5.0E10                   2700                     4167.49591748117         2406.10488980442         2502.294445801098
0.781561                 4.779999999999999        0.20920502092050208      6.179684659723594E-13    5.927838920621091E-13    0.25                     5.0E10                   2700                     4167.49591748117         2406.10488980442         2502.294445801098
0.781561                 4.8                      0.20833333333333334      6.176816955053779E-13    5.929031081634142E-13    0.25                     5.0E10                   2700                     4167.49591748117         2406.10488980442         2502.294445801098
0.781561                 4.819999999999999        0.2074688796680498       6.173736091509385E-13    5.930004778384435E-13    0.25                     5.0E10                   2700                     4167.49591748117         2406.10488980442         2502.294445801098
0.781561                 4.84                     0.20661157024793386      6.170447713959853E-13    5.93076390211517E-13     0.25                     5.0E10                   2700                     4167.49591748117         2406.10488980442         2502.294445801098
0.781561                 4.859999999999999        0.20576131687242802      6.166957583539161E-13    5.931312509025248E-13    0.25                     5.0E10                   2700                     4167.49591748117         2406.10488980442         2502.294445801098
0.781561                 4.88                     0.20491803278688525      6.163271561382162E-13    5.931654805238415E-13    0.25                     5.0E10                   2700                     4167.49591748117         2406.10488980442         2502.294445801098
0.781561                 4.8999999999999995       0.20408163265306126      6.159395593029346E-13    5.931795132198868E-13    0.25                     5.0E10                   2700                     4167.49591748117         2406.10488980442         2502.294445801098
0.781561                 4.92                     0.2032520325203252       6.155335693451107E-13    5.931737952276367E-13    0.25                     5.0E10                   2700                     4167.49591748117         2406.10488980442         2502.294445801098
0.781561                 4.9399999999999995       0.20242914979757085      6.151097932656223E-13    5.931487835351038E-13    0.25                     5.0E10                   2700                     4167.49591748117         2406.10488980442         2502.294445801098
0.781561                 4.96                     0.20161290322580644      6.146688421879055E-13    5.931049445106146E-13    0.25                     5.0E10                   2700                     4167.49591748117         2406.10488980442         2502.294445801098
0.781561                 4.9799999999999995       0.20080321285140565      6.142113300530915E-13    5.930427526515257E-13    0.25                     5.0E10                   2700                     4167.49591748117         2406.10488980442         2502.294445801098
0.781561                 5                        0.2                      6.138807586794485E-13    5.93115747521485E-13     0.25                     5.0E10                   2700                     4167.49591748117         2406.10488980442         2502.294445801098
0.781561                 5.02                     0.19920318725099603      6.133859439201881E-13    5.930126492634385E-13    0.25                     5.0E10                   2700                     4167.49591748117         2406.10488980442         2502.294445801098
0.781561                 5.04                     0.1984126984126984       6.128765832526883E-13    5.92892806698832E-13     0.25                     5.0E10                   2700                     4167.49591748117         2406.10488980442         2502.294445801098
0.781561                 5.06                     0.19762845849802374      6.123532877621741E-13    5.927567136745071E-13    0.25                     5.0E10                   2700                     4167.49591748117         2406.10488980442         2502.294445801098
0.781561                 5.08                     0.19685039370078738      6.118166655573608E-13    5.926048663111475E-13    0.25                     5.0E10                   2700                     4167.49591748117         2406.10488980442         2502.294445801098
0.781561                 5.1                      0.19607843137254904      6.112673208321838E-13    5.924377620510096E-13    0.25                     5.0E10                   2700                     4167.49591748117         2406.10488980442         2502.294445801098
0.781561                 5.12                     0.19531249999999997      6.107058530065387E-13    5.922558987210264E-13    0.25                     5.0E10                   2700                     4167.49591748117         2406.10488980442         2502.294445801098
0.781561                 5.14                     0.1945525291828794       6.101328559198362E-13    5.920597736841523E-13    0.25                     5.0E10                   2700                     4167.49591748117         2406.10488980442         2502.294445801098
0.781561                 5.16                     0.19379844961240308      6.095489170490418E-13    5.918498830005444E-13    0.25                     5.0E10                   2700                     4167.49591748117         2406.10488980442         2502.294445801098
0.781561                 5.18                     0.19305019305019305      6.089546168558497E-13    5.916267206699368E-13    0.25                     5.0E10                   2700                     4167.49591748117         2406.10488980442         2502.294445801098
0.781561                 5.2                      0.1923076923076923       6.083505280868706E-13    5.913907779095682E-13    0.25                     5.0E10                   2700                     4167.49591748117         2406.10488980442         2502.294445801098
0.781561                 5.22                     0.19157088122605365      6.077372152343667E-13    5.911425424616738E-13    0.25                     5.0E10                   2700                     4167.49591748117         2406.10488980442         2502.294445801098
0.781561                 5.239999999999999        0.19083969465648856      6.071152339751022E-13    5.908824979814055E-13    0.25                     5.0E10                   2700                     4167.49591748117         2406.10488980442         2502.294445801098
0.781561                 5.26                     0.19011406844106465      6.064851306650611E-13    5.906111234518101E-13    0.25                     5.0E10                   2700                     4167.49591748117         2406.10488980442         2502.294445801098
0.781561                 5.279999999999999        0.18939393939393942      6.058474419228923E-13    5.903288926115933E-13    0.25                     5.0E10                   2700                     4167.49591748117         2406.10488980442         2502.294445801098
0.781561                 5.3                      0.18867924528301888      6.052026942242309E-13    5.900362734999847E-13    0.25                     5.0E10                   2700                     4167.49591748117         2406.10488980442         2502.294445801098
0.781561                 5.319999999999999        0.1879699248120301       6.045514035426351E-13    5.897337279558243E-13    0.25                     5.0E10                   2700                     4167.49591748117         2406.10488980442         2502.294445801098
0.781561                 5.34                     0.18726591760299627      6.038940750479125E-13    5.89421711228711E-13     0.25                     5.0E10                   2700                     4167.49591748117         2406.10488980442         2502.294445801098
0.781561                 5.359999999999999        0.1865671641791045       6.032312028251231E-13    5.891006715724871E-13    0.25                     5.0E10                   2700                     4167.49591748117         2406.10488980442         2502.294445801098
0.781561                 5.38                     0.1858736059479554       6.025632696652461E-13    5.88771049916684E-13     0.25                     5.0E10                   2700                     4167.49591748117         2406.10488980442         2502.294445801098
0.781561                 5.3999999999999995       0.1851851851851852       6.018907468327612E-13    5.88433279543494E-13     0.25                     5.0E10                   2700                     4167.49591748117         2406.10488980442         2502.294445801098
0.781561                 5.42                     0.18450184501845018      6.012140939441853E-13    5.880877858187045E-13    0.25                     5.0E10                   2700                     4167.49591748117         2406.10488980442         2502.294445801098
0.781561                 5.4399999999999995       0.18382352941176472      6.005337588181374E-13    5.877349859419774E-13    0.25                     5.0E10                   2700                     4167.49591748117         2406.10488980442         2502.294445801098
0.781561                 5.46                     0.18315018315018314      5.998501773744435E-13    5.873752887343357E-13    0.25                     5.0E10                   2700                     4167.49591748117         2406.10488980442         2502.294445801098
0.781561                 5.4799999999999995       0.18248175182481755      5.991637735775308E-13    5.870090944429782E-13    0.25                     5.0E10                   2700                     4167.49591748117         2406.10488980442         2502.294445801098
0.781561                 5.5                      0.18181818181818182      5.984749594044512E-13    5.866367945995888E-13    0.25                     5.0E10                   2700                     4167.49591748117         2406.10488980442         2502.294445801098
0.781561                 5.52                     0.1811594202898551       5.977841347897493E-13    5.86258771872009E-13     0.25                     5.0E10                   2700                     4167.49591748117         2406.10488980442         2502.294445801098
0.781561                 5.54                     0.18050541516245486      5.970916876846156E-13    5.85875399968621E-13     0.25                     5.0E10                   2700                     4167.49591748117         2406.10488980442         2502.294445801098
0.781561                 5.56                     0.1798561151079137       5.963979940579532E-13    5.854870435464872E-13    0.25                     5.0E10                   2700                     4167.49591748117         2406.10488980442         2502.294445801098
0.781561                 5.58                     0.17921146953405018      5.957034179471913E-13    5.850940581497901E-13    0.25                     5.0E10                   2700                     4167.49591748117         2406.10488980442         2502.294445801098
0.781561                 5.6                      0.17857142857142858      5.950083115435234E-13    5.846967901731568E-13    0.25                     5.0E10                   2700                     4167.49591748117         2406.10488980442         2502.294445801098
0.781561                 5.62                     0.17793594306049823      5.943130152754404E-13    5.84295576839079E-13     0.25                     5.0E10                   2700                     4167.49591748117         2406.10488980442         2502.294445801098
0.781561                 5.64                     0.1773049645390071       5.936178579075859E-13    5.838907461826864E-13    0.25                     5.0E10                   2700                     4167.49591748117         2406.10488980442         2502.294445801098
0.781561                 5.66                     0.17667844522968196      5.929231566628508E-13    5.834826170830696E-13    0.25                     5.0E10                   2700                     4167.49591748117         2406.10488980442         2502.294445801098
0.781561                 5.68                     0.17605633802816903      5.92229217367661E-13     5.830714992721066E-13    0.25                     5.0E10                   2700                     4167.49591748117         2406.10488980442         2502.294445801098
0.781561                 5.7                      0.17543859649122806      5.915363345933808E-13    5.826576934001182E-13    0.25                     5.0E10                   2700                     4167.49591748117         2406.10488980442         2502.294445801098
0.781561                 5.72                     0.17482517482517484      5.908447917869801E-13    5.82241491063402E-13     0.25                     5.0E10                   2700                     4167.49591748117         2406.10488980442         2502.294445801098
0.781561                 5.739999999999999        0.17421602787456447      5.901548614877768E-13    5.818231749046507E-13    0.25                     5.0E10                   2700                     4167.49591748117         2406.10488980442         2502.294445801098
0.781561                 5.76                     0.1736111111111111       5.894668054550072E-13    5.814030186637753E-13    0.25                     5.0E10                   2700                     4167.49591748117         2406.10488980442         2502.294445801098
0.781561                 5.779999999999999        0.17301038062283738      5.887808749123398E-13    5.809812873052068E-13    0.25                     5.0E10                   2700                     4167.49591748117         2406.10488980442         2502.294445801098
0.781561                 5.8                      0.1724137931034483       5.880973106672247E-13    5.8055823707082E-13      0.25                     5.0E10                   2700                     4167.49591748117         2406.10488980442         2502.294445801098
0.781561                 5.819999999999999        0.17182130584192443      5.874163433633522E-13    5.801341156335165E-13    0.25                     5.0E10                   2700                     4167.49591748117         2406.10488980442         2502.294445801098
0.781561                 5.84                     0.17123287671232879      5.867387995563293E-13    5.797098209716948E-13    0.25                     5.0E10                   2700                     4167.49591748117         2406.10488980442         2502.294445801098
0.781561                 5.859999999999999        0.17064846416382254      5.860636854006617E-13    5.792842740524822E-13    0.25                     5.0E10                   2700                     4167.49591748117         2406.10488980442         2502.294445801098
0.781561                 5.88                     0.17006802721088435      5.85391801146438E-13     5.788583486574077E-13    0.25                     5.0E10                   2700                     4167.49591748117         2406.10488980442         2502.294445801098
0.781561                 5.8999999999999995       0.16949152542372883      5.847233387920701E-13    5.784322593429338E-13    0.25                     5.0E10                   2700                     4167.49591748117         2406.10488980442         2502.294445801098
0.781561                 5.92                     0.16891891891891891      5.840584812164698E-13    5.780062127321842E-13    0.25                     5.0E10                   2700                     4167.49591748117         2406.10488980442         2502.294445801098
0.781561                 5.9399999999999995       0.16835016835016836      5.833974023935032E-13    5.775804076558916E-13    0.25                     5.0E10                   2700                     4167.49591748117         2406.10488980442         2502.294445801098
0.781561                 5.96                     0.16778523489932884      5.827402676023984E-13    5.771550352974166E-13    0.25                     5.0E10                   2700                     4167.49591748117         2406.10488980442         2502.294445801098
0.781561                 5.9799999999999995       0.16722408026755856      5.820872336788166E-13    5.767302793545904E-13    0.25                     5.0E10                   2700                     4167.49591748117         2406.10488980442         2502.294445801098
0.781561                 6                        0.16666666666666666      5.814384492038062E-13    5.763063161881623E-13    0.25                     5.0E10                   2700                     4167.49591748117         2406.10488980442         2502.294445801098
0.781561                 6.02                     0.16611295681063123      5.80794054743452E-13     5.75883314979266E-13     0.25                     5.0E10                   2700                     4167.49591748117         2406.10488980442         2502.294445801098
0.781561                 6.04                     0.16556291390728478      5.80154183072175E-13     5.754614378951971E-13    0.25                     5.0E10                   2700                     4167.49591748117         2406.10488980442         2502.294445801098
0.781561                 6.06                     0.16501650165016504      5.795189593793651E-13    5.750408402421696E-13    0.25                     5.0E10                   2700                     4167.49591748117         2406.10488980442         2502.294445801098
0.781561                 6.08                     0.16447368421052633      5.788885014910357E-13    5.746216706233428E-13    0.25                     5.0E10                   2700                     4167.49591748117         2406.10488980442         2502.294445801098
0.781561                 6.1                      0.16393442622950818      5.782629201054663E-13    5.742040711193217E-13    0.25                     5.0E10                   2700                     4167.49591748117         2406.10488980442         2502.294445801098
0.781561                 6.12                     0.16339869281045752      5.776423189739821E-13    5.737881774224507E-13    0.25                     5.0E10                   2700                     4167.49591748117         2406.10488980442         2502.294445801098
0.781561                 6.14                     0.16286644951140067      5.770267951352055E-13    5.733741190213037E-13    0.25                     5.0E10                   2700                     4167.49591748117         2406.10488980442         2502.294445801098
0.781561                 6.16                     0.16233766233766234      5.764164391295339E-13    5.729620193512557E-13    0.25                     5.0E10                   2700                     4167.49591748117         2406.10488980442         2502.294445801098
0.781561                 6.18                     0.16181229773462782      5.758113351894892E-13    5.72551995954649E-13     0.25                     5.0E10                   2700                     4167.49591748117         2406.10488980442         2502.294445801098
0.781561                 6.2                      0.16129032258064518      5.752115614478279E-13    5.721441606451177E-13    0.25                     5.0E10                   2700                     4167.49591748117         2406.10488980442         2502.294445801098
0.781561                 6.22                     0.16077170418006428      5.746171901449906E-13    5.717386196612363E-13    0.25                     5.0E10                   2700                     4167.49591748117         2406.10488980442         2502.294445801098
0.781561                 6.24                     0.16025641025641027      5.740282878156994E-13    5.713354738235373E-13    0.25                     5.0E10                   2700                     4167.49591748117         2406.10488980442         2502.294445801098
0.781561                 6.26                     0.1597444089456869       5.73444915498582E-13     5.709348186934071E-13    0.25                     5.0E10                   2700                     4167.49591748117         2406.10488980442         2502.294445801098
0.781561                 6.279999999999999        0.15923566878980894      5.728671289183399E-13    5.70536744728626E-13     0.25                     5.0E10                   2700                     4167.49591748117         2406.10488980442         2502.294445801098
0.781561                 6.3                      0.15873015873015872      5.722949786600138E-13    5.701413374214619E-13    0.25                     5.0E10                   2700                     4167.49591748117         2406.10488980442         2502.294445801098
0.781561                 6.319999999999999        0.15822784810126583      5.717285103646877E-13    5.697486774616655E-13    0.25                     5.0E10                   2700                     4167.49591748117         2406.10488980442         2502.294445801098
0.781561                 6.34                     0.1577287066246057       5.711677649244198E-13    5.69358840887454E-13     0.25                     5.0E10                   2700                     4167.49591748117         2406.10488980442         2502.294445801098
0.781561                 6.359999999999999        0.15723270440251574      5.706127786117461E-13    5.689718992042606E-13    0.25                     5.0E10                   2700                     4167.49591748117         2406.10488980442         2502.294445801098
0.781561                 6.38                     0.15673981191222572      5.700635832968455E-13    5.685879195590736E-13    0.25                     5.0E10                   2700                     4167.49591748117         2406.10488980442         2502.294445801098
0.781561                 6.3999999999999995       0.15625                  5.695202065965577E-13    5.682069648658684E-13    0.25                     5.0E10                   2700                     4167.49591748117         2406.10488980442         2502.294445801098
0.781561                 6.42                     0.1557632398753894       5.689826720370134E-13    5.678290939407078E-13    0.25                     5.0E10                   2700                     4167.49591748117         2406.10488980442         2502.294445801098
0.781561                 6.4399999999999995       0.15527950310559008      5.684509992048979E-13    5.674543616386223E-13    0.25                     5.0E10                   2700                     4167.49591748117         2406.10488980442         2502.294445801098
0.781561                 6.46                     0.15479876160990713      5.679252039252896E-13    5.670828189929281E-13    0.25                     5.0E10                   2700                     4167.49591748117         2406.10488980442         2502.294445801098
0.781561                 6.4799999999999995       0.154320987654321        5.674052983951276E-13    5.667145133357552E-13    0.25                     5.0E10                   2700                     4167.49591748117         2406.10488980442         2502.294445801098
0.781561                 6.5                      0.15384615384615383      5.668912913280453E-13    5.663494884264008E-13    0.25                     5.0E10                   2700                     4167.49591748117         2406.10488980442         2502.294445801098
0.781561                 6.52                     0.15337423312883436      5.663831881217415E-13    5.659877845880508E-13    0.25                     5.0E10                   2700                     4167.49591748117         2406.10488980442         2502.294445801098
0.781561                 6.54                     0.15290519877675843      5.658809909571877E-13    5.656294387998153E-13    0.25                     5.0E10                   2700                     4167.49591748117         2406.10488980442         2502.294445801098
0.781561                 6.56                     0.15243902439024393      5.653846989845292E-13    5.652744848547328E-13    0.25                     5.0E10                   2700                     4167.49591748117         2406.10488980442         2502.294445801098
0.781561                 6.58                     0.1519756838905775       5.648943084162248E-13    5.649229534421819E-13    0.25                     5.0E10                   2700                     4167.49591748117         2406.10488980442         2502.294445801098
0.781561                 6.6                      0.15151515151515152      5.644098126607473E-13    5.64574872274962E-13     0.25                     5.0E10                   2700                     4167.49591748117         2406.10488980442         2502.294445801098
0.781561                 6.62                     0.1510574018126888       5.639312024664198E-13    5.642302662028868E-13    0.25                     5.0E10                   2700                     4167.49591748117         2406.10488980442         2502.294445801098
0.781561                 6.64                     0.1506024096385542       5.634584660287333E-13    5.6388915731394E-13      0.25                     5.0E10                   2700                     4167.49591748117         2406.10488980442         2502.294445801098
0.781561                 6.66                     0.15015015015015015      5.629915891020116E-13    5.635515650378068E-13    0.25                     5.0E10                   2700                     4167.49591748117         2406.10488980442         2502.294445801098
0.781561                 6.68                     0.14970059880239522      5.625305551221211E-13    5.632175062522916E-13    0.25                     5.0E10                   2700                     4167.49591748117         2406.10488980442         2502.294445801098
0.781561                 6.7                      0.1492537313432836       5.620753453171683E-13    5.628869953831747E-13    0.25                     5.0E10                   2700                     4167.49591748117         2406.10488980442         2502.294445801098
0.781561                 6.72                     0.1488095238095238       5.616259388045466E-13    5.625600444939878E-13    0.25                     5.0E10                   2700                     4167.49591748117         2406.10488980442         2502.294445801098
0.781561                 6.74                     0.14836795252225518      5.611823127067759E-13    5.622366633896899E-13    0.25                     5.0E10                   2700                     4167.49591748117         2406.10488980442         2502.294445801098
0.781561                 6.76                     0.14792899408284024      5.607444422432884E-13    5.619168597016701E-13    0.25                     5.0E10                   2700                     4167.49591748117         2406.10488980442         2502.294445801098
0.781561                 6.779999999999999        0.14749262536873156      5.603123008235943E-13    5.616006389722333E-13    0.25                     5.0E10                   2700                     4167.49591748117         2406.10488980442         2502.294445801098
0.781561                 6.8                      0.14705882352941177      5.598858601487429E-13    5.612880047537342E-13    0.25                     5.0E10                   2700                     4167.49591748117         2406.10488980442         2502.294445801098
0.781561                 6.819999999999999        0.1466275659824047       5.594650903021627E-13    5.609789586825759E-13    0.25                     5.0E10                   2700                     4167.49591748117         2406.10488980442         2502.294445801098
0.781561                 6.84                     0.14619883040935674      5.590499598313807E-13    5.606735005625451E-13    0.25                     5.0E10                   2700                     4167.49591748117         2406.10488980442         2502.294445801098
0.781561                 6.859999999999999        0.1457725947521866       5.586404358266987E-13    5.603716284409925E-13    0.25                     5.0E10                   2700                     4167.49591748117         2406.10488980442         2502.294445801098
0.781561                 6.88                     0.14534883720930233      5.582364840245193E-13    5.600733386944266E-13    0.25                     5.0E10                   2700                     4167.49591748117         2406.10488980442         2502.294445801098
0.781561                 6.8999999999999995       0.14492753623188406      5.578380688567408E-13    5.597786260897675E-13    0.25                     5.0E10                   2700                     4167.49591748117         2406.10488980442         2502.294445801098
0.781561                 6.92                     0.1445086705202312       5.574451535520916E-13    5.594874838694065E-13    0.25                     5.0E10                   2700                     4167.49591748117         2406.10488980442         2502.294445801098
0.781561                 6.9399999999999995       0.1440922190201729       5.570577001961747E-13    5.591999038115726E-13    0.25                     5.0E10                   2700                     4167.49591748117         2406.10488980442         2502.294445801098
0.781561                 6.96                     0.14367816091954022      5.566756697994709E-13    5.589158763002352E-13    0.25                     5.0E10                   2700                     4167.49591748117         2406.10488980442         2502.294445801098
0.781561                 6.9799999999999995       0.14326647564469916      5.562990223665207E-13    5.586353903866679E-13    0.25                     5.0E10                   2700                     4167.49591748117         2406.10488980442         2502.294445801098
0.781561                 7                        0.14285714285714285      5.559277169868335E-13    5.583584338684624E-13    0.25                     5.0E10                   2700                     4167.49591748117         2406.10488980442         2502.294445801098
0.781561                 7.02                     0.14245014245014245      5.555617118420946E-13    5.580849933246763E-13    0.25                     5.0E10                   2700                     4167.49591748117         2406.10488980442         2502.294445801098
0.781561                 7.04                     0.14204545454545456      5.552009643335767E-13    5.578150542021039E-13    0.25                     5.0E10                   2700                     4167.49591748117         2406.10488980442         2502.294445801098
0.781561                 7.06                     0.141643059490085        5.548454310817857E-13    5.575486008497974E-13    0.25                     5.0E10                   2700                     4167.49591748117         2406.10488980442         2502.294445801098
0.781561                 7.08                     0.14124293785310735      5.544950680284097E-13    5.572856165917699E-13    0.25                     5.0E10                   2700                     4167.49591748117         2406.10488980442         2502.294445801098
0.781561                 7.1                      0.14084507042253522      5.541498304459516E-13    5.57026083764188E-13     0.25                     5.0E10                   2700                     4167.49591748117         2406.10488980442         2502.294445801098
0.781561                 7.12                     0.14044943820224717      5.538096730446809E-13    5.56769983788501E-13     0.25                     5.0E10                   2700                     4167.49591748117         2406.10488980442         2502.294445801098
0.781561                 7.14                     0.1400560224089636       5.534745499673281E-13    5.565172971955223E-13    0.25                     5.0E10                   2700                     4167.49591748117         2406.10488980442         2502.294445801098
0.781561                 7.16                     0.13966480446927376      5.531444148708348E-13    5.562680036942606E-13    0.25                     5.0E10                   2700                     4167.49591748117         2406.10488980442         2502.294445801098
0.781561                 7.18                     0.1392757660167131       5.528192209608711E-13    5.560220822070191E-13    0.25                     5.0E10                   2700                     4167.49591748117         2406.10488980442         2502.294445801098
0.781561                 7.2                      0.1388888888888889       5.524989210404221E-13    5.557795109207516E-13    0.25                     5.0E10                   2700                     4167.49591748117         2406.10488980442         2502.294445801098
0.781561                 7.22                     0.13850415512465375      5.521834675501651E-13    5.555402673266507E-13    0.25                     5.0E10                   2700                     4167.49591748117         2406.10488980442         2502.294445801098
0.781561                 7.24                     0.13812154696132597      5.518728126012711E-13    5.553043282601425E-13    0.25                     5.0E10                   2700                     4167.49591748117         2406.10488980442         2502.294445801098
0.781561                 7.26                     0.13774104683195593      5.515669080341526E-13    5.550716699485224E-13    0.25                     5.0E10                   2700                     4167.49591748117         2406.10488980442         2502.294445801098
0.781561                 7.279999999999999        0.13736263736263737      5.512657054240238E-13    5.5484226803582E-13      0.25                     5.0E10                   2700                     4167.49591748117         2406.10488980442         2502.294445801098
0.781561                 7.3                      0.13698630136986303      5.509691561662981E-13    5.546160976425341E-13    0.25                     5.0E10                   2700                     4167.49591748117         2406.10488980442         2502.294445801098
0.781561                 7.319999999999999        0.1366120218579235       5.506772114508324E-13    5.543931333780694E-13    0.25                     5.0E10                   2700                     4167.49591748117         2406.10488980442         2502.294445801098
0.781561                 7.34                     0.1362397820163488       5.503898223397867E-13    5.541733493868171E-13    0.25                     5.0E10                   2700                     4167.49591748117         2406.10488980442         2502.294445801098
0.781561                 7.359999999999999        0.13586956521739132      5.501069397727445E-13    5.539567193809848E-13    0.25                     5.0E10                   2700                     4167.49591748117         2406.10488980442         2502.294445801098
0.781561                 7.38                     0.13550135501355012      5.498285146223572E-13    5.537432166738682E-13    0.25                     5.0E10                   2700                     4167.49591748117         2406.10488980442         2502.294445801098
0.781561                 7.3999999999999995       0.13513513513513514      5.495544976944806E-13    5.535328142047372E-13    0.25                     5.0E10                   2700                     4167.49591748117         2406.10488980442         2502.294445801098
0.781561                 7.42                     0.1347708894878706       5.492848397728043E-13    5.533254845735405E-13    0.25                     5.0E10                   2700                     4167.49591748117         2406.10488980442         2502.294445801098
0.781561                 7.4399999999999995       0.13440860215053765      5.490194916477146E-13    5.531212000731722E-13    0.25                     5.0E10                   2700                     4167.49591748117         2406.10488980442         2502.294445801098
0.781561                 7.46                     0.13404825737265413      5.487584041252261E-13    5.52919932705047E-13     0.25                     5.0E10                   2700                     4167.49591748117         2406.10488980442         2502.294445801098
0.781561                 7.4799999999999995       0.1336898395721925       5.485015280652228E-13    5.52721654215455E-13     0.25                     5.0E10                   2700                     4167.49591748117         2406.10488980442         2502.294445801098
0.781561                 7.5                      0.13333333333333333      5.482488143968748E-13    5.52526336116724E-13     0.25                     5.0E10                   2700                     4167.49591748117         2406.10488980442         2502.294445801098
0.781561                 7.52                     0.13297872340425532      5.480002141371654E-13    5.523339497115891E-13    0.25                     5.0E10                   2700                     4167.49591748117         2406.10488980442         2502.294445801098
0.781561                 7.54                     0.13262599469496023      5.477556784321953E-13    5.521444661213135E-13    0.25                     5.0E10                   2700                     4167.49591748117         2406.10488980442         2502.294445801098
0.781561                 7.56                     0.13227513227513227      5.475151585381354E-13    5.519578562990279E-13    0.25                     5.0E10                   2700                     4167.49591748117         2406.10488980442         2502.294445801098
0.781561                 7.58                     0.13192612137203166      5.472786058851279E-13    5.517740910622132E-13    0.25                     5.0E10                   2700                     4167.49591748117         2406.10488980442         2502.294445801098
0.781561                 7.6                      0.13157894736842105      5.470459720502663E-13    5.515931410973634E-13    0.25                     5.0E10                   2700                     4167.49591748117         2406.10488980442         2502.294445801098
0.781561                 7.62                     0.13123359580052493      5.468172088147366E-13    5.514149770007761E-13    0.25                     5.0E10                   2700                     4167.49591748117         2406.10488980442         2502.294445801098
0.781561                 7.64                     0.13089005235602094      5.46592268142146E-13     5.512395692761776E-13    0.25                     5.0E10                   2700                     4167.49591748117         2406.10488980442         2502.294445801098
0.781561                 7.66                     0.13054830287206268      5.463711022367107E-13    5.510668883708989E-13    0.25                     5.0E10                   2700                     4167.49591748117         2406.10488980442         2502.294445801098
0.781561                 7.68                     0.13020833333333334      5.461536635124701E-13    5.508969046839049E-13    0.25                     5.0E10                   2700                     4167.49591748117         2406.10488980442         2502.294445801098
0.781561                 7.7                      0.12987012987012989      5.459399046299339E-13    5.507295885724848E-13    0.25                     5.0E10                   2700                     4167.49591748117         2406.10488980442         2502.294445801098
0.781561                 7.72                     0.1295336787564767       5.457297785132001E-13    5.505649103932392E-13    0.25                     5.0E10                   2700                     4167.49591748117         2406.10488980442         2502.294445801098
0.781561                 7.74                     0.12919896640826872      5.455232383516489E-13    5.504028404948918E-13    0.25                     5.0E10                   2700                     4167.49591748117         2406.10488980442         2502.294445801098
0.781561                 7.76                     0.1288659793814433       5.453202376129511E-13    5.502433492424965E-13    0.25                     5.0E10                   2700                     4167.49591748117         2406.10488980442         2502.294445801098
0.781561                 7.779999999999999        0.12853470437017997      5.451207300541365E-13    5.500864070283472E-13    0.25                     5.0E10                   2700                     4167.49591748117         2406.10488980442         2502.294445801098
0.781561                 7.8                      0.12820512820512822      5.449246697374541E-13    5.499319842882942E-13    0.25                     5.0E10                   2700                     4167.49591748117         2406.10488980442         2502.294445801098
0.781561                 7.819999999999999        0.1278772378516624       5.447320110244092E-13    5.497800515082381E-13    0.25                     5.0E10                   2700                     4167.49591748117         2406.10488980442         2502.294445801098
0.781561                 7.84                     0.12755102040816327      5.445427086016762E-13    5.496305792412049E-13    0.25                     5.0E10                   2700                     4167.49591748117         2406.10488980442         2502.294445801098
0.781561                 7.859999999999999        0.1272264631043257       5.443567174848826E-13    5.494835381204829E-13    0.25                     5.0E10                   2700                     4167.49591748117         2406.10488980442         2502.294445801098
0.781561                 7.88                     0.12690355329949238      5.441739930148378E-13    5.49338898863282E-13     0.25                     5.0E10                   2700                     4167.49591748117         2406.10488980442         2502.294445801098
0.781561                 7.8999999999999995       0.12658227848101267      5.439944908806078E-13    5.491966322867196E-13    0.25                     5.0E10                   2700                     4167.49591748117         2406.10488980442         2502.294445801098
0.781561                 7.92                     0.12626262626262624      5.43818167119912E-13     5.490567093161242E-13    0.25                     5.0E10                   2700                     4167.49591748117         2406.10488980442         2502.294445801098
0.781561                 7.9399999999999995       0.12594458438287154      5.436449781114442E-13    5.489191009903716E-13    0.25                     5.0E10                   2700                     4167.49591748117         2406.10488980442         2502.294445801098
0.781561                 7.96                     0.12562814070351758      5.434748806094219E-13    5.487837784817996E-13    0.25                     5.0E10                   2700                     4167.49591748117         2406.10488980442         2502.294445801098
0.781561                 7.9799999999999995       0.12531328320802007      5.433078317219582E-13    5.486507130888188E-13    0.25                     5.0E10                   2700                     4167.49591748117         2406.10488980442         2502.294445801098
0.781561                 8                        0.125                    5.431437889319776E-13    5.485198762573576E-13    0.25                     5.0E10                   2700                     4167.49591748117         2406.10488980442         2502.294445801098
0.781561                 8.02                     0.12468827930174564      5.429827100921785E-13    5.483912395802053E-13    0.25                     5.0E10                   2700                     4167.49591748117         2406.10488980442         2502.294445801098
0.781561                 8.040000000000001        0.1243781094527363       5.428245534324132E-13    5.482647748064315E-13    0.25                     5.0E10                   2700                     4167.49591748117         2406.10488980442         2502.294445801098
0.781561                 8.06                     0.12406947890818859      5.426692775682446E-13    5.481404538529894E-13    0.25                     5.0E10                   2700                     4167.49591748117         2406.10488980442         2502.294445801098
0.781561                 8.08                     0.12376237623762378      5.425168414921707E-13    5.480182487986334E-13    0.25                     5.0E10                   2700                     4167.49591748117         2406.10488980442         2502.294445801098
0.781561                 8.1                      0.1234567901234568       5.423672045979161E-13    5.478981319091213E-13    0.25                     5.0E10                   2700                     4167.49591748117         2406.10488980442         2502.294445801098
0.781561                 8.12                     0.12315270935960593      5.422203266510199E-13    5.477800756180781E-13    0.25                     5.0E10                   2700                     4167.49591748117         2406.10488980442         2502.294445801098
0.781561                 8.14                     0.12285012285012284      5.420761678265633E-13    5.476640525567885E-13    0.25                     5.0E10                   2700                     4167.49591748117         2406.10488980442         2502.294445801098
0.781561                 8.16                     0.12254901960784315      5.419346886834894E-13    5.475500355430138E-13    0.25                     5.0E10                   2700                     4167.49591748117         2406.10488980442         2502.294445801098
0.781561                 8.18                     0.12224938875305624      5.417958501737743E-13    5.474379975862321E-13    0.25                     5.0E10                   2700                     4167.49591748117         2406.10488980442         2502.294445801098
0.781561                 8.2                      0.12195121951219513      5.416596136556857E-13    5.473279119035001E-13    0.25                     5.0E10                   2700                     4167.49591748117         2406.10488980442         2502.294445801098
0.781561                 8.22                     0.121654501216545        5.41525940884405E-13     5.472197519136851E-13    0.25                     5.0E10                   2700                     4167.49591748117         2406.10488980442         2502.294445801098
0.781561                 8.24                     0.12135922330097086      5.413947940082888E-13    5.471134912414806E-13    0.25                     5.0E10                   2700                     4167.49591748117         2406.10488980442         2502.294445801098
0.781561                 8.26                     0.12106537530266344      5.412661355714085E-13    5.470091037221072E-13    0.25                     5.0E10                   2700                     4167.49591748117         2406.10488980442         2502.294445801098
0.781561                 8.28                     0.1207729468599034       5.411399285416167E-13    5.469065634111355E-13    0.25                     5.0E10                   2700                     4167.49591748117         2406.10488980442         2502.294445801098
0.781561                 8.299999999999999        0.1204819277108434       5.410161362570407E-13    5.468058445745419E-13    0.25                     5.0E10                   2700                     4167.49591748117         2406.10488980442         2502.294445801098
0.781561                 8.32                     0.12019230769230768      5.408947224838303E-13    5.467069217066432E-13    0.25                     5.0E10                   2700                     4167.49591748117         2406.10488980442         2502.294445801098
0.781561                 8.34                     0.11990407673860912      5.407756513639687E-13    5.466097695150447E-13    0.25                     5.0E10                   2700                     4167.49591748117         2406.10488980442         2502.294445801098
0.781561                 8.36                     0.1196172248803828       5.406588874557967E-13    5.465143629388412E-13    0.25                     5.0E10                   2700                     4167.49591748117         2406.10488980442         2502.294445801098
0.781561                 8.379999999999999        0.11933174224343678      5.405443957101843E-13    5.464206771413353E-13    0.25                     5.0E10                   2700                     4167.49591748117         2406.10488980442         2502.294445801098
0.781561                 8.4                      0.11904761904761904      5.404321414798337E-13    5.46328687518431E-13     0.25                     5.0E10                   2700                     4167.49591748117         2406.10488980442         2502.294445801098
0.781561                 8.42                     0.11876484560570072      5.403220905047899E-13    5.4623836968679E-13      0.25                     5.0E10                   2700                     4167.49591748117         2406.10488980442         2502.294445801098
0.781561                 8.44                     0.11848341232227488      5.402142089426726E-13    5.461496995104486E-13    0.25                     5.0E10                   2700                     4167.49591748117         2406.10488980442         2502.294445801098
0.781561                 8.459999999999999        0.11820330969267141      5.401084633290311E-13    5.460626530758187E-13    0.25                     5.0E10                   2700                     4167.49591748117         2406.10488980442         2502.294445801098
0.781561                 8.48                     0.1179245283018868       5.400048205877843E-13    5.459772067000022E-13    0.25                     5.0E10                   2700                     4167.49591748117         2406.10488980442         2502.294445801098
0.781561                 8.5                      0.11764705882352941      5.399032480573622E-13    5.458933369483222E-13    0.25                     5.0E10                   2700                     4167.49591748117         2406.10488980442         2502.294445801098
0.781561                 8.52                     0.11737089201877934      5.398037134517122E-13    5.458110206145101E-13    0.25                     5.0E10                   2700                     4167.49591748117         2406.10488980442         2502.294445801098
0.781561                 8.54                     0.117096018735363        5.397061848761602E-13    5.457302347285322E-13    0.25                     5.0E10                   2700                     4167.49591748117         2406.10488980442         2502.294445801098
0.781561                 8.56                     0.11682242990654204      5.396106308253223E-13    5.456509565614773E-13    0.25                     5.0E10                   2700                     4167.49591748117         2406.10488980442         2502.294445801098
0.781561                 8.58                     0.11655011655011656      5.395170201727228E-13    5.455731636176569E-13    0.25                     5.0E10                   2700                     4167.49591748117         2406.10488980442         2502.294445801098
0.781561                 8.6                      0.11627906976744186      5.394253221842903E-13    5.454968336428393E-13    0.25                     5.0E10                   2700                     4167.49591748117         2406.10488980442         2502.294445801098
0.781561                 8.62                     0.1160092807424594       5.39335506509683E-13     5.454219446246701E-13    0.25                     5.0E10                   2700                     4167.49591748117         2406.10488980442         2502.294445801098
0.781561                 8.64                     0.11574074074074073      5.39247543156868E-13     5.453484747740806E-13    0.25                     5.0E10                   2700                     4167.49591748117         2406.10488980442         2502.294445801098
0.781561                 8.66                     0.11547344110854503      5.391614025359999E-13    5.452764025619945E-13    0.25                     5.0E10                   2700                     4167.49591748117         2406.10488980442         2502.294445801098
0.781561                 8.68                     0.1152073732718894       5.390770554184853E-13    5.452057066820324E-13    0.25                     5.0E10                   2700                     4167.49591748117         2406.10488980442         2502.294445801098
0.781561                 8.7                      0.11494252873563218      5.3899447293941E-13      5.45136366062205E-13     0.25                     5.0E10                   2700                     4167.49591748117         2406.10488980442         2502.294445801098
0.781561                 8.72                     0.1146788990825688       5.389136266188759E-13    5.450683598805815E-13    0.25                     5.0E10                   2700                     4167.49591748117         2406.10488980442         2502.294445801098
0.781561                 8.74                     0.11441647597254004      5.38834488333933E-13     5.450016675430377E-13    0.25                     5.0E10                   2700                     4167.49591748117         2406.10488980442         2502.294445801098
0.781561                 8.76                     0.1141552511415525       5.387586649413835E-13    5.449380514831737E-13    0.25                     5.0E10                   2700                     4167.49591748117         2406.10488980442         2502.294445801098
0.781561                 8.78                     0.11389521640091117      5.386828666130023E-13    5.44873934040742E-13     0.25                     5.0E10                   2700                     4167.49591748117         2406.10488980442         2502.294445801098
0.781561                 8.8                      0.11363636363636362      5.38608694134974E-13     5.448110700894617E-13    0.25                     5.0E10                   2700                     4167.49591748117         2406.10488980442         2502.294445801098
0.781561                 8.82                     0.11337868480725624      5.385361208121628E-13    5.447494399667816E-13    0.25                     5.0E10                   2700                     4167.49591748117         2406.10488980442         2502.294445801098
0.781561                 8.84                     0.11312217194570136      5.384651203307628E-13    5.446890242626349E-13    0.25                     5.0E10                   2700                     4167.49591748117         2406.10488980442         2502.294445801098
0.781561                 8.86                     0.11286681715575621      5.383956666983152E-13    5.446298037852045E-13    0.25                     5.0E10                   2700                     4167.49591748117         2406.10488980442         2502.294445801098
0.781561                 8.879999999999999        0.11261261261261263      5.383277342954025E-13    5.445717595816715E-13    0.25                     5.0E10                   2700                     4167.49591748117         2406.10488980442         2502.294445801098
0.781561                 8.9                      0.11235955056179775      5.382612978186997E-13    5.445148729171088E-13    0.25                     5.0E10                   2700                     4167.49591748117         2406.10488980442         2502.294445801098
0.781561                 8.92                     0.11210762331838565      5.381963323305001E-13    5.444591253016028E-13    0.25                     5.0E10                   2700                     4167.49591748117         2406.10488980442         2502.294445801098
0.781561                 8.94                     0.11185682326621925      5.381328132186473E-13    5.444044984605907E-13    0.25                     5.0E10                   2700                     4167.49591748117         2406.10488980442         2502.294445801098
0.781561                 8.959999999999999        0.11160714285714285      5.380707162094199E-13    5.443509743500233E-13    0.25                     5.0E10                   2700                     4167.49591748117         2406.10488980442         2502.294445801098
0.781561                 8.98                     0.11135857461024498      5.380100173549454E-13    5.44298535147981E-13     0.25                     5.0E10                   2700                     4167.49591748117         2406.10488980442         2502.294445801098
0.781561                 9                        0.11111111111111112      5.37950693042546E-13     5.44247163258588E-13     0.25                     5.0E10                   2700                     4167.49591748117         2406.10488980442         2502.294445801098
0.781561                 9.02                     0.11086474501108647      5.378927199808148E-13    5.44196841306802E-13     0.25                     5.0E10                   2700                     4167.49591748117         2406.10488980442         2502.294445801098
0.781561                 9.04                     0.11061946902654868      5.378360752035708E-13    5.441475521358642E-13    0.25                     5.0E10                   2700                     4167.49591748117         2406.10488980442         2502.294445801098
0.781561                 9.06                     0.11037527593818983      5.377807360661374E-13    5.440992788148915E-13    0.25                     5.0E10                   2700                     4167.49591748117         2406.10488980442         2502.294445801098
0.781561                 9.08                     0.11013215859030838      5.377266802243102E-13    5.440520046182624E-13    0.25                     5.0E10                   2700                     4167.49591748117         2406.10488980442         2502.294445801098
0.781561                 9.1                      0.1098901098901099       5.376738856636845E-13    5.440057130452984E-13    0.25                     5.0E10                   2700                     4167.49591748117         2406.10488980442         2502.294445801098
0.781561                 9.12                     0.10964912280701757      5.3762233067575E-13      5.439603878106671E-13    0.25                     5.0E10                   2700                     4167.49591748117         2406.10488980442         2502.294445801098
0.781561                 9.14                     0.10940919037199125      5.375719938522072E-13    5.439160128361516E-13    0.25                     5.0E10                   2700                     4167.49591748117         2406.10488980442         2502.294445801098
0.781561                 9.16                     0.10917030567685589      5.375228540963845E-13    5.438725722581663E-13    0.25                     5.0E10                   2700                     4167.49591748117         2406.10488980442         2502.294445801098
0.781561                 9.18                     0.10893246187363835      5.374748905965882E-13    5.438300504154673E-13    0.25                     5.0E10                   2700                     4167.49591748117         2406.10488980442         2502.294445801098
0.781561                 9.2                      0.10869565217391305      5.374280828577189E-13    5.437884318657853E-13    0.25                     5.0E10                   2700                     4167.49591748117         2406.10488980442         2502.294445801098
0.781561                 9.22                     0.10845986984815618      5.37382410672211E-13     5.437477013692307E-13    0.25                     5.0E10                   2700                     4167.49591748117         2406.10488980442         2502.294445801098
0.781561                 9.24                     0.10822510822510822      5.373378541034962E-13    5.437078438767477E-13    0.25                     5.0E10                   2700                     4167.49591748117         2406.10488980442         2502.294445801098
0.781561                 9.26                     0.1079913606911447       5.372943935320627E-13    5.436688445629638E-13    0.25                     5.0E10                   2700                     4167.49591748117         2406.10488980442         2502.294445801098
0.781561                 9.28                     0.10775862068965518      5.372520095979075E-13    5.436306887846627E-13    0.25                     5.0E10                   2700                     4167.49591748117         2406.10488980442         2502.294445801098
0.781561                 9.3                      0.10752688172043011      5.37210683241893E-13     5.435933621111863E-13    0.25                     5.0E10                   2700                     4167.49591748117         2406.10488980442         2502.294445801098
0.781561                 9.32                     0.1072961373390558       5.371703956713015E-13    5.435568503047212E-13    0.25                     5.0E10                   2700                     4167.49591748117         2406.10488980442         2502.294445801098
0.781561                 9.34                     0.10706638115631692      5.371311283548266E-13    5.435211393076151E-13    0.25                     5.0E10                   2700                     4167.49591748117         2406.10488980442         2502.294445801098
0.781561                 9.36                     0.10683760683760683      5.370928630652038E-13    5.434862152817458E-13    0.25                     5.0E10                   2700                     4167.49591748117         2406.10488980442         2502.294445801098
0.781561                 9.379999999999999        0.10660980810234544      5.370555818111859E-13    5.434520645605277E-13    0.25                     5.0E10                   2700                     4167.49591748117         2406.10488980442         2502.294445801098
0.781561                 9.4                      0.10638297872340426      5.37019266884403E-13     5.434186736734417E-13    0.25                     5.0E10                   2700                     4167.49591748117         2406.10488980442         2502.294445801098
0.781561                 9.42                     0.10615711252653928      5.369839008470852E-13    5.433860293441209E-13    0.25                     5.0E10                   2700                     4167.49591748117         2406.10488980442         2502.294445801098
0.781561                 9.44                     0.1059322033898305       5.369494664951934E-13    5.433541184736741E-13    0.25                     5.0E10                   2700                     4167.49591748117         2406.10488980442         2502.294445801098
0.781561                 9.459999999999999        0.10570824524312897      5.369159468958047E-13    5.433229281453066E-13    0.25                     5.0E10                   2700                     4167.49591748117         2406.10488980442         2502.294445801098
0.781561                 9.48                     0.10548523206751054      5.368833253554202E-13    5.432924456263744E-13    0.25                     5.0E10                   2700                     4167.49591748117         2406.10488980442         2502.294445801098
0.781561                 9.5                      0.10526315789473685      5.368515854581335E-13    5.432626583743821E-13    0.25                     5.0E10                   2700                     4167.49591748117         2406.10488980442         2502.294445801098
0.781561                 9.52                     0.10504201680672269      5.368207110100575E-13    5.432335540144591E-13    0.25                     5.0E10                   2700                     4167.49591748117         2406.10488980442         2502.294445801098
0.781561                 9.54                     0.10482180293501049      5.367906860670922E-13    5.432051203503648E-13    0.25                     5.0E10                   2700                     4167.49591748117         2406.10488980442         2502.294445801098
0.781561                 9.56                     0.10460251046025104      5.36761494924708E-13     5.431773453605613E-13    0.25                     5.0E10                   2700                     4167.49591748117         2406.10488980442         2502.294445801098
0.781561                 9.58                     0.10438413361169102      5.367331221217815E-13    5.431502171980882E-13    0.25                     5.0E10                   2700                     4167.49591748117         2406.10488980442         2502.294445801098
0.781561                 9.6                      0.10416666666666667      5.367055524318832E-13    5.431237241907137E-13    0.25                     5.0E10                   2700                     4167.49591748117         2406.10488980442         2502.294445801098
0.781561                 9.62                     0.10395010395010396      5.366787708502056E-13    5.430978548244052E-13    0.25                     5.0E10                   2700                     4167.49591748117         2406.10488980442         2502.294445801098
0.781561                 9.64                     0.10373443983402489      5.36652762610691E-13     5.430725977598924E-13    0.25                     5.0E10                   2700                     4167.49591748117         2406.10488980442         2502.294445801098
0.781561                 9.66                     0.10351966873706003      5.366275131701094E-13    5.43047941825481E-13     0.25                     5.0E10                   2700                     4167.49591748117         2406.10488980442         2502.294445801098
0.781561                 9.68                     0.10330578512396693      5.366030082010655E-13    5.430238760012179E-13    0.25                     5.0E10                   2700                     4167.49591748117         2406.10488980442         2502.294445801098
0.781561                 9.7                      0.10309278350515465      5.365792336177155E-13    5.430003894474129E-13    0.25                     5.0E10                   2700                     4167.49591748117         2406.10488980442         2502.294445801098
0.781561                 9.72                     0.102880658436214        5.365561755326615E-13    5.429774714700369E-13    0.25                     5.0E10                   2700                     4167.49591748117         2406.10488980442         2502.294445801098
0.781561                 9.74                     0.1026694045174538       5.365338202691119E-13    5.429551115308078E-13    0.25                     5.0E10                   2700                     4167.49591748117         2406.10488980442         2502.294445801098
0.781561                 9.76                     0.10245901639344263      5.365121543924271E-13    5.429332992687504E-13    0.25                     5.0E10                   2700                     4167.49591748117         2406.10488980442         2502.294445801098
0.781561                 9.78                     0.10224948875255623      5.364911646318325E-13    5.429120244450817E-13    0.25                     5.0E10                   2700                     4167.49591748117         2406.10488980442         2502.294445801098
0.781561                 9.8                      0.10204081632653059      5.364708379569686E-13    5.428912769976003E-13    0.25                     5.0E10                   2700                     4167.49591748117         2406.10488980442         2502.294445801098
0.781561                 9.82                     0.10183299389002037      5.364511615374927E-13    5.428710470125546E-13    0.25                     5.0E10                   2700                     4167.49591748117         2406.10488980442         2502.294445801098
0.781561                 9.84                     0.1016260162601626       5.364321227245097E-13    5.428513247095494E-13    0.25                     5.0E10                   2700                     4167.49591748117         2406.10488980442         2502.294445801098
0.781561                 9.86                     0.10141987829614604      5.364137090972221E-13    5.428321004790629E-13    0.25                     5.0E10                   2700                     4167.49591748117         2406.10488980442         2502.294445801098
0.781561                 9.879999999999999        0.10121457489878542      5.363959084040369E-13    5.428133648355796E-13    0.25                     5.0E10                   2700                     4167.49591748117         2406.10488980442         2502.294445801098
0.781561                 9.9                      0.101010101010101        5.363787085980098E-13    5.427951084489196E-13    0.25                     5.0E10                   2700                     4167.49591748117         2406.10488980442         2502.294445801098
0.781561                 9.92                     0.10080645161290322      5.363620978201555E-13    5.427773221251498E-13    0.25                     5.0E10                   2700                     4167.49591748117         2406.10488980442         2502.294445801098
0.781561                 9.94                     0.1006036217303823       5.363460644045449E-13    5.4275999681765E-13      0.25                     5.0E10                   2700                     4167.49591748117         2406.10488980442         2502.294445801098
0.781561                 9.959999999999999        0.10040160642570282      5.363305968655156E-13    5.427431236107959E-13    0.25                     5.0E10                   2700                     4167.49591748117         2406.10488980442         2502.294445801098
0.781561                 9.98                     0.1002004008016032       5.363156839059236E-13    5.427266937292773E-13    0.25                     5.0E10                   2700                     4167.49591748117         2406.10488980442         2502.294445801098
0.781561                 10                       0.1                      5.362556464382165E-13    5.426325351084199E-13    0.25                     5.0E10                   2700                     4167.49591748117         2406.10488980442         2502.294445801098
