1.18647                  0.1                      10                       5.331271043296579E-13    5.331261516076719E-13    0.25                     5.0E10                   2700                     5134.783344991295        2964.5685464611315       2502.294445801098
1.18647                  0.12000000000000001      8.333333333333332        5.362908207291745E-13    5.36344925654538E-13     0.25                     5.0E10                   2700                     5134.783344991295        2964.5685464611315       2502.294445801098
1.18647                  0.14                     7.1428571428571415       5.341256286862882E-13    5.33954415877954E-13     0.25                     5.0E10                   2700                     5134.783344991295        2964.5685464611315       2502.294445801098
1.18647                  0.16                     6.249999999999999        5.330678667808493E-13    5.331710122253705E-13    0.25                     5.0E10                   2700                     5134.783344991295        2964.5685464611315       2502.294445801098
1.18647                  0.18                     5.555555555555555        5.372199642147988E-13    5.372904379800137E-13    0.25                     5.0E10                   2700                     5134.783344991295        2964.5685464611315       2502.294445801098
1.18647                  0.2                      5                        5.333058385972339E-13    5.331273531012078E-13    0.25                     5.0E10                   2700                     5134.783344991295        2964.5685464611315       2502.294445801098
1.18647                  0.22                     4.545454545454546        5.364731681058994E-13    5.366868626666179E-13    0.25                     5.0E10                   2700                     5134.783344991295        2964.5685464611315       2502.294445801098
1.18647                  0.24000000000000002      4.166666666666666        5.358933226359253E-13    5.363295726226334E-13    0.25                     5.0E10                   2700                     5134.783344991295        2964.5685464611315       2502.294445801098
1.18647                  0.26                     3.846153846153846        5.345113474074212E-13    5.34975037059089E-13     0.25                     5.0E10                   2700                     5134.783344991295        2964.5685464611315       2502.294445801098
1.18647                  0.28                     3.5714285714285707       5.367952138447167E-13    5.372890252223653E-13    0.25                     5.0E10                   2700                     5134.783344991295        2964.5685464611315       2502.294445801098
1.18647                  0.30000000000000004      3.3333333333333326       5.364712909421908E-13    5.36624451448633E-13     0.25                     5.0E10                   2700                     5134.783344991295        2964.5685464611315       2502.294445801098
1.18647                  0.32                     3.1249999999999996       5.340847880148716E-13    5.335952296318008E-13    0.25                     5.0E10                   2700                     5134.783344991295        2964.5685464611315       2502.294445801098
1.18647                  0.33999999999999997      2.9411764705882355       5.387661761284637E-13    5.384897654935493E-13    0.25                     5.0E10                   2700                     5134.783344991295        2964.5685464611315       2502.294445801098
1.18647                  0.36                     2.7777777777777777       5.373549117346507E-13    5.362216462270419E-13    0.25                     5.0E10                   2700                     5134.783344991295        2964.5685464611315       2502.294445801098
1.18647                  0.38                     2.6315789473684212       5.387000138608584E-13    5.355681711085315E-13    0.25                     5.0E10                   2700                     5134.783344991295        2964.5685464611315       2502.294445801098
1.18647                  0.4                      2.5                      5.394605335339046E-13    5.356816859901373E-13    0.25                     5.0E10                   2700                     5134.783344991295        2964.5685464611315       2502.294445801098
1.18647                  0.42000000000000004      2.3809523809523805       5.430338737238959E-13    5.366175898680432E-13    0.25                     5.0E10                   2700                     5134.783344991295        2964.5685464611315       2502.294445801098
1.18647                  0.44000000000000006      2.272727272727273        5.462467997996479E-13    5.391057851007987E-13    0.25                     5.0E10                   2700                     5134.783344991295        2964.5685464611315       2502.294445801098
1.18647                  0.45999999999999996      2.173913043478261        5.514137938213833E-13    5.423010113438508E-13    0.25                     5.0E10                   2700                     5134.783344991295        2964.5685464611315       2502.294445801098
1.18647                  0.48                     2.0833333333333335       5.531416193949731E-13    5.422140314244259E-13    0.25                     5.0E10                   2700                     5134.783344991295        2964.5685464611315       2502.294445801098
1.18647                  0.5                      2                        5.527429068137008E-13    5.407260474838491E-13    0.25                     5.0E10                   2700                     5134.783344991295        2964.5685464611315       2502.294445801098
1.18647                  0.52                     1.923076923076923        5.588667020338795E-13    5.459297983023043E-13    0.25                     5.0E10                   2700                     5134.783344991295        2964.5685464611315       2502.294445801098
1.18647                  0.54                     1.8518518518518516       5.568109487928059E-13    5.426889145043369E-13    0.25                     5.0E10                   2700                     5134.783344991295        2964.5685464611315       2502.294445801098
1.18647                  0.56                     1.7857142857142854       5.622321308941519E-13    5.456587498716618E-13    0.25                     5.0E10                   2700                     5134.783344991295        2964.5685464611315       2502.294445801098
1.18647                  0.58                     1.7241379310344829       5.661008818185808E-13    5.477364116709853E-13    0.25                     5.0E10                   2700                     5134.783344991295        2964.5685464611315       2502.294445801098
1.18647                  0.6                      1.6666666666666667       5.686225713580428E-13    5.494017421781256E-13    0.25                     5.0E10                   2700                     5134.783344991295        2964.5685464611315       2502.294445801098
1.18647                  0.62                     1.6129032258064515       5.672452485448738E-13    5.467709676922097E-13    0.25                     5.0E10                   2700                     5134.783344991295        2964.5685464611315       2502.294445801098
1.18647                  0.64                     1.5624999999999998       5.75083303611135E-13     5.520078835772999E-13    0.25                     5.0E10                   2700                     5134.783344991295        2964.5685464611315       2502.294445801098
1.18647                  0.66                     1.515151515151515        5.747006271937029E-13    5.4891928435409E-13      0.25                     5.0E10                   2700                     5134.783344991295        2964.5685464611315       2502.294445801098
1.18647                  0.6799999999999999       1.4705882352941178       5.777115490216542E-13    5.497644557200267E-13    0.25                     5.0E10                   2700                     5134.783344991295        2964.5685464611315       2502.294445801098
1.18647                  0.7                      1.4285714285714286       5.812226040104941E-13    5.517953883961831E-13    0.25                     5.0E10                   2700                     5134.783344991295        2964.5685464611315       2502.294445801098
1.18647                  0.72                     1.3888888888888888       5.821953509531694E-13    5.510481289732125E-13    0.25                     5.0E10                   2700                     5134.783344991295        2964.5685464611315       2502.294445801098
1.18647                  0.74                     1.3513513513513513       5.902435767254939E-13    5.564987679068875E-13    0.25                     5.0E10                   2700                     5134.783344991295        2964.5685464611315       2502.294445801098
1.18647                  0.76                     1.3157894736842106       5.98106316112252E-13     5.613934890658891E-13    0.25                     5.0E10                   2700                     5134.783344991295        2964.5685464611315       2502.294445801098
1.18647                  0.78                     1.2820512820512822       5.969115331854248E-13    5.576813266236359E-13    0.25                     5.0E10                   2700                     5134.783344991295        2964.5685464611315       2502.294445801098
1.18647                  0.8                      1.25                     5.937498718149304E-13    5.525658903889637E-13    0.25                     5.0E10                   2700                     5134.783344991295        2964.5685464611315       2502.294445801098
1.18647                  0.82                     1.2195121951219514       5.94976428494876E-13     5.522973448844292E-13    0.25                     5.0E10                   2700                     5134.783344991295        2964.5685464611315       2502.294445801098
1.18647                  0.84                     1.1904761904761905       5.967451217843946E-13    5.533576736715468E-13    0.25                     5.0E10                   2700                     5134.783344991295        2964.5685464611315       2502.294445801098
1.18647                  0.86                     1.1627906976744187       5.968429320181915E-13    5.529440866718994E-13    0.25                     5.0E10                   2700                     5134.783344991295        2964.5685464611315       2502.294445801098
1.18647                  0.88                     1.1363636363636365       5.975179107911872E-13    5.528411598605084E-13    0.25                     5.0E10                   2700                     5134.783344991295        2964.5685464611315       2502.294445801098
1.18647                  0.9                      1.1111111111111112       6.011665269264416E-13    5.551363872107016E-13    0.25                     5.0E10                   2700                     5134.783344991295        2964.5685464611315       2502.294445801098
1.18647                  0.92                     1.0869565217391304       6.057129278802386E-13    5.579686222573604E-13    0.25                     5.0E10                   2700                     5134.783344991295        2964.5685464611315       2502.294445801098
1.18647                  0.94                     1.0638297872340425       6.076475906848501E-13    5.583123248671522E-13    0.25                     5.0E10                   2700                     5134.783344991295        2964.5685464611315       2502.294445801098
1.18647                  0.96                     1.0416666666666667       6.065506835533437E-13    5.559867762380926E-13    0.25                     5.0E10                   2700                     5134.783344991295        2964.5685464611315       2502.294445801098
1.18647                  0.98                     1.0204081632653061       6.051606951707262E-13    5.536633081595928E-13    0.25                     5.0E10                   2700                     5134.783344991295        2964.5685464611315       2502.294445801098
1.18647                  1                        1                        6.059763145178038E-13    5.536859497148848E-13    0.25                     5.0E10                   2700                     5134.783344991295        2964.5685464611315       2502.294445801098
1.18647                  1.02                     0.9803921568627452       6.093235654728706E-13    5.567654193203758E-13    0.25                     5.0E10                   2700                     5134.783344991295        2964.5685464611315       2502.294445801098
1.18647                  1.04                     0.9615384615384615       6.127892559019193E-13    5.60569506127756E-13     0.25                     5.0E10                   2700                     5134.783344991295        2964.5685464611315       2502.294445801098
1.18647                  1.06                     0.9433962264150944       6.137417111492776E-13    5.625600256997436E-13    0.25                     5.0E10                   2700                     5134.783344991295        2964.5685464611315       2502.294445801098
1.18647                  1.08                     0.9259259259259258       6.11008707811102E-13     5.614150770730639E-13    0.25                     5.0E10                   2700                     5134.783344991295        2964.5685464611315       2502.294445801098
1.18647                  1.1                      0.909090909090909        6.05340718930186E-13     5.575508679085062E-13    0.25                     5.0E10                   2700                     5134.783344991295        2964.5685464611315       2502.294445801098
1.18647                  1.12                     0.8928571428571427       5.984438838662164E-13    5.523859339980095E-13    0.25                     5.0E10                   2700                     5134.783344991295        2964.5685464611315       2502.294445801098
1.18647                  1.1400000000000001       0.8771929824561403       5.92143103093064E-13     5.473616736172797E-13    0.25                     5.0E10                   2700                     5134.783344991295        2964.5685464611315       2502.294445801098
1.18647                  1.1600000000000001       0.8620689655172412       5.871470062475984E-13    5.432204875500136E-13    0.25                     5.0E10                   2700                     5134.783344991295        2964.5685464611315       2502.294445801098
1.18647                  1.1800000000000002       0.8474576271186439       5.835216854155318E-13    5.400874018186038E-13    0.25                     5.0E10                   2700                     5134.783344991295        2964.5685464611315       2502.294445801098
1.18647                  1.2000000000000002       0.8333333333333331       5.809587502956618E-13    5.377698320317188E-13    0.25                     5.0E10                   2700                     5134.783344991295        2964.5685464611315       2502.294445801098
1.18647                  1.2200000000000002       0.8196721311475409       5.791523237068519E-13    5.360849420324526E-13    0.25                     5.0E10                   2700                     5134.783344991295        2964.5685464611315       2502.294445801098
1.18647                  1.2400000000000002       0.8064516129032256       5.779988099469097E-13    5.35031684472837E-13     0.25                     5.0E10                   2700                     5134.783344991295        2964.5685464611315       2502.294445801098
1.18647                  1.26                     0.7936507936507936       5.775882170872486E-13    5.347929823493047E-13    0.25                     5.0E10                   2700                     5134.783344991295        2964.5685464611315       2502.294445801098
1.18647                  1.28                     0.7812499999999999       5.781047061726712E-13    5.355888180977853E-13    0.25                     5.0E10                   2700                     5134.783344991295        2964.5685464611315       2502.294445801098
1.18647                  1.3                      0.7692307692307692       5.795834984184064E-13    5.37509326467168E-13     0.25                     5.0E10                   2700                     5134.783344991295        2964.5685464611315       2502.294445801098
1.18647                  1.32                     0.7575757575757575       5.818549282546575E-13    5.404395268202729E-13    0.25                     5.0E10                   2700                     5134.783344991295        2964.5685464611315       2502.294445801098
1.18647                  1.34                     0.7462686567164178       5.845255189023755E-13    5.440395643793582E-13    0.25                     5.0E10                   2700                     5134.783344991295        2964.5685464611315       2502.294445801098
1.18647                  1.36                     0.7352941176470588       5.87034796998059E-13     5.477933463095312E-13    0.25                     5.0E10                   2700                     5134.783344991295        2964.5685464611315       2502.294445801098
1.18647                  1.3800000000000001       0.7246376811594203       5.887666428125797E-13    5.511086656164505E-13    0.25                     5.0E10                   2700                     5134.783344991295        2964.5685464611315       2502.294445801098
1.18647                  1.4000000000000001       0.7142857142857142       5.891804337782969E-13    5.534390101776603E-13    0.25                     5.0E10                   2700                     5134.783344991295        2964.5685464611315       2502.294445801098
1.18647                  1.4200000000000002       0.704225352112676        5.879269683310856E-13    5.543958023182726E-13    0.25                     5.0E10                   2700                     5134.783344991295        2964.5685464611315       2502.294445801098
1.18647                  1.4400000000000002       0.6944444444444444       5.849656631596583E-13    5.538259150003839E-13    0.25                     5.0E10                   2700                     5134.783344991295        2964.5685464611315       2502.294445801098
1.18647                  1.4600000000000002       0.6849315068493149       5.803740793392514E-13    5.518024094079835E-13    0.25                     5.0E10                   2700                     5134.783344991295        2964.5685464611315       2502.294445801098
1.18647                  1.4800000000000002       0.6756756756756755       5.745491605359576E-13    5.485956633222888E-13    0.25                     5.0E10                   2700                     5134.783344991295        2964.5685464611315       2502.294445801098
1.18647                  1.5000000000000002       0.6666666666666665       5.679652292278819E-13    5.445976096060102E-13    0.25                     5.0E10                   2700                     5134.783344991295        2964.5685464611315       2502.294445801098
1.18647                  1.52                     0.6578947368421053       5.611149013805448E-13    5.4023581791382E-13      0.25                     5.0E10                   2700                     5134.783344991295        2964.5685464611315       2502.294445801098
1.18647                  1.54                     0.6493506493506493       5.544355434126348E-13    5.359036935043843E-13    0.25                     5.0E10                   2700                     5134.783344991295        2964.5685464611315       2502.294445801098
1.18647                  1.56                     0.6410256410256411       5.482648402316066E-13    5.319154746789747E-13    0.25                     5.0E10                   2700                     5134.783344991295        2964.5685464611315       2502.294445801098
1.18647                  1.58                     0.6329113924050632       5.428241118528242E-13    5.284862453374419E-13    0.25                     5.0E10                   2700                     5134.783344991295        2964.5685464611315       2502.294445801098
1.18647                  1.6                      0.625                    5.382221898903026E-13    5.257313489217987E-13    0.25                     5.0E10                   2700                     5134.783344991295        2964.5685464611315       2502.294445801098
1.18647                  1.62                     0.6172839506172839       5.344722357008253E-13    5.236788354769271E-13    0.25                     5.0E10                   2700                     5134.783344991295        2964.5685464611315       2502.294445801098
1.18647                  1.6400000000000001       0.6097560975609756       5.315132381407595E-13    5.222870583090388E-13    0.25                     5.0E10                   2700                     5134.783344991295        2964.5685464611315       2502.294445801098
1.18647                  1.6600000000000001       0.6024096385542168       5.292336127240334E-13    5.214654080247043E-13    0.25                     5.0E10                   2700                     5134.783344991295        2964.5685464611315       2502.294445801098
1.18647                  1.6800000000000002       0.5952380952380951       5.275833851857776E-13    5.212048114003762E-13    0.25                     5.0E10                   2700                     5134.783344991295        2964.5685464611315       2502.294445801098
1.18647                  1.7000000000000002       0.588235294117647        5.262410624448702E-13    5.211614333728573E-13    0.25                     5.0E10                   2700                     5134.783344991295        2964.5685464611315       2502.294445801098
1.18647                  1.7200000000000002       0.5813953488372092       5.251371643980583E-13    5.213026763342115E-13    0.25                     5.0E10                   2700                     5134.783344991295        2964.5685464611315       2502.294445801098
1.18647                  1.7400000000000002       0.5747126436781609       5.241406468656788E-13    5.21510860570026E-13     0.25                     5.0E10                   2700                     5134.783344991295        2964.5685464611315       2502.294445801098
1.18647                  1.7600000000000002       0.5681818181818182       5.231439819821006E-13    5.216890607385537E-13    0.25                     5.0E10                   2700                     5134.783344991295        2964.5685464611315       2502.294445801098
1.18647                  1.78                     0.5617977528089887       5.220670927391688E-13    5.217649608228877E-13    0.25                     5.0E10                   2700                     5134.783344991295        2964.5685464611315       2502.294445801098
1.18647                  1.8                      0.5555555555555556       5.208570616465247E-13    5.216914002702928E-13    0.25                     5.0E10                   2700                     5134.783344991295        2964.5685464611315       2502.294445801098
1.18647                  1.82                     0.5494505494505494       5.194863293820741E-13    5.214446619793823E-13    0.25                     5.0E10                   2700                     5134.783344991295        2964.5685464611315       2502.294445801098
1.18647                  1.84                     0.5434782608695652       5.179486560569199E-13    5.210209046591075E-13    0.25                     5.0E10                   2700                     5134.783344991295        2964.5685464611315       2502.294445801098
1.18647                  1.86                     0.5376344086021505       5.162542520388747E-13    5.204316410390861E-13    0.25                     5.0E10                   2700                     5134.783344991295        2964.5685464611315       2502.294445801098
1.18647                  1.8800000000000001       0.5319148936170213       5.144246956410316E-13    5.196989376810728E-13    0.25                     5.0E10                   2700                     5134.783344991295        2964.5685464611315       2502.294445801098
1.18647                  1.9000000000000001       0.5263157894736842       5.124881999390657E-13    5.188508938455146E-13    0.25                     5.0E10                   2700                     5134.783344991295        2964.5685464611315       2502.294445801098
1.18647                  1.9200000000000002       0.5208333333333333       5.104756035611841E-13    5.179177800076154E-13    0.25                     5.0E10                   2700                     5134.783344991295        2964.5685464611315       2502.294445801098
1.18647                  1.9400000000000002       0.5154639175257731       5.084172766203677E-13    5.169290394382659E-13    0.25                     5.0E10                   2700                     5134.783344991295        2964.5685464611315       2502.294445801098
1.18647                  1.9600000000000002       0.5102040816326531       5.063408346153074E-13    5.159111600053658E-13    0.25                     5.0E10                   2700                     5134.783344991295        2964.5685464611315       2502.294445801098
1.18647                  1.9800000000000002       0.505050505050505        5.042704521764056E-13    5.148866275018236E-13    0.25                     5.0E10                   2700                     5134.783344991295        2964.5685464611315       2502.294445801098
1.18647                  2                        0.5                      5.022472104169882E-13    5.138815287822287E-13    0.25                     5.0E10                   2700                     5134.783344991295        2964.5685464611315       2502.294445801098
1.18647                  2.02                     0.4950495049504951       5.0024225452504E-13      5.1289190148118E-13      0.25                     5.0E10                   2700                     5134.783344991295        2964.5685464611315       2502.294445801098
1.18647                  2.04                     0.4901960784313726       4.982890128275736E-13    5.119356269535639E-13    0.25                     5.0E10                   2700                     5134.783344991295        2964.5685464611315       2502.294445801098
1.18647                  2.06                     0.48543689320388345      4.963953995335295E-13    5.110183682445015E-13    0.25                     5.0E10                   2700                     5134.783344991295        2964.5685464611315       2502.294445801098
1.18647                  2.08                     0.4807692307692307       4.945668213310056E-13    5.101431957708103E-13    0.25                     5.0E10                   2700                     5134.783344991295        2964.5685464611315       2502.294445801098
1.18647                  2.1                      0.47619047619047616      4.928069487805325E-13    5.093114167116183E-13    0.25                     5.0E10                   2700                     5134.783344991295        2964.5685464611315       2502.294445801098
1.18647                  2.12                     0.4716981132075472       4.911184198598496E-13    5.085233407729719E-13    0.25                     5.0E10                   2700                     5134.783344991295        2964.5685464611315       2502.294445801098
1.18647                  2.14                     0.46728971962616817      4.895034305497652E-13    5.077789335545495E-13    0.25                     5.0E10                   2700                     5134.783344991295        2964.5685464611315       2502.294445801098
1.18647                  2.16                     0.4629629629629629       4.879641892930909E-13    5.070783306708969E-13    0.25                     5.0E10                   2700                     5134.783344991295        2964.5685464611315       2502.294445801098
1.18647                  2.18                     0.4587155963302752       4.865032295308895E-13    5.064222035049586E-13    0.25                     5.0E10                   2700                     5134.783344991295        2964.5685464611315       2502.294445801098
1.18647                  2.2                      0.4545454545454545       4.851235738843494E-13    5.058119936667589E-13    0.25                     5.0E10                   2700                     5134.783344991295        2964.5685464611315       2502.294445801098
1.18647                  2.22                     0.45045045045045035      4.838288451317114E-13    5.05249955489821E-13     0.25                     5.0E10                   2700                     5134.783344991295        2964.5685464611315       2502.294445801098
1.18647                  2.24                     0.44642857142857134      4.826231494191951E-13    5.047392093007821E-13    0.25                     5.0E10                   2700                     5134.783344991295        2964.5685464611315       2502.294445801098
1.18647                  2.2600000000000002       0.44247787610619466      4.815110122986356E-13    5.042835908407173E-13    0.25                     5.0E10                   2700                     5134.783344991295        2964.5685464611315       2502.294445801098
1.18647                  2.2800000000000002       0.43859649122807015      4.804971996365539E-13    5.038874942057292E-13    0.25                     5.0E10                   2700                     5134.783344991295        2964.5685464611315       2502.294445801098
1.18647                  2.3000000000000003       0.43478260869565216      4.795865207593494E-13    5.035556636552708E-13    0.25                     5.0E10                   2700                     5134.783344991295        2964.5685464611315       2502.294445801098
1.18647                  2.3200000000000003       0.4310344827586206       4.78783619951732E-13     5.032929654862213E-13    0.25                     5.0E10                   2700                     5134.783344991295        2964.5685464611315       2502.294445801098
1.18647                  2.3400000000000003       0.4273504273504273       4.780927716284855E-13    5.031041571427713E-13    0.25                     5.0E10                   2700                     5134.783344991295        2964.5685464611315       2502.294445801098
1.18647                  2.3600000000000003       0.42372881355932196      4.775176910304014E-13    5.029936672571344E-13    0.25                     5.0E10                   2700                     5134.783344991295        2964.5685464611315       2502.294445801098
1.18647                  2.3800000000000003       0.4201680672268907       4.770613687821565E-13    5.029653967906339E-13    0.25                     5.0E10                   2700                     5134.783344991295        2964.5685464611315       2502.294445801098
1.18647                  2.4000000000000004       0.4166666666666666       4.767259346225651E-13    5.030225482155406E-13    0.25                     5.0E10                   2700                     5134.783344991295        2964.5685464611315       2502.294445801098
1.18647                  2.42                     0.4132231404958677       4.765125530205558E-13    5.031674868296629E-13    0.25                     5.0E10                   2700                     5134.783344991295        2964.5685464611315       2502.294445801098
1.18647                  2.44                     0.4098360655737705       4.764213511389588E-13    5.034016358705145E-13    0.25                     5.0E10                   2700                     5134.783344991295        2964.5685464611315       2502.294445801098
1.18647                  2.46                     0.4065040650406504       4.76451378247436E-13     5.037254053173956E-13    0.25                     5.0E10                   2700                     5134.783344991295        2964.5685464611315       2502.294445801098
1.18647                  2.48                     0.4032258064516129       4.766005943121178E-13    5.041381527966497E-13    0.25                     5.0E10                   2700                     5134.783344991295        2964.5685464611315       2502.294445801098
1.18647                  2.5                      0.4                      4.770475218513695E-13    5.047446807145082E-13    0.25                     5.0E10                   2700                     5134.783344991295        2964.5685464611315       2502.294445801098
1.18647                  2.52                     0.3968253968253968       4.774251553105973E-13    5.053299880640507E-13    0.25                     5.0E10                   2700                     5134.783344991295        2964.5685464611315       2502.294445801098
1.18647                  2.54                     0.39370078740157477      4.779088978837712E-13    5.059955332965988E-13    0.25                     5.0E10                   2700                     5134.783344991295        2964.5685464611315       2502.294445801098
1.18647                  2.56                     0.39062499999999994      4.784925827778652E-13    5.067364754691093E-13    0.25                     5.0E10                   2700                     5134.783344991295        2964.5685464611315       2502.294445801098
1.18647                  2.58                     0.38759689922480617      4.791693637648161E-13    5.075472383980623E-13    0.25                     5.0E10                   2700                     5134.783344991295        2964.5685464611315       2502.294445801098
1.18647                  2.6                      0.3846153846153846       4.799316913520413E-13    5.084214844626321E-13    0.25                     5.0E10                   2700                     5134.783344991295        2964.5685464611315       2502.294445801098
1.18647                  2.62                     0.3816793893129771       4.807714152060051E-13    5.09352211822647E-13     0.25                     5.0E10                   2700                     5134.783344991295        2964.5685464611315       2502.294445801098
1.18647                  2.64                     0.37878787878787873      4.81679891515559E-13     5.103318588140371E-13    0.25                     5.0E10                   2700                     5134.783344991295        2964.5685464611315       2502.294445801098
1.18647                  2.66                     0.37593984962406013      4.826480931625036E-13    5.113524130712758E-13    0.25                     5.0E10                   2700                     5134.783344991295        2964.5685464611315       2502.294445801098
1.18647                  2.68                     0.3731343283582089       4.83666720768685E-13     5.124055231409916E-13    0.25                     5.0E10                   2700                     5134.783344991295        2964.5685464611315       2502.294445801098
1.18647                  2.7                      0.37037037037037035      4.847263128785586E-13    5.134826105521595E-13    0.25                     5.0E10                   2700                     5134.783344991295        2964.5685464611315       2502.294445801098
1.18647                  2.72                     0.3676470588235294       4.858173537115871E-13    5.14574980508784E-13     0.25                     5.0E10                   2700                     5134.783344991295        2964.5685464611315       2502.294445801098
1.18647                  2.74                     0.36496350364963503      4.869303771148707E-13    5.156739295766773E-13    0.25                     5.0E10                   2700                     5134.783344991295        2964.5685464611315       2502.294445801098
1.18647                  2.7600000000000002       0.36231884057971014      4.880560654131454E-13    5.167708488488607E-13    0.25                     5.0E10                   2700                     5134.783344991295        2964.5685464611315       2502.294445801098
1.18647                  2.7800000000000002       0.35971223021582727      4.89185342086929E-13     5.178573213064403E-13    0.25                     5.0E10                   2700                     5134.783344991295        2964.5685464611315       2502.294445801098
1.18647                  2.8000000000000003       0.3571428571428571       4.903094572857871E-13    5.189252122192423E-13    0.25                     5.0E10                   2700                     5134.783344991295        2964.5685464611315       2502.294445801098
1.18647                  2.8200000000000003       0.35460992907801414      4.914200653503302E-13    5.199667515955206E-13    0.25                     5.0E10                   2700                     5134.783344991295        2964.5685464611315       2502.294445801098
1.18647                  2.8400000000000003       0.352112676056338        4.925092936560751E-13    5.209746078840468E-13    0.25                     5.0E10                   2700                     5134.783344991295        2964.5685464611315       2502.294445801098
1.18647                  2.8600000000000003       0.3496503496503496       4.935698022549212E-13    5.21941952282252E-13     0.25                     5.0E10                   2700                     5134.783344991295        2964.5685464611315       2502.294445801098
1.18647                  2.8800000000000003       0.3472222222222222       4.945948339350752E-13    5.228625131973631E-13    0.25                     5.0E10                   2700                     5134.783344991295        2964.5685464611315       2502.294445801098
1.18647                  2.9000000000000004       0.3448275862068965       4.955782544832175E-13    5.237306205808201E-13    0.25                     5.0E10                   2700                     5134.783344991295        2964.5685464611315       2502.294445801098
1.18647                  2.92                     0.34246575342465757      4.965145676057854E-13    5.245412305642312E-13    0.25                     5.0E10                   2700                     5134.783344991295        2964.5685464611315       2502.294445801098
1.18647                  2.94                     0.3401360544217687       4.973990050289885E-13    5.252899937341084E-13    0.25                     5.0E10                   2700                     5134.783344991295        2964.5685464611315       2502.294445801098
1.18647                  2.96                     0.33783783783783783      4.982274224264624E-13    5.259731929960849E-13    0.25                     5.0E10                   2700                     5134.783344991295        2964.5685464611315       2502.294445801098
1.18647                  2.98                     0.3355704697986577       4.989963859347122E-13    5.265878055681048E-13    0.25                     5.0E10                   2700                     5134.783344991295        2964.5685464611315       2502.294445801098
1.18647                  3                        0.3333333333333333       4.99703142878511E-13     5.271314826473285E-13    0.25                     5.0E10                   2700                     5134.783344991295        2964.5685464611315       2502.294445801098
1.18647                  3.02                     0.33112582781456956      5.00345607582198E-13     5.276025368112952E-13    0.25                     5.0E10                   2700                     5134.783344991295        2964.5685464611315       2502.294445801098
1.18647                  3.04                     0.32894736842105265      5.009223400867251E-13    5.279999219488765E-13    0.25                     5.0E10                   2700                     5134.783344991295        2964.5685464611315       2502.294445801098
1.18647                  3.06                     0.32679738562091504      5.014325185904658E-13    5.283232065515061E-13    0.25                     5.0E10                   2700                     5134.783344991295        2964.5685464611315       2502.294445801098
1.18647                  3.08                     0.3246753246753247       5.018759064965414E-13    5.285725412985861E-13    0.25                     5.0E10                   2700                     5134.783344991295        2964.5685464611315       2502.294445801098
1.18647                  3.1                      0.32258064516129037      5.022528149806883E-13    5.287486218729029E-13    0.25                     5.0E10                   2700                     5134.783344991295        2964.5685464611315       2502.294445801098
1.18647                  3.12                     0.32051282051282054      5.025640619673426E-13    5.288526479460781E-13    0.25                     5.0E10                   2700                     5134.783344991295        2964.5685464611315       2502.294445801098
1.18647                  3.14                     0.3184713375796178       5.028109284376707E-13    5.2888627928763E-13      0.25                     5.0E10                   2700                     5134.783344991295        2964.5685464611315       2502.294445801098
1.18647                  3.16                     0.3164556962025316       5.029951129194969E-13    5.288515898871217E-13    0.25                     5.0E10                   2700                     5134.783344991295        2964.5685464611315       2502.294445801098
1.18647                  3.18                     0.31446540880503143      5.03118684986968E-13     5.287510209544552E-13    0.25                     5.0E10                   2700                     5134.783344991295        2964.5685464611315       2502.294445801098
1.18647                  3.2                      0.3125                   5.031840385069195E-13    5.285873335774475E-13    0.25                     5.0E10                   2700                     5134.783344991295        2964.5685464611315       2502.294445801098
1.18647                  3.22                     0.31055900621118004      5.03193845350416E-13     5.283635617642777E-13    0.25                     5.0E10                   2700                     5134.783344991295        2964.5685464611315       2502.294445801098
1.18647                  3.24                     0.30864197530864196      5.03151010127082E-13     5.280829664903718E-13    0.25                     5.0E10                   2700                     5134.783344991295        2964.5685464611315       2502.294445801098
1.18647                  3.2600000000000002       0.3067484662576687       5.030586265044497E-13    5.277489913051409E-13    0.25                     5.0E10                   2700                     5134.783344991295        2964.5685464611315       2502.294445801098
1.18647                  3.2800000000000002       0.3048780487804878       5.029199355306136E-13    5.273652199550719E-13    0.25                     5.0E10                   2700                     5134.783344991295        2964.5685464611315       2502.294445801098
1.18647                  3.3000000000000003       0.30303030303030304      5.027382863141506E-13    5.26935336400863E-13     0.25                     5.0E10                   2700                     5134.783344991295        2964.5685464611315       2502.294445801098
1.18647                  3.3200000000000003       0.3012048192771084       5.025170993355166E-13    5.264630874928109E-13    0.25                     5.0E10                   2700                     5134.783344991295        2964.5685464611315       2502.294445801098
1.18647                  3.3400000000000003       0.29940119760479045      5.022676709005814E-13    5.259640691084241E-13    0.25                     5.0E10                   2700                     5134.783344991295        2964.5685464611315       2502.294445801098
1.18647                  3.3600000000000003       0.29761904761904756      5.019771347667497E-13    5.254172833886182E-13    0.25                     5.0E10                   2700                     5134.783344991295        2964.5685464611315       2502.294445801098
1.18647                  3.3800000000000003       0.29585798816568043      5.016573824017674E-13    5.248393697383702E-13    0.25                     5.0E10                   2700                     5134.783344991295        2964.5685464611315       2502.294445801098
1.18647                  3.4000000000000004       0.2941176470588235       5.013118178522895E-13    5.242340210020174E-13    0.25                     5.0E10                   2700                     5134.783344991295        2964.5685464611315       2502.294445801098
1.18647                  3.4200000000000004       0.29239766081871343      5.009437771841905E-13    5.236048513294399E-13    0.25                     5.0E10                   2700                     5134.783344991295        2964.5685464611315       2502.294445801098
1.18647                  3.44                     0.29069767441860467      5.00556509407175E-13     5.229553768576542E-13    0.25                     5.0E10                   2700                     5134.783344991295        2964.5685464611315       2502.294445801098
1.18647                  3.46                     0.2890173410404624       5.001531601695039E-13    5.222889992695248E-13    0.25                     5.0E10                   2700                     5134.783344991295        2964.5685464611315       2502.294445801098
1.18647                  3.48                     0.28735632183908044      4.99736758139466E-13     5.216089920755885E-13    0.25                     5.0E10                   2700                     5134.783344991295        2964.5685464611315       2502.294445801098
1.18647                  3.5                      0.2857142857142857       4.993102038455037E-13    5.209184894401058E-13    0.25                     5.0E10                   2700                     5134.783344991295        2964.5685464611315       2502.294445801098
1.18647                  3.52                     0.2840909090909091       4.988763609646479E-13    5.202205594823718E-13    0.25                     5.0E10                   2700                     5134.783344991295        2964.5685464611315       2502.294445801098
1.18647                  3.54                     0.2824858757062147       4.984376502464035E-13    5.195178683154339E-13    0.25                     5.0E10                   2700                     5134.783344991295        2964.5685464611315       2502.294445801098
1.18647                  3.56                     0.28089887640449435      4.979966422040569E-13    5.188131709752092E-13    0.25                     5.0E10                   2700                     5134.783344991295        2964.5685464611315       2502.294445801098
1.18647                  3.58                     0.2793296089385475       4.975556568572738E-13    5.18108977153324E-13     0.25                     5.0E10                   2700                     5134.783344991295        2964.5685464611315       2502.294445801098
1.18647                  3.6                      0.2777777777777778       4.97116861316007E-13     5.174076330870871E-13    0.25                     5.0E10                   2700                     5134.783344991295        2964.5685464611315       2502.294445801098
1.18647                  3.62                     0.27624309392265195      4.966822697053012E-13    5.167113217373039E-13    0.25                     5.0E10                   2700                     5134.783344991295        2964.5685464611315       2502.294445801098
1.18647                  3.64                     0.2747252747252747       4.962537442961572E-13    5.160220641925693E-13    0.25                     5.0E10                   2700                     5134.783344991295        2964.5685464611315       2502.294445801098
1.18647                  3.66                     0.27322404371584696      4.958329976895669E-13    5.153417221559831E-13    0.25                     5.0E10                   2700                     5134.783344991295        2964.5685464611315       2502.294445801098
1.18647                  3.68                     0.2717391304347826       4.954215958829486E-13    5.146720013310428E-13    0.25                     5.0E10                   2700                     5134.783344991295        2964.5685464611315       2502.294445801098
1.18647                  3.7                      0.2702702702702703       4.950209620843978E-13    5.140144555578866E-13    0.25                     5.0E10                   2700                     5134.783344991295        2964.5685464611315       2502.294445801098
1.18647                  3.72                     0.26881720430107525      4.946323811569207E-13    5.133704915979923E-13    0.25                     5.0E10                   2700                     5134.783344991295        2964.5685464611315       2502.294445801098
1.18647                  3.74                     0.267379679144385        4.942570045534874E-13    5.127413744177449E-13    0.25                     5.0E10                   2700                     5134.783344991295        2964.5685464611315       2502.294445801098
1.18647                  3.7600000000000002       0.26595744680851063      4.938958556387739E-13    5.121282328520363E-13    0.25                     5.0E10                   2700                     5134.783344991295        2964.5685464611315       2502.294445801098
1.18647                  3.7800000000000002       0.26455026455026454      4.935498353220021E-13    5.115320655831298E-13    0.25                     5.0E10                   2700                     5134.783344991295        2964.5685464611315       2502.294445801098
1.18647                  3.8000000000000003       0.2631578947368421       4.932197278868079E-13    5.109537473157723E-13    0.25                     5.0E10                   2700                     5134.783344991295        2964.5685464611315       2502.294445801098
1.18647                  3.8200000000000003       0.26178010471204183      4.92906206963041E-13     5.103940350884413E-13    0.25                     5.0E10                   2700                     5134.783344991295        2964.5685464611315       2502.294445801098
1.18647                  3.8400000000000003       0.26041666666666663      4.92609841569412E-13     5.098535746449956E-13    0.25                     5.0E10                   2700                     5134.783344991295        2964.5685464611315       2502.294445801098
1.18647                  3.8600000000000003       0.25906735751295334      4.923311021546076E-13    5.093329068058135E-13    0.25                     5.0E10                   2700                     5134.783344991295        2964.5685464611315       2502.294445801098
1.18647                  3.8800000000000003       0.25773195876288657      4.920703666230119E-13    5.088324738055203E-13    0.25                     5.0E10                   2700                     5134.783344991295        2964.5685464611315       2502.294445801098
1.18647                  3.9000000000000004       0.2564102564102564       4.918279262647903E-13    5.083526255305441E-13    0.25                     5.0E10                   2700                     5134.783344991295        2964.5685464611315       2502.294445801098
1.18647                  3.9200000000000004       0.25510204081632654      4.916039915805118E-13    5.078936256409607E-13    0.25                     5.0E10                   2700                     5134.783344991295        2964.5685464611315       2502.294445801098
1.18647                  3.94                     0.25380710659898476      4.913986979612674E-13    5.0745565753575E-13      0.25                     5.0E10                   2700                     5134.783344991295        2964.5685464611315       2502.294445801098
1.18647                  3.96                     0.2525252525252525       4.91212111209895E-13     5.070388301464934E-13    0.25                     5.0E10                   2700                     5134.783344991295        2964.5685464611315       2502.294445801098
1.18647                  3.98                     0.25125628140703515      4.910442328661839E-13    5.066431835260151E-13    0.25                     5.0E10                   2700                     5134.783344991295        2964.5685464611315       2502.294445801098
1.18647                  4                        0.25                     4.908950053532187E-13    5.062686942438443E-13    0.25                     5.0E10                   2700                     5134.783344991295        2964.5685464611315       2502.294445801098
1.18647                  4.02                     0.24875621890547264      4.907643169015869E-13    5.059152805539726E-13    0.25                     5.0E10                   2700                     5134.783344991295        2964.5685464611315       2502.294445801098
1.18647                  4.04                     0.24752475247524755      4.906520062593159E-13    5.055828073291964E-13    0.25                     5.0E10                   2700                     5134.783344991295        2964.5685464611315       2502.294445801098
1.18647                  4.06                     0.24630541871921185      4.905578671910042E-13    5.052710907833457E-13    0.25                     5.0E10                   2700                     5134.783344991295        2964.5685464611315       2502.294445801098
1.18647                  4.08                     0.2450980392156863       4.904816527507646E-13    5.049799029408144E-13    0.25                     5.0E10                   2700                     5134.783344991295        2964.5685464611315       2502.294445801098
1.18647                  4.1                      0.24390243902439027      4.904230793278745E-13    5.047089758890225E-13    0.25                     5.0E10                   2700                     5134.783344991295        2964.5685464611315       2502.294445801098
1.18647                  4.12                     0.24271844660194172      4.903818304873046E-13    5.044580057984368E-13    0.25                     5.0E10                   2700                     5134.783344991295        2964.5685464611315       2502.294445801098
1.18647                  4.14                     0.2415458937198068       4.903575605784342E-13    5.042266567113222E-13    0.25                     5.0E10                   2700                     5134.783344991295        2964.5685464611315       2502.294445801098
1.18647                  4.16                     0.24038461538461536      4.903498981425839E-13    5.040145641105927E-13    0.25                     5.0E10                   2700                     5134.783344991295        2964.5685464611315       2502.294445801098
1.18647                  4.18                     0.2392344497607656       4.903584491072053E-13    5.038213382833474E-13    0.25                     5.0E10                   2700                     5134.783344991295        2964.5685464611315       2502.294445801098
1.18647                  4.199999999999999        0.23809523809523814      4.903827997837474E-13    5.03646567453803E-13     0.25                     5.0E10                   2700                     5134.783344991295        2964.5685464611315       2502.294445801098
1.18647                  4.22                     0.23696682464454977      4.904225196688108E-13    5.034898207413311E-13    0.25                     5.0E10                   2700                     5134.783344991295        2964.5685464611315       2502.294445801098
1.18647                  4.239999999999999        0.23584905660377362      4.90477164059787E-13     5.03350650894369E-13     0.25                     5.0E10                   2700                     5134.783344991295        2964.5685464611315       2502.294445801098
1.18647                  4.26                     0.2347417840375587       4.905462764903284E-13    5.032285968705327E-13    0.25                     5.0E10                   2700                     5134.783344991295        2964.5685464611315       2502.294445801098
1.18647                  4.279999999999999        0.23364485981308417      4.906293909864502E-13    5.031231861963935E-13    0.25                     5.0E10                   2700                     5134.783344991295        2964.5685464611315       2502.294445801098
1.18647                  4.3                      0.23255813953488372      4.907260341772635E-13    5.030339372079151E-13    0.25                     5.0E10                   2700                     5134.783344991295        2964.5685464611315       2502.294445801098
1.18647                  4.319999999999999        0.23148148148148148      4.908357272239887E-13    5.029603610687857E-13    0.25                     5.0E10                   2700                     5134.783344991295        2964.5685464611315       2502.294445801098
1.18647                  4.34                     0.2304147465437788       4.909579876152375E-13    5.029019636832982E-13    0.25                     5.0E10                   2700                     5134.783344991295        2964.5685464611315       2502.294445801098
1.18647                  4.359999999999999        0.22935779816513763      4.910923308230979E-13    5.028582474455613E-13    0.25                     5.0E10                   2700                     5134.783344991295        2964.5685464611315       2502.294445801098
1.18647                  4.38                     0.228310502283105        4.912384820272382E-13    5.02828873470685E-13     0.25                     5.0E10                   2700                     5134.783344991295        2964.5685464611315       2502.294445801098
1.18647                  4.3999999999999995       0.22727272727272732      4.913955406336069E-13    5.028130246590116E-13    0.25                     5.0E10                   2700                     5134.783344991295        2964.5685464611315       2502.294445801098
1.18647                  4.42                     0.22624434389140272      4.915632308726678E-13    5.028103585110744E-13    0.25                     5.0E10                   2700                     5134.783344991295        2964.5685464611315       2502.294445801098
1.18647                  4.4399999999999995       0.22522522522522526      4.917410740441601E-13    5.028203781389442E-13    0.25                     5.0E10                   2700                     5134.783344991295        2964.5685464611315       2502.294445801098
1.18647                  4.46                     0.2242152466367713       4.919285958046456E-13    5.02842589927924E-13     0.25                     5.0E10                   2700                     5134.783344991295        2964.5685464611315       2502.294445801098
1.18647                  4.4799999999999995       0.2232142857142857       4.921253271078023E-13    5.028765045604148E-13    0.25                     5.0E10                   2700                     5134.783344991295        2964.5685464611315       2502.294445801098
1.18647                  4.5                      0.22222222222222224      4.923308050695349E-13    5.029216379303265E-13    0.25                     5.0E10                   2700                     5134.783344991295        2964.5685464611315       2502.294445801098
1.18647                  4.52                     0.22123893805309736      4.92544573717238E-13     5.029775119750257E-13    0.25                     5.0E10                   2700                     5134.783344991295        2964.5685464611315       2502.294445801098
1.18647                  4.54                     0.22026431718061676      4.927661846864209E-13    5.030436554217233E-13    0.25                     5.0E10                   2700                     5134.783344991295        2964.5685464611315       2502.294445801098
1.18647                  4.56                     0.21929824561403513      4.92995197810662E-13     5.031196044479372E-13    0.25                     5.0E10                   2700                     5134.783344991295        2964.5685464611315       2502.294445801098
1.18647                  4.58                     0.21834061135371177      4.932311816702203E-13    5.032049032703824E-13    0.25                     5.0E10                   2700                     5134.783344991295        2964.5685464611315       2502.294445801098
1.18647                  4.6                      0.2173913043478261       4.93473714040529E-13     5.032991046579381E-13    0.25                     5.0E10                   2700                     5134.783344991295        2964.5685464611315       2502.294445801098
1.18647                  4.62                     0.21645021645021645      4.937223823014474E-13    5.034017703982128E-13    0.25                     5.0E10                   2700                     5134.783344991295        2964.5685464611315       2502.294445801098
1.18647                  4.64                     0.21551724137931036      4.939767837810825E-13    5.035124716753511E-13    0.25                     5.0E10                   2700                     5134.783344991295        2964.5685464611315       2502.294445801098
1.18647                  4.66                     0.2145922746781116       4.942365260397241E-13    5.036307894123444E-13    0.25                     5.0E10                   2700                     5134.783344991295        2964.5685464611315       2502.294445801098
1.18647                  4.68                     0.21367521367521367      4.945012271014184E-13    5.037563145412261E-13    0.25                     5.0E10                   2700                     5134.783344991295        2964.5685464611315       2502.294445801098
1.18647                  4.7                      0.2127659574468085       4.947705156616271E-13    5.038886482620959E-13    0.25                     5.0E10                   2700                     5134.783344991295        2964.5685464611315       2502.294445801098
1.18647                  4.72                     0.211864406779661        4.950440312162937E-13    5.04027402204575E-13     0.25                     5.0E10                   2700                     5134.783344991295        2964.5685464611315       2502.294445801098
1.18647                  4.739999999999999        0.21097046413502113      4.953214241857385E-13    5.04172198598106E-13     0.25                     5.0E10                   2700                     5134.783344991295        2964.5685464611315       2502.294445801098
1.18647                  4.76                     0.21008403361344538      4.956023559653594E-13    5.043226703538121E-13    0.25                     5.0E10                   2700                     5134.783344991295        2964.5685464611315       2502.294445801098
1.18647                  4.779999999999999        0.20920502092050208      4.958864989739241E-13    5.044784611591108E-13    0.25                     5.0E10                   2700                     5134.783344991295        2964.5685464611315       2502.294445801098
1.18647                  4.8                      0.20833333333333334      4.96173536662654E-13     5.046392255141258E-13    0.25                     5.0E10                   2700                     5134.783344991295        2964.5685464611315       2502.294445801098
1.18647                  4.819999999999999        0.2074688796680498       4.964631634772604E-13    5.048046287310292E-13    0.25                     5.0E10                   2700                     5134.783344991295        2964.5685464611315       2502.294445801098
1.18647                  4.84                     0.20661157024793386      4.967550848208541E-13    5.049743469252822E-13    0.25                     5.0E10                   2700                     5134.783344991295        2964.5685464611315       2502.294445801098
1.18647                  4.859999999999999        0.20576131687242802      4.970490169693841E-13    5.051480669681368E-13    0.25                     5.0E10                   2700                     5134.783344991295        2964.5685464611315       2502.294445801098
1.18647                  4.88                     0.20491803278688525      4.973446869951077E-13    5.053254864277896E-13    0.25                     5.0E10                   2700                     5134.783344991295        2964.5685464611315       2502.294445801098
1.18647                  4.8999999999999995       0.20408163265306126      4.976418326261637E-13    5.055063134773401E-13    0.25                     5.0E10                   2700                     5134.783344991295        2964.5685464611315       2502.294445801098
1.18647                  4.92                     0.2032520325203252       4.979402021315225E-13    5.056902667838279E-13    0.25                     5.0E10                   2700                     5134.783344991295        2964.5685464611315       2502.294445801098
1.18647                  4.9399999999999995       0.20242914979757085      4.982395541672865E-13    5.058770754054336E-13    0.25                     5.0E10                   2700                     5134.783344991295        2964.5685464611315       2502.294445801098
1.18647                  4.96                     0.20161290322580644      4.985396576153396E-13    5.060664786267862E-13    0.25                     5.0E10                   2700                     5134.783344991295        2964.5685464611315       2502.294445801098
1.18647                  4.9799999999999995       0.20080321285140565      4.988402914153351E-13    5.06258225833079E-13     0.25                     5.0E10                   2700                     5134.783344991295        2964.5685464611315       2502.294445801098
1.18647                  5                        0.2                      4.992362704078574E-13    5.065682272304372E-13    0.25                     5.0E10                   2700                     5134.783344991295        2964.5685464611315       2502.294445801098
1.18647                  5.02                     0.19920318725099603      4.995363162219577E-13    5.067629621132254E-13    0.25                     5.0E10                   2700                     5134.783344991295        2964.5685464611315       2502.294445801098
1.18647                  5.04                     0.1984126984126984       4.99836274383495E-13     5.069593280613484E-13    0.25                     5.0E10                   2700                     5134.783344991295        2964.5685464611315       2502.294445801098
1.18647                  5.06                     0.19762845849802374      5.001359632414032E-13    5.071571146960353E-13    0.25                     5.0E10                   2700                     5134.783344991295        2964.5685464611315       2502.294445801098
1.18647                  5.08                     0.19685039370078738      5.004352101312761E-13    5.073561207384388E-13    0.25                     5.0E10                   2700                     5134.783344991295        2964.5685464611315       2502.294445801098
1.18647                  5.1                      0.19607843137254904      5.007338511495364E-13    5.075561538175225E-13    0.25                     5.0E10                   2700                     5134.783344991295        2964.5685464611315       2502.294445801098
1.18647                  5.12                     0.19531249999999997      5.010317309355265E-13    5.077570302497366E-13    0.25                     5.0E10                   2700                     5134.783344991295        2964.5685464611315       2502.294445801098
1.18647                  5.14                     0.1945525291828794       5.013287024449185E-13    5.079585748410294E-13    0.25                     5.0E10                   2700                     5134.783344991295        2964.5685464611315       2502.294445801098
1.18647                  5.16                     0.19379844961240308      5.016246266979676E-13    5.081606206558568E-13    0.25                     5.0E10                   2700                     5134.783344991295        2964.5685464611315       2502.294445801098
1.18647                  5.18                     0.19305019305019305      5.019193725838874E-13    5.083630088102206E-13    0.25                     5.0E10                   2700                     5134.783344991295        2964.5685464611315       2502.294445801098
1.18647                  5.2                      0.1923076923076923       5.022128165766685E-13    5.085655882517162E-13    0.25                     5.0E10                   2700                     5134.783344991295        2964.5685464611315       2502.294445801098
1.18647                  5.22                     0.19157088122605365      5.025048425510526E-13    5.087682155268539E-13    0.25                     5.0E10                   2700                     5134.783344991295        2964.5685464611315       2502.294445801098
1.18647                  5.239999999999999        0.19083969465648856      5.027953415238431E-13    5.089707545744606E-13    0.25                     5.0E10                   2700                     5134.783344991295        2964.5685464611315       2502.294445801098
1.18647                  5.26                     0.19011406844106465      5.030842114121571E-13    5.091730765020765E-13    0.25                     5.0E10                   2700                     5134.783344991295        2964.5685464611315       2502.294445801098
1.18647                  5.279999999999999        0.18939393939393942      5.033713568242037E-13    5.093750593469696E-13    0.25                     5.0E10                   2700                     5134.783344991295        2964.5685464611315       2502.294445801098
1.18647                  5.3                      0.18867924528301888      5.036566888167208E-13    5.095765878882778E-13    0.25                     5.0E10                   2700                     5134.783344991295        2964.5685464611315       2502.294445801098
1.18647                  5.319999999999999        0.1879699248120301       5.039401246693355E-13    5.097775533972292E-13    0.25                     5.0E10                   2700                     5134.783344991295        2964.5685464611315       2502.294445801098
1.18647                  5.34                     0.18726591760299627      5.042215876616282E-13    5.099778534475972E-13    0.25                     5.0E10                   2700                     5134.783344991295        2964.5685464611315       2502.294445801098
1.18647                  5.359999999999999        0.1865671641791045       5.045010068432246E-13    5.101773916802731E-13    0.25                     5.0E10                   2700                     5134.783344991295        2964.5685464611315       2502.294445801098
1.18647                  5.38                     0.1858736059479554       5.04778316835647E-13     5.103760776079569E-13    0.25                     5.0E10                   2700                     5134.783344991295        2964.5685464611315       2502.294445801098
1.18647                  5.3999999999999995       0.1851851851851852       5.050534575846387E-13    5.105738263953651E-13    0.25                     5.0E10                   2700                     5134.783344991295        2964.5685464611315       2502.294445801098
1.18647                  5.42                     0.18450184501845018      5.053263741804233E-13    5.107705586624783E-13    0.25                     5.0E10                   2700                     5134.783344991295        2964.5685464611315       2502.294445801098
1.18647                  5.4399999999999995       0.18382352941176472      5.055970166355899E-13    5.109662002766926E-13    0.25                     5.0E10                   2700                     5134.783344991295        2964.5685464611315       2502.294445801098
1.18647                  5.46                     0.18315018315018314      5.058653396739752E-13    5.111606821591544E-13    0.25                     5.0E10                   2700                     5134.783344991295        2964.5685464611315       2502.294445801098
1.18647                  5.4799999999999995       0.18248175182481755      5.061313025437077E-13    5.113539400796806E-13    0.25                     5.0E10                   2700                     5134.783344991295        2964.5685464611315       2502.294445801098
1.18647                  5.5                      0.18181818181818182      5.063948688287815E-13    5.11545914482446E-13     0.25                     5.0E10                   2700                     5134.783344991295        2964.5685464611315       2502.294445801098
1.18647                  5.52                     0.1811594202898551       5.066560062284637E-13    5.117365502821921E-13    0.25                     5.0E10                   2700                     5134.783344991295        2964.5685464611315       2502.294445801098
1.18647                  5.54                     0.18050541516245486      5.069146864072151E-13    5.119257966949508E-13    0.25                     5.0E10                   2700                     5134.783344991295        2964.5685464611315       2502.294445801098
1.18647                  5.56                     0.1798561151079137       5.071708847936502E-13    5.121136070499329E-13    0.25                     5.0E10                   2700                     5134.783344991295        2964.5685464611315       2502.294445801098
1.18647                  5.58                     0.17921146953405018      5.074245804024274E-13    5.122999386182307E-13    0.25                     5.0E10                   2700                     5134.783344991295        2964.5685464611315       2502.294445801098
1.18647                  5.6                      0.17857142857142858      5.076757556760095E-13    5.124847524453359E-13    0.25                     5.0E10                   2700                     5134.783344991295        2964.5685464611315       2502.294445801098
1.18647                  5.62                     0.17793594306049823      5.07924396306633E-13     5.126680131856451E-13    0.25                     5.0E10                   2700                     5134.783344991295        2964.5685464611315       2502.294445801098
1.18647                  5.64                     0.1773049645390071       5.081704910793188E-13    5.128496889324088E-13    0.25                     5.0E10                   2700                     5134.783344991295        2964.5685464611315       2502.294445801098
1.18647                  5.66                     0.17667844522968196      5.084140317082302E-13    5.130297510752742E-13    0.25                     5.0E10                   2700                     5134.783344991295        2964.5685464611315       2502.294445801098
1.18647                  5.68                     0.17605633802816903      5.086550126984695E-13    5.132081741333647E-13    0.25                     5.0E10                   2700                     5134.783344991295        2964.5685464611315       2502.294445801098
1.18647                  5.7                      0.17543859649122806      5.088934311892379E-13    5.133849356244942E-13    0.25                     5.0E10                   2700                     5134.783344991295        2964.5685464611315       2502.294445801098
1.18647                  5.72                     0.17482517482517484      5.091292867962408E-13    5.135600158981664E-13    0.25                     5.0E10                   2700                     5134.783344991295        2964.5685464611315       2502.294445801098
1.18647                  5.739999999999999        0.17421602787456447      5.093625815060756E-13    5.137333980226659E-13    0.25                     5.0E10                   2700                     5134.783344991295        2964.5685464611315       2502.294445801098
1.18647                  5.76                     0.1736111111111111       5.095933195091667E-13    5.139050676261067E-13    0.25                     5.0E10                   2700                     5134.783344991295        2964.5685464611315       2502.294445801098
1.18647                  5.779999999999999        0.17301038062283738      5.098215071126755E-13    5.140750127949145E-13    0.25                     5.0E10                   2700                     5134.783344991295        2964.5685464611315       2502.294445801098
1.18647                  5.8                      0.1724137931034483       5.100471525657071E-13    5.142432239105198E-13    0.25                     5.0E10                   2700                     5134.783344991295        2964.5685464611315       2502.294445801098
1.18647                  5.819999999999999        0.17182130584192443      5.102702659723563E-13    5.144096935611357E-13    0.25                     5.0E10                   2700                     5134.783344991295        2964.5685464611315       2502.294445801098
1.18647                  5.84                     0.17123287671232879      5.104913469712166E-13    5.1457486424068E-13      0.25                     5.0E10                   2700                     5134.783344991295        2964.5685464611315       2502.294445801098
1.18647                  5.859999999999999        0.17064846416382254      5.107094406603883E-13    5.147378432827375E-13    0.25                     5.0E10                   2700                     5134.783344991295        2964.5685464611315       2502.294445801098
1.18647                  5.88                     0.17006802721088435      5.109250426727213E-13    5.148990707021724E-13    0.25                     5.0E10                   2700                     5134.783344991295        2964.5685464611315       2502.294445801098
1.18647                  5.8999999999999995       0.16949152542372883      5.111381693886219E-13    5.150585467185654E-13    0.25                     5.0E10                   2700                     5134.783344991295        2964.5685464611315       2502.294445801098
1.18647                  5.92                     0.16891891891891891      5.1134883850864E-13      5.152162732033111E-13    0.25                     5.0E10                   2700                     5134.783344991295        2964.5685464611315       2502.294445801098
1.18647                  5.9399999999999995       0.16835016835016836      5.115570689503843E-13    5.153722535746138E-13    0.25                     5.0E10                   2700                     5134.783344991295        2964.5685464611315       2502.294445801098
1.18647                  5.96                     0.16778523489932884      5.117628807504547E-13    5.155264927006073E-13    0.25                     5.0E10                   2700                     5134.783344991295        2964.5685464611315       2502.294445801098
1.18647                  5.9799999999999995       0.16722408026755856      5.119662950005334E-13    5.156789968175862E-13    0.25                     5.0E10                   2700                     5134.783344991295        2964.5685464611315       2502.294445801098
1.18647                  6                        0.16666666666666666      5.121673337416698E-13    5.158297734369611E-13    0.25                     5.0E10                   2700                     5134.783344991295        2964.5685464611315       2502.294445801098
1.18647                  6.02                     0.16611295681063123      5.123660198827506E-13    5.159788312590686E-13    0.25                     5.0E10                   2700                     5134.783344991295        2964.5685464611315       2502.294445801098
1.18647                  6.04                     0.16556291390728478      5.125623771633298E-13    5.161261801080069E-13    0.25                     5.0E10                   2700                     5134.783344991295        2964.5685464611315       2502.294445801098
1.18647                  6.06                     0.16501650165016504      5.127564300308469E-13    5.162718308383441E-13    0.25                     5.0E10                   2700                     5134.783344991295        2964.5685464611315       2502.294445801098
1.18647                  6.08                     0.16447368421052633      5.129482035977693E-13    5.164157952658659E-13    0.25                     5.0E10                   2700                     5134.783344991295        2964.5685464611315       2502.294445801098
1.18647                  6.1                      0.16393442622950818      5.131377235823589E-13    5.165580861112241E-13    0.25                     5.0E10                   2700                     5134.783344991295        2964.5685464611315       2502.294445801098
1.18647                  6.12                     0.16339869281045752      5.133250162203123E-13    5.166987169082296E-13    0.25                     5.0E10                   2700                     5134.783344991295        2964.5685464611315       2502.294445801098
1.18647                  6.14                     0.16286644951140067      5.135101082237608E-13    5.168377019620279E-13    0.25                     5.0E10                   2700                     5134.783344991295        2964.5685464611315       2502.294445801098
1.18647                  6.16                     0.16233766233766234      5.136930267290265E-13    5.169750562764753E-13    0.25                     5.0E10                   2700                     5134.783344991295        2964.5685464611315       2502.294445801098
1.18647                  6.18                     0.16181229773462782      5.138737992271739E-13    5.17110795496279E-13     0.25                     5.0E10                   2700                     5134.783344991295        2964.5685464611315       2502.294445801098
1.18647                  6.2                      0.16129032258064518      5.140524535191287E-13    5.172449358572144E-13    0.25                     5.0E10                   2700                     5134.783344991295        2964.5685464611315       2502.294445801098
1.18647                  6.22                     0.16077170418006428      5.142290176661803E-13    5.173774941241538E-13    0.25                     5.0E10                   2700                     5134.783344991295        2964.5685464611315       2502.294445801098
1.18647                  6.24                     0.16025641025641027      5.144035199452774E-13    5.175084875460108E-13    0.25                     5.0E10                   2700                     5134.783344991295        2964.5685464611315       2502.294445801098
1.18647                  6.26                     0.1597444089456869       5.145759888100435E-13    5.176379338079635E-13    0.25                     5.0E10                   2700                     5134.783344991295        2964.5685464611315       2502.294445801098
1.18647                  6.279999999999999        0.15923566878980894      5.147464528450321E-13    5.177658509870944E-13    0.25                     5.0E10                   2700                     5134.783344991295        2964.5685464611315       2502.294445801098
1.18647                  6.3                      0.15873015873015872      5.14914940719227E-13     5.178922574991122E-13    0.25                     5.0E10                   2700                     5134.783344991295        2964.5685464611315       2502.294445801098
1.18647                  6.319999999999999        0.15822784810126583      5.150814811561419E-13    5.180171720669463E-13    0.25                     5.0E10                   2700                     5134.783344991295        2964.5685464611315       2502.294445801098
1.18647                  6.34                     0.1577287066246057       5.152461029154677E-13    5.181406136855589E-13    0.25                     5.0E10                   2700                     5134.783344991295        2964.5685464611315       2502.294445801098
1.18647                  6.359999999999999        0.15723270440251574      5.154088347219806E-13    5.182626015630685E-13    0.25                     5.0E10                   2700                     5134.783344991295        2964.5685464611315       2502.294445801098
1.18647                  6.38                     0.15673981191222572      5.155697052701484E-13    5.183831551106662E-13    0.25                     5.0E10                   2700                     5134.783344991295        2964.5685464611315       2502.294445801098
1.18647                  6.3999999999999995       0.15625                  5.157287431843554E-13    5.18502293898855E-13     0.25                     5.0E10                   2700                     5134.783344991295        2964.5685464611315       2502.294445801098
1.18647                  6.42                     0.1557632398753894       5.158859769899966E-13    5.186200376233814E-13    0.25                     5.0E10                   2700                     5134.783344991295        2964.5685464611315       2502.294445801098
1.18647                  6.4399999999999995       0.15527950310559008      5.160414350787906E-13    5.187364060756219E-13    0.25                     5.0E10                   2700                     5134.783344991295        2964.5685464611315       2502.294445801098
1.18647                  6.46                     0.15479876160990713      5.161951457088305E-13    5.188514191231073E-13    0.25                     5.0E10                   2700                     5134.783344991295        2964.5685464611315       2502.294445801098
1.18647                  6.4799999999999995       0.154320987654321        5.163471369632987E-13    5.189650966733745E-13    0.25                     5.0E10                   2700                     5134.783344991295        2964.5685464611315       2502.294445801098
1.18647                  6.5                      0.15384615384615383      5.16497436730392E-13     5.190774586512747E-13    0.25                     5.0E10                   2700                     5134.783344991295        2964.5685464611315       2502.294445801098
1.18647                  6.52                     0.15337423312883436      5.166460727046013E-13    5.191885249868301E-13    0.25                     5.0E10                   2700                     5134.783344991295        2964.5685464611315       2502.294445801098
1.18647                  6.54                     0.15290519877675843      5.167930723318118E-13    5.192983155667355E-13    0.25                     5.0E10                   2700                     5134.783344991295        2964.5685464611315       2502.294445801098
1.18647                  6.56                     0.15243902439024393      5.169384628414158E-13    5.1940685025019E-13      0.25                     5.0E10                   2700                     5134.783344991295        2964.5685464611315       2502.294445801098
1.18647                  6.58                     0.1519756838905775       5.170822711914957E-13    5.195141488178397E-13    0.25                     5.0E10                   2700                     5134.783344991295        2964.5685464611315       2502.294445801098
1.18647                  6.6                      0.15151515151515152      5.172245240655834E-13    5.196202309684308E-13    0.25                     5.0E10                   2700                     5134.783344991295        2964.5685464611315       2502.294445801098
1.18647                  6.62                     0.1510574018126888       5.17365247870994E-13     5.197251163029647E-13    0.25                     5.0E10                   2700                     5134.783344991295        2964.5685464611315       2502.294445801098
1.18647                  6.64                     0.1506024096385542       5.175044687248269E-13    5.198288243072175E-13    0.25                     5.0E10                   2700                     5134.783344991295        2964.5685464611315       2502.294445801098
1.18647                  6.66                     0.15015015015015015      5.176422124283217E-13    5.199313743318938E-13    0.25                     5.0E10                   2700                     5134.783344991295        2964.5685464611315       2502.294445801098
1.18647                  6.68                     0.14970059880239522      5.177785044715206E-13    5.200327855845631E-13    0.25                     5.0E10                   2700                     5134.783344991295        2964.5685464611315       2502.294445801098
1.18647                  6.7                      0.1492537313432836       5.179133700258355E-13    5.201330771198896E-13    0.25                     5.0E10                   2700                     5134.783344991295        2964.5685464611315       2502.294445801098
1.18647                  6.72                     0.1488095238095238       5.180468339251367E-13    5.202322678193985E-13    0.25                     5.0E10                   2700                     5134.783344991295        2964.5685464611315       2502.294445801098
1.18647                  6.74                     0.14836795252225518      5.181789206696501E-13    5.203303763892118E-13    0.25                     5.0E10                   2700                     5134.783344991295        2964.5685464611315       2502.294445801098
1.18647                  6.76                     0.14792899408284024      5.183096544183189E-13    5.204274213481629E-13    0.25                     5.0E10                   2700                     5134.783344991295        2964.5685464611315       2502.294445801098
1.18647                  6.779999999999999        0.14749262536873156      5.184390589754951E-13    5.205234210122183E-13    0.25                     5.0E10                   2700                     5134.783344991295        2964.5685464611315       2502.294445801098
1.18647                  6.8                      0.14705882352941177      5.185671577932484E-13    5.206183934965995E-13    0.25                     5.0E10                   2700                     5134.783344991295        2964.5685464611315       2502.294445801098
1.18647                  6.819999999999999        0.1466275659824047       5.186939739730481E-13    5.207123567045594E-13    0.25                     5.0E10                   2700                     5134.783344991295        2964.5685464611315       2502.294445801098
1.18647                  6.84                     0.14619883040935674      5.188195302539012E-13    5.208053283181843E-13    0.25                     5.0E10                   2700                     5134.783344991295        2964.5685464611315       2502.294445801098
1.18647                  6.859999999999999        0.1457725947521866       5.189438490032237E-13    5.20897325790531E-13     0.25                     5.0E10                   2700                     5134.783344991295        2964.5685464611315       2502.294445801098
1.18647                  6.88                     0.14534883720930233      5.190669522402558E-13    5.20988366351534E-13     0.25                     5.0E10                   2700                     5134.783344991295        2964.5685464611315       2502.294445801098
1.18647                  6.8999999999999995       0.14492753623188406      5.19188861603257E-13     5.210784669879862E-13    0.25                     5.0E10                   2700                     5134.783344991295        2964.5685464611315       2502.294445801098
1.18647                  6.92                     0.1445086705202312       5.19309598374225E-13     5.211676444534432E-13    0.25                     5.0E10                   2700                     5134.783344991295        2964.5685464611315       2502.294445801098
1.18647                  6.9399999999999995       0.1440922190201729       5.194291834655152E-13    5.212559152556193E-13    0.25                     5.0E10                   2700                     5134.783344991295        2964.5685464611315       2502.294445801098
1.18647                  6.96                     0.14367816091954022      5.195476374195595E-13    5.213432956551611E-13    0.25                     5.0E10                   2700                     5134.783344991295        2964.5685464611315       2502.294445801098
1.18647                  6.9799999999999995       0.14326647564469916      5.196649804095366E-13    5.214298016610634E-13    0.25                     5.0E10                   2700                     5134.783344991295        2964.5685464611315       2502.294445801098
1.18647                  7                        0.14285714285714285      5.197812322597741E-13    5.215154490398537E-13    0.25                     5.0E10                   2700                     5134.783344991295        2964.5685464611315       2502.294445801098
1.18647                  7.02                     0.14245014245014245      5.19896412402838E-13     5.2160025329297E-13      0.25                     5.0E10                   2700                     5134.783344991295        2964.5685464611315       2502.294445801098
1.18647                  7.04                     0.14204545454545456      5.200105399383139E-13    5.216842296804412E-13    0.25                     5.0E10                   2700                     5134.783344991295        2964.5685464611315       2502.294445801098
1.18647                  7.06                     0.141643059490085        5.201236335802889E-13    5.217673931965151E-13    0.25                     5.0E10                   2700                     5134.783344991295        2964.5685464611315       2502.294445801098
1.18647                  7.08                     0.14124293785310735      5.202357117044554E-13    5.218497585874463E-13    0.25                     5.0E10                   2700                     5134.783344991295        2964.5685464611315       2502.294445801098
1.18647                  7.1                      0.14084507042253522      5.203467923039516E-13    5.219313403331805E-13    0.25                     5.0E10                   2700                     5134.783344991295        2964.5685464611315       2502.294445801098
1.18647                  7.12                     0.14044943820224717      5.20456893054311E-13     5.220121526739503E-13    0.25                     5.0E10                   2700                     5134.783344991295        2964.5685464611315       2502.294445801098
1.18647                  7.14                     0.1400560224089636       5.205660312496386E-13    5.220922095771052E-13    0.25                     5.0E10                   2700                     5134.783344991295        2964.5685464611315       2502.294445801098
1.18647                  7.16                     0.13966480446927376      5.206742238520524E-13    5.221715247653924E-13    0.25                     5.0E10                   2700                     5134.783344991295        2964.5685464611315       2502.294445801098
1.18647                  7.18                     0.1392757660167131       5.207814874748169E-13    5.222501117028182E-13    0.25                     5.0E10                   2700                     5134.783344991295        2964.5685464611315       2502.294445801098
1.18647                  7.2                      0.1388888888888889       5.208878383944959E-13    5.223279836034762E-13    0.25                     5.0E10                   2700                     5134.783344991295        2964.5685464611315       2502.294445801098
1.18647                  7.22                     0.13850415512465375      5.209932925483341E-13    5.224051534272676E-13    0.25                     5.0E10                   2700                     5134.783344991295        2964.5685464611315       2502.294445801098
1.18647                  7.24                     0.13812154696132597      5.210978655404228E-13    5.224816338843457E-13    0.25                     5.0E10                   2700                     5134.783344991295        2964.5685464611315       2502.294445801098
1.18647                  7.26                     0.13774104683195593      5.212015726563206E-13    5.225574374411675E-13    0.25                     5.0E10                   2700                     5134.783344991295        2964.5685464611315       2502.294445801098
1.18647                  7.279999999999999        0.13736263736263737      5.213044288369072E-13    5.226325763068352E-13    0.25                     5.0E10                   2700                     5134.783344991295        2964.5685464611315       2502.294445801098
1.18647                  7.3                      0.13698630136986303      5.21406448719142E-13     5.227070624544589E-13    0.25                     5.0E10                   2700                     5134.783344991295        2964.5685464611315       2502.294445801098
1.18647                  7.319999999999999        0.1366120218579235       5.215076466247496E-13    5.227809076171208E-13    0.25                     5.0E10                   2700                     5134.783344991295        2964.5685464611315       2502.294445801098
1.18647                  7.34                     0.1362397820163488       5.216080365647838E-13    5.228541232842808E-13    0.25                     5.0E10                   2700                     5134.783344991295        2964.5685464611315       2502.294445801098
1.18647                  7.359999999999999        0.13586956521739132      5.21707632223122E-13     5.229267207034479E-13    0.25                     5.0E10                   2700                     5134.783344991295        2964.5685464611315       2502.294445801098
1.18647                  7.38                     0.13550135501355012      5.218064470094718E-13    5.229987108959335E-13    0.25                     5.0E10                   2700                     5134.783344991295        2964.5685464611315       2502.294445801098
1.18647                  7.3999999999999995       0.13513513513513514      5.219044940201168E-13    5.230701046457589E-13    0.25                     5.0E10                   2700                     5134.783344991295        2964.5685464611315       2502.294445801098
1.18647                  7.42                     0.1347708894878706       5.220017860593202E-13    5.231409125078107E-13    0.25                     5.0E10                   2700                     5134.783344991295        2964.5685464611315       2502.294445801098
1.18647                  7.4399999999999995       0.13440860215053765      5.220983356558481E-13    5.232111448181219E-13    0.25                     5.0E10                   2700                     5134.783344991295        2964.5685464611315       2502.294445801098
1.18647                  7.46                     0.13404825737265413      5.221941550412209E-13    5.232808116810534E-13    0.25                     5.0E10                   2700                     5134.783344991295        2964.5685464611315       2502.294445801098
1.18647                  7.4799999999999995       0.1336898395721925       5.222892561752412E-13    5.233499229839917E-13    0.25                     5.0E10                   2700                     5134.783344991295        2964.5685464611315       2502.294445801098
1.18647                  7.5                      0.13333333333333333      5.223836507446203E-13    5.234184883976485E-13    0.25                     5.0E10                   2700                     5134.783344991295        2964.5685464611315       2502.294445801098
1.18647                  7.52                     0.13297872340425532      5.224773501609561E-13    5.234865173770525E-13    0.25                     5.0E10                   2700                     5134.783344991295        2964.5685464611315       2502.294445801098
1.18647                  7.54                     0.13262599469496023      5.225703655892071E-13    5.235540191720885E-13    0.25                     5.0E10                   2700                     5134.783344991295        2964.5685464611315       2502.294445801098
1.18647                  7.56                     0.13227513227513227      5.226627079114728E-13    5.236210028185982E-13    0.25                     5.0E10                   2700                     5134.783344991295        2964.5685464611315       2502.294445801098
1.18647                  7.58                     0.13192612137203166      5.227543877806763E-13    5.236874771558722E-13    0.25                     5.0E10                   2700                     5134.783344991295        2964.5685464611315       2502.294445801098
1.18647                  7.6                      0.13157894736842105      5.22845415578842E-13     5.237534508131801E-13    0.25                     5.0E10                   2700                     5134.783344991295        2964.5685464611315       2502.294445801098
1.18647                  7.62                     0.13123359580052493      5.229358014598378E-13    5.238189322315928E-13    0.25                     5.0E10                   2700                     5134.783344991295        2964.5685464611315       2502.294445801098
1.18647                  7.64                     0.13089005235602094      5.230255553228807E-13    5.23883929651229E-13     0.25                     5.0E10                   2700                     5134.783344991295        2964.5685464611315       2502.294445801098
1.18647                  7.66                     0.13054830287206268      5.231146868558167E-13    5.23948451128446E-13     0.25                     5.0E10                   2700                     5134.783344991295        2964.5685464611315       2502.294445801098
1.18647                  7.68                     0.13020833333333334      5.232032054915244E-13    5.240125045298563E-13    0.25                     5.0E10                   2700                     5134.783344991295        2964.5685464611315       2502.294445801098
1.18647                  7.7                      0.12987012987012989      5.232911204493886E-13    5.240760975317E-13       0.25                     5.0E10                   2700                     5134.783344991295        2964.5685464611315       2502.294445801098
1.18647                  7.72                     0.1295336787564767       5.233784407284453E-13    5.241392376409166E-13    0.25                     5.0E10                   2700                     5134.783344991295        2964.5685464611315       2502.294445801098
1.18647                  7.74                     0.12919896640826872      5.234651751125208E-13    5.242019321811378E-13    0.25                     5.0E10                   2700                     5134.783344991295        2964.5685464611315       2502.294445801098
1.18647                  7.76                     0.1288659793814433       5.23551332168933E-13     5.242641883028043E-13    0.25                     5.0E10                   2700                     5134.783344991295        2964.5685464611315       2502.294445801098
1.18647                  7.779999999999999        0.12853470437017997      5.236369202615802E-13    5.243260129871152E-13    0.25                     5.0E10                   2700                     5134.783344991295        2964.5685464611315       2502.294445801098
1.18647                  7.8                      0.12820512820512822      5.237219475558532E-13    5.243874130498216E-13    0.25                     5.0E10                   2700                     5134.783344991295        2964.5685464611315       2502.294445801098
1.18647                  7.819999999999999        0.1278772378516624       5.23806422006875E-13     5.244483951384064E-13    0.25                     5.0E10                   2700                     5134.783344991295        2964.5685464611315       2502.294445801098
1.18647                  7.84                     0.12755102040816327      5.238903513890885E-13    5.245089657447349E-13    0.25                     5.0E10                   2700                     5134.783344991295        2964.5685464611315       2502.294445801098
1.18647                  7.859999999999999        0.1272264631043257       5.239737432809324E-13    5.245691312010634E-13    0.25                     5.0E10                   2700                     5134.783344991295        2964.5685464611315       2502.294445801098
1.18647                  7.88                     0.12690355329949238      5.24056605075686E-13     5.246288976874602E-13    0.25                     5.0E10                   2700                     5134.783344991295        2964.5685464611315       2502.294445801098
1.18647                  7.8999999999999995       0.12658227848101267      5.241389439904974E-13    5.246882712331131E-13    0.25                     5.0E10                   2700                     5134.783344991295        2964.5685464611315       2502.294445801098
1.18647                  7.92                     0.12626262626262624      5.24220767070517E-13     5.247472577226653E-13    0.25                     5.0E10                   2700                     5134.783344991295        2964.5685464611315       2502.294445801098
1.18647                  7.9399999999999995       0.12594458438287154      5.24302081165735E-13     5.248058628871634E-13    0.25                     5.0E10                   2700                     5134.783344991295        2964.5685464611315       2502.294445801098
1.18647                  7.96                     0.12562814070351758      5.243828929837841E-13    5.248640923295199E-13    0.25                     5.0E10                   2700                     5134.783344991295        2964.5685464611315       2502.294445801098
1.18647                  7.9799999999999995       0.12531328320802007      5.244632090539201E-13    5.249219515049451E-13    0.25                     5.0E10                   2700                     5134.783344991295        2964.5685464611315       2502.294445801098
1.18647                  8                        0.125                    5.245430357501208E-13    5.249794457390786E-13    0.25                     5.0E10                   2700                     5134.783344991295        2964.5685464611315       2502.294445801098
1.18647                  8.02                     0.12468827930174564      5.246223792853473E-13    5.250365802222881E-13    0.25                     5.0E10                   2700                     5134.783344991295        2964.5685464611315       2502.294445801098
1.18647                  8.040000000000001        0.1243781094527363       5.247012457198657E-13    5.250933600163793E-13    0.25                     5.0E10                   2700                     5134.783344991295        2964.5685464611315       2502.294445801098
1.18647                  8.06                     0.12406947890818859      5.247796409694817E-13    5.251497900617497E-13    0.25                     5.0E10                   2700                     5134.783344991295        2964.5685464611315       2502.294445801098
1.18647                  8.08                     0.12376237623762378      5.248575707975936E-13    5.252058751685193E-13    0.25                     5.0E10                   2700                     5134.783344991295        2964.5685464611315       2502.294445801098
1.18647                  8.1                      0.1234567901234568       5.249350408335888E-13    5.252616200341265E-13    0.25                     5.0E10                   2700                     5134.783344991295        2964.5685464611315       2502.294445801098
1.18647                  8.12                     0.12315270935960593      5.25012056559723E-13     5.253170292314425E-13    0.25                     5.0E10                   2700                     5134.783344991295        2964.5685464611315       2502.294445801098
1.18647                  8.14                     0.12285012285012284      5.250886233331546E-13    5.253721072254696E-13    0.25                     5.0E10                   2700                     5134.783344991295        2964.5685464611315       2502.294445801098
1.18647                  8.16                     0.12254901960784315      5.25164746373119E-13     5.254268583665922E-13    0.25                     5.0E10                   2700                     5134.783344991295        2964.5685464611315       2502.294445801098
1.18647                  8.18                     0.12224938875305624      5.252404307654296E-13    5.254812868908102E-13    0.25                     5.0E10                   2700                     5134.783344991295        2964.5685464611315       2502.294445801098
1.18647                  8.2                      0.12195121951219513      5.253156814830311E-13    5.25535396936973E-13     0.25                     5.0E10                   2700                     5134.783344991295        2964.5685464611315       2502.294445801098
1.18647                  8.22                     0.121654501216545        5.253905033711888E-13    5.255891925342701E-13    0.25                     5.0E10                   2700                     5134.783344991295        2964.5685464611315       2502.294445801098
1.18647                  8.24                     0.12135922330097086      5.254649011531832E-13    5.256426776109486E-13    0.25                     5.0E10                   2700                     5134.783344991295        2964.5685464611315       2502.294445801098
1.18647                  8.26                     0.12106537530266344      5.255388794335668E-13    5.256958559950679E-13    0.25                     5.0E10                   2700                     5134.783344991295        2964.5685464611315       2502.294445801098
1.18647                  8.28                     0.1207729468599034       5.256124427239915E-13    5.2574873142299E-13      0.25                     5.0E10                   2700                     5134.783344991295        2964.5685464611315       2502.294445801098
1.18647                  8.299999999999999        0.1204819277108434       5.256855954016545E-13    5.258013075321898E-13    0.25                     5.0E10                   2700                     5134.783344991295        2964.5685464611315       2502.294445801098
1.18647                  8.32                     0.12019230769230768      5.25758341760149E-13     5.258535878743377E-13    0.25                     5.0E10                   2700                     5134.783344991295        2964.5685464611315       2502.294445801098
1.18647                  8.34                     0.11990407673860912      5.258306859661885E-13    5.259055759033217E-13    0.25                     5.0E10                   2700                     5134.783344991295        2964.5685464611315       2502.294445801098
1.18647                  8.36                     0.1196172248803828       5.259026321025679E-13    5.259572749927287E-13    0.25                     5.0E10                   2700                     5134.783344991295        2964.5685464611315       2502.294445801098
1.18647                  8.379999999999999        0.11933174224343678      5.259741841478475E-13    5.260086884292556E-13    0.25                     5.0E10                   2700                     5134.783344991295        2964.5685464611315       2502.294445801098
1.18647                  8.4                      0.11904761904761904      5.260453459833308E-13    5.260598194173536E-13    0.25                     5.0E10                   2700                     5134.783344991295        2964.5685464611315       2502.294445801098
1.18647                  8.42                     0.11876484560570072      5.261161213941076E-13    5.261106710762353E-13    0.25                     5.0E10                   2700                     5134.783344991295        2964.5685464611315       2502.294445801098
1.18647                  8.44                     0.11848341232227488      5.261865140911315E-13    5.261612464590404E-13    0.25                     5.0E10                   2700                     5134.783344991295        2964.5685464611315       2502.294445801098
1.18647                  8.459999999999999        0.11820330969267141      5.262565276807702E-13    5.262115485319929E-13    0.25                     5.0E10                   2700                     5134.783344991295        2964.5685464611315       2502.294445801098
1.18647                  8.48                     0.1179245283018868       5.263261656788125E-13    5.262615801842796E-13    0.25                     5.0E10                   2700                     5134.783344991295        2964.5685464611315       2502.294445801098
1.18647                  8.5                      0.11764705882352941      5.263954315367821E-13    5.263113442431412E-13    0.25                     5.0E10                   2700                     5134.783344991295        2964.5685464611315       2502.294445801098
1.18647                  8.52                     0.11737089201877934      5.264643286164677E-13    5.263608434622444E-13    0.25                     5.0E10                   2700                     5134.783344991295        2964.5685464611315       2502.294445801098
1.18647                  8.54                     0.117096018735363        5.265328601978176E-13    5.264100805221642E-13    0.25                     5.0E10                   2700                     5134.783344991295        2964.5685464611315       2502.294445801098
1.18647                  8.56                     0.11682242990654204      5.266010294872037E-13    5.264590580423092E-13    0.25                     5.0E10                   2700                     5134.783344991295        2964.5685464611315       2502.294445801098
1.18647                  8.58                     0.11655011655011656      5.266688396124883E-13    5.265077785729914E-13    0.25                     5.0E10                   2700                     5134.783344991295        2964.5685464611315       2502.294445801098
1.18647                  8.6                      0.11627906976744186      5.26736293634697E-13     5.265562446032653E-13    0.25                     5.0E10                   2700                     5134.783344991295        2964.5685464611315       2502.294445801098
1.18647                  8.62                     0.1160092807424594       5.268033945517262E-13    5.266044585669674E-13    0.25                     5.0E10                   2700                     5134.783344991295        2964.5685464611315       2502.294445801098
1.18647                  8.64                     0.11574074074074073      5.268701452711944E-13    5.266524228230022E-13    0.25                     5.0E10                   2700                     5134.783344991295        2964.5685464611315       2502.294445801098
1.18647                  8.66                     0.11547344110854503      5.269365486570001E-13    5.267001396920708E-13    0.25                     5.0E10                   2700                     5134.783344991295        2964.5685464611315       2502.294445801098
1.18647                  8.68                     0.1152073732718894       5.270026074997516E-13    5.267476114259004E-13    0.25                     5.0E10                   2700                     5134.783344991295        2964.5685464611315       2502.294445801098
1.18647                  8.7                      0.11494252873563218      5.270683245189855E-13    5.26794840217991E-13     0.25                     5.0E10                   2700                     5134.783344991295        2964.5685464611315       2502.294445801098
1.18647                  8.72                     0.1146788990825688       5.271337023897895E-13    5.268418282218388E-13    0.25                     5.0E10                   2700                     5134.783344991295        2964.5685464611315       2502.294445801098
1.18647                  8.74                     0.11441647597254004      5.271987437160128E-13    5.268885775287517E-13    0.25                     5.0E10                   2700                     5134.783344991295        2964.5685464611315       2502.294445801098
1.18647                  8.76                     0.1141552511415525       5.272652180781704E-13    5.269367310232045E-13    0.25                     5.0E10                   2700                     5134.783344991295        2964.5685464611315       2502.294445801098
1.18647                  8.78                     0.11389521640091117      5.273296026472618E-13    5.269830177857052E-13    0.25                     5.0E10                   2700                     5134.783344991295        2964.5685464611315       2502.294445801098
1.18647                  8.8                      0.11363636363636362      5.273936581617855E-13    5.270290718451475E-13    0.25                     5.0E10                   2700                     5134.783344991295        2964.5685464611315       2502.294445801098
1.18647                  8.82                     0.11337868480725624      5.274573869966605E-13    5.27074895093152E-13     0.25                     5.0E10                   2700                     5134.783344991295        2964.5685464611315       2502.294445801098
1.18647                  8.84                     0.11312217194570136      5.275207915036627E-13    5.271204893956236E-13    0.25                     5.0E10                   2700                     5134.783344991295        2964.5685464611315       2502.294445801098
1.18647                  8.86                     0.11286681715575621      5.275838739632111E-13    5.271658565651505E-13    0.25                     5.0E10                   2700                     5134.783344991295        2964.5685464611315       2502.294445801098
1.18647                  8.879999999999999        0.11261261261261263      5.276466366295407E-13    5.272109983774072E-13    0.25                     5.0E10                   2700                     5134.783344991295        2964.5685464611315       2502.294445801098
1.18647                  8.9                      0.11235955056179775      5.277090816829996E-13    5.272559165564265E-13    0.25                     5.0E10                   2700                     5134.783344991295        2964.5685464611315       2502.294445801098
1.18647                  8.92                     0.11210762331838565      5.277712112859799E-13    5.273006128031901E-13    0.25                     5.0E10                   2700                     5134.783344991295        2964.5685464611315       2502.294445801098
1.18647                  8.94                     0.11185682326621925      5.278330275460854E-13    5.273450887698617E-13    0.25                     5.0E10                   2700                     5134.783344991295        2964.5685464611315       2502.294445801098
1.18647                  8.959999999999999        0.11160714285714285      5.278945325303618E-13    5.273893460737157E-13    0.25                     5.0E10                   2700                     5134.783344991295        2964.5685464611315       2502.294445801098
1.18647                  8.98                     0.11135857461024498      5.279557282584514E-13    5.274333862938374E-13    0.25                     5.0E10                   2700                     5134.783344991295        2964.5685464611315       2502.294445801098
1.18647                  9                        0.11111111111111112      5.280166167201053E-13    5.274772109780171E-13    0.25                     5.0E10                   2700                     5134.783344991295        2964.5685464611315       2502.294445801098
1.18647                  9.02                     0.11086474501108647      5.280771998606254E-13    5.275208216380816E-13    0.25                     5.0E10                   2700                     5134.783344991295        2964.5685464611315       2502.294445801098
1.18647                  9.04                     0.11061946902654868      5.281374795923603E-13    5.275642197520407E-13    0.25                     5.0E10                   2700                     5134.783344991295        2964.5685464611315       2502.294445801098
1.18647                  9.06                     0.11037527593818983      5.281974577913861E-13    5.276074067697622E-13    0.25                     5.0E10                   2700                     5134.783344991295        2964.5685464611315       2502.294445801098
1.18647                  9.08                     0.11013215859030838      5.282571362876159E-13    5.276503841023789E-13    0.25                     5.0E10                   2700                     5134.783344991295        2964.5685464611315       2502.294445801098
1.18647                  9.1                      0.1098901098901099       5.283165168919732E-13    5.276931531375349E-13    0.25                     5.0E10                   2700                     5134.783344991295        2964.5685464611315       2502.294445801098
1.18647                  9.12                     0.10964912280701757      5.283756013786884E-13    5.277357152352492E-13    0.25                     5.0E10                   2700                     5134.783344991295        2964.5685464611315       2502.294445801098
1.18647                  9.14                     0.10940919037199125      5.284343914845732E-13    5.277780717220995E-13    0.25                     5.0E10                   2700                     5134.783344991295        2964.5685464611315       2502.294445801098
1.18647                  9.16                     0.10917030567685589      5.284928889232096E-13    5.278202239000065E-13    0.25                     5.0E10                   2700                     5134.783344991295        2964.5685464611315       2502.294445801098
1.18647                  9.18                     0.10893246187363835      5.285510953683605E-13    5.278621730414734E-13    0.25                     5.0E10                   2700                     5134.783344991295        2964.5685464611315       2502.294445801098
1.18647                  9.2                      0.10869565217391305      5.286090124762569E-13    5.279039203983903E-13    0.25                     5.0E10                   2700                     5134.783344991295        2964.5685464611315       2502.294445801098
1.18647                  9.22                     0.10845986984815618      5.28666641877153E-13     5.279454672003088E-13    0.25                     5.0E10                   2700                     5134.783344991295        2964.5685464611315       2502.294445801098
1.18647                  9.24                     0.10822510822510822      5.287239851509019E-13    5.279868146362423E-13    0.25                     5.0E10                   2700                     5134.783344991295        2964.5685464611315       2502.294445801098
1.18647                  9.26                     0.1079913606911447       5.287810438812803E-13    5.280279638938231E-13    0.25                     5.0E10                   2700                     5134.783344991295        2964.5685464611315       2502.294445801098
1.18647                  9.28                     0.10775862068965518      5.288378196040735E-13    5.280689161210621E-13    0.25                     5.0E10                   2700                     5134.783344991295        2964.5685464611315       2502.294445801098
1.18647                  9.3                      0.10752688172043011      5.288943138480536E-13    5.281096724555943E-13    0.25                     5.0E10                   2700                     5134.783344991295        2964.5685464611315       2502.294445801098
1.18647                  9.32                     0.1072961373390558       5.289505281110358E-13    5.281502340135155E-13    0.25                     5.0E10                   2700                     5134.783344991295        2964.5685464611315       2502.294445801098
1.18647                  9.34                     0.10706638115631692      5.29006463851136E-13     5.281906018726868E-13    0.25                     5.0E10                   2700                     5134.783344991295        2964.5685464611315       2502.294445801098
1.18647                  9.36                     0.10683760683760683      5.290621225369978E-13    5.28230777117079E-13     0.25                     5.0E10                   2700                     5134.783344991295        2964.5685464611315       2502.294445801098
1.18647                  9.379999999999999        0.10660980810234544      5.291175055878587E-13    5.282707607950529E-13    0.25                     5.0E10                   2700                     5134.783344991295        2964.5685464611315       2502.294445801098
1.18647                  9.4                      0.10638297872340426      5.291726144150553E-13    5.283105539396601E-13    0.25                     5.0E10                   2700                     5134.783344991295        2964.5685464611315       2502.294445801098
1.18647                  9.42                     0.10615711252653928      5.292274504186365E-13    5.283501575717959E-13    0.25                     5.0E10                   2700                     5134.783344991295        2964.5685464611315       2502.294445801098
1.18647                  9.44                     0.1059322033898305       5.292820149592899E-13    5.283895726913585E-13    0.25                     5.0E10                   2700                     5134.783344991295        2964.5685464611315       2502.294445801098
1.18647                  9.459999999999999        0.10570824524312897      5.293363093884568E-13    5.284288002749164E-13    0.25                     5.0E10                   2700                     5134.783344991295        2964.5685464611315       2502.294445801098
1.18647                  9.48                     0.10548523206751054      5.293903350280902E-13    5.284678412870611E-13    0.25                     5.0E10                   2700                     5134.783344991295        2964.5685464611315       2502.294445801098
1.18647                  9.5                      0.10526315789473685      5.294440932126621E-13    5.28506696686746E-13     0.25                     5.0E10                   2700                     5134.783344991295        2964.5685464611315       2502.294445801098
1.18647                  9.52                     0.10504201680672269      5.29497585231618E-13     5.285453674062642E-13    0.25                     5.0E10                   2700                     5134.783344991295        2964.5685464611315       2502.294445801098
1.18647                  9.54                     0.10482180293501049      5.29550812363718E-13     5.285838543641082E-13    0.25                     5.0E10                   2700                     5134.783344991295        2964.5685464611315       2502.294445801098
1.18647                  9.56                     0.10460251046025104      5.296037758766662E-13    5.286221584692774E-13    0.25                     5.0E10                   2700                     5134.783344991295        2964.5685464611315       2502.294445801098
1.18647                  9.58                     0.10438413361169102      5.296564770225409E-13    5.286602806147113E-13    0.25                     5.0E10                   2700                     5134.783344991295        2964.5685464611315       2502.294445801098
1.18647                  9.6                      0.10416666666666667      5.297089170379043E-13    5.28698221683319E-13     0.25                     5.0E10                   2700                     5134.783344991295        2964.5685464611315       2502.294445801098
1.18647                  9.62                     0.10395010395010396      5.297610971398659E-13    5.28735982538403E-13     0.25                     5.0E10                   2700                     5134.783344991295        2964.5685464611315       2502.294445801098
1.18647                  9.64                     0.10373443983402489      5.298130185380048E-13    5.287735640360689E-13    0.25                     5.0E10                   2700                     5134.783344991295        2964.5685464611315       2502.294445801098
1.18647                  9.66                     0.10351966873706003      5.298646824278956E-13    5.288109670241532E-13    0.25                     5.0E10                   2700                     5134.783344991295        2964.5685464611315       2502.294445801098
1.18647                  9.68                     0.10330578512396693      5.299160899794552E-13    5.288481923240561E-13    0.25                     5.0E10                   2700                     5134.783344991295        2964.5685464611315       2502.294445801098
1.18647                  9.7                      0.10309278350515465      5.299672423775608E-13    5.288852407686571E-13    0.25                     5.0E10                   2700                     5134.783344991295        2964.5685464611315       2502.294445801098
1.18647                  9.72                     0.102880658436214        5.300181407715839E-13    5.28922113163354E-13     0.25                     5.0E10                   2700                     5134.783344991295        2964.5685464611315       2502.294445801098
1.18647                  9.74                     0.1026694045174538       5.300687862990691E-13    5.289588103035886E-13    0.25                     5.0E10                   2700                     5134.783344991295        2964.5685464611315       2502.294445801098
1.18647                  9.76                     0.10245901639344263      5.301191801125343E-13    5.289953329928902E-13    0.25                     5.0E10                   2700                     5134.783344991295        2964.5685464611315       2502.294445801098
1.18647                  9.78                     0.10224948875255623      5.301693233085222E-13    5.290316819941996E-13    0.25                     5.0E10                   2700                     5134.783344991295        2964.5685464611315       2502.294445801098
1.18647                  9.8                      0.10204081632653059      5.302192170129938E-13    5.290678580883121E-13    0.25                     5.0E10                   2700                     5134.783344991295        2964.5685464611315       2502.294445801098
1.18647                  9.82                     0.10183299389002037      5.302688623269649E-13    5.291038620378845E-13    0.25                     5.0E10                   2700                     5134.783344991295        2964.5685464611315       2502.294445801098
1.18647                  9.84                     0.1016260162601626       5.303182603331987E-13    5.291396945891297E-13    0.25                     5.0E10                   2700                     5134.783344991295        2964.5685464611315       2502.294445801098
1.18647                  9.86                     0.10141987829614604      5.30367412130979E-13     5.291753565001822E-13    0.25                     5.0E10                   2700                     5134.783344991295        2964.5685464611315       2502.294445801098
1.18647                  9.879999999999999        0.10121457489878542      5.304163187775214E-13    5.292108484966678E-13    0.25                     5.0E10                   2700                     5134.783344991295        2964.5685464611315       2502.294445801098
1.18647                  9.9                      0.101010101010101        5.30464981341615E-13     5.292461713138713E-13    0.25                     5.0E10                   2700                     5134.783344991295        2964.5685464611315       2502.294445801098
1.18647                  9.92                     0.10080645161290322      5.305134008757534E-13    5.292813256700604E-13    0.25                     5.0E10                   2700                     5134.783344991295        2964.5685464611315       2502.294445801098
1.18647                  9.94                     0.1006036217303823       5.305615784315536E-13    5.293163122856248E-13    0.25                     5.0E10                   2700                     5134.783344991295        2964.5685464611315       2502.294445801098
1.18647                  9.959999999999999        0.10040160642570282      5.306095150461786E-13    5.293511318659421E-13    0.25                     5.0E10                   2700                     5134.783344991295        2964.5685464611315       2502.294445801098
1.18647                  9.98                     0.1002004008016032       5.306572117517558E-13    5.29385785110655E-13     0.25                     5.0E10                   2700                     5134.783344991295        2964.5685464611315       2502.294445801098
1.18647                  10                       0.1                      5.306595045240255E-13    5.293508774288149E-13    0.25                     5.0E10                   2700                     5134.783344991295        2964.5685464611315       2502.294445801098
