1.17923                  0.1                      10                       5.331281179861776E-13    5.331268561578096E-13    0.25                     5.0E10                   2700                     5119.092801572473        2955.509606994543        2502.294445801098
1.17923                  0.12000000000000001      8.333333333333332        5.362911029974228E-13    5.36345625031344E-13     0.25                     5.0E10                   2700                     5119.092801572473        2955.509606994543        2502.294445801098
1.17923                  0.14                     7.1428571428571415       5.341248672974157E-13    5.339540525486199E-13    0.25                     5.0E10                   2700                     5119.092801572473        2955.509606994543        2502.294445801098
1.17923                  0.16                     6.249999999999999        5.330684202791241E-13    5.331713056222441E-13    0.25                     5.0E10                   2700                     5119.092801572473        2955.509606994543        2502.294445801098
1.17923                  0.18                     5.555555555555555        5.372220796278334E-13    5.372900699092044E-13    0.25                     5.0E10                   2700                     5119.092801572473        2955.509606994543        2502.294445801098
1.17923                  0.2                      5                        5.333125278746676E-13    5.331277697851276E-13    0.25                     5.0E10                   2700                     5119.092801572473        2955.509606994543        2502.294445801098
1.17923                  0.22                     4.545454545454546        5.36486425829597E-13     5.366887313578108E-13    0.25                     5.0E10                   2700                     5119.092801572473        2955.509606994543        2502.294445801098
1.17923                  0.24000000000000002      4.166666666666666        5.359123686444197E-13    5.363334073405768E-13    0.25                     5.0E10                   2700                     5119.092801572473        2955.509606994543        2502.294445801098
1.17923                  0.26                     3.846153846153846        5.345299648525051E-13    5.34980149225984E-13     0.25                     5.0E10                   2700                     5119.092801572473        2955.509606994543        2502.294445801098
1.17923                  0.28                     3.5714285714285707       5.368085549599865E-13    5.372945930914734E-13    0.25                     5.0E10                   2700                     5119.092801572473        2955.509606994543        2502.294445801098
1.17923                  0.30000000000000004      3.3333333333333326       5.364723807682917E-13    5.366282138413396E-13    0.25                     5.0E10                   2700                     5119.092801572473        2955.509606994543        2502.294445801098
1.17923                  0.32                     3.1249999999999996       5.340613950247986E-13    5.336027520515842E-13    0.25                     5.0E10                   2700                     5119.092801572473        2955.509606994543        2502.294445801098
1.17923                  0.33999999999999997      2.9411764705882355       5.387036714998062E-13    5.384833221640866E-13    0.25                     5.0E10                   2700                     5119.092801572473        2955.509606994543        2502.294445801098
1.17923                  0.36                     2.7777777777777777       5.372491632219451E-13    5.362197962796497E-13    0.25                     5.0E10                   2700                     5119.092801572473        2955.509606994543        2502.294445801098
1.17923                  0.38                     2.6315789473684212       5.385035122692029E-13    5.355308793795799E-13    0.25                     5.0E10                   2700                     5119.092801572473        2955.509606994543        2502.294445801098
1.17923                  0.4                      2.5                      5.392105517086753E-13    5.35662064434247E-13     0.25                     5.0E10                   2700                     5119.092801572473        2955.509606994543        2502.294445801098
1.17923                  0.42000000000000004      2.3809523809523805       5.426793160424761E-13    5.365632972225792E-13    0.25                     5.0E10                   2700                     5119.092801572473        2955.509606994543        2502.294445801098
1.17923                  0.44000000000000006      2.272727272727273        5.458148732290739E-13    5.390279716445447E-13    0.25                     5.0E10                   2700                     5119.092801572473        2955.509606994543        2502.294445801098
1.17923                  0.45999999999999996      2.173913043478261        5.509036852529515E-13    5.421963644002786E-13    0.25                     5.0E10                   2700                     5119.092801572473        2955.509606994543        2502.294445801098
1.17923                  0.48                     2.0833333333333335       5.525713828170258E-13    5.421170252544354E-13    0.25                     5.0E10                   2700                     5119.092801572473        2955.509606994543        2502.294445801098
1.17923                  0.5                      2                        5.520421640038553E-13    5.405427824949066E-13    0.25                     5.0E10                   2700                     5119.092801572473        2955.509606994543        2502.294445801098
1.17923                  0.52                     1.923076923076923        5.58125858586841E-13     5.457420447096189E-13    0.25                     5.0E10                   2700                     5119.092801572473        2955.509606994543        2502.294445801098
1.17923                  0.54                     1.8518518518518516       5.560164630283605E-13    5.425104486140515E-13    0.25                     5.0E10                   2700                     5119.092801572473        2955.509606994543        2502.294445801098
1.17923                  0.56                     1.7857142857142854       5.612769655733161E-13    5.453942116110571E-13    0.25                     5.0E10                   2700                     5119.092801572473        2955.509606994543        2502.294445801098
1.17923                  0.58                     1.7241379310344829       5.650407022129378E-13    5.474151034228781E-13    0.25                     5.0E10                   2700                     5119.092801572473        2955.509606994543        2502.294445801098
1.17923                  0.6                      1.6666666666666667       5.675292153726276E-13    5.490989925942704E-13    0.25                     5.0E10                   2700                     5119.092801572473        2955.509606994543        2502.294445801098
1.17923                  0.62                     1.6129032258064515       5.660033775461511E-13    5.463885135668104E-13    0.25                     5.0E10                   2700                     5119.092801572473        2955.509606994543        2502.294445801098
1.17923                  0.64                     1.5624999999999998       5.73706216784662E-13     5.515691428693354E-13    0.25                     5.0E10                   2700                     5119.092801572473        2955.509606994543        2502.294445801098
1.17923                  0.66                     1.515151515151515        5.733145896682214E-13    5.485263655074565E-13    0.25                     5.0E10                   2700                     5119.092801572473        2955.509606994543        2502.294445801098
1.17923                  0.6799999999999999       1.4705882352941178       5.762946503966145E-13    5.494066839870418E-13    0.25                     5.0E10                   2700                     5119.092801572473        2955.509606994543        2502.294445801098
1.17923                  0.7                      1.4285714285714286       5.796730352046444E-13    5.513930177298384E-13    0.25                     5.0E10                   2700                     5119.092801572473        2955.509606994543        2502.294445801098
1.17923                  0.72                     1.3888888888888888       5.803844256773978E-13    5.504835944880332E-13    0.25                     5.0E10                   2700                     5119.092801572473        2955.509606994543        2502.294445801098
1.17923                  0.74                     1.3513513513513513       5.881673324874133E-13    5.557761317866677E-13    0.25                     5.0E10                   2700                     5119.092801572473        2955.509606994543        2502.294445801098
1.17923                  0.76                     1.3157894736842106       5.959261651744814E-13    5.606561518803801E-13    0.25                     5.0E10                   2700                     5119.092801572473        2955.509606994543        2502.294445801098
1.17923                  0.78                     1.2820512820512822       5.947659156208587E-13    5.570350043828012E-13    0.25                     5.0E10                   2700                     5119.092801572473        2955.509606994543        2502.294445801098
1.17923                  0.8                      1.25                     5.916281581443341E-13    5.519925105265606E-13    0.25                     5.0E10                   2700                     5119.092801572473        2955.509606994543        2502.294445801098
1.17923                  0.82                     1.2195121951219514       5.928191307071866E-13    5.517486047813421E-13    0.25                     5.0E10                   2700                     5119.092801572473        2955.509606994543        2502.294445801098
1.17923                  0.84                     1.1904761904761905       5.945193475414196E-13    5.528023391920889E-13    0.25                     5.0E10                   2700                     5119.092801572473        2955.509606994543        2502.294445801098
1.17923                  0.86                     1.1627906976744187       5.945251466104636E-13    5.523522279777789E-13    0.25                     5.0E10                   2700                     5119.092801572473        2955.509606994543        2502.294445801098
1.17923                  0.88                     1.1363636363636365       5.950924808504388E-13    5.521940645416662E-13    0.25                     5.0E10                   2700                     5119.092801572473        2955.509606994543        2502.294445801098
1.17923                  0.9                      1.1111111111111112       5.986533305357393E-13    5.544532428259394E-13    0.25                     5.0E10                   2700                     5119.092801572473        2955.509606994543        2502.294445801098
1.17923                  0.92                     1.0869565217391304       6.031687903178003E-13    5.57297448874139E-13     0.25                     5.0E10                   2700                     5119.092801572473        2955.509606994543        2502.294445801098
1.17923                  0.94                     1.0638297872340425       6.051199150207919E-13    5.576829258693233E-13    0.25                     5.0E10                   2700                     5119.092801572473        2955.509606994543        2502.294445801098
1.17923                  0.96                     1.0416666666666667       6.04029209299544E-13     5.553739783331803E-13    0.25                     5.0E10                   2700                     5119.092801572473        2955.509606994543        2502.294445801098
1.17923                  0.98                     1.0204081632653061       6.025891816931806E-13    5.53005805405124E-13     0.25                     5.0E10                   2700                     5119.092801572473        2955.509606994543        2502.294445801098
1.17923                  1                        1                        6.033022272054888E-13    5.529317317885077E-13    0.25                     5.0E10                   2700                     5119.092801572473        2955.509606994543        2502.294445801098
1.17923                  1.02                     0.9803921568627452       6.065423654954007E-13    5.559068132752754E-13    0.25                     5.0E10                   2700                     5119.092801572473        2955.509606994543        2502.294445801098
1.17923                  1.04                     0.9615384615384615       6.099534341021859E-13    5.596465721046212E-13    0.25                     5.0E10                   2700                     5119.092801572473        2955.509606994543        2502.294445801098
1.17923                  1.06                     0.9433962264150944       6.10940528144641E-13     5.616431689579405E-13    0.25                     5.0E10                   2700                     5119.092801572473        2955.509606994543        2502.294445801098
1.17923                  1.08                     0.9259259259259258       6.083315631978016E-13    5.605762537718888E-13    0.25                     5.0E10                   2700                     5119.092801572473        2955.509606994543        2502.294445801098
1.17923                  1.1                      0.909090909090909        6.028495526797759E-13    5.568423519617463E-13    0.25                     5.0E10                   2700                     5119.092801572473        2955.509606994543        2502.294445801098
1.17923                  1.12                     0.8928571428571427       5.961664427659621E-13    5.518355498834352E-13    0.25                     5.0E10                   2700                     5119.092801572473        2955.509606994543        2502.294445801098
1.17923                  1.1400000000000001       0.8771929824561403       5.900843560906834E-13    5.469785499433065E-13    0.25                     5.0E10                   2700                     5119.092801572473        2955.509606994543        2502.294445801098
1.17923                  1.1600000000000001       0.8620689655172412       5.85295588668244E-13     5.429999630192154E-13    0.25                     5.0E10                   2700                     5119.092801572473        2955.509606994543        2502.294445801098
1.17923                  1.1800000000000002       0.8474576271186439       5.818534700495779E-13    5.400114064026399E-13    0.25                     5.0E10                   2700                     5119.092801572473        2955.509606994543        2502.294445801098
1.17923                  1.2000000000000002       0.8333333333333331       5.794364409474595E-13    5.378056034732645E-13    0.25                     5.0E10                   2700                     5119.092801572473        2955.509606994543        2502.294445801098
1.17923                  1.2200000000000002       0.8196721311475409       5.777264998138652E-13    5.361862097562596E-13    0.25                     5.0E10                   2700                     5119.092801572473        2955.509606994543        2502.294445801098
1.17923                  1.2400000000000002       0.8064516129032256       5.766130845304483E-13    5.351441776370711E-13    0.25                     5.0E10                   2700                     5119.092801572473        2955.509606994543        2502.294445801098
1.17923                  1.26                     0.7936507936507936       5.761859864546116E-13    5.348613939134233E-13    0.25                     5.0E10                   2700                     5119.092801572473        2955.509606994543        2502.294445801098
1.17923                  1.28                     0.7812499999999999       5.766426062110679E-13    5.355695450251263E-13    0.25                     5.0E10                   2700                     5119.092801572473        2955.509606994543        2502.294445801098
1.17923                  1.3                      0.7692307692307692       5.780347422738283E-13    5.373734703008626E-13    0.25                     5.0E10                   2700                     5119.092801572473        2955.509606994543        2502.294445801098
1.17923                  1.32                     0.7575757575757575       5.802138945712459E-13    5.401769641689261E-13    0.25                     5.0E10                   2700                     5119.092801572473        2955.509606994543        2502.294445801098
1.17923                  1.34                     0.7462686567164178       5.828082935691375E-13    5.436594237208468E-13    0.25                     5.0E10                   2700                     5119.092801572473        2955.509606994543        2502.294445801098
1.17923                  1.36                     0.7352941176470588       5.852766638320593E-13    5.473219475530523E-13    0.25                     5.0E10                   2700                     5119.092801572473        2955.509606994543        2502.294445801098
1.17923                  1.3800000000000001       0.7246376811594203       5.870167727278088E-13    5.505851655608216E-13    0.25                     5.0E10                   2700                     5119.092801572473        2955.509606994543        2502.294445801098
1.17923                  1.4000000000000001       0.7142857142857142       5.874944208396967E-13    5.529092281976891E-13    0.25                     5.0E10                   2700                     5119.092801572473        2955.509606994543        2502.294445801098
1.17923                  1.4200000000000002       0.704225352112676        5.863585447844947E-13    5.539052394769555E-13    0.25                     5.0E10                   2700                     5119.092801572473        2955.509606994543        2502.294445801098
1.17923                  1.4400000000000002       0.6944444444444444       5.835586453564764E-13    5.534130903351067E-13    0.25                     5.0E10                   2700                     5119.092801572473        2955.509606994543        2502.294445801098
1.17923                  1.4600000000000002       0.6849315068493149       5.791598620114871E-13    5.514955023380249E-13    0.25                     5.0E10                   2700                     5119.092801572473        2955.509606994543        2502.294445801098
1.17923                  1.4800000000000002       0.6756756756756755       5.735430573210624E-13    5.484100219017756E-13    0.25                     5.0E10                   2700                     5119.092801572473        2955.509606994543        2502.294445801098
1.17923                  1.5000000000000002       0.6666666666666665       5.671685330440173E-13    5.445368129792128E-13    0.25                     5.0E10                   2700                     5119.092801572473        2955.509606994543        2502.294445801098
1.17923                  1.52                     0.6578947368421053       5.605181263807621E-13    5.402941477667605E-13    0.25                     5.0E10                   2700                     5119.092801572473        2955.509606994543        2502.294445801098
1.17923                  1.54                     0.6493506493506493       5.540222752453321E-13    5.360692204532574E-13    0.25                     5.0E10                   2700                     5119.092801572473        2955.509606994543        2502.294445801098
1.17923                  1.56                     0.6410256410256411       5.480152638677744E-13    5.321729615886847E-13    0.25                     5.0E10                   2700                     5119.092801572473        2955.509606994543        2502.294445801098
1.17923                  1.58                     0.6329113924050632       5.427177393169629E-13    5.28819441311157E-13     0.25                     5.0E10                   2700                     5119.092801572473        2955.509606994543        2502.294445801098
1.17923                  1.6                      0.625                    5.382396915617684E-13    5.261245713527103E-13    0.25                     5.0E10                   2700                     5119.092801572473        2955.509606994543        2502.294445801098
1.17923                  1.62                     0.6172839506172839       5.345965012013506E-13    5.24117931815917E-13     0.25                     5.0E10                   2700                     5119.092801572473        2955.509606994543        2502.294445801098
1.17923                  1.6400000000000001       0.6097560975609756       5.317298719790449E-13    5.227599102485577E-13    0.25                     5.0E10                   2700                     5119.092801572473        2955.509606994543        2502.294445801098
1.17923                  1.6600000000000001       0.6024096385542168       5.295310622769685E-13    5.219621382557126E-13    0.25                     5.0E10                   2700                     5119.092801572473        2955.509606994543        2502.294445801098
1.17923                  1.6800000000000002       0.5952380952380951       5.279528535885867E-13    5.217180096316591E-13    0.25                     5.0E10                   2700                     5119.092801572473        2955.509606994543        2502.294445801098
1.17923                  1.7000000000000002       0.588235294117647        5.266763065635656E-13    5.216854884466609E-13    0.25                     5.0E10                   2700                     5119.092801572473        2955.509606994543        2502.294445801098
1.17923                  1.7200000000000002       0.5813953488372092       5.25634256574613E-13     5.218342914714322E-13    0.25                     5.0E10                   2700                     5119.092801572473        2955.509606994543        2502.294445801098
1.17923                  1.7400000000000002       0.5747126436781609       5.246976343692305E-13    5.220486323289244E-13    0.25                     5.0E10                   2700                     5119.092801572473        2955.509606994543        2502.294445801098
1.17923                  1.7600000000000002       0.5681818181818182       5.23760580089169E-13     5.22233280085083E-13     0.25                     5.0E10                   2700                     5119.092801572473        2955.509606994543        2502.294445801098
1.17923                  1.78                     0.5617977528089887       5.227443696297553E-13    5.223173851613775E-13    0.25                     5.0E10                   2700                     5119.092801572473        2955.509606994543        2502.294445801098
1.17923                  1.8                      0.5555555555555556       5.215971224007599E-13    5.222549977521178E-13    0.25                     5.0E10                   2700                     5119.092801572473        2955.509606994543        2502.294445801098
1.17923                  1.82                     0.5494505494505494       5.202920033905499E-13    5.220233375176038E-13    0.25                     5.0E10                   2700                     5119.092801572473        2955.509606994543        2502.294445801098
1.17923                  1.84                     0.5434782608695652       5.188231962907091E-13    5.216192165230424E-13    0.25                     5.0E10                   2700                     5119.092801572473        2955.509606994543        2502.294445801098
1.17923                  1.86                     0.5376344086021505       5.172010538249092E-13    5.210545196874261E-13    0.25                     5.0E10                   2700                     5119.092801572473        2955.509606994543        2502.294445801098
1.17923                  1.8800000000000001       0.5319148936170213       5.154470418998002E-13    5.20351417838765E-13     0.25                     5.0E10                   2700                     5119.092801572473        2955.509606994543        2502.294445801098
1.17923                  1.9000000000000001       0.5263157894736842       5.135890381560474E-13    5.195378690224781E-13    0.25                     5.0E10                   2700                     5119.092801572473        2955.509606994543        2502.294445801098
1.17923                  1.9200000000000002       0.5208333333333333       5.11657357732574E-13     5.186437861324557E-13    0.25                     5.0E10                   2700                     5119.092801572473        2955.509606994543        2502.294445801098
1.17923                  1.9400000000000002       0.5154639175257731       5.096816955307183E-13    5.176980717014052E-13    0.25                     5.0E10                   2700                     5119.092801572473        2955.509606994543        2502.294445801098
1.17923                  1.9600000000000002       0.5102040816326531       5.076888769395293E-13    5.167265247993588E-13    0.25                     5.0E10                   2700                     5119.092801572473        2955.509606994543        2502.294445801098
1.17923                  1.9800000000000002       0.505050505050505        5.057022042389315E-13    5.15750829680129E-13     0.25                     5.0E10                   2700                     5119.092801572473        2955.509606994543        2502.294445801098
1.17923                  2                        0.5                      5.037617963220336E-13    5.147962092987818E-13    0.25                     5.0E10                   2700                     5119.092801572473        2955.509606994543        2502.294445801098
1.17923                  2.02                     0.4950495049504951       5.018379682273574E-13    5.138577451588165E-13    0.25                     5.0E10                   2700                     5119.092801572473        2955.509606994543        2502.294445801098
1.17923                  2.04                     0.4901960784313726       4.999631692179824E-13    5.129523946779832E-13    0.25                     5.0E10                   2700                     5119.092801572473        2955.509606994543        2502.294445801098
1.17923                  2.06                     0.48543689320388345      4.981444332491874E-13    5.120848960339823E-13    0.25                     5.0E10                   2700                     5119.092801572473        2955.509606994543        2502.294445801098
1.17923                  2.08                     0.4807692307692307       4.963863503361878E-13    5.112574350469462E-13    0.25                     5.0E10                   2700                     5119.092801572473        2955.509606994543        2502.294445801098
1.17923                  2.1                      0.47619047619047616      4.946918582091122E-13    5.10470497405959E-13     0.25                     5.0E10                   2700                     5119.092801572473        2955.509606994543        2502.294445801098
1.17923                  2.12                     0.4716981132075472       4.93062962366388E-13     5.097236537388607E-13    0.25                     5.0E10                   2700                     5119.092801572473        2955.509606994543        2502.294445801098
1.17923                  2.14                     0.46728971962616817      4.915013390124499E-13    5.090162283501457E-13    0.25                     5.0E10                   2700                     5119.092801572473        2955.509606994543        2502.294445801098
1.17923                  2.16                     0.4629629629629629       4.900087974872147E-13    5.08347824492459E-13     0.25                     5.0E10                   2700                     5119.092801572473        2955.509606994543        2502.294445801098
1.17923                  2.18                     0.4587155963302752       4.885875963148104E-13    5.077186969102815E-13    0.25                     5.0E10                   2700                     5119.092801572473        2955.509606994543        2502.294445801098
1.17923                  2.2                      0.4545454545454545       4.872406081968789E-13    5.071299894594466E-13    0.25                     5.0E10                   2700                     5119.092801572473        2955.509606994543        2502.294445801098
1.17923                  2.22                     0.45045045045045035      4.859714199775508E-13    5.06583773460196E-13     0.25                     5.0E10                   2700                     5119.092801572473        2955.509606994543        2502.294445801098
1.17923                  2.24                     0.44642857142857134      4.847842170139976E-13    5.060830995268768E-13    0.25                     5.0E10                   2700                     5119.092801572473        2955.509606994543        2502.294445801098
1.17923                  2.2600000000000002       0.44247787610619466      4.83683702342509E-13     5.056318364951943E-13    0.25                     5.0E10                   2700                     5119.092801572473        2955.509606994543        2502.294445801098
1.17923                  2.2800000000000002       0.43859649122807015      4.826749063530711E-13    5.052345044829941E-13    0.25                     5.0E10                   2700                     5119.092801572473        2955.509606994543        2502.294445801098
1.17923                  2.3000000000000003       0.43478260869565216      4.817629760399653E-13    5.048960546904343E-13    0.25                     5.0E10                   2700                     5119.092801572473        2955.509606994543        2502.294445801098
1.17923                  2.3200000000000003       0.4310344827586206       4.809529521541456E-13    5.04621628409982E-13     0.25                     5.0E10                   2700                     5119.092801572473        2955.509606994543        2502.294445801098
1.17923                  2.3400000000000003       0.4273504273504273       4.802495502811164E-13    5.044163130738908E-13    0.25                     5.0E10                   2700                     5119.092801572473        2955.509606994543        2502.294445801098
1.17923                  2.3600000000000003       0.42372881355932196      4.796569581714996E-13    5.042849095839645E-13    0.25                     5.0E10                   2700                     5119.092801572473        2955.509606994543        2502.294445801098
1.17923                  2.3800000000000003       0.4201680672268907       4.791786580708489E-13    5.042317215254961E-13    0.25                     5.0E10                   2700                     5119.092801572473        2955.509606994543        2502.294445801098
1.17923                  2.4000000000000004       0.4166666666666666       4.788172796742079E-13    5.042603735426656E-13    0.25                     5.0E10                   2700                     5119.092801572473        2955.509606994543        2502.294445801098
1.17923                  2.42                     0.4132231404958677       4.785744864451768E-13    5.043736631187066E-13    0.25                     5.0E10                   2700                     5119.092801572473        2955.509606994543        2502.294445801098
1.17923                  2.44                     0.4098360655737705       4.784508959647423E-13    5.045734475798821E-13    0.25                     5.0E10                   2700                     5119.092801572473        2955.509606994543        2502.294445801098
1.17923                  2.46                     0.4065040650406504       4.784460332015127E-13    5.04860566153683E-13     0.25                     5.0E10                   2700                     5119.092801572473        2955.509606994543        2502.294445801098
1.17923                  2.48                     0.4032258064516129       4.785583144422621E-13    5.052347954794254E-13    0.25                     5.0E10                   2700                     5119.092801572473        2955.509606994543        2502.294445801098
1.17923                  2.5                      0.4                      4.789646724416352E-13    5.057989960809783E-13    0.25                     5.0E10                   2700                     5119.092801572473        2955.509606994543        2502.294445801098
1.17923                  2.52                     0.3968253968253968       4.793026231224301E-13    5.063433019455129E-13    0.25                     5.0E10                   2700                     5119.092801572473        2955.509606994543        2502.294445801098
1.17923                  2.54                     0.39370078740157477      4.79745869711834E-13     5.06967149295272E-13     0.25                     5.0E10                   2700                     5119.092801572473        2955.509606994543        2502.294445801098
1.17923                  2.56                     0.39062499999999994      4.802886002193087E-13    5.07666042277485E-13     0.25                     5.0E10                   2700                     5119.092801572473        2955.509606994543        2502.294445801098
1.17923                  2.58                     0.38759689922480617      4.80924294745594E-13     5.084347270732326E-13    0.25                     5.0E10                   2700                     5119.092801572473        2955.509606994543        2502.294445801098
1.17923                  2.6                      0.3846153846153846       4.816457035342055E-13    5.092671661041473E-13    0.25                     5.0E10                   2700                     5119.092801572473        2955.509606994543        2502.294445801098
1.17923                  2.62                     0.3816793893129771       4.824449500150094E-13    5.101566351632568E-13    0.25                     5.0E10                   2700                     5119.092801572473        2955.509606994543        2502.294445801098
1.17923                  2.64                     0.37878787878787873      4.833136389704019E-13    5.110958279556643E-13    0.25                     5.0E10                   2700                     5119.092801572473        2955.509606994543        2502.294445801098
1.17923                  2.66                     0.37593984962406013      4.842429676180004E-13    5.120769655175107E-13    0.25                     5.0E10                   2700                     5119.092801572473        2955.509606994543        2502.294445801098
1.17923                  2.68                     0.3731343283582089       4.852238376083023E-13    5.130919082178064E-13    0.25                     5.0E10                   2700                     5119.092801572473        2955.509606994543        2502.294445801098
1.17923                  2.7                      0.37037037037037035      4.862469661560191E-13    5.141322682642869E-13    0.25                     5.0E10                   2700                     5119.092801572473        2955.509606994543        2502.294445801098
1.17923                  2.72                     0.3676470588235294       4.873029947202541E-13    5.151895208562747E-13    0.25                     5.0E10                   2700                     5119.092801572473        2955.509606994543        2502.294445801098
1.17923                  2.74                     0.36496350364963503      4.883825938344634E-13    5.162551123318049E-13    0.25                     5.0E10                   2700                     5119.092801572473        2955.509606994543        2502.294445801098
1.17923                  2.7600000000000002       0.36231884057971014      4.894765627948361E-13    5.173205637990848E-13    0.25                     5.0E10                   2700                     5119.092801572473        2955.509606994543        2502.294445801098
1.17923                  2.7800000000000002       0.35971223021582727      4.905759231337935E-13    5.183775689651133E-13    0.25                     5.0E10                   2700                     5119.092801572473        2955.509606994543        2502.294445801098
1.17923                  2.8000000000000003       0.3571428571428571       4.916720048952076E-13    5.194180850160043E-13    0.25                     5.0E10                   2700                     5119.092801572473        2955.509606994543        2502.294445801098
1.17923                  2.8200000000000003       0.35460992907801414      4.92756524911191E-13     5.204344155738845E-13    0.25                     5.0E10                   2700                     5119.092801572473        2955.509606994543        2502.294445801098
1.17923                  2.8400000000000003       0.352112676056338        4.938216563804597E-13    5.214192849379316E-13    0.25                     5.0E10                   2700                     5119.092801572473        2955.509606994543        2502.294445801098
1.17923                  2.8600000000000003       0.3496503496503496       4.948600892678499E-13    5.223659029844847E-13    0.25                     5.0E10                   2700                     5119.092801572473        2955.509606994543        2502.294445801098
1.17923                  2.8800000000000003       0.3472222222222222       4.958650811403175E-13    5.23268020279848E-13     0.25                     5.0E10                   2700                     5119.092801572473        2955.509606994543        2502.294445801098
1.17923                  2.9000000000000004       0.3448275862068965       4.968304982391126E-13    5.24119973134586E-13     0.25                     5.0E10                   2700                     5119.092801572473        2955.509606994543        2502.294445801098
1.17923                  2.92                     0.34246575342465757      4.977508305173712E-13    5.249167085424262E-13    0.25                     5.0E10                   2700                     5119.092801572473        2955.509606994543        2502.294445801098
1.17923                  2.94                     0.3401360544217687       4.98621285578699E-13     5.256538553087183E-13    0.25                     5.0E10                   2700                     5119.092801572473        2955.509606994543        2502.294445801098
1.17923                  2.96                     0.33783783783783783      4.994376811689749E-13    5.263276598847696E-13    0.25                     5.0E10                   2700                     5119.092801572473        2955.509606994543        2502.294445801098
1.17923                  2.98                     0.3355704697986577       5.001965355731144E-13    5.269350513579106E-13    0.25                     5.0E10                   2700                     5119.092801572473        2955.509606994543        2502.294445801098
1.17923                  3                        0.3333333333333333       5.008950386515022E-13    5.27473621701764E-13     0.25                     5.0E10                   2700                     5119.092801572473        2955.509606994543        2502.294445801098
1.17923                  3.02                     0.33112582781456956      5.015310387078125E-13    5.279416143047696E-13    0.25                     5.0E10                   2700                     5119.092801572473        2955.509606994543        2502.294445801098
1.17923                  3.04                     0.32894736842105265      5.021030222821071E-13    5.283379050603621E-13    0.25                     5.0E10                   2700                     5119.092801572473        2955.509606994543        2502.294445801098
1.17923                  3.06                     0.32679738562091504      5.026100876745576E-13    5.286619768473814E-13    0.25                     5.0E10                   2700                     5119.092801572473        2955.509606994543        2502.294445801098
1.17923                  3.08                     0.3246753246753247       5.030519130729507E-13    5.289138883018356E-13    0.25                     5.0E10                   2700                     5119.092801572473        2955.509606994543        2502.294445801098
1.17923                  3.1                      0.32258064516129037      5.034287201820521E-13    5.29094237813951E-13     0.25                     5.0E10                   2700                     5119.092801572473        2955.509606994543        2502.294445801098
1.17923                  3.12                     0.32051282051282054      5.037412342313556E-13    5.292041236694922E-13    0.25                     5.0E10                   2700                     5119.092801572473        2955.509606994543        2502.294445801098
1.17923                  3.14                     0.3184713375796178       5.039906412707647E-13    5.292451012778524E-13    0.25                     5.0E10                   2700                     5119.092801572473        2955.509606994543        2502.294445801098
1.17923                  3.16                     0.3164556962025316       5.041785436073742E-13    5.292191383528312E-13    0.25                     5.0E10                   2700                     5119.092801572473        2955.509606994543        2502.294445801098
1.17923                  3.18                     0.31446540880503143      5.043069141718991E-13    5.291285689203311E-13    0.25                     5.0E10                   2700                     5119.092801572473        2955.509606994543        2502.294445801098
1.17923                  3.2                      0.3125                   5.043780505823216E-13    5.28976046901148E-13     0.25                     5.0E10                   2700                     5119.092801572473        2955.509606994543        2502.294445801098
1.17923                  3.22                     0.31055900621118004      5.043945295814305E-13    5.287645000040223E-13    0.25                     5.0E10                   2700                     5119.092801572473        2955.509606994543        2502.294445801098
1.17923                  3.24                     0.30864197530864196      5.043591624368103E-13    5.284970845357482E-13    0.25                     5.0E10                   2700                     5119.092801572473        2955.509606994543        2502.294445801098
1.17923                  3.2600000000000002       0.3067484662576687       5.042749518272734E-13    5.281771416841717E-13    0.25                     5.0E10                   2700                     5119.092801572473        2955.509606994543        2502.294445801098
1.17923                  3.2800000000000002       0.3048780487804878       5.04145050670337E-13     5.278081557314554E-13    0.25                     5.0E10                   2700                     5119.092801572473        2955.509606994543        2502.294445801098
1.17923                  3.3000000000000003       0.30303030303030304      5.039727232124283E-13    5.273937145668999E-13    0.25                     5.0E10                   2700                     5119.092801572473        2955.509606994543        2502.294445801098
1.17923                  3.3200000000000003       0.3012048192771084       5.037613086825556E-13    5.269374727780293E-13    0.25                     5.0E10                   2700                     5119.092801572473        2955.509606994543        2502.294445801098
1.17923                  3.3400000000000003       0.29940119760479045      5.035222695103108E-13    5.264551692859792E-13    0.25                     5.0E10                   2700                     5119.092801572473        2955.509606994543        2502.294445801098
1.17923                  3.3600000000000003       0.29761904761904756      5.032421803594258E-13    5.259252642649223E-13    0.25                     5.0E10                   2700                     5119.092801572473        2955.509606994543        2502.294445801098
1.17923                  3.3800000000000003       0.29585798816568043      5.029331050733471E-13    5.253645441003651E-13    0.25                     5.0E10                   2700                     5119.092801572473        2955.509606994543        2502.294445801098
1.17923                  3.4000000000000004       0.2941176470588235       5.025983829197095E-13    5.24776627176525E-13     0.25                     5.0E10                   2700                     5119.092801572473        2955.509606994543        2502.294445801098
1.17923                  3.4200000000000004       0.29239766081871343      5.022412895011654E-13    5.241650579320143E-13    0.25                     5.0E10                   2700                     5119.092801572473        2955.509606994543        2502.294445801098
1.17923                  3.44                     0.29069767441860467      5.018650176591254E-13    5.235332875426902E-13    0.25                     5.0E10                   2700                     5119.092801572473        2955.509606994543        2502.294445801098
1.17923                  3.46                     0.2890173410404624       5.014726611097112E-13    5.228846574350375E-13    0.25                     5.0E10                   2700                     5119.092801572473        2955.509606994543        2502.294445801098
1.17923                  3.48                     0.28735632183908044      5.010672007269384E-13    5.222223854827035E-13    0.25                     5.0E10                   2700                     5119.092801572473        2955.509606994543        2502.294445801098
1.17923                  3.5                      0.2857142857142857       5.00651493262426E-13     5.215495547132114E-13    0.25                     5.0E10                   2700                     5119.092801572473        2955.509606994543        2502.294445801098
1.17923                  3.52                     0.2840909090909091       5.002283623256542E-13    5.208691864390068E-13    0.25                     5.0E10                   2700                     5119.092801572473        2955.509606994543        2502.294445801098
1.17923                  3.54                     0.2824858757062147       4.998001927573004E-13    5.201839041834478E-13    0.25                     5.0E10                   2700                     5119.092801572473        2955.509606994543        2502.294445801098
1.17923                  3.56                     0.28089887640449435      4.993695222698627E-13    5.194964243949463E-13    0.25                     5.0E10                   2700                     5119.092801572473        2955.509606994543        2502.294445801098
1.17923                  3.58                     0.2793296089385475       4.98938641556795E-13     5.188092219646224E-13    0.25                     5.0E10                   2700                     5119.092801572473        2955.509606994543        2502.294445801098
1.17923                  3.6                      0.2777777777777778       4.985096915525034E-13    5.181246119224316E-13    0.25                     5.0E10                   2700                     5119.092801572473        2955.509606994543        2502.294445801098
1.17923                  3.62                     0.27624309392265195      4.980846631612964E-13    5.17444749400822E-13     0.25                     5.0E10                   2700                     5119.092801572473        2955.509606994543        2502.294445801098
1.17923                  3.64                     0.2747252747252747       4.976653981978709E-13    5.167716308319037E-13    0.25                     5.0E10                   2700                     5119.092801572473        2955.509606994543        2502.294445801098
1.17923                  3.66                     0.27322404371584696      4.972535913724949E-13    5.161070962154905E-13    0.25                     5.0E10                   2700                     5119.092801572473        2955.509606994543        2502.294445801098
1.17923                  3.68                     0.2717391304347826       4.96850793173956E-13     5.154528322996924E-13    0.25                     5.0E10                   2700                     5119.092801572473        2955.509606994543        2502.294445801098
1.17923                  3.7                      0.2702702702702703       4.964584134985927E-13    5.148103765128484E-13    0.25                     5.0E10                   2700                     5119.092801572473        2955.509606994543        2502.294445801098
1.17923                  3.72                     0.26881720430107525      4.960777259220275E-13    5.14181121552523E-13     0.25                     5.0E10                   2700                     5119.092801572473        2955.509606994543        2502.294445801098
1.17923                  3.74                     0.267379679144385        4.957098724607382E-13    5.13566320476692E-13     0.25                     5.0E10                   2700                     5119.092801572473        2955.509606994543        2502.294445801098
1.17923                  3.7600000000000002       0.26595744680851063      4.953558687430589E-13    5.129670921920987E-13    0.25                     5.0E10                   2700                     5119.092801572473        2955.509606994543        2502.294445801098
1.17923                  3.7800000000000002       0.26455026455026454      4.95016609483385E-13     5.123844272577283E-13    0.25                     5.0E10                   2700                     5119.092801572473        2955.509606994543        2502.294445801098
1.17923                  3.8000000000000003       0.2631578947368421       4.946928741761739E-13    5.118191939006559E-13    0.25                     5.0E10                   2700                     5119.092801572473        2955.509606994543        2502.294445801098
1.17923                  3.8200000000000003       0.26178010471204183      4.943853329334388E-13    5.112721441755154E-13    0.25                     5.0E10                   2700                     5119.092801572473        2955.509606994543        2502.294445801098
1.17923                  3.8400000000000003       0.26041666666666663      4.940945524058079E-13    5.107439201947557E-13    0.25                     5.0E10                   2700                     5119.092801572473        2955.509606994543        2502.294445801098
1.17923                  3.8600000000000003       0.25906735751295334      4.93821001711615E-13     5.102350603683612E-13    0.25                     5.0E10                   2700                     5119.092801572473        2955.509606994543        2502.294445801098
1.17923                  3.8800000000000003       0.25773195876288657      4.935650583544133E-13    5.097460056194875E-13    0.25                     5.0E10                   2700                     5119.092801572473        2955.509606994543        2502.294445801098
1.17923                  3.9000000000000004       0.2564102564102564       4.933270140572372E-13    5.092771055084144E-13    0.25                     5.0E10                   2700                     5119.092801572473        2955.509606994543        2502.294445801098
1.17923                  3.9200000000000004       0.25510204081632654      4.931070805044995E-13    5.088286242536843E-13    0.25                     5.0E10                   2700                     5119.092801572473        2955.509606994543        2502.294445801098
1.17923                  3.94                     0.25380710659898476      4.929053949350994E-13    5.084007465996727E-13    0.25                     5.0E10                   2700                     5119.092801572473        2955.509606994543        2502.294445801098
1.17923                  3.96                     0.2525252525252525       4.927220255941336E-13    5.079935835248103E-13    0.25                     5.0E10                   2700                     5119.092801572473        2955.509606994543        2502.294445801098
1.17923                  3.98                     0.25125628140703515      4.925569769893534E-13    5.076071777506656E-13    0.25                     5.0E10                   2700                     5119.092801572473        2955.509606994543        2502.294445801098
1.17923                  4                        0.25                     4.924101949805631E-13    5.072415090663984E-13    0.25                     5.0E10                   2700                     5119.092801572473        2955.509606994543        2502.294445801098
1.17923                  4.02                     0.24875621890547264      4.922815716472682E-13    5.068964994309825E-13    0.25                     5.0E10                   2700                     5119.092801572473        2955.509606994543        2502.294445801098
1.17923                  4.04                     0.24752475247524755      4.921709499506404E-13    5.065720178487337E-13    0.25                     5.0E10                   2700                     5119.092801572473        2955.509606994543        2502.294445801098
1.17923                  4.06                     0.24630541871921185      4.9207812818913E-13      5.062678850391349E-13    0.25                     5.0E10                   2700                     5119.092801572473        2955.509606994543        2502.294445801098
1.17923                  4.08                     0.2450980392156863       4.92002864232318E-13     5.059838778579802E-13    0.25                     5.0E10                   2700                     5119.092801572473        2955.509606994543        2502.294445801098
1.17923                  4.1                      0.24390243902439027      4.919448795312015E-13    5.05719733508314E-13     0.25                     5.0E10                   2700                     5119.092801572473        2955.509606994543        2502.294445801098
1.17923                  4.12                     0.24271844660194172      4.919038629284009E-13    5.054751535214454E-13    0.25                     5.0E10                   2700                     5119.092801572473        2955.509606994543        2502.294445801098
1.17923                  4.14                     0.2415458937198068       4.918794742393846E-13    5.052498075121891E-13    0.25                     5.0E10                   2700                     5119.092801572473        2955.509606994543        2502.294445801098
1.17923                  4.16                     0.24038461538461536      4.918713476307879E-13    5.050433367165307E-13    0.25                     5.0E10                   2700                     5119.092801572473        2955.509606994543        2502.294445801098
1.17923                  4.18                     0.2392344497607656       4.918790948030296E-13    5.048553573302775E-13    0.25                     5.0E10                   2700                     5119.092801572473        2955.509606994543        2502.294445801098
1.17923                  4.199999999999999        0.23809523809523814      4.91902307958578E-13     5.046854636158501E-13    0.25                     5.0E10                   2700                     5119.092801572473        2955.509606994543        2502.294445801098
1.17923                  4.22                     0.23696682464454977      4.91940562590805E-13     5.045332308404219E-13    0.25                     5.0E10                   2700                     5119.092801572473        2955.509606994543        2502.294445801098
1.17923                  4.239999999999999        0.23584905660377362      4.919934200838973E-13    5.04398217991034E-13     0.25                     5.0E10                   2700                     5119.092801572473        2955.509606994543        2502.294445801098
1.17923                  4.26                     0.2347417840375587       4.920604301347232E-13    5.04279970338047E-13     0.25                     5.0E10                   2700                     5119.092801572473        2955.509606994543        2502.294445801098
1.17923                  4.279999999999999        0.23364485981308417      4.921411329977656E-13    5.041780217805849E-13    0.25                     5.0E10                   2700                     5119.092801572473        2955.509606994543        2502.294445801098
1.17923                  4.3                      0.23255813953488372      4.922350615833534E-13    5.040918970739422E-13    0.25                     5.0E10                   2700                     5119.092801572473        2955.509606994543        2502.294445801098
1.17923                  4.319999999999999        0.23148148148148148      4.923417433797889E-13    5.04021113837073E-13     0.25                     5.0E10                   2700                     5119.092801572473        2955.509606994543        2502.294445801098
1.17923                  4.34                     0.2304147465437788       4.924607022393361E-13    5.039651844552192E-13    0.25                     5.0E10                   2700                     5119.092801572473        2955.509606994543        2502.294445801098
1.17923                  4.359999999999999        0.22935779816513763      4.92591460026302E-13     5.039236178206278E-13    0.25                     5.0E10                   2700                     5119.092801572473        2955.509606994543        2502.294445801098
1.17923                  4.38                     0.228310502283105        4.927337477007961E-13    5.03896080942816E-13     0.25                     5.0E10                   2700                     5119.092801572473        2955.509606994543        2502.294445801098
1.17923                  4.3999999999999995       0.22727272727272732      4.928866723817698E-13    5.038817644766802E-13    0.25                     5.0E10                   2700                     5119.092801572473        2955.509606994543        2502.294445801098
1.17923                  4.42                     0.22624434389140272      4.930499640958705E-13    5.038803317991829E-13    0.25                     5.0E10                   2700                     5119.092801572473        2955.509606994543        2502.294445801098
1.17923                  4.4399999999999995       0.22522522522522526      4.932231505907228E-13    5.038912925207014E-13    0.25                     5.0E10                   2700                     5119.092801572473        2955.509606994543        2502.294445801098
1.17923                  4.46                     0.2242152466367713       4.934057639733121E-13    5.039141595117212E-13    0.25                     5.0E10                   2700                     5119.092801572473        2955.509606994543        2502.294445801098
1.17923                  4.4799999999999995       0.2232142857142857       4.935973416441389E-13    5.039484499219922E-13    0.25                     5.0E10                   2700                     5119.092801572473        2955.509606994543        2502.294445801098
1.17923                  4.5                      0.22222222222222224      4.93797427160776E-13     5.039936860918326E-13    0.25                     5.0E10                   2700                     5119.092801572473        2955.509606994543        2502.294445801098
1.17923                  4.52                     0.22123893805309736      4.940055709802407E-13    5.040493963797423E-13    0.25                     5.0E10                   2700                     5119.092801572473        2955.509606994543        2502.294445801098
1.17923                  4.54                     0.22026431718061676      4.942213311544493E-13    5.04115115906595E-13     0.25                     5.0E10                   2700                     5119.092801572473        2955.509606994543        2502.294445801098
1.17923                  4.56                     0.21929824561403513      4.944442739164561E-13    5.041903872127734E-13    0.25                     5.0E10                   2700                     5119.092801572473        2955.509606994543        2502.294445801098
1.17923                  4.58                     0.21834061135371177      4.946739742250353E-13    5.042747608443012E-13    0.25                     5.0E10                   2700                     5119.092801572473        2955.509606994543        2502.294445801098
1.17923                  4.6                      0.2173913043478261       4.949100162107447E-13    5.043677958634855E-13    0.25                     5.0E10                   2700                     5119.092801572473        2955.509606994543        2502.294445801098
1.17923                  4.62                     0.21645021645021645      4.951519935819517E-13    5.044690603132663E-13    0.25                     5.0E10                   2700                     5119.092801572473        2955.509606994543        2502.294445801098
1.17923                  4.64                     0.21551724137931036      4.95399509965191E-13     5.045781315920697E-13    0.25                     5.0E10                   2700                     5119.092801572473        2955.509606994543        2502.294445801098
1.17923                  4.66                     0.2145922746781116       4.956521791882835E-13    5.04694596796157E-13     0.25                     5.0E10                   2700                     5119.092801572473        2955.509606994543        2502.294445801098
1.17923                  4.68                     0.21367521367521367      4.959096255029156E-13    5.048180529832642E-13    0.25                     5.0E10                   2700                     5119.092801572473        2955.509606994543        2502.294445801098
1.17923                  4.7                      0.2127659574468085       4.961714837998154E-13    5.049481074356874E-13    0.25                     5.0E10                   2700                     5119.092801572473        2955.509606994543        2502.294445801098
1.17923                  4.72                     0.211864406779661        4.964373997251578E-13    5.05084377814894E-13     0.25                     5.0E10                   2700                     5119.092801572473        2955.509606994543        2502.294445801098
1.17923                  4.739999999999999        0.21097046413502113      4.967070298055473E-13    5.052264923319544E-13    0.25                     5.0E10                   2700                     5119.092801572473        2955.509606994543        2502.294445801098
1.17923                  4.76                     0.21008403361344538      4.969800414991815E-13    5.053740898266499E-13    0.25                     5.0E10                   2700                     5119.092801572473        2955.509606994543        2502.294445801098
1.17923                  4.779999999999999        0.20920502092050208      4.972561132344496E-13    5.055268198625558E-13    0.25                     5.0E10                   2700                     5119.092801572473        2955.509606994543        2502.294445801098
1.17923                  4.8                      0.20833333333333334      4.975349344232747E-13    5.056843427591747E-13    0.25                     5.0E10                   2700                     5119.092801572473        2955.509606994543        2502.294445801098
1.17923                  4.819999999999999        0.2074688796680498       4.978162054149802E-13    5.058463295898773E-13    0.25                     5.0E10                   2700                     5119.092801572473        2955.509606994543        2502.294445801098
1.17923                  4.84                     0.20661157024793386      4.980996374602387E-13    5.060124621725761E-13    0.25                     5.0E10                   2700                     5119.092801572473        2955.509606994543        2502.294445801098
1.17923                  4.859999999999999        0.20576131687242802      4.983849526251077E-13    5.061824330203595E-13    0.25                     5.0E10                   2700                     5119.092801572473        2955.509606994543        2502.294445801098
1.17923                  4.88                     0.20491803278688525      4.986718837052179E-13    5.063559452790454E-13    0.25                     5.0E10                   2700                     5119.092801572473        2955.509606994543        2502.294445801098
1.17923                  4.8999999999999995       0.20408163265306126      4.989601740916621E-13    5.065327126365335E-13    0.25                     5.0E10                   2700                     5119.092801572473        2955.509606994543        2502.294445801098
1.17923                  4.92                     0.2032520325203252       4.992495776477738E-13    5.067124592079332E-13    0.25                     5.0E10                   2700                     5119.092801572473        2955.509606994543        2502.294445801098
1.17923                  4.9399999999999995       0.20242914979757085      4.995398585542618E-13    5.068949194319872E-13    0.25                     5.0E10                   2700                     5119.092801572473        2955.509606994543        2502.294445801098
1.17923                  4.96                     0.20161290322580644      4.998307911483349E-13    5.070798379055806E-13    0.25                     5.0E10                   2700                     5119.092801572473        2955.509606994543        2502.294445801098
1.17923                  4.9799999999999995       0.20080321285140565      5.001221597489686E-13    5.072669692549202E-13    0.25                     5.0E10                   2700                     5119.092801572473        2955.509606994543        2502.294445801098
1.17923                  5                        0.2                      5.005090566553977E-13    5.075723882216904E-13    0.25                     5.0E10                   2700                     5119.092801572473        2955.509606994543        2502.294445801098
1.17923                  5.02                     0.19920318725099603      5.007996261021873E-13    5.077622238233228E-13    0.25                     5.0E10                   2700                     5119.092801572473        2955.509606994543        2502.294445801098
1.17923                  5.04                     0.1984126984126984       5.010900306511888E-13    5.079535760836623E-13    0.25                     5.0E10                   2700                     5119.092801572473        2955.509606994543        2502.294445801098
1.17923                  5.06                     0.19762845849802374      5.013800936845934E-13    5.08146239534526E-13     0.25                     5.0E10                   2700                     5119.092801572473        2955.509606994543        2502.294445801098
1.17923                  5.08                     0.19685039370078738      5.016696474898864E-13    5.083400177318624E-13    0.25                     5.0E10                   2700                     5119.092801572473        2955.509606994543        2502.294445801098
1.17923                  5.1                      0.19607843137254904      5.019585330307854E-13    5.085347230615307E-13    0.25                     5.0E10                   2700                     5119.092801572473        2955.509606994543        2502.294445801098
1.17923                  5.12                     0.19531249999999997      5.022465997293707E-13    5.08730176518802E-13     0.25                     5.0E10                   2700                     5119.092801572473        2955.509606994543        2502.294445801098
1.17923                  5.14                     0.1945525291828794       5.025337052370431E-13    5.089262075088527E-13    0.25                     5.0E10                   2700                     5119.092801572473        2955.509606994543        2502.294445801098
1.17923                  5.16                     0.19379844961240308      5.028197151822386E-13    5.091226536152421E-13    0.25                     5.0E10                   2700                     5119.092801572473        2955.509606994543        2502.294445801098
1.17923                  5.18                     0.19305019305019305      5.031045029732944E-13    5.093193603920965E-13    0.25                     5.0E10                   2700                     5119.092801572473        2955.509606994543        2502.294445801098
1.17923                  5.2                      0.1923076923076923       5.033879495143022E-13    5.095161811432593E-13    0.25                     5.0E10                   2700                     5119.092801572473        2955.509606994543        2502.294445801098
1.17923                  5.22                     0.19157088122605365      5.036699430177549E-13    5.097129766890684E-13    0.25                     5.0E10                   2700                     5119.092801572473        2955.509606994543        2502.294445801098
1.17923                  5.239999999999999        0.19083969465648856      5.039503787480488E-13    5.099096151592887E-13    0.25                     5.0E10                   2700                     5119.092801572473        2955.509606994543        2502.294445801098
1.17923                  5.26                     0.19011406844106465      5.042291587765046E-13    5.10105971768818E-13     0.25                     5.0E10                   2700                     5119.092801572473        2955.509606994543        2502.294445801098
1.17923                  5.279999999999999        0.18939393939393942      5.045061917733943E-13    5.103019285785508E-13    0.25                     5.0E10                   2700                     5119.092801572473        2955.509606994543        2502.294445801098
1.17923                  5.3                      0.18867924528301888      5.047813927645392E-13    5.104973743069453E-13    0.25                     5.0E10                   2700                     5119.092801572473        2955.509606994543        2502.294445801098
1.17923                  5.319999999999999        0.1879699248120301       5.050546829039035E-13    5.10692204080024E-13     0.25                     5.0E10                   2700                     5119.092801572473        2955.509606994543        2502.294445801098
1.17923                  5.34                     0.18726591760299627      5.053259892521759E-13    5.108863192419882E-13    0.25                     5.0E10                   2700                     5119.092801572473        2955.509606994543        2502.294445801098
1.17923                  5.359999999999999        0.1865671641791045       5.055952445459513E-13    5.110796271191529E-13    0.25                     5.0E10                   2700                     5119.092801572473        2955.509606994543        2502.294445801098
1.17923                  5.38                     0.1858736059479554       5.058623869999769E-13    5.112720408253321E-13    0.25                     5.0E10                   2700                     5119.092801572473        2955.509606994543        2502.294445801098
1.17923                  5.3999999999999995       0.1851851851851852       5.061273600578446E-13    5.114634790410113E-13    0.25                     5.0E10                   2700                     5119.092801572473        2955.509606994543        2502.294445801098
1.17923                  5.42                     0.18450184501845018      5.063901122152707E-13    5.116538658180194E-13    0.25                     5.0E10                   2700                     5119.092801572473        2955.509606994543        2502.294445801098
1.17923                  5.4399999999999995       0.18382352941176472      5.066505967957118E-13    5.118431303710978E-13    0.25                     5.0E10                   2700                     5119.092801572473        2955.509606994543        2502.294445801098
1.17923                  5.46                     0.18315018315018314      5.069087717404093E-13    5.120312068843949E-13    0.25                     5.0E10                   2700                     5119.092801572473        2955.509606994543        2502.294445801098
1.17923                  5.4799999999999995       0.18248175182481755      5.071645994225244E-13    5.122180343074684E-13    0.25                     5.0E10                   2700                     5119.092801572473        2955.509606994543        2502.294445801098
1.17923                  5.5                      0.18181818181818182      5.0741804645767E-13      5.124035561804152E-13    0.25                     5.0E10                   2700                     5119.092801572473        2955.509606994543        2502.294445801098
1.17923                  5.52                     0.1811594202898551       5.076690834856066E-13    5.125877204315277E-13    0.25                     5.0E10                   2700                     5119.092801572473        2955.509606994543        2502.294445801098
1.17923                  5.54                     0.18050541516245486      5.079176850199677E-13    5.127704792078604E-13    0.25                     5.0E10                   2700                     5119.092801572473        2955.509606994543        2502.294445801098
1.17923                  5.56                     0.1798561151079137       5.081638292470962E-13    5.129517886879457E-13    0.25                     5.0E10                   2700                     5119.092801572473        2955.509606994543        2502.294445801098
1.17923                  5.58                     0.17921146953405018      5.084074978506718E-13    5.131316089112107E-13    0.25                     5.0E10                   2700                     5119.092801572473        2955.509606994543        2502.294445801098
1.17923                  5.6                      0.17857142857142858      5.086486758524289E-13    5.133099036110499E-13    0.25                     5.0E10                   2700                     5119.092801572473        2955.509606994543        2502.294445801098
1.17923                  5.62                     0.17793594306049823      5.088873514363811E-13    5.134866400501452E-13    0.25                     5.0E10                   2700                     5119.092801572473        2955.509606994543        2502.294445801098
1.17923                  5.64                     0.1773049645390071       5.09123515792291E-13     5.136617888515981E-13    0.25                     5.0E10                   2700                     5119.092801572473        2955.509606994543        2502.294445801098
1.17923                  5.66                     0.17667844522968196      5.093571629523576E-13    5.138353238564182E-13    0.25                     5.0E10                   2700                     5119.092801572473        2955.509606994543        2502.294445801098
1.17923                  5.68                     0.17605633802816903      5.095882896553914E-13    5.140072219583716E-13    0.25                     5.0E10                   2700                     5119.092801572473        2955.509606994543        2502.294445801098
1.17923                  5.7                      0.17543859649122806      5.098168951905477E-13    5.141774629739093E-13    0.25                     5.0E10                   2700                     5119.092801572473        2955.509606994543        2502.294445801098
1.17923                  5.72                     0.17482517482517484      5.100429812403769E-13    5.143460294757954E-13    0.25                     5.0E10                   2700                     5119.092801572473        2955.509606994543        2502.294445801098
1.17923                  5.739999999999999        0.17421602787456447      5.102665517776024E-13    5.145129066816394E-13    0.25                     5.0E10                   2700                     5119.092801572473        2955.509606994543        2502.294445801098
1.17923                  5.76                     0.1736111111111111       5.104876128977446E-13    5.146780822957516E-13    0.25                     5.0E10                   2700                     5119.092801572473        2955.509606994543        2502.294445801098
1.17923                  5.779999999999999        0.17301038062283738      5.107061727350738E-13    5.148415464089142E-13    0.25                     5.0E10                   2700                     5119.092801572473        2955.509606994543        2502.294445801098
1.17923                  5.8                      0.1724137931034483       5.109222412874547E-13    5.150032913356955E-13    0.25                     5.0E10                   2700                     5119.092801572473        2955.509606994543        2502.294445801098
1.17923                  5.819999999999999        0.17182130584192443      5.111358303323066E-13    5.151633115281403E-13    0.25                     5.0E10                   2700                     5119.092801572473        2955.509606994543        2502.294445801098
1.17923                  5.84                     0.17123287671232879      5.113474413309938E-13    5.153220522486961E-13    0.25                     5.0E10                   2700                     5119.092801572473        2955.509606994543        2502.294445801098
1.17923                  5.859999999999999        0.17064846416382254      5.11556120461576E-13     5.154786206262431E-13    0.25                     5.0E10                   2700                     5119.092801572473        2955.509606994543        2502.294445801098
1.17923                  5.88                     0.17006802721088435      5.117623650298137E-13    5.156334592958186E-13    0.25                     5.0E10                   2700                     5119.092801572473        2955.509606994543        2502.294445801098
1.17923                  5.8999999999999995       0.16949152542372883      5.119661927976942E-13    5.157865700730963E-13    0.25                     5.0E10                   2700                     5119.092801572473        2955.509606994543        2502.294445801098
1.17923                  5.92                     0.16891891891891891      5.121676227789342E-13    5.159379563620398E-13    0.25                     5.0E10                   2700                     5119.092801572473        2955.509606994543        2502.294445801098
1.17923                  5.9399999999999995       0.16835016835016836      5.123666751370701E-13    5.160876230512146E-13    0.25                     5.0E10                   2700                     5119.092801572473        2955.509606994543        2502.294445801098
1.17923                  5.96                     0.16778523489932884      5.125633710857234E-13    5.162355764164997E-13    0.25                     5.0E10                   2700                     5119.092801572473        2955.509606994543        2502.294445801098
1.17923                  5.9799999999999995       0.16722408026755856      5.127577328332101E-13    5.163818240437583E-13    0.25                     5.0E10                   2700                     5119.092801572473        2955.509606994543        2502.294445801098
1.17923                  6                        0.16666666666666666      5.129497834670718E-13    5.165263747331549E-13    0.25                     5.0E10                   2700                     5119.092801572473        2955.509606994543        2502.294445801098
1.17923                  6.02                     0.16611295681063123      5.131395468979258E-13    5.166692384201722E-13    0.25                     5.0E10                   2700                     5119.092801572473        2955.509606994543        2502.294445801098
1.17923                  6.04                     0.16556291390728478      5.133270477821776E-13    5.168104261021045E-13    0.25                     5.0E10                   2700                     5119.092801572473        2955.509606994543        2502.294445801098
1.17923                  6.06                     0.16501650165016504      5.135123114423834E-13    5.169499497557419E-13    0.25                     5.0E10                   2700                     5119.092801572473        2955.509606994543        2502.294445801098
1.17923                  6.08                     0.16447368421052633      5.13695363802773E-13     5.170878222639645E-13    0.25                     5.0E10                   2700                     5119.092801572473        2955.509606994543        2502.294445801098
1.17923                  6.1                      0.16393442622950818      5.138762313401392E-13    5.172240573623817E-13    0.25                     5.0E10                   2700                     5119.092801572473        2955.509606994543        2502.294445801098
1.17923                  6.12                     0.16339869281045752      5.140549409926712E-13    5.173586695486942E-13    0.25                     5.0E10                   2700                     5119.092801572473        2955.509606994543        2502.294445801098
1.17923                  6.14                     0.16286644951140067      5.1423152012235E-13      5.174916740415575E-13    0.25                     5.0E10                   2700                     5119.092801572473        2955.509606994543        2502.294445801098
1.17923                  6.16                     0.16233766233766234      5.144059964651472E-13    5.176230867103633E-13    0.25                     5.0E10                   2700                     5119.092801572473        2955.509606994543        2502.294445801098
1.17923                  6.18                     0.16181229773462782      5.145783980613116E-13    5.177529240178619E-13    0.25                     5.0E10                   2700                     5119.092801572473        2955.509606994543        2502.294445801098
1.17923                  6.2                      0.16129032258064518      5.147487532084618E-13    5.178812029692907E-13    0.25                     5.0E10                   2700                     5119.092801572473        2955.509606994543        2502.294445801098
1.17923                  6.22                     0.16077170418006428      5.149170904241163E-13    5.180079410578918E-13    0.25                     5.0E10                   2700                     5119.092801572473        2955.509606994543        2502.294445801098
1.17923                  6.24                     0.16025641025641027      5.150834383910092E-13    5.181331562145114E-13    0.25                     5.0E10                   2700                     5119.092801572473        2955.509606994543        2502.294445801098
1.17923                  6.26                     0.1597444089456869       5.152478259251184E-13    5.182568667640374E-13    0.25                     5.0E10                   2700                     5119.092801572473        2955.509606994543        2502.294445801098
1.17923                  6.279999999999999        0.15923566878980894      5.154102819316226E-13    5.183790913827054E-13    0.25                     5.0E10                   2700                     5119.092801572473        2955.509606994543        2502.294445801098
1.17923                  6.3                      0.15873015873015872      5.155708353572064E-13    5.18499849044545E-13     0.25                     5.0E10                   2700                     5119.092801572473        2955.509606994543        2502.294445801098
1.17923                  6.319999999999999        0.15822784810126583      5.157295151627016E-13    5.186191589916946E-13    0.25                     5.0E10                   2700                     5119.092801572473        2955.509606994543        2502.294445801098
1.17923                  6.34                     0.1577287066246057       5.158863503067665E-13    5.187370407006069E-13    0.25                     5.0E10                   2700                     5119.092801572473        2955.509606994543        2502.294445801098
1.17923                  6.359999999999999        0.15723270440251574      5.16041369674831E-13     5.188535138239997E-13    0.25                     5.0E10                   2700                     5119.092801572473        2955.509606994543        2502.294445801098
1.17923                  6.38                     0.15673981191222572      5.161946020858433E-13    5.189685981821487E-13    0.25                     5.0E10                   2700                     5119.092801572473        2955.509606994543        2502.294445801098
1.17923                  6.3999999999999995       0.15625                  5.163460762532164E-13    5.19082313719839E-13     0.25                     5.0E10                   2700                     5119.092801572473        2955.509606994543        2502.294445801098
1.17923                  6.42                     0.1557632398753894       5.164958207574405E-13    5.191946804737456E-13    0.25                     5.0E10                   2700                     5119.092801572473        2955.509606994543        2502.294445801098
1.17923                  6.4399999999999995       0.15527950310559008      5.166438640125528E-13    5.193057185436415E-13    0.25                     5.0E10                   2700                     5119.092801572473        2955.509606994543        2502.294445801098
1.17923                  6.46                     0.15479876160990713      5.167902342672386E-13    5.194154480741449E-13    0.25                     5.0E10                   2700                     5119.092801572473        2955.509606994543        2502.294445801098
1.17923                  6.4799999999999995       0.154320987654321        5.169349595646106E-13    5.195238892192815E-13    0.25                     5.0E10                   2700                     5119.092801572473        2955.509606994543        2502.294445801098
1.17923                  6.5                      0.15384615384615383      5.170780677241627E-13    5.196310621214996E-13    0.25                     5.0E10                   2700                     5119.092801572473        2955.509606994543        2502.294445801098
1.17923                  6.52                     0.15337423312883436      5.172195863424954E-13    5.19736986899391E-13     0.25                     5.0E10                   2700                     5119.092801572473        2955.509606994543        2502.294445801098
1.17923                  6.54                     0.15290519877675843      5.173595427406347E-13    5.1984168360125E-13      0.25                     5.0E10                   2700                     5119.092801572473        2955.509606994543        2502.294445801098
1.17923                  6.56                     0.15243902439024393      5.17497963998078E-13     5.199451722215018E-13    0.25                     5.0E10                   2700                     5119.092801572473        2955.509606994543        2502.294445801098
1.17923                  6.58                     0.1519756838905775       5.176348768964974E-13    5.200474726499873E-13    0.25                     5.0E10                   2700                     5119.092801572473        2955.509606994543        2502.294445801098
1.17923                  6.6                      0.15151515151515152      5.177703079198545E-13    5.20148604670474E-13     0.25                     5.0E10                   2700                     5119.092801572473        2955.509606994543        2502.294445801098
1.17923                  6.62                     0.1510574018126888       5.179042832528064E-13    5.202485879451334E-13    0.25                     5.0E10                   2700                     5119.092801572473        2955.509606994543        2502.294445801098
1.17923                  6.64                     0.1506024096385542       5.180368287674463E-13    5.203474419979958E-13    0.25                     5.0E10                   2700                     5119.092801572473        2955.509606994543        2502.294445801098
1.17923                  6.66                     0.15015015015015015      5.181679699987626E-13    5.204451861958859E-13    0.25                     5.0E10                   2700                     5119.092801572473        2955.509606994543        2502.294445801098
1.17923                  6.68                     0.14970059880239522      5.182977321511939E-13    5.205418397417436E-13    0.25                     5.0E10                   2700                     5119.092801572473        2955.509606994543        2502.294445801098
1.17923                  6.7                      0.1492537313432836       5.184261400896363E-13    5.206374216645253E-13    0.25                     5.0E10                   2700                     5119.092801572473        2955.509606994543        2502.294445801098
1.17923                  6.72                     0.1488095238095238       5.185532183256544E-13    5.207319508016566E-13    0.25                     5.0E10                   2700                     5119.092801572473        2955.509606994543        2502.294445801098
1.17923                  6.74                     0.14836795252225518      5.186789910165549E-13    5.20825445794981E-13     0.25                     5.0E10                   2700                     5119.092801572473        2955.509606994543        2502.294445801098
1.17923                  6.76                     0.14792899408284024      5.188034819637048E-13    5.209179250820059E-13    0.25                     5.0E10                   2700                     5119.092801572473        2955.509606994543        2502.294445801098
1.17923                  6.779999999999999        0.14749262536873156      5.189267145971327E-13    5.210094068795539E-13    0.25                     5.0E10                   2700                     5119.092801572473        2955.509606994543        2502.294445801098
1.17923                  6.8                      0.14705882352941177      5.190487119800606E-13    5.210999091875256E-13    0.25                     5.0E10                   2700                     5119.092801572473        2955.509606994543        2502.294445801098
1.17923                  6.819999999999999        0.1466275659824047       5.191694968099135E-13    5.21189449777683E-13     0.25                     5.0E10                   2700                     5119.092801572473        2955.509606994543        2502.294445801098
1.17923                  6.84                     0.14619883040935674      5.192890914086625E-13    5.212780461855485E-13    0.25                     5.0E10                   2700                     5119.092801572473        2955.509606994543        2502.294445801098
1.17923                  6.859999999999999        0.1457725947521866       5.194075177132436E-13    5.213657157030197E-13    0.25                     5.0E10                   2700                     5119.092801572473        2955.509606994543        2502.294445801098
1.17923                  6.88                     0.14534883720930233      5.1952479730093E-13      5.214524753850215E-13    0.25                     5.0E10                   2700                     5119.092801572473        2955.509606994543        2502.294445801098
1.17923                  6.8999999999999995       0.14492753623188406      5.196409513560667E-13    5.215383420301964E-13    0.25                     5.0E10                   2700                     5119.092801572473        2955.509606994543        2502.294445801098
1.17923                  6.92                     0.1445086705202312       5.197560006957903E-13    5.216233321910991E-13    0.25                     5.0E10                   2700                     5119.092801572473        2955.509606994543        2502.294445801098
1.17923                  6.9399999999999995       0.1440922190201729       5.19869965757803E-13     5.21707462162627E-13     0.25                     5.0E10                   2700                     5119.092801572473        2955.509606994543        2502.294445801098
1.17923                  6.96                     0.14367816091954022      5.199828665997542E-13    5.217907479809138E-13    0.25                     5.0E10                   2700                     5119.092801572473        2955.509606994543        2502.294445801098
1.17923                  6.9799999999999995       0.14326647564469916      5.200947229014062E-13    5.218732054196677E-13    0.25                     5.0E10                   2700                     5119.092801572473        2955.509606994543        2502.294445801098
1.17923                  7                        0.14285714285714285      5.202055539851505E-13    5.2195484999969E-13      0.25                     5.0E10                   2700                     5119.092801572473        2955.509606994543        2502.294445801098
1.17923                  7.02                     0.14245014245014245      5.203153787739155E-13    5.220356969669801E-13    0.25                     5.0E10                   2700                     5119.092801572473        2955.509606994543        2502.294445801098
1.17923                  7.04                     0.14204545454545456      5.20424215849975E-13     5.221157613165826E-13    0.25                     5.0E10                   2700                     5119.092801572473        2955.509606994543        2502.294445801098
1.17923                  7.06                     0.141643059490085        5.205320834037425E-13    5.221950577691032E-13    0.25                     5.0E10                   2700                     5119.092801572473        2955.509606994543        2502.294445801098
1.17923                  7.08                     0.14124293785310735      5.206389992807527E-13    5.22273600788845E-13     0.25                     5.0E10                   2700                     5119.092801572473        2955.509606994543        2502.294445801098
1.17923                  7.1                      0.14084507042253522      5.207449809383729E-13    5.223514045657661E-13    0.25                     5.0E10                   2700                     5119.092801572473        2955.509606994543        2502.294445801098
1.17923                  7.12                     0.14044943820224717      5.20850045510921E-13     5.224284830427166E-13    0.25                     5.0E10                   2700                     5119.092801572473        2955.509606994543        2502.294445801098
1.17923                  7.14                     0.1400560224089636       5.209542097467736E-13    5.225048498829828E-13    0.25                     5.0E10                   2700                     5119.092801572473        2955.509606994543        2502.294445801098
1.17923                  7.16                     0.13966480446927376      5.210574900567531E-13    5.225805184978421E-13    0.25                     5.0E10                   2700                     5119.092801572473        2955.509606994543        2502.294445801098
1.17923                  7.18                     0.1392757660167131       5.211599025007493E-13    5.226555020347867E-13    0.25                     5.0E10                   2700                     5119.092801572473        2955.509606994543        2502.294445801098
1.17923                  7.2                      0.1388888888888889       5.21261462797961E-13     5.227298133852751E-13    0.25                     5.0E10                   2700                     5119.092801572473        2955.509606994543        2502.294445801098
1.17923                  7.22                     0.13850415512465375      5.213621863229775E-13    5.228034651799795E-13    0.25                     5.0E10                   2700                     5119.092801572473        2955.509606994543        2502.294445801098
1.17923                  7.24                     0.13812154696132597      5.21462088116282E-13     5.228764697964259E-13    0.25                     5.0E10                   2700                     5119.092801572473        2955.509606994543        2502.294445801098
1.17923                  7.26                     0.13774104683195593      5.215611828980221E-13    5.229488393629435E-13    0.25                     5.0E10                   2700                     5119.092801572473        2955.509606994543        2502.294445801098
1.17923                  7.279999999999999        0.13736263736263737      5.216594850405965E-13    5.230205857472887E-13    0.25                     5.0E10                   2700                     5119.092801572473        2955.509606994543        2502.294445801098
1.17923                  7.3                      0.13698630136986303      5.217570086149428E-13    5.230917205773037E-13    0.25                     5.0E10                   2700                     5119.092801572473        2955.509606994543        2502.294445801098
1.17923                  7.319999999999999        0.1366120218579235       5.218537673700816E-13    5.23162255236033E-13     0.25                     5.0E10                   2700                     5119.092801572473        2955.509606994543        2502.294445801098
1.17923                  7.34                     0.1362397820163488       5.219497747325092E-13    5.232322008540718E-13    0.25                     5.0E10                   2700                     5119.092801572473        2955.509606994543        2502.294445801098
1.17923                  7.359999999999999        0.13586956521739132      5.220450438279018E-13    5.233015683299206E-13    0.25                     5.0E10                   2700                     5119.092801572473        2955.509606994543        2502.294445801098
1.17923                  7.38                     0.13550135501355012      5.221395874880324E-13    5.233703683234162E-13    0.25                     5.0E10                   2700                     5119.092801572473        2955.509606994543        2502.294445801098
1.17923                  7.3999999999999995       0.13513513513513514      5.222334182343726E-13    5.234386112570958E-13    0.25                     5.0E10                   2700                     5119.092801572473        2955.509606994543        2502.294445801098
1.17923                  7.42                     0.1347708894878706       5.223265482983449E-13    5.235063073224675E-13    0.25                     5.0E10                   2700                     5119.092801572473        2955.509606994543        2502.294445801098
1.17923                  7.4399999999999995       0.13440860215053765      5.224189896351852E-13    5.235734664899941E-13    0.25                     5.0E10                   2700                     5119.092801572473        2955.509606994543        2502.294445801098
1.17923                  7.46                     0.13404825737265413      5.225107539037548E-13    5.236400984967544E-13    0.25                     5.0E10                   2700                     5119.092801572473        2955.509606994543        2502.294445801098
1.17923                  7.4799999999999995       0.1336898395721925       5.226018524920194E-13    5.237062128614284E-13    0.25                     5.0E10                   2700                     5119.092801572473        2955.509606994543        2502.294445801098
1.17923                  7.5                      0.13333333333333333      5.226922965159102E-13    5.237718188848791E-13    0.25                     5.0E10                   2700                     5119.092801572473        2955.509606994543        2502.294445801098
1.17923                  7.52                     0.13297872340425532      5.227820968175005E-13    5.238369256511904E-13    0.25                     5.0E10                   2700                     5119.092801572473        2955.509606994543        2502.294445801098
1.17923                  7.54                     0.13262599469496023      5.228712639935454E-13    5.239015420383118E-13    0.25                     5.0E10                   2700                     5119.092801572473        2955.509606994543        2502.294445801098
1.17923                  7.56                     0.13227513227513227      5.229598083599202E-13    5.239656767100021E-13    0.25                     5.0E10                   2700                     5119.092801572473        2955.509606994543        2502.294445801098
1.17923                  7.58                     0.13192612137203166      5.230477400049517E-13    5.24029338132659E-13     0.25                     5.0E10                   2700                     5119.092801572473        2955.509606994543        2502.294445801098
1.17923                  7.6                      0.13157894736842105      5.231350687480267E-13    5.240925345626429E-13    0.25                     5.0E10                   2700                     5119.092801572473        2955.509606994543        2502.294445801098
1.17923                  7.62                     0.13123359580052493      5.232218041830046E-13    5.241552740681666E-13    0.25                     5.0E10                   2700                     5119.092801572473        2955.509606994543        2502.294445801098
1.17923                  7.64                     0.13089005235602094      5.233079556508484E-13    5.242175645161922E-13    0.25                     5.0E10                   2700                     5119.092801572473        2955.509606994543        2502.294445801098
1.17923                  7.66                     0.13054830287206268      5.233935322841733E-13    5.242794135908543E-13    0.25                     5.0E10                   2700                     5119.092801572473        2955.509606994543        2502.294445801098
1.17923                  7.68                     0.13020833333333334      5.234785429631106E-13    5.243408287864856E-13    0.25                     5.0E10                   2700                     5119.092801572473        2955.509606994543        2502.294445801098
1.17923                  7.7                      0.12987012987012989      5.235629963571316E-13    5.24401817407975E-13     0.25                     5.0E10                   2700                     5119.092801572473        2955.509606994543        2502.294445801098
1.17923                  7.72                     0.1295336787564767       5.236469009182114E-13    5.244623865913709E-13    0.25                     5.0E10                   2700                     5119.092801572473        2955.509606994543        2502.294445801098
1.17923                  7.74                     0.12919896640826872      5.237302648862259E-13    5.24522543290624E-13     0.25                     5.0E10                   2700                     5119.092801572473        2955.509606994543        2502.294445801098
1.17923                  7.76                     0.1288659793814433       5.238130962877844E-13    5.245822942872675E-13    0.25                     5.0E10                   2700                     5119.092801572473        2955.509606994543        2502.294445801098
1.17923                  7.779999999999999        0.12853470437017997      5.238954029492531E-13    5.246416461948696E-13    0.25                     5.0E10                   2700                     5119.092801572473        2955.509606994543        2502.294445801098
1.17923                  7.8                      0.12820512820512822      5.239771925019302E-13    5.247006054626784E-13    0.25                     5.0E10                   2700                     5119.092801572473        2955.509606994543        2502.294445801098
1.17923                  7.819999999999999        0.1278772378516624       5.240584723705334E-13    5.247591783734515E-13    0.25                     5.0E10                   2700                     5119.092801572473        2955.509606994543        2502.294445801098
1.17923                  7.84                     0.12755102040816327      5.241392498021469E-13    5.248173710550937E-13    0.25                     5.0E10                   2700                     5119.092801572473        2955.509606994543        2502.294445801098
1.17923                  7.859999999999999        0.1272264631043257       5.242195318523699E-13    5.248751894782507E-13    0.25                     5.0E10                   2700                     5119.092801572473        2955.509606994543        2502.294445801098
1.17923                  7.88                     0.12690355329949238      5.242993253944049E-13    5.249326394625163E-13    0.25                     5.0E10                   2700                     5119.092801572473        2955.509606994543        2502.294445801098
1.17923                  7.8999999999999995       0.12658227848101267      5.243786371298776E-13    5.24989726678647E-13     0.25                     5.0E10                   2700                     5119.092801572473        2955.509606994543        2502.294445801098
1.17923                  7.92                     0.12626262626262624      5.24457473592138E-13     5.25046456654776E-13     0.25                     5.0E10                   2700                     5119.092801572473        2955.509606994543        2502.294445801098
1.17923                  7.9399999999999995       0.12594458438287154      5.245358411232504E-13    5.251028347671911E-13    0.25                     5.0E10                   2700                     5119.092801572473        2955.509606994543        2502.294445801098
1.17923                  7.96                     0.12562814070351758      5.24613745927017E-13     5.251588662662062E-13    0.25                     5.0E10                   2700                     5119.092801572473        2955.509606994543        2502.294445801098
1.17923                  7.9799999999999995       0.12531328320802007      5.246911940328153E-13    5.252145562564399E-13    0.25                     5.0E10                   2700                     5119.092801572473        2955.509606994543        2502.294445801098
1.17923                  8                        0.125                    5.247681913190845E-13    5.25269909715166E-13     0.25                     5.0E10                   2700                     5119.092801572473        2955.509606994543        2502.294445801098
1.17923                  8.02                     0.12468827930174564      5.248447435073755E-13    5.253249314868086E-13    0.25                     5.0E10                   2700                     5119.092801572473        2955.509606994543        2502.294445801098
1.17923                  8.040000000000001        0.1243781094527363       5.249208561706288E-13    5.253796262890816E-13    0.25                     5.0E10                   2700                     5119.092801572473        2955.509606994543        2502.294445801098
1.17923                  8.06                     0.12406947890818859      5.249965347417992E-13    5.254339987210987E-13    0.25                     5.0E10                   2700                     5119.092801572473        2955.509606994543        2502.294445801098
1.17923                  8.08                     0.12376237623762378      5.250717845055206E-13    5.254880532538833E-13    0.25                     5.0E10                   2700                     5119.092801572473        2955.509606994543        2502.294445801098
1.17923                  8.1                      0.1234567901234568       5.251466106169243E-13    5.255417942482189E-13    0.25                     5.0E10                   2700                     5119.092801572473        2955.509606994543        2502.294445801098
1.17923                  8.12                     0.12315270935960593      5.252210180884692E-13    5.255952259431146E-13    0.25                     5.0E10                   2700                     5119.092801572473        2955.509606994543        2502.294445801098
1.17923                  8.14                     0.12285012285012284      5.252950118116808E-13    5.256483524718672E-13    0.25                     5.0E10                   2700                     5119.092801572473        2955.509606994543        2502.294445801098
1.17923                  8.16                     0.12254901960784315      5.253685965446604E-13    5.257011778560604E-13    0.25                     5.0E10                   2700                     5119.092801572473        2955.509606994543        2502.294445801098
1.17923                  8.18                     0.12224938875305624      5.254417769164466E-13    5.257537060053072E-13    0.25                     5.0E10                   2700                     5119.092801572473        2955.509606994543        2502.294445801098
1.17923                  8.2                      0.12195121951219513      5.255145574479942E-13    5.258059407350042E-13    0.25                     5.0E10                   2700                     5119.092801572473        2955.509606994543        2502.294445801098
1.17923                  8.22                     0.121654501216545        5.255869425365117E-13    5.258578857532817E-13    0.25                     5.0E10                   2700                     5119.092801572473        2955.509606994543        2502.294445801098
1.17923                  8.24                     0.12135922330097086      5.256589364621505E-13    5.259095446703047E-13    0.25                     5.0E10                   2700                     5119.092801572473        2955.509606994543        2502.294445801098
1.17923                  8.26                     0.12106537530266344      5.257305433906608E-13    5.259609209987921E-13    0.25                     5.0E10                   2700                     5119.092801572473        2955.509606994543        2502.294445801098
1.17923                  8.28                     0.1207729468599034       5.25801767399491E-13     5.260120181624929E-13    0.25                     5.0E10                   2700                     5119.092801572473        2955.509606994543        2502.294445801098
1.17923                  8.299999999999999        0.1204819277108434       5.25872612435693E-13     5.260628394888762E-13    0.25                     5.0E10                   2700                     5119.092801572473        2955.509606994543        2502.294445801098
1.17923                  8.32                     0.12019230769230768      5.259430823678414E-13    5.261133882229427E-13    0.25                     5.0E10                   2700                     5119.092801572473        2955.509606994543        2502.294445801098
1.17923                  8.34                     0.11990407673860912      5.260131809419001E-13    5.261636675142985E-13    0.25                     5.0E10                   2700                     5119.092801572473        2955.509606994543        2502.294445801098
1.17923                  8.36                     0.1196172248803828       5.260829118241892E-13    5.26213680435204E-13     0.25                     5.0E10                   2700                     5119.092801572473        2955.509606994543        2502.294445801098
1.17923                  8.379999999999999        0.11933174224343678      5.261522785812989E-13    5.262634299742034E-13    0.25                     5.0E10                   2700                     5119.092801572473        2955.509606994543        2502.294445801098
1.17923                  8.4                      0.11904761904761904      5.262212846873995E-13    5.263129190401736E-13    0.25                     5.0E10                   2700                     5119.092801572473        2955.509606994543        2502.294445801098
1.17923                  8.42                     0.11876484560570072      5.26289933524643E-13     5.263621504596524E-13    0.25                     5.0E10                   2700                     5119.092801572473        2955.509606994543        2502.294445801098
1.17923                  8.44                     0.11848341232227488      5.263582284056419E-13    5.264111269961907E-13    0.25                     5.0E10                   2700                     5119.092801572473        2955.509606994543        2502.294445801098
1.17923                  8.459999999999999        0.11820330969267141      5.264261725426965E-13    5.264598513292355E-13    0.25                     5.0E10                   2700                     5119.092801572473        2955.509606994543        2502.294445801098
1.17923                  8.48                     0.1179245283018868       5.264937690618432E-13    5.265083260638878E-13    0.25                     5.0E10                   2700                     5119.092801572473        2955.509606994543        2502.294445801098
1.17923                  8.5                      0.11764705882352941      5.265610210302948E-13    5.265565537469939E-13    0.25                     5.0E10                   2700                     5119.092801572473        2955.509606994543        2502.294445801098
1.17923                  8.52                     0.11737089201877934      5.266279314283538E-13    5.266045368538033E-13    0.25                     5.0E10                   2700                     5119.092801572473        2955.509606994543        2502.294445801098
1.17923                  8.54                     0.117096018735363        5.266945031599923E-13    5.266522777899761E-13    0.25                     5.0E10                   2700                     5119.092801572473        2955.509606994543        2502.294445801098
1.17923                  8.56                     0.11682242990654204      5.267607390593852E-13    5.266997789026189E-13    0.25                     5.0E10                   2700                     5119.092801572473        2955.509606994543        2502.294445801098
1.17923                  8.58                     0.11655011655011656      5.268266418874147E-13    5.26747042473186E-13     0.25                     5.0E10                   2700                     5119.092801572473        2955.509606994543        2502.294445801098
1.17923                  8.6                      0.11627906976744186      5.26892214341176E-13     5.267940707240388E-13    0.25                     5.0E10                   2700                     5119.092801572473        2955.509606994543        2502.294445801098
1.17923                  8.62                     0.1160092807424594       5.269574590599857E-13    5.268408658258007E-13    0.25                     5.0E10                   2700                     5119.092801572473        2955.509606994543        2502.294445801098
1.17923                  8.64                     0.11574074074074073      5.270223785966794E-13    5.268874298768854E-13    0.25                     5.0E10                   2700                     5119.092801572473        2955.509606994543        2502.294445801098
1.17923                  8.66                     0.11547344110854503      5.270869754647121E-13    5.269337649403201E-13    0.25                     5.0E10                   2700                     5119.092801572473        2955.509606994543        2502.294445801098
1.17923                  8.68                     0.1152073732718894       5.271512521085661E-13    5.26979873013242E-13     0.25                     5.0E10                   2700                     5119.092801572473        2955.509606994543        2502.294445801098
1.17923                  8.7                      0.11494252873563218      5.272152109057852E-13    5.270257560372688E-13    0.25                     5.0E10                   2700                     5119.092801572473        2955.509606994543        2502.294445801098
1.17923                  8.72                     0.1146788990825688       5.272788541937023E-13    5.270714159170699E-13    0.25                     5.0E10                   2700                     5119.092801572473        2955.509606994543        2502.294445801098
1.17923                  8.74                     0.11441647597254004      5.273421842423335E-13    5.271168544975999E-13    0.25                     5.0E10                   2700                     5119.092801572473        2955.509606994543        2502.294445801098
1.17923                  8.76                     0.1141552511415525       5.274069700633025E-13    5.271637159767893E-13    0.25                     5.0E10                   2700                     5119.092801572473        2955.509606994543        2502.294445801098
1.17923                  8.78                     0.11389521640091117      5.274696889746899E-13    5.27208726083253E-13     0.25                     5.0E10                   2700                     5119.092801572473        2955.509606994543        2502.294445801098
1.17923                  8.8                      0.11363636363636362      5.275321011607246E-13    5.272535201633542E-13    0.25                     5.0E10                   2700                     5119.092801572473        2955.509606994543        2502.294445801098
1.17923                  8.82                     0.11337868480725624      5.275942086787746E-13    5.272980998739201E-13    0.25                     5.0E10                   2700                     5119.092801572473        2955.509606994543        2502.294445801098
1.17923                  8.84                     0.11312217194570136      5.276560135674501E-13    5.273424668489544E-13    0.25                     5.0E10                   2700                     5119.092801572473        2955.509606994543        2502.294445801098
1.17923                  8.86                     0.11286681715575621      5.27717517797504E-13     5.273866226716911E-13    0.25                     5.0E10                   2700                     5119.092801572473        2955.509606994543        2502.294445801098
1.17923                  8.879999999999999        0.11261261261261263      5.277787233180434E-13    5.274305688916319E-13    0.25                     5.0E10                   2700                     5119.092801572473        2955.509606994543        2502.294445801098
1.17923                  8.9                      0.11235955056179775      5.278396320075388E-13    5.27474307008842E-13     0.25                     5.0E10                   2700                     5119.092801572473        2955.509606994543        2502.294445801098
1.17923                  8.92                     0.11210762331838565      5.279002457310453E-13    5.275178385035893E-13    0.25                     5.0E10                   2700                     5119.092801572473        2955.509606994543        2502.294445801098
1.17923                  8.94                     0.11185682326621925      5.279605663020208E-13    5.275611648095746E-13    0.25                     5.0E10                   2700                     5119.092801572473        2955.509606994543        2502.294445801098
1.17923                  8.959999999999999        0.11160714285714285      5.280205954978971E-13    5.276042873288308E-13    0.25                     5.0E10                   2700                     5119.092801572473        2955.509606994543        2502.294445801098
1.17923                  8.98                     0.11135857461024498      5.280803350517429E-13    5.276472074273646E-13    0.25                     5.0E10                   2700                     5119.092801572473        2955.509606994543        2502.294445801098
1.17923                  9                        0.11111111111111112      5.281397866709044E-13    5.276899264427585E-13    0.25                     5.0E10                   2700                     5119.092801572473        2955.509606994543        2502.294445801098
1.17923                  9.02                     0.11086474501108647      5.281989520216497E-13    5.277324456791706E-13    0.25                     5.0E10                   2700                     5119.092801572473        2955.509606994543        2502.294445801098
1.17923                  9.04                     0.11061946902654868      5.282578327414738E-13    5.277747664098094E-13    0.25                     5.0E10                   2700                     5119.092801572473        2955.509606994543        2502.294445801098
1.17923                  9.06                     0.11037527593818983      5.283164304348676E-13    5.278168898822469E-13    0.25                     5.0E10                   2700                     5119.092801572473        2955.509606994543        2502.294445801098
1.17923                  9.08                     0.11013215859030838      5.28374746663514E-13     5.278588173072753E-13    0.25                     5.0E10                   2700                     5119.092801572473        2955.509606994543        2502.294445801098
1.17923                  9.1                      0.1098901098901099       5.284327829742578E-13    5.2790054987578E-13      0.25                     5.0E10                   2700                     5119.092801572473        2955.509606994543        2502.294445801098
1.17923                  9.12                     0.10964912280701757      5.284905408804633E-13    5.279420887529689E-13    0.25                     5.0E10                   2700                     5119.092801572473        2955.509606994543        2502.294445801098
1.17923                  9.14                     0.10940919037199125      5.285480218615456E-13    5.279834350731888E-13    0.25                     5.0E10                   2700                     5119.092801572473        2955.509606994543        2502.294445801098
1.17923                  9.16                     0.10917030567685589      5.286052273775326E-13    5.28024589948848E-13     0.25                     5.0E10                   2700                     5119.092801572473        2955.509606994543        2502.294445801098
1.17923                  9.18                     0.10893246187363835      5.286621588507721E-13    5.280655544644676E-13    0.25                     5.0E10                   2700                     5119.092801572473        2955.509606994543        2502.294445801098
1.17923                  9.2                      0.10869565217391305      5.287188176911566E-13    5.28106329687796E-13     0.25                     5.0E10                   2700                     5119.092801572473        2955.509606994543        2502.294445801098
1.17923                  9.22                     0.10845986984815618      5.287752052854112E-13    5.281469166659589E-13    0.25                     5.0E10                   2700                     5119.092801572473        2955.509606994543        2502.294445801098
1.17923                  9.24                     0.10822510822510822      5.288313229728326E-13    5.281873164082225E-13    0.25                     5.0E10                   2700                     5119.092801572473        2955.509606994543        2502.294445801098
1.17923                  9.26                     0.1079913606911447       5.288871720994856E-13    5.282275299238983E-13    0.25                     5.0E10                   2700                     5119.092801572473        2955.509606994543        2502.294445801098
1.17923                  9.28                     0.10775862068965518      5.289427539676337E-13    5.282675581860696E-13    0.25                     5.0E10                   2700                     5119.092801572473        2955.509606994543        2502.294445801098
1.17923                  9.3                      0.10752688172043011      5.289980698757031E-13    5.283074021598141E-13    0.25                     5.0E10                   2700                     5119.092801572473        2955.509606994543        2502.294445801098
1.17923                  9.32                     0.1072961373390558       5.290531210934794E-13    5.283470627901588E-13    0.25                     5.0E10                   2700                     5119.092801572473        2955.509606994543        2502.294445801098
1.17923                  9.34                     0.10706638115631692      5.291079088549326E-13    5.283865409868202E-13    0.25                     5.0E10                   2700                     5119.092801572473        2955.509606994543        2502.294445801098
1.17923                  9.36                     0.10683760683760683      5.291624344073002E-13    5.284258376676677E-13    0.25                     5.0E10                   2700                     5119.092801572473        2955.509606994543        2502.294445801098
1.17923                  9.379999999999999        0.10660980810234544      5.292166989516873E-13    5.284649537172784E-13    0.25                     5.0E10                   2700                     5119.092801572473        2955.509606994543        2502.294445801098
1.17923                  9.4                      0.10638297872340426      5.29270703684201E-13     5.285038900070973E-13    0.25                     5.0E10                   2700                     5119.092801572473        2955.509606994543        2502.294445801098
1.17923                  9.42                     0.10615711252653928      5.293244497929936E-13    5.285426473988157E-13    0.25                     5.0E10                   2700                     5119.092801572473        2955.509606994543        2502.294445801098
1.17923                  9.44                     0.1059322033898305       5.293779384289321E-13    5.28581226734649E-13     0.25                     5.0E10                   2700                     5119.092801572473        2955.509606994543        2502.294445801098
1.17923                  9.459999999999999        0.10570824524312897      5.294311707377586E-13    5.286196288365299E-13    0.25                     5.0E10                   2700                     5119.092801572473        2955.509606994543        2502.294445801098
1.17923                  9.48                     0.10548523206751054      5.294841478379606E-13    5.286578545159634E-13    0.25                     5.0E10                   2700                     5119.092801572473        2955.509606994543        2502.294445801098
1.17923                  9.5                      0.10526315789473685      5.295368708631872E-13    5.286959045811473E-13    0.25                     5.0E10                   2700                     5119.092801572473        2955.509606994543        2502.294445801098
1.17923                  9.52                     0.10504201680672269      5.295893409054673E-13    5.287337798154988E-13    0.25                     5.0E10                   2700                     5119.092801572473        2955.509606994543        2502.294445801098
1.17923                  9.54                     0.10482180293501049      5.296415590484451E-13    5.287714809907951E-13    0.25                     5.0E10                   2700                     5119.092801572473        2955.509606994543        2502.294445801098
1.17923                  9.56                     0.10460251046025104      5.296935263678954E-13    5.288090088714773E-13    0.25                     5.0E10                   2700                     5119.092801572473        2955.509606994543        2502.294445801098
1.17923                  9.58                     0.10438413361169102      5.297452439262585E-13    5.288463642077376E-13    0.25                     5.0E10                   2700                     5119.092801572473        2955.509606994543        2502.294445801098
1.17923                  9.6                      0.10416666666666667      5.297967127734636E-13    5.28883547741849E-13     0.25                     5.0E10                   2700                     5119.092801572473        2955.509606994543        2502.294445801098
1.17923                  9.62                     0.10395010395010396      5.298479339425288E-13    5.289205601984329E-13    0.25                     5.0E10                   2700                     5119.092801572473        2955.509606994543        2502.294445801098
1.17923                  9.64                     0.10373443983402489      5.298989084618869E-13    5.2895740229703E-13      0.25                     5.0E10                   2700                     5119.092801572473        2955.509606994543        2502.294445801098
1.17923                  9.66                     0.10351966873706003      5.29949637347307E-13     5.289940747500203E-13    0.25                     5.0E10                   2700                     5119.092801572473        2955.509606994543        2502.294445801098
1.17923                  9.68                     0.10330578512396693      5.300001215937586E-13    5.29030578246728E-13     0.25                     5.0E10                   2700                     5119.092801572473        2955.509606994543        2502.294445801098
1.17923                  9.7                      0.10309278350515465      5.300503622114456E-13    5.290669134884419E-13    0.25                     5.0E10                   2700                     5119.092801572473        2955.509606994543        2502.294445801098
1.17923                  9.72                     0.102880658436214        5.301003601788957E-13    5.291030811515577E-13    0.25                     5.0E10                   2700                     5119.092801572473        2955.509606994543        2502.294445801098
1.17923                  9.74                     0.1026694045174538       5.301501164646028E-13    5.291390819040686E-13    0.25                     5.0E10                   2700                     5119.092801572473        2955.509606994543        2502.294445801098
1.17923                  9.76                     0.10245901639344263      5.301996320548557E-13    5.29174916424004E-13     0.25                     5.0E10                   2700                     5119.092801572473        2955.509606994543        2502.294445801098
1.17923                  9.78                     0.10224948875255623      5.30248907882525E-13     5.29210585350749E-13     0.25                     5.0E10                   2700                     5119.092801572473        2955.509606994543        2502.294445801098
1.17923                  9.8                      0.10204081632653059      5.302979449114136E-13    5.292460893427604E-13    0.25                     5.0E10                   2700                     5119.092801572473        2955.509606994543        2502.294445801098
1.17923                  9.82                     0.10183299389002037      5.303467440838019E-13    5.292814290426268E-13    0.25                     5.0E10                   2700                     5119.092801572473        2955.509606994543        2502.294445801098
1.17923                  9.84                     0.1016260162601626       5.30395306325135E-13     5.29316605077836E-13     0.25                     5.0E10                   2700                     5119.092801572473        2955.509606994543        2502.294445801098
1.17923                  9.86                     0.10141987829614604      5.304436325803132E-13    5.293516180900545E-13    0.25                     5.0E10                   2700                     5119.092801572473        2955.509606994543        2502.294445801098
1.17923                  9.879999999999999        0.10121457489878542      5.304917237547323E-13    5.293864686899208E-13    0.25                     5.0E10                   2700                     5119.092801572473        2955.509606994543        2502.294445801098
1.17923                  9.9                      0.101010101010101        5.305395807660511E-13    5.294211574987863E-13    0.25                     5.0E10                   2700                     5119.092801572473        2955.509606994543        2502.294445801098
1.17923                  9.92                     0.10080645161290322      5.305872045193807E-13    5.294556851234064E-13    0.25                     5.0E10                   2700                     5119.092801572473        2955.509606994543        2502.294445801098
1.17923                  9.94                     0.1006036217303823       5.30634595920325E-13     5.29490052173828E-13     0.25                     5.0E10                   2700                     5119.092801572473        2955.509606994543        2502.294445801098
1.17923                  9.959999999999999        0.10040160642570282      5.306817558624529E-13    5.29524259246724E-13     0.25                     5.0E10                   2700                     5119.092801572473        2955.509606994543        2502.294445801098
1.17923                  9.98                     0.1002004008016032       5.307286852365925E-13    5.295583069353532E-13    0.25                     5.0E10                   2700                     5119.092801572473        2955.509606994543        2502.294445801098
1.17923                  10                       0.1                      5.307300936778497E-13    5.295226592538299E-13    0.25                     5.0E10                   2700                     5119.092801572473        2955.509606994543        2502.294445801098
