1.6683                   0.1                      10                       5.331228697663909E-13    5.331295480111844E-13    0.25                     5.0E10                   2700                     6088.787509293894        3515.3631075292606       2502.294445801098
1.6683                   0.12000000000000001      8.333333333333332        5.362986049446648E-13    5.363505999487254E-13    0.25                     5.0E10                   2700                     6088.787509293894        3515.3631075292606       2502.294445801098
1.6683                   0.14                     7.1428571428571415       5.341269318248688E-13    5.339581975832538E-13    0.25                     5.0E10                   2700                     6088.787509293894        3515.3631075292606       2502.294445801098
1.6683                   0.16                     6.249999999999999        5.330563487814847E-13    5.33180674933094E-13     0.25                     5.0E10                   2700                     6088.787509293894        3515.3631075292606       2502.294445801098
1.6683                   0.18                     5.555555555555555        5.370676788837046E-13    5.372894900973585E-13    0.25                     5.0E10                   2700                     6088.787509293894        3515.3631075292606       2502.294445801098
1.6683                   0.2                      5                        5.328881006929858E-13    5.331452238812828E-13    0.25                     5.0E10                   2700                     6088.787509293894        3515.3631075292606       2502.294445801098
1.6683                   0.22                     4.545454545454546        5.358281776144906E-13    5.367236336513998E-13    0.25                     5.0E10                   2700                     6088.787509293894        3515.3631075292606       2502.294445801098
1.6683                   0.24000000000000002      4.166666666666666        5.350041932074443E-13    5.363212290435693E-13    0.25                     5.0E10                   2700                     6088.787509293894        3515.3631075292606       2502.294445801098
1.6683                   0.26                     3.846153846153846        5.338594849225803E-13    5.349328796283829E-13    0.25                     5.0E10                   2700                     6088.787509293894        3515.3631075292606       2502.294445801098
1.6683                   0.28                     3.5714285714285707       5.366261660551303E-13    5.371279009466198E-13    0.25                     5.0E10                   2700                     6088.787509293894        3515.3631075292606       2502.294445801098
1.6683                   0.30000000000000004      3.3333333333333326       5.372206531756564E-13    5.363626243214366E-13    0.25                     5.0E10                   2700                     6088.787509293894        3515.3631075292606       2502.294445801098
1.6683                   0.32                     3.1249999999999996       5.363886052109531E-13    5.327618972164263E-13    0.25                     5.0E10                   2700                     6088.787509293894        3515.3631075292606       2502.294445801098
1.6683                   0.33999999999999997      2.9411764705882355       5.432783200769077E-13    5.378537997972522E-13    0.25                     5.0E10                   2700                     6088.787509293894        3515.3631075292606       2502.294445801098
1.6683                   0.36                     2.7777777777777777       5.445522552854291E-13    5.345941428933083E-13    0.25                     5.0E10                   2700                     6088.787509293894        3515.3631075292606       2502.294445801098
1.6683                   0.38                     2.6315789473684212       5.505478070698406E-13    5.35057821573699E-13     0.25                     5.0E10                   2700                     6088.787509293894        3515.3631075292606       2502.294445801098
1.6683                   0.4                      2.5                      5.54856072844651E-13     5.337351381549485E-13    0.25                     5.0E10                   2700                     6088.787509293894        3515.3631075292606       2502.294445801098
1.6683                   0.42000000000000004      2.3809523809523805       5.621253206359962E-13    5.346893943872695E-13    0.25                     5.0E10                   2700                     6088.787509293894        3515.3631075292606       2502.294445801098
1.6683                   0.44000000000000006      2.272727272727273        5.699125454552347E-13    5.391164729770181E-13    0.25                     5.0E10                   2700                     6088.787509293894        3515.3631075292606       2502.294445801098
1.6683                   0.45999999999999996      2.173913043478261        5.771396914454305E-13    5.405971734170136E-13    0.25                     5.0E10                   2700                     6088.787509293894        3515.3631075292606       2502.294445801098
1.6683                   0.48                     2.0833333333333335       5.837339574055133E-13    5.414946269017341E-13    0.25                     5.0E10                   2700                     6088.787509293894        3515.3631075292606       2502.294445801098
1.6683                   0.5                      2                        5.886815997125151E-13    5.430691198013068E-13    0.25                     5.0E10                   2700                     6088.787509293894        3515.3631075292606       2502.294445801098
1.6683                   0.52                     1.923076923076923        5.966936295112734E-13    5.468669383706044E-13    0.25                     5.0E10                   2700                     6088.787509293894        3515.3631075292606       2502.294445801098
1.6683                   0.54                     1.8518518518518516       6.007672211880966E-13    5.460576087455248E-13    0.25                     5.0E10                   2700                     6088.787509293894        3515.3631075292606       2502.294445801098
1.6683                   0.56                     1.7857142857142854       6.109281641938061E-13    5.507434445302482E-13    0.25                     5.0E10                   2700                     6088.787509293894        3515.3631075292606       2502.294445801098
1.6683                   0.58                     1.7241379310344829       6.174021773021371E-13    5.524869213123185E-13    0.25                     5.0E10                   2700                     6088.787509293894        3515.3631075292606       2502.294445801098
1.6683                   0.6                      1.6666666666666667       6.265692557969662E-13    5.570989766949954E-13    0.25                     5.0E10                   2700                     6088.787509293894        3515.3631075292606       2502.294445801098
1.6683                   0.62                     1.6129032258064515       6.347798532100307E-13    5.607047391746885E-13    0.25                     5.0E10                   2700                     6088.787509293894        3515.3631075292606       2502.294445801098
1.6683                   0.64                     1.5624999999999998       6.446154986142741E-13    5.650351092502177E-13    0.25                     5.0E10                   2700                     6088.787509293894        3515.3631075292606       2502.294445801098
1.6683                   0.66                     1.515151515151515        6.41253882046812E-13     5.56831709866023E-13     0.25                     5.0E10                   2700                     6088.787509293894        3515.3631075292606       2502.294445801098
1.6683                   0.6799999999999999       1.4705882352941178       6.495273394420509E-13    5.584335084746443E-13    0.25                     5.0E10                   2700                     6088.787509293894        3515.3631075292606       2502.294445801098
1.6683                   0.7                      1.4285714285714286       6.663058260641269E-13    5.67429400575197E-13     0.25                     5.0E10                   2700                     6088.787509293894        3515.3631075292606       2502.294445801098
1.6683                   0.72                     1.3888888888888888       6.825399363034155E-13    5.757188997379675E-13    0.25                     5.0E10                   2700                     6088.787509293894        3515.3631075292606       2502.294445801098
1.6683                   0.74                     1.3513513513513513       7.014341356212511E-13    5.860848991007036E-13    0.25                     5.0E10                   2700                     6088.787509293894        3515.3631075292606       2502.294445801098
1.6683                   0.76                     1.3157894736842106       7.122672276640301E-13    5.893170040794504E-13    0.25                     5.0E10                   2700                     6088.787509293894        3515.3631075292606       2502.294445801098
1.6683                   0.78                     1.2820512820512822       7.115823862531359E-13    5.828677246148604E-13    0.25                     5.0E10                   2700                     6088.787509293894        3515.3631075292606       2502.294445801098
1.6683                   0.8                      1.25                     7.128181026939314E-13    5.787087149540454E-13    0.25                     5.0E10                   2700                     6088.787509293894        3515.3631075292606       2502.294445801098
1.6683                   0.82                     1.2195121951219514       7.204899261936882E-13    5.809773087006939E-13    0.25                     5.0E10                   2700                     6088.787509293894        3515.3631075292606       2502.294445801098
1.6683                   0.84                     1.1904761904761905       7.265802890253132E-13    5.831177395091011E-13    0.25                     5.0E10                   2700                     6088.787509293894        3515.3631075292606       2502.294445801098
1.6683                   0.86                     1.1627906976744187       7.288327520497804E-13    5.825161733469005E-13    0.25                     5.0E10                   2700                     6088.787509293894        3515.3631075292606       2502.294445801098
1.6683                   0.88                     1.1363636363636365       7.31273160346075E-13     5.820663496147962E-13    0.25                     5.0E10                   2700                     6088.787509293894        3515.3631075292606       2502.294445801098
1.6683                   0.9                      1.1111111111111112       7.364017705771239E-13    5.83681722572275E-13     0.25                     5.0E10                   2700                     6088.787509293894        3515.3631075292606       2502.294445801098
1.6683                   0.92                     1.0869565217391304       7.417566000384175E-13    5.855202689849219E-13    0.25                     5.0E10                   2700                     6088.787509293894        3515.3631075292606       2502.294445801098
1.6683                   0.94                     1.0638297872340425       7.452307075148552E-13    5.862177154299419E-13    0.25                     5.0E10                   2700                     6088.787509293894        3515.3631075292606       2502.294445801098
1.6683                   0.96                     1.0416666666666667       7.487753569519524E-13    5.875926985560605E-13    0.25                     5.0E10                   2700                     6088.787509293894        3515.3631075292606       2502.294445801098
1.6683                   0.98                     1.0204081632653061       7.554813861132263E-13    5.922555900213037E-13    0.25                     5.0E10                   2700                     6088.787509293894        3515.3631075292606       2502.294445801098
1.6683                   1                        1                        7.654070628620053E-13    6.002532765091015E-13    0.25                     5.0E10                   2700                     6088.787509293894        3515.3631075292606       2502.294445801098
1.6683                   1.02                     0.9803921568627452       7.748288034568292E-13    6.089249079529791E-13    0.25                     5.0E10                   2700                     6088.787509293894        3515.3631075292606       2502.294445801098
1.6683                   1.04                     0.9615384615384615       7.781844734720118E-13    6.13525187342194E-13     0.25                     5.0E10                   2700                     6088.787509293894        3515.3631075292606       2502.294445801098
1.6683                   1.06                     0.9433962264150944       7.721599228754268E-13    6.110471584333115E-13    0.25                     5.0E10                   2700                     6088.787509293894        3515.3631075292606       2502.294445801098
1.6683                   1.08                     0.9259259259259258       7.574819150174433E-13    6.016448041346668E-13    0.25                     5.0E10                   2700                     6088.787509293894        3515.3631075292606       2502.294445801098
1.6683                   1.1                      0.909090909090909        7.37757899193303E-13     5.878889281468926E-13    0.25                     5.0E10                   2700                     6088.787509293894        3515.3631075292606       2502.294445801098
1.6683                   1.12                     0.8928571428571427       7.169780895750592E-13    5.728698185886262E-13    0.25                     5.0E10                   2700                     6088.787509293894        3515.3631075292606       2502.294445801098
1.6683                   1.1400000000000001       0.8771929824561403       6.980502476470784E-13    5.589148900668265E-13    0.25                     5.0E10                   2700                     6088.787509293894        3515.3631075292606       2502.294445801098
1.6683                   1.1600000000000001       0.8620689655172412       6.822950035521854E-13    5.472816824796499E-13    0.25                     5.0E10                   2700                     6088.787509293894        3515.3631075292606       2502.294445801098
1.6683                   1.1800000000000002       0.8474576271186439       6.70169517833491E-13     5.385259654160743E-13    0.25                     5.0E10                   2700                     6088.787509293894        3515.3631075292606       2502.294445801098
1.6683                   1.2000000000000002       0.8333333333333331       6.61699238117593E-13     5.328568810938396E-13    0.25                     5.0E10                   2700                     6088.787509293894        3515.3631075292606       2502.294445801098
1.6683                   1.2200000000000002       0.8196721311475409       6.567378396866139E-13    5.30330766170025E-13     0.25                     5.0E10                   2700                     6088.787509293894        3515.3631075292606       2502.294445801098
1.6683                   1.2400000000000002       0.8064516129032256       6.550014641379292E-13    5.308733894314092E-13    0.25                     5.0E10                   2700                     6088.787509293894        3515.3631075292606       2502.294445801098
1.6683                   1.26                     0.7936507936507936       6.561051907457702E-13    5.343142047030983E-13    0.25                     5.0E10                   2700                     6088.787509293894        3515.3631075292606       2502.294445801098
1.6683                   1.28                     0.7812499999999999       6.590405832494852E-13    5.399326824997731E-13    0.25                     5.0E10                   2700                     6088.787509293894        3515.3631075292606       2502.294445801098
1.6683                   1.3                      0.7692307692307692       6.627198384222475E-13    5.469022613555437E-13    0.25                     5.0E10                   2700                     6088.787509293894        3515.3631075292606       2502.294445801098
1.6683                   1.32                     0.7575757575757575       6.657357003978351E-13    5.540782333435894E-13    0.25                     5.0E10                   2700                     6088.787509293894        3515.3631075292606       2502.294445801098
1.6683                   1.34                     0.7462686567164178       6.666500011364264E-13    5.602117925170966E-13    0.25                     5.0E10                   2700                     6088.787509293894        3515.3631075292606       2502.294445801098
1.6683                   1.36                     0.7352941176470588       6.642739110903824E-13    5.641765307773492E-13    0.25                     5.0E10                   2700                     6088.787509293894        3515.3631075292606       2502.294445801098
1.6683                   1.3800000000000001       0.7246376811594203       6.579335877455051E-13    5.65204912747408E-13     0.25                     5.0E10                   2700                     6088.787509293894        3515.3631075292606       2502.294445801098
1.6683                   1.4000000000000001       0.7142857142857142       6.476152772904286E-13    5.630458647040154E-13    0.25                     5.0E10                   2700                     6088.787509293894        3515.3631075292606       2502.294445801098
1.6683                   1.4200000000000002       0.704225352112676        6.339299487273243E-13    5.579820292823089E-13    0.25                     5.0E10                   2700                     6088.787509293894        3515.3631075292606       2502.294445801098
1.6683                   1.4400000000000002       0.6944444444444444       6.180125823958091E-13    5.507347224299068E-13    0.25                     5.0E10                   2700                     6088.787509293894        3515.3631075292606       2502.294445801098
1.6683                   1.4600000000000002       0.6849315068493149       6.008814536361032E-13    5.421529204524094E-13    0.25                     5.0E10                   2700                     6088.787509293894        3515.3631075292606       2502.294445801098
1.6683                   1.4800000000000002       0.6756756756756755       5.837450042965362E-13    5.331638334902544E-13    0.25                     5.0E10                   2700                     6088.787509293894        3515.3631075292606       2502.294445801098
1.6683                   1.5000000000000002       0.6666666666666665       5.675038058082015E-13    5.245415783455089E-13    0.25                     5.0E10                   2700                     6088.787509293894        3515.3631075292606       2502.294445801098
1.6683                   1.52                     0.6578947368421053       5.527692787259217E-13    5.168526838069448E-13    0.25                     5.0E10                   2700                     6088.787509293894        3515.3631075292606       2502.294445801098
1.6683                   1.54                     0.6493506493506493       5.398701576291934E-13    5.104412141345057E-13    0.25                     5.0E10                   2700                     6088.787509293894        3515.3631075292606       2502.294445801098
1.6683                   1.56                     0.6410256410256411       5.28895982894983E-13     5.054495024119526E-13    0.25                     5.0E10                   2700                     6088.787509293894        3515.3631075292606       2502.294445801098
1.6683                   1.58                     0.6329113924050632       5.197529716553989E-13    5.018545776260608E-13    0.25                     5.0E10                   2700                     6088.787509293894        3515.3631075292606       2502.294445801098
1.6683                   1.6                      0.625                    5.122182226495895E-13    4.995078603091914E-13    0.25                     5.0E10                   2700                     6088.787509293894        3515.3631075292606       2502.294445801098
1.6683                   1.62                     0.6172839506172839       5.059877878456139E-13    4.981732496676491E-13    0.25                     5.0E10                   2700                     6088.787509293894        3515.3631075292606       2502.294445801098
1.6683                   1.6400000000000001       0.6097560975609756       5.007156797536564E-13    4.975604553088165E-13    0.25                     5.0E10                   2700                     6088.787509293894        3515.3631075292606       2502.294445801098
1.6683                   1.6600000000000001       0.6024096385542168       4.960480252913319E-13    4.973561488175268E-13    0.25                     5.0E10                   2700                     6088.787509293894        3515.3631075292606       2502.294445801098
1.6683                   1.6800000000000002       0.5952380952380951       4.9174207916818E-13      4.973517557298111E-13    0.25                     5.0E10                   2700                     6088.787509293894        3515.3631075292606       2502.294445801098
1.6683                   1.7000000000000002       0.588235294117647        4.873234610563284E-13    4.970666832920773E-13    0.25                     5.0E10                   2700                     6088.787509293894        3515.3631075292606       2502.294445801098
1.6683                   1.7200000000000002       0.5813953488372092       4.826510045203772E-13    4.963664943801587E-13    0.25                     5.0E10                   2700                     6088.787509293894        3515.3631075292606       2502.294445801098
1.6683                   1.7400000000000002       0.5747126436781609       4.775653070703442E-13    4.950827068986076E-13    0.25                     5.0E10                   2700                     6088.787509293894        3515.3631075292606       2502.294445801098
1.6683                   1.7600000000000002       0.5681818181818182       4.719807174592236E-13    4.931164133734463E-13    0.25                     5.0E10                   2700                     6088.787509293894        3515.3631075292606       2502.294445801098
1.6683                   1.78                     0.5617977528089887       4.658815175947963E-13    4.904374818844883E-13    0.25                     5.0E10                   2700                     6088.787509293894        3515.3631075292606       2502.294445801098
1.6683                   1.8                      0.5555555555555556       4.593109072605707E-13    4.870772873157411E-13    0.25                     5.0E10                   2700                     6088.787509293894        3515.3631075292606       2502.294445801098
1.6683                   1.82                     0.5494505494505494       4.5235735412651674E-13   4.831165237710155E-13    0.25                     5.0E10                   2700                     6088.787509293894        3515.3631075292606       2502.294445801098
1.6683                   1.84                     0.5434782608695652       4.4513877437764404E-13   4.786705515403304E-13    0.25                     5.0E10                   2700                     6088.787509293894        3515.3631075292606       2502.294445801098
1.6683                   1.86                     0.5376344086021505       4.377874539013692E-13    4.738744665023498E-13    0.25                     5.0E10                   2700                     6088.787509293894        3515.3631075292606       2502.294445801098
1.6683                   1.8800000000000001       0.5319148936170213       4.304371759523665E-13    4.688697029451784E-13    0.25                     5.0E10                   2700                     6088.787509293894        3515.3631075292606       2502.294445801098
1.6683                   1.9000000000000001       0.5263157894736842       4.232134247501465E-13    4.637932913333995E-13    0.25                     5.0E10                   2700                     6088.787509293894        3515.3631075292606       2502.294445801098
1.6683                   1.9200000000000002       0.5208333333333333       4.162268634165893E-13    4.587702069054895E-13    0.25                     5.0E10                   2700                     6088.787509293894        3515.3631075292606       2502.294445801098
1.6683                   1.9400000000000002       0.5154639175257731       4.095697902945672E-13    4.539087002091909E-13    0.25                     5.0E10                   2700                     6088.787509293894        3515.3631075292606       2502.294445801098
1.6683                   1.9600000000000002       0.5102040816326531       4.0331483603431354E-13   4.4929810614585893E-13   0.25                     5.0E10                   2700                     6088.787509293894        3515.3631075292606       2502.294445801098
1.6683                   1.9800000000000002       0.505050505050505        3.9751620782471595E-13   4.450088356871302E-13    0.25                     5.0E10                   2700                     6088.787509293894        3515.3631075292606       2502.294445801098
1.6683                   2                        0.5                      3.9222790151333797E-13   4.4109990159305964E-13   0.25                     5.0E10                   2700                     6088.787509293894        3515.3631075292606       2502.294445801098
1.6683                   2.02                     0.4950495049504951       3.8743562791581536E-13   4.3759369304665926E-13   0.25                     5.0E10                   2700                     6088.787509293894        3515.3631075292606       2502.294445801098
1.6683                   2.04                     0.4901960784313726       3.8316733555598677E-13   4.345198172247482E-13    0.25                     5.0E10                   2700                     6088.787509293894        3515.3631075292606       2502.294445801098
1.6683                   2.06                     0.48543689320388345      3.794223786404988E-13    4.318892382614451E-13    0.25                     5.0E10                   2700                     6088.787509293894        3515.3631075292606       2502.294445801098
1.6683                   2.08                     0.4807692307692307       3.761923575452712E-13    4.2970366718537033E-13   0.25                     5.0E10                   2700                     6088.787509293894        3515.3631075292606       2502.294445801098
1.6683                   2.1                      0.47619047619047616      3.734630586621654E-13    4.279575658887337E-13    0.25                     5.0E10                   2700                     6088.787509293894        3515.3631075292606       2502.294445801098
1.6683                   2.12                     0.4716981132075472       3.712160802146321E-13    4.2663987903290905E-13   0.25                     5.0E10                   2700                     6088.787509293894        3515.3631075292606       2502.294445801098
1.6683                   2.14                     0.46728971962616817      3.69430152872197E-13     4.257354835017319E-13    0.25                     5.0E10                   2700                     6088.787509293894        3515.3631075292606       2502.294445801098
1.6683                   2.16                     0.4629629629629629       3.680821827108336E-13    4.2522636893749365E-13   0.25                     5.0E10                   2700                     6088.787509293894        3515.3631075292606       2502.294445801098
1.6683                   2.18                     0.4587155963302752       3.671480526494667E-13    4.250925758200607E-13    0.25                     5.0E10                   2700                     6088.787509293894        3515.3631075292606       2502.294445801098
1.6683                   2.2                      0.4545454545454545       3.6660311334539313E-13   4.253128667202566E-13    0.25                     5.0E10                   2700                     6088.787509293894        3515.3631075292606       2502.294445801098
1.6683                   2.22                     0.45045045045045035      3.664230413476265E-13    4.258654996073305E-13    0.25                     5.0E10                   2700                     6088.787509293894        3515.3631075292606       2502.294445801098
1.6683                   2.24                     0.44642857142857134      3.665835022154909E-13    4.267283008667927E-13    0.25                     5.0E10                   2700                     6088.787509293894        3515.3631075292606       2502.294445801098
1.6683                   2.2600000000000002       0.44247787610619466      3.6706076387342424E-13   4.2787916867408403E-13   0.25                     5.0E10                   2700                     6088.787509293894        3515.3631075292606       2502.294445801098
1.6683                   2.2800000000000002       0.43859649122807015      3.678317057103771E-13    4.292962117670526E-13    0.25                     5.0E10                   2700                     6088.787509293894        3515.3631075292606       2502.294445801098
1.6683                   2.3000000000000003       0.43478260869565216      3.6887387158750727E-13   4.309578695019467E-13    0.25                     5.0E10                   2700                     6088.787509293894        3515.3631075292606       2502.294445801098
1.6683                   2.3200000000000003       0.4310344827586206       3.7016547932641384E-13   4.328429773933167E-13    0.25                     5.0E10                   2700                     6088.787509293894        3515.3631075292606       2502.294445801098
1.6683                   2.3400000000000003       0.4273504273504273       3.71685400139989E-13     4.3493079296686216E-13   0.25                     5.0E10                   2700                     6088.787509293894        3515.3631075292606       2502.294445801098
1.6683                   2.3600000000000003       0.42372881355932196      3.734131188767503E-13    4.3720099419641496E-13   0.25                     5.0E10                   2700                     6088.787509293894        3515.3631075292606       2502.294445801098
1.6683                   2.3800000000000003       0.4201680672268907       3.7532868372054754E-13   4.396336605677547E-13    0.25                     5.0E10                   2700                     6088.787509293894        3515.3631075292606       2502.294445801098
1.6683                   2.4000000000000004       0.4166666666666666       3.774126522436439E-13    4.422092449622183E-13    0.25                     5.0E10                   2700                     6088.787509293894        3515.3631075292606       2502.294445801098
1.6683                   2.42                     0.4132231404958677       3.796460391604281E-13    4.449085429193371E-13    0.25                     5.0E10                   2700                     6088.787509293894        3515.3631075292606       2502.294445801098
1.6683                   2.44                     0.4098360655737705       3.820102699415967E-13    4.4771266448398244E-13   0.25                     5.0E10                   2700                     6088.787509293894        3515.3631075292606       2502.294445801098
1.6683                   2.46                     0.4065040650406504       3.8448714336323306E-13   4.5060301264108603E-13   0.25                     5.0E10                   2700                     6088.787509293894        3515.3631075292606       2502.294445801098
1.6683                   2.48                     0.4032258064516129       3.8705880517906857E-13   4.535612712963122E-13    0.25                     5.0E10                   2700                     6088.787509293894        3515.3631075292606       2502.294445801098
1.6683                   2.5                      0.4                      3.8998096411054395E-13   4.567980810954384E-13    0.25                     5.0E10                   2700                     6088.787509293894        3515.3631075292606       2502.294445801098
1.6683                   2.52                     0.3968253968253968       3.9268463165470876E-13   4.598328507818957E-13    0.25                     5.0E10                   2700                     6088.787509293894        3515.3631075292606       2502.294445801098
1.6683                   2.54                     0.39370078740157477      3.9543059182546384E-13   4.628813587605597E-13    0.25                     5.0E10                   2700                     6088.787509293894        3515.3631075292606       2502.294445801098
1.6683                   2.56                     0.39062499999999994      3.9820229585405195E-13   4.659264596692053E-13    0.25                     5.0E10                   2700                     6088.787509293894        3515.3631075292606       2502.294445801098
1.6683                   2.58                     0.38759689922480617      4.009837449143685E-13    4.689515605018191E-13    0.25                     5.0E10                   2700                     6088.787509293894        3515.3631075292606       2502.294445801098
1.6683                   2.6                      0.3846153846153846       4.037594093169456E-13    4.719405504734797E-13    0.25                     5.0E10                   2700                     6088.787509293894        3515.3631075292606       2502.294445801098
1.6683                   2.62                     0.3816793893129771       4.065142854245646E-13    4.748778711209244E-13    0.25                     5.0E10                   2700                     6088.787509293894        3515.3631075292606       2502.294445801098
1.6683                   2.64                     0.37878787878787873      4.0923395963424406E-13   4.777485934148656E-13    0.25                     5.0E10                   2700                     6088.787509293894        3515.3631075292606       2502.294445801098
1.6683                   2.66                     0.37593984962406013      4.1190467729675387E-13   4.805384995524504E-13    0.25                     5.0E10                   2700                     6088.787509293894        3515.3631075292606       2502.294445801098
1.6683                   2.68                     0.3731343283582089       4.145134142750148E-13    4.832341669148618E-13    0.25                     5.0E10                   2700                     6088.787509293894        3515.3631075292606       2502.294445801098
1.6683                   2.7                      0.37037037037037035      4.1704794873844743E-13   4.858230515431705E-13    0.25                     5.0E10                   2700                     6088.787509293894        3515.3631075292606       2502.294445801098
1.6683                   2.72                     0.3676470588235294       4.1949693085117255E-13   4.882935685277764E-13    0.25                     5.0E10                   2700                     6088.787509293894        3515.3631075292606       2502.294445801098
1.6683                   2.74                     0.36496350364963503      4.2184994803812563E-13   4.906351667679413E-13    0.25                     5.0E10                   2700                     6088.787509293894        3515.3631075292606       2502.294445801098
1.6683                   2.7600000000000002       0.36231884057971014      4.2409758369014166E-13   4.928383957319E-13       0.25                     5.0E10                   2700                     6088.787509293894        3515.3631075292606       2502.294445801098
1.6683                   2.7800000000000002       0.35971223021582727      4.2623146740170836E-13   4.948949621239703E-13    0.25                     5.0E10                   2700                     6088.787509293894        3515.3631075292606       2502.294445801098
1.6683                   2.8000000000000003       0.3571428571428571       4.2824431511409134E-13   4.967977746870262E-13    0.25                     5.0E10                   2700                     6088.787509293894        3515.3631075292606       2502.294445801098
1.6683                   2.8200000000000003       0.35460992907801414      4.3012995785556714E-13   4.985409757289978E-13    0.25                     5.0E10                   2700                     6088.787509293894        3515.3631075292606       2502.294445801098
1.6683                   2.8400000000000003       0.352112676056338        4.3188335816292175E-13   5.001199584161738E-13    0.25                     5.0E10                   2700                     6088.787509293894        3515.3631075292606       2502.294445801098
1.6683                   2.8600000000000003       0.3496503496503496       4.335006136385971E-13    5.015313692844361E-13    0.25                     5.0E10                   2700                     6088.787509293894        3515.3631075292606       2502.294445801098
1.6683                   2.8800000000000003       0.3472222222222222       4.3497894749753E-13      5.027730958879037E-13    0.25                     5.0E10                   2700                     6088.787509293894        3515.3631075292606       2502.294445801098
1.6683                   2.9000000000000004       0.3448275862068965       4.363166863213627E-13    5.038442399050653E-13    0.25                     5.0E10                   2700                     6088.787509293894        3515.3631075292606       2502.294445801098
1.6683                   2.92                     0.34246575342465757      4.3751327696935446E-13   5.047450978278506E-13    0.25                     5.0E10                   2700                     6088.787509293894        3515.3631075292606       2502.294445801098
1.6683                   2.94                     0.3401360544217687       4.3856904108422264E-13   5.054770261117938E-13    0.25                     5.0E10                   2700                     6088.787509293894        3515.3631075292606       2502.294445801098
1.6683                   2.96                     0.33783783783783783      4.3948540990993555E-13   5.060424920137108E-13    0.25                     5.0E10                   2700                     6088.787509293894        3515.3631075292606       2502.294445801098
1.6683                   2.98                     0.3355704697986577       4.402646718465944E-13    5.064449264789142E-13    0.25                     5.0E10                   2700                     6088.787509293894        3515.3631075292606       2502.294445801098
1.6683                   3                        0.3333333333333333       4.4090994581524326E-13   5.066886585265201E-13    0.25                     5.0E10                   2700                     6088.787509293894        3515.3631075292606       2502.294445801098
1.6683                   3.02                     0.33112582781456956      4.414251035893852E-13    5.067788265205559E-13    0.25                     5.0E10                   2700                     6088.787509293894        3515.3631075292606       2502.294445801098
1.6683                   3.04                     0.32894736842105265      4.4181468809604396E-13   5.067212851653177E-13    0.25                     5.0E10                   2700                     6088.787509293894        3515.3631075292606       2502.294445801098
1.6683                   3.06                     0.32679738562091504      4.420838292916983E-13    5.065225100565513E-13    0.25                     5.0E10                   2700                     6088.787509293894        3515.3631075292606       2502.294445801098
1.6683                   3.08                     0.3246753246753247       4.4223815916886107E-13   5.061895015430286E-13    0.25                     5.0E10                   2700                     6088.787509293894        3515.3631075292606       2502.294445801098
1.6683                   3.1                      0.32258064516129037      4.4228372733226556E-13   5.057296895313002E-13    0.25                     5.0E10                   2700                     6088.787509293894        3515.3631075292606       2502.294445801098
1.6683                   3.12                     0.32051282051282054      4.422269184245354E-13    5.051508406712976E-13    0.25                     5.0E10                   2700                     6088.787509293894        3515.3631075292606       2502.294445801098
1.6683                   3.14                     0.3184713375796178       4.4207437256100157E-13   5.044609692081543E-13    0.25                     5.0E10                   2700                     6088.787509293894        3515.3631075292606       2502.294445801098
1.6683                   3.16                     0.3164556962025316       4.4183290971267317E-13   5.036682525470922E-13    0.25                     5.0E10                   2700                     6088.787509293894        3515.3631075292606       2502.294445801098
1.6683                   3.18                     0.31446540880503143      4.415094588259403E-13    5.027809523928659E-13    0.25                     5.0E10                   2700                     6088.787509293894        3515.3631075292606       2502.294445801098
1.6683                   3.2                      0.3125                   4.4111099226951623E-13   5.018073421051285E-13    0.25                     5.0E10                   2700                     6088.787509293894        3515.3631075292606       2502.294445801098
1.6683                   3.22                     0.31055900621118004      4.406444660373442E-13    5.007556407213673E-13    0.25                     5.0E10                   2700                     6088.787509293894        3515.3631075292606       2502.294445801098
1.6683                   3.24                     0.30864197530864196      4.40116765952639E-13     4.996339538939288E-13    0.25                     5.0E10                   2700                     6088.787509293894        3515.3631075292606       2502.294445801098
1.6683                   3.2600000000000002       0.3067484662576687       4.395346599966615E-13    4.984502218538297E-13    0.25                     5.0E10                   2700                     6088.787509293894        3515.3631075292606       2502.294445801098
1.6683                   3.2800000000000002       0.3048780487804878       4.389047567425033E-13    4.97212174341632E-13     0.25                     5.0E10                   2700                     6088.787509293894        3515.3631075292606       2502.294445801098
1.6683                   3.3000000000000003       0.30303030303030304      4.3823346975675194E-13   4.959272923378108E-13    0.25                     5.0E10                   2700                     6088.787509293894        3515.3631075292606       2502.294445801098
1.6683                   3.3200000000000003       0.3012048192771084       4.3752698775057154E-13   4.946027762951859E-13    0.25                     5.0E10                   2700                     6088.787509293894        3515.3631075292606       2502.294445801098
1.6683                   3.3400000000000003       0.29940119760479045      4.3678731809463053E-13   4.932445727575382E-13    0.25                     5.0E10                   2700                     6088.787509293894        3515.3631075292606       2502.294445801098
1.6683                   3.3600000000000003       0.29761904761904756      4.3602748415551655E-13   4.918600713513011E-13    0.25                     5.0E10                   2700                     6088.787509293894        3515.3631075292606       2502.294445801098
1.6683                   3.3800000000000003       0.29585798816568043      4.3524944229096055E-13   4.904556161429224E-13    0.25                     5.0E10                   2700                     6088.787509293894        3515.3631075292606       2502.294445801098
1.6683                   3.4000000000000004       0.2941176470588235       4.3445829165928573E-13   4.890370908647567E-13    0.25                     5.0E10                   2700                     6088.787509293894        3515.3631075292606       2502.294445801098
1.6683                   3.4200000000000004       0.29239766081871343      4.336588315011911E-13    4.876100232663381E-13    0.25                     5.0E10                   2700                     6088.787509293894        3515.3631075292606       2502.294445801098
1.6683                   3.44                     0.29069767441860467      4.3285555811444647E-13   4.86179583386218E-13     0.25                     5.0E10                   2700                     6088.787509293894        3515.3631075292606       2502.294445801098
1.6683                   3.46                     0.2890173410404624       4.320526648595685E-13    4.847505851869258E-13    0.25                     5.0E10                   2700                     6088.787509293894        3515.3631075292606       2502.294445801098
1.6683                   3.48                     0.28735632183908044      4.312540448050756E-13    4.833274910677514E-13    0.25                     5.0E10                   2700                     6088.787509293894        3515.3631075292606       2502.294445801098
1.6683                   3.5                      0.2857142857142857       4.3046329560863904E-13   4.819144188160234E-13    0.25                     5.0E10                   2700                     6088.787509293894        3515.3631075292606       2502.294445801098
1.6683                   3.52                     0.2840909090909091       4.296838494255021E-13    4.805152427425478E-13    0.25                     5.0E10                   2700                     6088.787509293894        3515.3631075292606       2502.294445801098
1.6683                   3.54                     0.2824858757062147       4.289184915742687E-13    4.791332373947224E-13    0.25                     5.0E10                   2700                     6088.787509293894        3515.3631075292606       2502.294445801098
1.6683                   3.56                     0.28089887640449435      4.281701003721847E-13    4.777716375832922E-13    0.25                     5.0E10                   2700                     6088.787509293894        3515.3631075292606       2502.294445801098
1.6683                   3.58                     0.2793296089385475       4.274411736565713E-13    4.764332874977344E-13    0.25                     5.0E10                   2700                     6088.787509293894        3515.3631075292606       2502.294445801098
1.6683                   3.6                      0.2777777777777778       4.267339603807323E-13    4.751207450153028E-13    0.25                     5.0E10                   2700                     6088.787509293894        3515.3631075292606       2502.294445801098
1.6683                   3.62                     0.27624309392265195      4.2605047241844444E-13   4.73836295915776E-13     0.25                     5.0E10                   2700                     6088.787509293894        3515.3631075292606       2502.294445801098
1.6683                   3.64                     0.2747252747252747       4.2539249668242544E-13   4.725819683570955E-13    0.25                     5.0E10                   2700                     6088.787509293894        3515.3631075292606       2502.294445801098
1.6683                   3.66                     0.27322404371584696      4.2476160741230343E-13   4.713595474724729E-13    0.25                     5.0E10                   2700                     6088.787509293894        3515.3631075292606       2502.294445801098
1.6683                   3.68                     0.2717391304347826       4.241591784801836E-13    4.701705899149351E-13    0.25                     5.0E10                   2700                     6088.787509293894        3515.3631075292606       2502.294445801098
1.6683                   3.7                      0.2702702702702703       4.235863955914773E-13    4.690164382001429E-13    0.25                     5.0E10                   2700                     6088.787509293894        3515.3631075292606       2502.294445801098
1.6683                   3.72                     0.26881720430107525      4.2304426829975376E-13   4.678982347847649E-13    0.25                     5.0E10                   2700                     6088.787509293894        3515.3631075292606       2502.294445801098
1.6683                   3.74                     0.267379679144385        4.225336417387549E-13    4.668169357704238E-13    0.25                     5.0E10                   2700                     6088.787509293894        3515.3631075292606       2502.294445801098
1.6683                   3.7600000000000002       0.26595744680851063      4.2205520801316625E-13   4.657733241460354E-13    0.25                     5.0E10                   2700                     6088.787509293894        3515.3631075292606       2502.294445801098
1.6683                   3.7800000000000002       0.26455026455026454      4.2160951720310837E-13   4.647680225614014E-13    0.25                     5.0E10                   2700                     6088.787509293894        3515.3631075292606       2502.294445801098
1.6683                   3.8000000000000003       0.2631578947368421       4.2119698792841457E-13   4.638015055516797E-13    0.25                     5.0E10                   2700                     6088.787509293894        3515.3631075292606       2502.294445801098
1.6683                   3.8200000000000003       0.26178010471204183      4.20817917470827E-13     4.628741112124353E-13    0.25                     5.0E10                   2700                     6088.787509293894        3515.3631075292606       2502.294445801098
1.6683                   3.8400000000000003       0.26041666666666663      4.204724914149751E-13    4.619860522982768E-13    0.25                     5.0E10                   2700                     6088.787509293894        3515.3631075292606       2502.294445801098
1.6683                   3.8600000000000003       0.25906735751295334      4.201607928008905E-13    4.611374267320216E-13    0.25                     5.0E10                   2700                     6088.787509293894        3515.3631075292606       2502.294445801098
1.6683                   3.8800000000000003       0.25773195876288657      4.198828107939726E-13    4.60328227540192E-13     0.25                     5.0E10                   2700                     6088.787509293894        3515.3631075292606       2502.294445801098
1.6683                   3.9000000000000004       0.2564102564102564       4.196384488730772E-13    4.595583522077083E-13    0.25                     5.0E10                   2700                     6088.787509293894        3515.3631075292606       2502.294445801098
1.6683                   3.9200000000000004       0.25510204081632654      4.1942753252904014E-13   4.588276114606131E-13    0.25                     5.0E10                   2700                     6088.787509293894        3515.3631075292606       2502.294445801098
1.6683                   3.94                     0.25380710659898476      4.1924981650014916E-13   4.581357375023578E-13    0.25                     5.0E10                   2700                     6088.787509293894        3515.3631075292606       2502.294445801098
1.6683                   3.96                     0.2525252525252525       4.191049915554785E-13    4.574823917120555E-13    0.25                     5.0E10                   2700                     6088.787509293894        3515.3631075292606       2502.294445801098
1.6683                   3.98                     0.25125628140703515      4.1899269082343904E-13   4.568671718194926E-13    0.25                     5.0E10                   2700                     6088.787509293894        3515.3631075292606       2502.294445801098
1.6683                   4                        0.25                     4.1891249571574783E-13   4.562896185984205E-13    0.25                     5.0E10                   2700                     6088.787509293894        3515.3631075292606       2502.294445801098
1.6683                   4.02                     0.24875621890547264      4.188639414298756E-13    4.557492220781499E-13    0.25                     5.0E10                   2700                     6088.787509293894        3515.3631075292606       2502.294445801098
1.6683                   4.04                     0.24752475247524755      4.188465220696081E-13    4.552454273044829E-13    0.25                     5.0E10                   2700                     6088.787509293894        3515.3631075292606       2502.294445801098
1.6683                   4.06                     0.24630541871921185      4.1885969539768125E-13   4.547776396825414E-13    0.25                     5.0E10                   2700                     6088.787509293894        3515.3631075292606       2502.294445801098
1.6683                   4.08                     0.2450980392156863       4.1890288724420764E-13   4.543452299054825E-13    0.25                     5.0E10                   2700                     6088.787509293894        3515.3631075292606       2502.294445801098
1.6683                   4.1                      0.24390243902439027      4.1897549557423756E-13   4.539475385107997E-13    0.25                     5.0E10                   2700                     6088.787509293894        3515.3631075292606       2502.294445801098
1.6683                   4.12                     0.24271844660194172      4.1907689426132867E-13   4.5358388008419105E-13   0.25                     5.0E10                   2700                     6088.787509293894        3515.3631075292606       2502.294445801098
1.6683                   4.14                     0.2415458937198068       4.1920643655473713E-13   4.532535471164034E-13    0.25                     5.0E10                   2700                     6088.787509293894        3515.3631075292606       2502.294445801098
1.6683                   4.16                     0.24038461538461536      4.193634582833058E-13    4.52955813553403E-13     0.25                     5.0E10                   2700                     6088.787509293894        3515.3631075292606       2502.294445801098
1.6683                   4.18                     0.2392344497607656       4.1954728079702946E-13   4.5268993805889533E-13   0.25                     5.0E10                   2700                     6088.787509293894        3515.3631075292606       2502.294445801098
1.6683                   4.199999999999999        0.23809523809523814      4.19757213673527E-13     4.5245516698814166E-13   0.25                     5.0E10                   2700                     6088.787509293894        3515.3631075292606       2502.294445801098
1.6683                   4.22                     0.23696682464454977      4.1999255719835007E-13   4.5225073712904604E-13   0.25                     5.0E10                   2700                     6088.787509293894        3515.3631075292606       2502.294445801098
1.6683                   4.239999999999999        0.23584905660377362      4.202526046409944E-13    4.5207587818149514E-13   0.25                     5.0E10                   2700                     6088.787509293894        3515.3631075292606       2502.294445801098
1.6683                   4.26                     0.2347417840375587       4.205366443319231E-13    4.519298150463015E-13    0.25                     5.0E10                   2700                     6088.787509293894        3515.3631075292606       2502.294445801098
1.6683                   4.279999999999999        0.23364485981308417      4.2084396155997327E-13   4.5181176987209224E-13   0.25                     5.0E10                   2700                     6088.787509293894        3515.3631075292606       2502.294445801098
1.6683                   4.3                      0.23255813953488372      4.2117384031212656E-13   4.5172096396102787E-13   0.25                     5.0E10                   2700                     6088.787509293894        3515.3631075292606       2502.294445801098
1.6683                   4.319999999999999        0.23148148148148148      4.215255648446245E-13    4.516566194486612E-13    0.25                     5.0E10                   2700                     6088.787509293894        3515.3631075292606       2502.294445801098
1.6683                   4.34                     0.2304147465437788       4.2189842111725454E-13   4.516179608625025E-13    0.25                     5.0E10                   2700                     6088.787509293894        3515.3631075292606       2502.294445801098
1.6683                   4.359999999999999        0.22935779816513763      4.2229169809921547E-13   4.516042165175444E-13    0.25                     5.0E10                   2700                     6088.787509293894        3515.3631075292606       2502.294445801098
1.6683                   4.38                     0.228310502283105        4.227049467043681E-13    4.516148270503232E-13    0.25                     5.0E10                   2700                     6088.787509293894        3515.3631075292606       2502.294445801098
1.6683                   4.3999999999999995       0.22727272727272732      4.231369533894617E-13    4.516486208378309E-13    0.25                     5.0E10                   2700                     6088.787509293894        3515.3631075292606       2502.294445801098
1.6683                   4.42                     0.22624434389140272      4.235872769373854E-13    4.5170504842959985E-13   0.25                     5.0E10                   2700                     6088.787509293894        3515.3631075292606       2502.294445801098
1.6683                   4.4399999999999995       0.22522522522522526      4.2405522902103465E-13   4.517833646077303E-13    0.25                     5.0E10                   2700                     6088.787509293894        3515.3631075292606       2502.294445801098
1.6683                   4.46                     0.2242152466367713       4.2454012915696744E-13   4.518828330439551E-13    0.25                     5.0E10                   2700                     6088.787509293894        3515.3631075292606       2502.294445801098
1.6683                   4.4799999999999995       0.2232142857142857       4.250413053870109E-13    4.520027270174773E-13    0.25                     5.0E10                   2700                     6088.787509293894        3515.3631075292606       2502.294445801098
1.6683                   4.5                      0.22222222222222224      4.2555809490362445E-13   4.5214233003763026E-13   0.25                     5.0E10                   2700                     6088.787509293894        3515.3631075292606       2502.294445801098
1.6683                   4.52                     0.22123893805309736      4.260898445779161E-13    4.5230093640034884E-13   0.25                     5.0E10                   2700                     6088.787509293894        3515.3631075292606       2502.294445801098
1.6683                   4.54                     0.22026431718061676      4.2663591145215306E-13   4.524778516712154E-13    0.25                     5.0E10                   2700                     6088.787509293894        3515.3631075292606       2502.294445801098
1.6683                   4.56                     0.21929824561403513      4.2719566314507744E-13   4.526723931025686E-13    0.25                     5.0E10                   2700                     6088.787509293894        3515.3631075292606       2502.294445801098
1.6683                   4.58                     0.21834061135371177      4.2776847823163706E-13   4.528838899901842E-13    0.25                     5.0E10                   2700                     6088.787509293894        3515.3631075292606       2502.294445801098
1.6683                   4.6                      0.2173913043478261       4.2835374654264417E-13   4.531116839727972E-13    0.25                     5.0E10                   2700                     6088.787509293894        3515.3631075292606       2502.294445801098
1.6683                   4.62                     0.21645021645021645      4.28950869441596E-13     4.5335512929895974E-13   0.25                     5.0E10                   2700                     6088.787509293894        3515.3631075292606       2502.294445801098
1.6683                   4.64                     0.21551724137931036      4.295592600402215E-13    4.53613593019666E-13     0.25                     5.0E10                   2700                     6088.787509293894        3515.3631075292606       2502.294445801098
1.6683                   4.66                     0.2145922746781116       4.3017834340146034E-13   4.5388645516661465E-13   0.25                     5.0E10                   2700                     6088.787509293894        3515.3631075292606       2502.294445801098
1.6683                   4.68                     0.21367521367521367      4.308075566633459E-13    4.5417310886425565E-13   0.25                     5.0E10                   2700                     6088.787509293894        3515.3631075292606       2502.294445801098
1.6683                   4.7                      0.2127659574468085       4.314463491813115E-13    4.5447296044731887E-13   0.25                     5.0E10                   2700                     6088.787509293894        3515.3631075292606       2502.294445801098
1.6683                   4.72                     0.211864406779661        4.3209418259893717E-13   4.547854295007714E-13    0.25                     5.0E10                   2700                     6088.787509293894        3515.3631075292606       2502.294445801098
1.6683                   4.739999999999999        0.21097046413502113      4.327505309158384E-13    4.551099489070027E-13    0.25                     5.0E10                   2700                     6088.787509293894        3515.3631075292606       2502.294445801098
1.6683                   4.76                     0.21008403361344538      4.334148805125334E-13    4.554459648383864E-13    0.25                     5.0E10                   2700                     6088.787509293894        3515.3631075292606       2502.294445801098
1.6683                   4.779999999999999        0.20920502092050208      4.3408673016568173E-13   4.557929367510881E-13    0.25                     5.0E10                   2700                     6088.787509293894        3515.3631075292606       2502.294445801098
1.6683                   4.8                      0.20833333333333334      4.347655910430354E-13    4.56150337345947E-13     0.25                     5.0E10                   2700                     6088.787509293894        3515.3631075292606       2502.294445801098
1.6683                   4.819999999999999        0.2074688796680498       4.354509866575026E-13    4.565176525000193E-13    0.25                     5.0E10                   2700                     6088.787509293894        3515.3631075292606       2502.294445801098
1.6683                   4.84                     0.20661157024793386      4.3614245283267935E-13   4.568943811964651E-13    0.25                     5.0E10                   2700                     6088.787509293894        3515.3631075292606       2502.294445801098
1.6683                   4.859999999999999        0.20576131687242802      4.368395376328227E-13    4.572800354301464E-13    0.25                     5.0E10                   2700                     6088.787509293894        3515.3631075292606       2502.294445801098
1.6683                   4.88                     0.20491803278688525      4.3754180128811944E-13   4.576741401001333E-13    0.25                     5.0E10                   2700                     6088.787509293894        3515.3631075292606       2502.294445801098
1.6683                   4.8999999999999995       0.20408163265306126      4.382488160933875E-13    4.580762328891818E-13    0.25                     5.0E10                   2700                     6088.787509293894        3515.3631075292606       2502.294445801098
1.6683                   4.92                     0.2032520325203252       4.3896016630790507E-13   4.584858641240623E-13    0.25                     5.0E10                   2700                     6088.787509293894        3515.3631075292606       2502.294445801098
1.6683                   4.9399999999999995       0.20242914979757085      4.3967544803987573E-13   4.58902596648928E-13     0.25                     5.0E10                   2700                     6088.787509293894        3515.3631075292606       2502.294445801098
1.6683                   4.96                     0.20161290322580644      4.4039426912262037E-13   4.593260056491661E-13    0.25                     5.0E10                   2700                     6088.787509293894        3515.3631075292606       2502.294445801098
1.6683                   4.9799999999999995       0.20080321285140565      4.4111624898073986E-13   4.597556785134372E-13    0.25                     5.0E10                   2700                     6088.787509293894        3515.3631075292606       2502.294445801098
1.6683                   5                        0.2                      4.4192823018746697E-13   4.603051511616403E-13    0.25                     5.0E10                   2700                     6088.787509293894        3515.3631075292606       2502.294445801098
1.6683                   5.02                     0.19920318725099603      4.4265576346278005E-13   4.607464783652084E-13    0.25                     5.0E10                   2700                     6088.787509293894        3515.3631075292606       2502.294445801098
1.6683                   5.04                     0.1984126984126984       4.433853195183957E-13    4.611928322068173E-13    0.25                     5.0E10                   2700                     6088.787509293894        3515.3631075292606       2502.294445801098
1.6683                   5.06                     0.19762845849802374      4.44116564983446E-13     4.616438500630389E-13    0.25                     5.0E10                   2700                     6088.787509293894        3515.3631075292606       2502.294445801098
1.6683                   5.08                     0.19685039370078738      4.448491772214748E-13    4.620991804941986E-13    0.25                     5.0E10                   2700                     6088.787509293894        3515.3631075292606       2502.294445801098
1.6683                   5.1                      0.19607843137254904      4.455828441591533E-13    4.625584830617737E-13    0.25                     5.0E10                   2700                     6088.787509293894        3515.3631075292606       2502.294445801098
1.6683                   5.12                     0.19531249999999997      4.4631726411855017E-13   4.630214281258349E-13    0.25                     5.0E10                   2700                     6088.787509293894        3515.3631075292606       2502.294445801098
1.6683                   5.14                     0.1945525291828794       4.470521456389705E-13    4.63487696658607E-13     0.25                     5.0E10                   2700                     6088.787509293894        3515.3631075292606       2502.294445801098
1.6683                   5.16                     0.19379844961240308      4.4778720727931824E-13   4.639569800323315E-13    0.25                     5.0E10                   2700                     6088.787509293894        3515.3631075292606       2502.294445801098
1.6683                   5.18                     0.19305019305019305      4.485221774699911E-13    4.644289798290259E-13    0.25                     5.0E10                   2700                     6088.787509293894        3515.3631075292606       2502.294445801098
1.6683                   5.2                      0.1923076923076923       4.492567942806914E-13    4.649034076379461E-13    0.25                     5.0E10                   2700                     6088.787509293894        3515.3631075292606       2502.294445801098
1.6683                   5.22                     0.19157088122605365      4.499908052771251E-13    4.653799848415201E-13    0.25                     5.0E10                   2700                     6088.787509293894        3515.3631075292606       2502.294445801098
1.6683                   5.239999999999999        0.19083969465648856      4.507239673122088E-13    4.658584424271598E-13    0.25                     5.0E10                   2700                     6088.787509293894        3515.3631075292606       2502.294445801098
1.6683                   5.26                     0.19011406844106465      4.5145604633068756E-13   4.663385207782225E-13    0.25                     5.0E10                   2700                     6088.787509293894        3515.3631075292606       2502.294445801098
1.6683                   5.279999999999999        0.18939393939393942      4.5218681719509406E-13   4.668199694588441E-13    0.25                     5.0E10                   2700                     6088.787509293894        3515.3631075292606       2502.294445801098
1.6683                   5.3                      0.18867924528301888      4.529160634875089E-13    4.673025470357328E-13    0.25                     5.0E10                   2700                     6088.787509293894        3515.3631075292606       2502.294445801098
1.6683                   5.319999999999999        0.1879699248120301       4.5364357732153446E-13   4.677860208487879E-13    0.25                     5.0E10                   2700                     6088.787509293894        3515.3631075292606       2502.294445801098
1.6683                   5.34                     0.18726591760299627      4.543691591513975E-13    4.682701668343028E-13    0.25                     5.0E10                   2700                     6088.787509293894        3515.3631075292606       2502.294445801098
1.6683                   5.359999999999999        0.1865671641791045       4.550926175775536E-13    4.687547693039473E-13    0.25                     5.0E10                   2700                     6088.787509293894        3515.3631075292606       2502.294445801098
1.6683                   5.38                     0.1858736059479554       4.558137691762421E-13    4.692396207620416E-13    0.25                     5.0E10                   2700                     6088.787509293894        3515.3631075292606       2502.294445801098
1.6683                   5.3999999999999995       0.1851851851851852       4.565324382831724E-13    4.697245216962586E-13    0.25                     5.0E10                   2700                     6088.787509293894        3515.3631075292606       2502.294445801098
1.6683                   5.42                     0.18450184501845018      4.572484568326189E-13    4.702092803922466E-13    0.25                     5.0E10                   2700                     6088.787509293894        3515.3631075292606       2502.294445801098
1.6683                   5.4399999999999995       0.18382352941176472      4.579616641640968E-13    4.706937127315943E-13    0.25                     5.0E10                   2700                     6088.787509293894        3515.3631075292606       2502.294445801098
1.6683                   5.46                     0.18315018315018314      4.586719068252917E-13    4.71177642006578E-13     0.25                     5.0E10                   2700                     6088.787509293894        3515.3631075292606       2502.294445801098
1.6683                   5.4799999999999995       0.18248175182481755      4.593790384051082E-13    4.716608987203292E-13    0.25                     5.0E10                   2700                     6088.787509293894        3515.3631075292606       2502.294445801098
1.6683                   5.5                      0.18181818181818182      4.600829193552834E-13    4.721433204142933E-13    0.25                     5.0E10                   2700                     6088.787509293894        3515.3631075292606       2502.294445801098
1.6683                   5.52                     0.1811594202898551       4.607834167906017E-13    4.726247514680591E-13    0.25                     5.0E10                   2700                     6088.787509293894        3515.3631075292606       2502.294445801098
1.6683                   5.54                     0.18050541516245486      4.614804043345619E-13    4.731050429286848E-13    0.25                     5.0E10                   2700                     6088.787509293894        3515.3631075292606       2502.294445801098
1.6683                   5.56                     0.1798561151079137       4.62173761932509E-13     4.735840523215303E-13    0.25                     5.0E10                   2700                     6088.787509293894        3515.3631075292606       2502.294445801098
1.6683                   5.58                     0.17921146953405018      4.62863375676558E-13     4.740616434760889E-13    0.25                     5.0E10                   2700                     6088.787509293894        3515.3631075292606       2502.294445801098
1.6683                   5.6                      0.17857142857142858      4.635491376471579E-13    4.745376863522834E-13    0.25                     5.0E10                   2700                     6088.787509293894        3515.3631075292606       2502.294445801098
1.6683                   5.62                     0.17793594306049823      4.642309457298168E-13    4.750120568690733E-13    0.25                     5.0E10                   2700                     6088.787509293894        3515.3631075292606       2502.294445801098
1.6683                   5.64                     0.1773049645390071       4.649087034614019E-13    4.754846367262093E-13    0.25                     5.0E10                   2700                     6088.787509293894        3515.3631075292606       2502.294445801098
1.6683                   5.66                     0.17667844522968196      4.655823198550666E-13    4.759553132506064E-13    0.25                     5.0E10                   2700                     6088.787509293894        3515.3631075292606       2502.294445801098
1.6683                   5.68                     0.17605633802816903      4.662517092538746E-13    4.76423979219511E-13     0.25                     5.0E10                   2700                     6088.787509293894        3515.3631075292606       2502.294445801098
1.6683                   5.7                      0.17543859649122806      4.669167911619847E-13    4.768905327143057E-13    0.25                     5.0E10                   2700                     6088.787509293894        3515.3631075292606       2502.294445801098
1.6683                   5.72                     0.17482517482517484      4.675774900801993E-13    4.773548769413869E-13    0.25                     5.0E10                   2700                     6088.787509293894        3515.3631075292606       2502.294445801098
1.6683                   5.739999999999999        0.17421602787456447      4.682337353762297E-13    4.778169201003743E-13    0.25                     5.0E10                   2700                     6088.787509293894        3515.3631075292606       2502.294445801098
1.6683                   5.76                     0.1736111111111111       4.688854611091154E-13    4.782765752107638E-13    0.25                     5.0E10                   2700                     6088.787509293894        3515.3631075292606       2502.294445801098
1.6683                   5.779999999999999        0.17301038062283738      4.695326059130369E-13    4.787337599867186E-13    0.25                     5.0E10                   2700                     6088.787509293894        3515.3631075292606       2502.294445801098
1.6683                   5.8                      0.1724137931034483       4.701751128160763E-13    4.791883966602163E-13    0.25                     5.0E10                   2700                     6088.787509293894        3515.3631075292606       2502.294445801098
1.6683                   5.819999999999999        0.17182130584192443      4.708129291150042E-13    4.796404118641213E-13    0.25                     5.0E10                   2700                     6088.787509293894        3515.3631075292606       2502.294445801098
1.6683                   5.84                     0.17123287671232879      4.714465112943756E-13    4.800901723761531E-13    0.25                     5.0E10                   2700                     6088.787509293894        3515.3631075292606       2502.294445801098
1.6683                   5.859999999999999        0.17064846416382254      4.720748115180302E-13    4.805367471236057E-13    0.25                     5.0E10                   2700                     6088.787509293894        3515.3631075292606       2502.294445801098
1.6683                   5.88                     0.17006802721088435      4.726982873685488E-13    4.809805053357139E-13    0.25                     5.0E10                   2700                     6088.787509293894        3515.3631075292606       2502.294445801098
1.6683                   5.8999999999999995       0.16949152542372883      4.733169018476253E-13    4.814213898283054E-13    0.25                     5.0E10                   2700                     6088.787509293894        3515.3631075292606       2502.294445801098
1.6683                   5.92                     0.16891891891891891      4.739306215667587E-13    4.818593471434427E-13    0.25                     5.0E10                   2700                     6088.787509293894        3515.3631075292606       2502.294445801098
1.6683                   5.9399999999999995       0.16835016835016836      4.74539416606371E-13     4.822943274132007E-13    0.25                     5.0E10                   2700                     6088.787509293894        3515.3631075292606       2502.294445801098
1.6683                   5.96                     0.16778523489932884      4.751432603876457E-13    4.827262842368893E-13    0.25                     5.0E10                   2700                     6088.787509293894        3515.3631075292606       2502.294445801098
1.6683                   5.9799999999999995       0.16722408026755856      4.757421295781482E-13    4.831551745679067E-13    0.25                     5.0E10                   2700                     6088.787509293894        3515.3631075292606       2502.294445801098
1.6683                   6                        0.16666666666666666      4.76336003943173E-13     4.835809585903923E-13    0.25                     5.0E10                   2700                     6088.787509293894        3515.3631075292606       2502.294445801098
1.6683                   6.02                     0.16611295681063123      4.769248662563067E-13    4.840035996083822E-13    0.25                     5.0E10                   2700                     6088.787509293894        3515.3631075292606       2502.294445801098
1.6683                   6.04                     0.16556291390728478      4.775087021770961E-13    4.844230639356282E-13    0.25                     5.0E10                   2700                     6088.787509293894        3515.3631075292606       2502.294445801098
1.6683                   6.06                     0.16501650165016504      4.780875001384815E-13    4.848393207832826E-13    0.25                     5.0E10                   2700                     6088.787509293894        3515.3631075292606       2502.294445801098
1.6683                   6.08                     0.16447368421052633      4.786612512463033E-13    4.852523421532485E-13    0.25                     5.0E10                   2700                     6088.787509293894        3515.3631075292606       2502.294445801098
1.6683                   6.1                      0.16393442622950818      4.792299491826668E-13    4.856621027471904E-13    0.25                     5.0E10                   2700                     6088.787509293894        3515.3631075292606       2502.294445801098
1.6683                   6.12                     0.16339869281045752      4.797935900825139E-13    4.860685798441034E-13    0.25                     5.0E10                   2700                     6088.787509293894        3515.3631075292606       2502.294445801098
1.6683                   6.14                     0.16286644951140067      4.803521724520386E-13    4.864717532234766E-13    0.25                     5.0E10                   2700                     6088.787509293894        3515.3631075292606       2502.294445801098
1.6683                   6.16                     0.16233766233766234      4.80905697081574E-13     4.868716050601859E-13    0.25                     5.0E10                   2700                     6088.787509293894        3515.3631075292606       2502.294445801098
1.6683                   6.18                     0.16181229773462782      4.814541669306632E-13    4.872681198300438E-13    0.25                     5.0E10                   2700                     6088.787509293894        3515.3631075292606       2502.294445801098
1.6683                   6.2                      0.16129032258064518      4.819975870443858E-13    4.876612842264293E-13    0.25                     5.0E10                   2700                     6088.787509293894        3515.3631075292606       2502.294445801098
1.6683                   6.22                     0.16077170418006428      4.825359644719468E-13    4.880510870670827E-13    0.25                     5.0E10                   2700                     6088.787509293894        3515.3631075292606       2502.294445801098
1.6683                   6.24                     0.16025641025641027      4.830693081732701E-13    4.884375192093577E-13    0.25                     5.0E10                   2700                     6088.787509293894        3515.3631075292606       2502.294445801098
1.6683                   6.26                     0.1597444089456869       4.835976289430075E-13    4.88820573471501E-13     0.25                     5.0E10                   2700                     6088.787509293894        3515.3631075292606       2502.294445801098
1.6683                   6.279999999999999        0.15923566878980894      4.841209393246695E-13    4.892002445513066E-13    0.25                     5.0E10                   2700                     6088.787509293894        3515.3631075292606       2502.294445801098
1.6683                   6.3                      0.15873015873015872      4.846392535265806E-13    4.895765289409063E-13    0.25                     5.0E10                   2700                     6088.787509293894        3515.3631075292606       2502.294445801098
1.6683                   6.319999999999999        0.15822784810126583      4.851525873472531E-13    4.899494248574904E-13    0.25                     5.0E10                   2700                     6088.787509293894        3515.3631075292606       2502.294445801098
1.6683                   6.34                     0.1577287066246057       4.85660958121446E-13     4.903189321760022E-13    0.25                     5.0E10                   2700                     6088.787509293894        3515.3631075292606       2502.294445801098
1.6683                   6.359999999999999        0.15723270440251574      4.861643846098509E-13    4.906850523366725E-13    0.25                     5.0E10                   2700                     6088.787509293894        3515.3631075292606       2502.294445801098
1.6683                   6.38                     0.15673981191222572      4.866628869598026E-13    4.91047788298303E-13     0.25                     5.0E10                   2700                     6088.787509293894        3515.3631075292606       2502.294445801098
1.6683                   6.3999999999999995       0.15625                  4.871564866297902E-13    4.914071444608379E-13    0.25                     5.0E10                   2700                     6088.787509293894        3515.3631075292606       2502.294445801098
1.6683                   6.42                     0.1557632398753894       4.876452063225353E-13    4.917631266014131E-13    0.25                     5.0E10                   2700                     6088.787509293894        3515.3631075292606       2502.294445801098
1.6683                   6.4399999999999995       0.15527950310559008      4.881290699092386E-13    4.921157418063039E-13    0.25                     5.0E10                   2700                     6088.787509293894        3515.3631075292606       2502.294445801098
1.6683                   6.46                     0.15479876160990713      4.886081023922751E-13    4.924649984212045E-13    0.25                     5.0E10                   2700                     6088.787509293894        3515.3631075292606       2502.294445801098
1.6683                   6.4799999999999995       0.154320987654321        4.890823298258753E-13    4.92810905981162E-13     0.25                     5.0E10                   2700                     6088.787509293894        3515.3631075292606       2502.294445801098
1.6683                   6.5                      0.15384615384615383      4.895517792610686E-13    4.931534751565537E-13    0.25                     5.0E10                   2700                     6088.787509293894        3515.3631075292606       2502.294445801098
1.6683                   6.52                     0.15337423312883436      4.900164787054229E-13    4.934927177067707E-13    0.25                     5.0E10                   2700                     6088.787509293894        3515.3631075292606       2502.294445801098
1.6683                   6.54                     0.15290519877675843      4.904764570349104E-13    4.938286464023028E-13    0.25                     5.0E10                   2700                     6088.787509293894        3515.3631075292606       2502.294445801098
1.6683                   6.56                     0.15243902439024393      4.909317439908978E-13    4.941612750077437E-13    0.25                     5.0E10                   2700                     6088.787509293894        3515.3631075292606       2502.294445801098
1.6683                   6.58                     0.1519756838905775       4.913823700836694E-13    4.944906181990332E-13    0.25                     5.0E10                   2700                     6088.787509293894        3515.3631075292606       2502.294445801098
1.6683                   6.6                      0.15151515151515152      4.918283665635326E-13    4.948166915321712E-13    0.25                     5.0E10                   2700                     6088.787509293894        3515.3631075292606       2502.294445801098
1.6683                   6.62                     0.1510574018126888       4.922697653724574E-13    4.951395113927024E-13    0.25                     5.0E10                   2700                     6088.787509293894        3515.3631075292606       2502.294445801098
1.6683                   6.64                     0.1506024096385542       4.927065991096695E-13    4.954590949544424E-13    0.25                     5.0E10                   2700                     6088.787509293894        3515.3631075292606       2502.294445801098
1.6683                   6.66                     0.15015015015015015      4.931389009625327E-13    4.957754601263127E-13    0.25                     5.0E10                   2700                     6088.787509293894        3515.3631075292606       2502.294445801098
1.6683                   6.68                     0.14970059880239522      4.935667046801009E-13    4.960886255150406E-13    0.25                     5.0E10                   2700                     6088.787509293894        3515.3631075292606       2502.294445801098
1.6683                   6.7                      0.1492537313432836       4.939900445378751E-13    4.963986103906164E-13    0.25                     5.0E10                   2700                     6088.787509293894        3515.3631075292606       2502.294445801098
1.6683                   6.72                     0.1488095238095238       4.944089552803898E-13    4.967054346346984E-13    0.25                     5.0E10                   2700                     6088.787509293894        3515.3631075292606       2502.294445801098
1.6683                   6.74                     0.14836795252225518      4.948234720980202E-13    4.970091187120175E-13    0.25                     5.0E10                   2700                     6088.787509293894        3515.3631075292606       2502.294445801098
1.6683                   6.76                     0.14792899408284024      4.95233630590463E-13     4.973096836340342E-13    0.25                     5.0E10                   2700                     6088.787509293894        3515.3631075292606       2502.294445801098
1.6683                   6.779999999999999        0.14749262536873156      4.956394667181802E-13    4.976071509134032E-13    0.25                     5.0E10                   2700                     6088.787509293894        3515.3631075292606       2502.294445801098
1.6683                   6.8                      0.14705882352941177      4.960410167792883E-13    4.979015425425078E-13    0.25                     5.0E10                   2700                     6088.787509293894        3515.3631075292606       2502.294445801098
1.6683                   6.819999999999999        0.1466275659824047       4.964383173801177E-13    4.981928809562142E-13    0.25                     5.0E10                   2700                     6088.787509293894        3515.3631075292606       2502.294445801098
1.6683                   6.84                     0.14619883040935674      4.96831405398428E-13     4.984811889985248E-13    0.25                     5.0E10                   2700                     6088.787509293894        3515.3631075292606       2502.294445801098
1.6683                   6.859999999999999        0.1457725947521866       4.972203179408777E-13    4.987664898883657E-13    0.25                     5.0E10                   2700                     6088.787509293894        3515.3631075292606       2502.294445801098
1.6683                   6.88                     0.14534883720930233      4.976050923464752E-13    4.990488072051011E-13    0.25                     5.0E10                   2700                     6088.787509293894        3515.3631075292606       2502.294445801098
1.6683                   6.8999999999999995       0.14492753623188406      4.979857661217655E-13    4.99328164841894E-13     0.25                     5.0E10                   2700                     6088.787509293894        3515.3631075292606       2502.294445801098
1.6683                   6.92                     0.1445086705202312       4.983623769435179E-13    4.996045869952405E-13    0.25                     5.0E10                   2700                     6088.787509293894        3515.3631075292606       2502.294445801098
1.6683                   6.9399999999999995       0.1440922190201729       4.987349626164949E-13    4.998780981283935E-13    0.25                     5.0E10                   2700                     6088.787509293894        3515.3631075292606       2502.294445801098
1.6683                   6.96                     0.14367816091954022      4.991035610529588E-13    5.001487229495777E-13    0.25                     5.0E10                   2700                     6088.787509293894        3515.3631075292606       2502.294445801098
1.6683                   6.9799999999999995       0.14326647564469916      4.994682102475926E-13    5.004164863866526E-13    0.25                     5.0E10                   2700                     6088.787509293894        3515.3631075292606       2502.294445801098
1.6683                   7                        0.14285714285714285      4.998289482713499E-13    5.006814135731128E-13    0.25                     5.0E10                   2700                     6088.787509293894        3515.3631075292606       2502.294445801098
1.6683                   7.02                     0.14245014245014245      5.001858132108975E-13    5.009435298074686E-13    0.25                     5.0E10                   2700                     6088.787509293894        3515.3631075292606       2502.294445801098
1.6683                   7.04                     0.14204545454545456      5.005388432020555E-13    5.012028605569741E-13    0.25                     5.0E10                   2700                     6088.787509293894        3515.3631075292606       2502.294445801098
1.6683                   7.06                     0.141643059490085        5.008880763573829E-13    5.014594314134255E-13    0.25                     5.0E10                   2700                     6088.787509293894        3515.3631075292606       2502.294445801098
1.6683                   7.08                     0.14124293785310735      5.012335507914166E-13    5.01713268092646E-13     0.25                     5.0E10                   2700                     6088.787509293894        3515.3631075292606       2502.294445801098
1.6683                   7.1                      0.14084507042253522      5.01575304554139E-13     5.019643963961388E-13    0.25                     5.0E10                   2700                     6088.787509293894        3515.3631075292606       2502.294445801098
1.6683                   7.12                     0.14044943820224717      5.019133756828274E-13    5.022128422246003E-13    0.25                     5.0E10                   2700                     6088.787509293894        3515.3631075292606       2502.294445801098
1.6683                   7.14                     0.1400560224089636       5.022478021085888E-13    5.024586315209306E-13    0.25                     5.0E10                   2700                     6088.787509293894        3515.3631075292606       2502.294445801098
1.6683                   7.16                     0.13966480446927376      5.025786216957874E-13    5.027017902865897E-13    0.25                     5.0E10                   2700                     6088.787509293894        3515.3631075292606       2502.294445801098
1.6683                   7.18                     0.1392757660167131       5.029058722042269E-13    5.029423445500464E-13    0.25                     5.0E10                   2700                     6088.787509293894        3515.3631075292606       2502.294445801098
1.6683                   7.2                      0.1388888888888889       5.032295912820236E-13    5.031803203582712E-13    0.25                     5.0E10                   2700                     6088.787509293894        3515.3631075292606       2502.294445801098
1.6683                   7.22                     0.13850415512465375      5.035498164487635E-13    5.034157437592403E-13    0.25                     5.0E10                   2700                     6088.787509293894        3515.3631075292606       2502.294445801098
1.6683                   7.24                     0.13812154696132597      5.038665850771719E-13    5.036486407864595E-13    0.25                     5.0E10                   2700                     6088.787509293894        3515.3631075292606       2502.294445801098
1.6683                   7.26                     0.13774104683195593      5.041799344072443E-13    5.038790374583952E-13    0.25                     5.0E10                   2700                     6088.787509293894        3515.3631075292606       2502.294445801098
1.6683                   7.279999999999999        0.13736263736263737      5.044899014893414E-13    5.041069597447895E-13    0.25                     5.0E10                   2700                     6088.787509293894        3515.3631075292606       2502.294445801098
1.6683                   7.3                      0.13698630136986303      5.047965232175104E-13    5.04332433575486E-13     0.25                     5.0E10                   2700                     6088.787509293894        3515.3631075292606       2502.294445801098
1.6683                   7.319999999999999        0.1366120218579235       5.050998363057751E-13    5.045554848256205E-13    0.25                     5.0E10                   2700                     6088.787509293894        3515.3631075292606       2502.294445801098
1.6683                   7.34                     0.1362397820163488       5.053998772564742E-13    5.047761392881823E-13    0.25                     5.0E10                   2700                     6088.787509293894        3515.3631075292606       2502.294445801098
1.6683                   7.359999999999999        0.13586956521739132      5.056966823688958E-13    5.049944226830747E-13    0.25                     5.0E10                   2700                     6088.787509293894        3515.3631075292606       2502.294445801098
1.6683                   7.38                     0.13550135501355012      5.059902877494771E-13    5.052103606434647E-13    0.25                     5.0E10                   2700                     6088.787509293894        3515.3631075292606       2502.294445801098
1.6683                   7.3999999999999995       0.13513513513513514      5.062807292690652E-13    5.054239787009804E-13    0.25                     5.0E10                   2700                     6088.787509293894        3515.3631075292606       2502.294445801098
1.6683                   7.42                     0.1347708894878706       5.065680425689893E-13    5.056353022787787E-13    0.25                     5.0E10                   2700                     6088.787509293894        3515.3631075292606       2502.294445801098
1.6683                   7.4399999999999995       0.13440860215053765      5.06852263073239E-13     5.058443566951326E-13    0.25                     5.0E10                   2700                     6088.787509293894        3515.3631075292606       2502.294445801098
1.6683                   7.46                     0.13404825737265413      5.071334259445089E-13    5.060511671352272E-13    0.25                     5.0E10                   2700                     6088.787509293894        3515.3631075292606       2502.294445801098
1.6683                   7.4799999999999995       0.1336898395721925       5.074115661061178E-13    5.062557586583225E-13    0.25                     5.0E10                   2700                     6088.787509293894        3515.3631075292606       2502.294445801098
1.6683                   7.5                      0.13333333333333333      5.07686718229262E-13     5.064581561887157E-13    0.25                     5.0E10                   2700                     6088.787509293894        3515.3631075292606       2502.294445801098
1.6683                   7.52                     0.13297872340425532      5.079589167173139E-13    5.066583845047658E-13    0.25                     5.0E10                   2700                     6088.787509293894        3515.3631075292606       2502.294445801098
1.6683                   7.54                     0.13262599469496023      5.082281957288341E-13    5.068564682431657E-13    0.25                     5.0E10                   2700                     6088.787509293894        3515.3631075292606       2502.294445801098
1.6683                   7.56                     0.13227513227513227      5.084945891258123E-13    5.070524318773102E-13    0.25                     5.0E10                   2700                     6088.787509293894        3515.3631075292606       2502.294445801098
1.6683                   7.58                     0.13192612137203166      5.08758130526082E-13     5.072462997304465E-13    0.25                     5.0E10                   2700                     6088.787509293894        3515.3631075292606       2502.294445801098
1.6683                   7.6                      0.13157894736842105      5.090188532460266E-13    5.074380959508479E-13    0.25                     5.0E10                   2700                     6088.787509293894        3515.3631075292606       2502.294445801098
1.6683                   7.62                     0.13123359580052493      5.092767903369608E-13    5.076278445260386E-13    0.25                     5.0E10                   2700                     6088.787509293894        3515.3631075292606       2502.294445801098
1.6683                   7.64                     0.13089005235602094      5.095319745525517E-13    5.078155692641668E-13    0.25                     5.0E10                   2700                     6088.787509293894        3515.3631075292606       2502.294445801098
1.6683                   7.66                     0.13054830287206268      5.097844383822457E-13    5.080012938019431E-13    0.25                     5.0E10                   2700                     6088.787509293894        3515.3631075292606       2502.294445801098
1.6683                   7.68                     0.13020833333333334      5.100342139979341E-13    5.081850415909372E-13    0.25                     5.0E10                   2700                     6088.787509293894        3515.3631075292606       2502.294445801098
1.6683                   7.7                      0.12987012987012989      5.102813332965184E-13    5.083668358940235E-13    0.25                     5.0E10                   2700                     6088.787509293894        3515.3631075292606       2502.294445801098
1.6683                   7.72                     0.1295336787564767       5.105258278765446E-13    5.085466997950789E-13    0.25                     5.0E10                   2700                     6088.787509293894        3515.3631075292606       2502.294445801098
1.6683                   7.74                     0.12919896640826872      5.107677290433304E-13    5.087246561818625E-13    0.25                     5.0E10                   2700                     6088.787509293894        3515.3631075292606       2502.294445801098
1.6683                   7.76                     0.1288659793814433       5.110070677956649E-13    5.089007277472613E-13    0.25                     5.0E10                   2700                     6088.787509293894        3515.3631075292606       2502.294445801098
1.6683                   7.779999999999999        0.12853470437017997      5.11243874840468E-13     5.090749369911025E-13    0.25                     5.0E10                   2700                     6088.787509293894        3515.3631075292606       2502.294445801098
1.6683                   7.8                      0.12820512820512822      5.114781805866742E-13    5.092473062156232E-13    0.25                     5.0E10                   2700                     6088.787509293894        3515.3631075292606       2502.294445801098
1.6683                   7.819999999999999        0.1278772378516624       5.117100151263038E-13    5.094178575168732E-13    0.25                     5.0E10                   2700                     6088.787509293894        3515.3631075292606       2502.294445801098
1.6683                   7.84                     0.12755102040816327      5.119394082675075E-13    5.095866127961982E-13    0.25                     5.0E10                   2700                     6088.787509293894        3515.3631075292606       2502.294445801098
1.6683                   7.859999999999999        0.1272264631043257       5.12166389501245E-13     5.097535937441076E-13    0.25                     5.0E10                   2700                     6088.787509293894        3515.3631075292606       2502.294445801098
1.6683                   7.88                     0.12690355329949238      5.123909880205701E-13    5.099188218513139E-13    0.25                     5.0E10                   2700                     6088.787509293894        3515.3631075292606       2502.294445801098
1.6683                   7.8999999999999995       0.12658227848101267      5.12613232718325E-13     5.100823184005056E-13    0.25                     5.0E10                   2700                     6088.787509293894        3515.3631075292606       2502.294445801098
1.6683                   7.92                     0.12626262626262624      5.128331521915558E-13    5.102441044717971E-13    0.25                     5.0E10                   2700                     6088.787509293894        3515.3631075292606       2502.294445801098
1.6683                   7.9399999999999995       0.12594458438287154      5.130507747008496E-13    5.104042009214673E-13    0.25                     5.0E10                   2700                     6088.787509293894        3515.3631075292606       2502.294445801098
1.6683                   7.96                     0.12562814070351758      5.132661282397365E-13    5.105626284151851E-13    0.25                     5.0E10                   2700                     6088.787509293894        3515.3631075292606       2502.294445801098
1.6683                   7.9799999999999995       0.12531328320802007      5.1347924048136E-13      5.107194073970675E-13    0.25                     5.0E10                   2700                     6088.787509293894        3515.3631075292606       2502.294445801098
1.6683                   8                        0.125                    5.136901388022316E-13    5.108745581065732E-13    0.25                     5.0E10                   2700                     6088.787509293894        3515.3631075292606       2502.294445801098
1.6683                   8.02                     0.12468827930174564      5.138988502717969E-13    5.110281005684274E-13    0.25                     5.0E10                   2700                     6088.787509293894        3515.3631075292606       2502.294445801098
1.6683                   8.040000000000001        0.1243781094527363       5.141054016601799E-13    5.111800545975058E-13    0.25                     5.0E10                   2700                     6088.787509293894        3515.3631075292606       2502.294445801098
1.6683                   8.06                     0.12406947890818859      5.143098194431595E-13    5.113304398029538E-13    0.25                     5.0E10                   2700                     6088.787509293894        3515.3631075292606       2502.294445801098
1.6683                   8.08                     0.12376237623762378      5.145121297890672E-13    5.114792755750218E-13    0.25                     5.0E10                   2700                     6088.787509293894        3515.3631075292606       2502.294445801098
1.6683                   8.1                      0.1234567901234568       5.147123585749656E-13    5.11626581099137E-13     0.25                     5.0E10                   2700                     6088.787509293894        3515.3631075292606       2502.294445801098
1.6683                   8.12                     0.12315270935960593      5.149105313792476E-13    5.117723753479671E-13    0.25                     5.0E10                   2700                     6088.787509293894        3515.3631075292606       2502.294445801098
1.6683                   8.14                     0.12285012285012284      5.151066734880723E-13    5.119166770859869E-13    0.25                     5.0E10                   2700                     6088.787509293894        3515.3631075292606       2502.294445801098
1.6683                   8.16                     0.12254901960784315      5.153008098926915E-13    5.120595048685473E-13    0.25                     5.0E10                   2700                     6088.787509293894        3515.3631075292606       2502.294445801098
1.6683                   8.18                     0.12224938875305624      5.154929652834057E-13    5.122008770345728E-13    0.25                     5.0E10                   2700                     6088.787509293894        3515.3631075292606       2502.294445801098
1.6683                   8.2                      0.12195121951219513      5.156831640765012E-13    5.123408117269983E-13    0.25                     5.0E10                   2700                     6088.787509293894        3515.3631075292606       2502.294445801098
1.6683                   8.22                     0.121654501216545        5.158714303890298E-13    5.124793268720229E-13    0.25                     5.0E10                   2700                     6088.787509293894        3515.3631075292606       2502.294445801098
1.6683                   8.24                     0.12135922330097086      5.160577880500445E-13    5.1261644019174E-13      0.25                     5.0E10                   2700                     6088.787509293894        3515.3631075292606       2502.294445801098
1.6683                   8.26                     0.12106537530266344      5.162422606010595E-13    5.12752169200473E-13     0.25                     5.0E10                   2700                     6088.787509293894        3515.3631075292606       2502.294445801098
1.6683                   8.28                     0.1207729468599034       5.164248713172994E-13    5.128865312116579E-13    0.25                     5.0E10                   2700                     6088.787509293894        3515.3631075292606       2502.294445801098
1.6683                   8.299999999999999        0.1204819277108434       5.166056431716447E-13    5.130195433315726E-13    0.25                     5.0E10                   2700                     6088.787509293894        3515.3631075292606       2502.294445801098
1.6683                   8.32                     0.12019230769230768      5.167845988775469E-13    5.131512224678317E-13    0.25                     5.0E10                   2700                     6088.787509293894        3515.3631075292606       2502.294445801098
1.6683                   8.34                     0.11990407673860912      5.169617608487509E-13    5.132815853180067E-13    0.25                     5.0E10                   2700                     6088.787509293894        3515.3631075292606       2502.294445801098
1.6683                   8.36                     0.1196172248803828       5.171371512442901E-13    5.134106483876243E-13    0.25                     5.0E10                   2700                     6088.787509293894        3515.3631075292606       2502.294445801098
1.6683                   8.379999999999999        0.11933174224343678      5.173107919390561E-13    5.135384279783975E-13    0.25                     5.0E10                   2700                     6088.787509293894        3515.3631075292606       2502.294445801098
1.6683                   8.4                      0.11904761904761904      5.174827045380639E-13    5.136649401945817E-13    0.25                     5.0E10                   2700                     6088.787509293894        3515.3631075292606       2502.294445801098
1.6683                   8.42                     0.11876484560570072      5.176529103770659E-13    5.137902009412064E-13    0.25                     5.0E10                   2700                     6088.787509293894        3515.3631075292606       2502.294445801098
1.6683                   8.44                     0.11848341232227488      5.178214305398279E-13    5.13914225938731E-13     0.25                     5.0E10                   2700                     6088.787509293894        3515.3631075292606       2502.294445801098
1.6683                   8.459999999999999        0.11820330969267141      5.179882858286824E-13    5.14037030702353E-13     0.25                     5.0E10                   2700                     6088.787509293894        3515.3631075292606       2502.294445801098
1.6683                   8.48                     0.1179245283018868       5.181534967819791E-13    5.141586305538019E-13    0.25                     5.0E10                   2700                     6088.787509293894        3515.3631075292606       2502.294445801098
1.6683                   8.5                      0.11764705882352941      5.183170836934077E-13    5.142790406312458E-13    0.25                     5.0E10                   2700                     6088.787509293894        3515.3631075292606       2502.294445801098
1.6683                   8.52                     0.11737089201877934      5.184790665973822E-13    5.143982758842863E-13    0.25                     5.0E10                   2700                     6088.787509293894        3515.3631075292606       2502.294445801098
1.6683                   8.54                     0.117096018735363        5.186394652669636E-13    5.145163510671874E-13    0.25                     5.0E10                   2700                     6088.787509293894        3515.3631075292606       2502.294445801098
1.6683                   8.56                     0.11682242990654204      5.18798299224456E-13     5.146332807531159E-13    0.25                     5.0E10                   2700                     6088.787509293894        3515.3631075292606       2502.294445801098
1.6683                   8.58                     0.11655011655011656      5.189555877427336E-13    5.147490793279693E-13    0.25                     5.0E10                   2700                     6088.787509293894        3515.3631075292606       2502.294445801098
1.6683                   8.6                      0.11627906976744186      5.191113498487722E-13    5.148637609943008E-13    0.25                     5.0E10                   2700                     6088.787509293894        3515.3631075292606       2502.294445801098
1.6683                   8.62                     0.1160092807424594       5.192656043347636E-13    5.149773397806676E-13    0.25                     5.0E10                   2700                     6088.787509293894        3515.3631075292606       2502.294445801098
1.6683                   8.64                     0.11574074074074073      5.194183697287133E-13    5.150898295207524E-13    0.25                     5.0E10                   2700                     6088.787509293894        3515.3631075292606       2502.294445801098
1.6683                   8.66                     0.11547344110854503      5.195696643374985E-13    5.15201243887217E-13     0.25                     5.0E10                   2700                     6088.787509293894        3515.3631075292606       2502.294445801098
1.6683                   8.68                     0.1152073732718894       5.197195062255175E-13    5.153115963660379E-13    0.25                     5.0E10                   2700                     6088.787509293894        3515.3631075292606       2502.294445801098
1.6683                   8.7                      0.11494252873563218      5.198679132133889E-13    5.154209002646782E-13    0.25                     5.0E10                   2700                     6088.787509293894        3515.3631075292606       2502.294445801098
1.6683                   8.72                     0.1146788990825688       5.200149029049233E-13    5.155291687302534E-13    0.25                     5.0E10                   2700                     6088.787509293894        3515.3631075292606       2502.294445801098
1.6683                   8.74                     0.11441647597254004      5.201604926605454E-13    5.156364147271668E-13    0.25                     5.0E10                   2700                     6088.787509293894        3515.3631075292606       2502.294445801098
1.6683                   8.76                     0.1141552511415525       5.203064272488937E-13    5.157442154745953E-13    0.25                     5.0E10                   2700                     6088.787509293894        3515.3631075292606       2502.294445801098
1.6683                   8.78                     0.11389521640091117      5.204492767235718E-13    5.158494631269145E-13    0.25                     5.0E10                   2700                     6088.787509293894        3515.3631075292606       2502.294445801098
1.6683                   8.8                      0.11363636363636362      5.205907770123971E-13    5.159537262119094E-13    0.25                     5.0E10                   2700                     6088.787509293894        3515.3631075292606       2502.294445801098
1.6683                   8.82                     0.11337868480725624      5.207309445706078E-13    5.160570170183968E-13    0.25                     5.0E10                   2700                     6088.787509293894        3515.3631075292606       2502.294445801098
1.6683                   8.84                     0.11312217194570136      5.208697956641734E-13    5.16159347691727E-13     0.25                     5.0E10                   2700                     6088.787509293894        3515.3631075292606       2502.294445801098
1.6683                   8.86                     0.11286681715575621      5.210073463258222E-13    5.162607302084421E-13    0.25                     5.0E10                   2700                     6088.787509293894        3515.3631075292606       2502.294445801098
1.6683                   8.879999999999999        0.11261261261261263      5.211436123955102E-13    5.163611763901618E-13    0.25                     5.0E10                   2700                     6088.787509293894        3515.3631075292606       2502.294445801098
1.6683                   8.9                      0.11235955056179775      5.212786094725395E-13    5.164606978885615E-13    0.25                     5.0E10                   2700                     6088.787509293894        3515.3631075292606       2502.294445801098
1.6683                   8.92                     0.11210762331838565      5.214123529802721E-13    5.165593062187768E-13    0.25                     5.0E10                   2700                     6088.787509293894        3515.3631075292606       2502.294445801098
1.6683                   8.94                     0.11185682326621925      5.215448581244283E-13    5.166570127312366E-13    0.25                     5.0E10                   2700                     6088.787509293894        3515.3631075292606       2502.294445801098
1.6683                   8.959999999999999        0.11160714285714285      5.216761399106025E-13    5.167538286267515E-13    0.25                     5.0E10                   2700                     6088.787509293894        3515.3631075292606       2502.294445801098
1.6683                   8.98                     0.11135857461024498      5.218062131338531E-13    5.168497649521838E-13    0.25                     5.0E10                   2700                     6088.787509293894        3515.3631075292606       2502.294445801098
1.6683                   9                        0.11111111111111112      5.219350924060593E-13    5.169448326115464E-13    0.25                     5.0E10                   2700                     6088.787509293894        3515.3631075292606       2502.294445801098
1.6683                   9.02                     0.11086474501108647      5.220627921347013E-13    5.170390423589565E-13    0.25                     5.0E10                   2700                     6088.787509293894        3515.3631075292606       2502.294445801098
1.6683                   9.04                     0.11061946902654868      5.221893265410622E-13    5.17132404803934E-13     0.25                     5.0E10                   2700                     6088.787509293894        3515.3631075292606       2502.294445801098
1.6683                   9.06                     0.11037527593818983      5.223147096521538E-13    5.172249304137417E-13    0.25                     5.0E10                   2700                     6088.787509293894        3515.3631075292606       2502.294445801098
1.6683                   9.08                     0.11013215859030838      5.224389552989176E-13    5.173166295092022E-13    0.25                     5.0E10                   2700                     6088.787509293894        3515.3631075292606       2502.294445801098
1.6683                   9.1                      0.1098901098901099       5.225620771409043E-13    5.174075122766728E-13    0.25                     5.0E10                   2700                     6088.787509293894        3515.3631075292606       2502.294445801098
1.6683                   9.12                     0.10964912280701757      5.226840886488101E-13    5.174975887653172E-13    0.25                     5.0E10                   2700                     6088.787509293894        3515.3631075292606       2502.294445801098
1.6683                   9.14                     0.10940919037199125      5.228050031065307E-13    5.175868688826119E-13    0.25                     5.0E10                   2700                     6088.787509293894        3515.3631075292606       2502.294445801098
1.6683                   9.16                     0.10917030567685589      5.229248336276455E-13    5.176753624041461E-13    0.25                     5.0E10                   2700                     6088.787509293894        3515.3631075292606       2502.294445801098
1.6683                   9.18                     0.10893246187363835      5.230435931395747E-13    5.177630789695148E-13    0.25                     5.0E10                   2700                     6088.787509293894        3515.3631075292606       2502.294445801098
1.6683                   9.2                      0.10869565217391305      5.231612944036635E-13    5.178500280908832E-13    0.25                     5.0E10                   2700                     6088.787509293894        3515.3631075292606       2502.294445801098
1.6683                   9.22                     0.10845986984815618      5.232779500155542E-13    5.179362191547016E-13    0.25                     5.0E10                   2700                     6088.787509293894        3515.3631075292606       2502.294445801098
1.6683                   9.24                     0.10822510822510822      5.233935723733058E-13    5.18021661400962E-13     0.25                     5.0E10                   2700                     6088.787509293894        3515.3631075292606       2502.294445801098
1.6683                   9.26                     0.1079913606911447       5.2350817373875E-13      5.181063639648347E-13    0.25                     5.0E10                   2700                     6088.787509293894        3515.3631075292606       2502.294445801098
1.6683                   9.28                     0.10775862068965518      5.236217661887114E-13    5.181903358426129E-13    0.25                     5.0E10                   2700                     6088.787509293894        3515.3631075292606       2502.294445801098
1.6683                   9.3                      0.10752688172043011      5.237343616489203E-13    5.182735859139117E-13    0.25                     5.0E10                   2700                     6088.787509293894        3515.3631075292606       2502.294445801098
1.6683                   9.32                     0.1072961373390558       5.238459718808123E-13    5.183561229400145E-13    0.25                     5.0E10                   2700                     6088.787509293894        3515.3631075292606       2502.294445801098
1.6683                   9.34                     0.10706638115631692      5.239566084678957E-13    5.184379555424776E-13    0.25                     5.0E10                   2700                     6088.787509293894        3515.3631075292606       2502.294445801098
1.6683                   9.36                     0.10683760683760683      5.240662828682426E-13    5.185190922487715E-13    0.25                     5.0E10                   2700                     6088.787509293894        3515.3631075292606       2502.294445801098
1.6683                   9.379999999999999        0.10660980810234544      5.241750063614868E-13    5.185995414564299E-13    0.25                     5.0E10                   2700                     6088.787509293894        3515.3631075292606       2502.294445801098
1.6683                   9.4                      0.10638297872340426      5.242827900830321E-13    5.186793114476311E-13    0.25                     5.0E10                   2700                     6088.787509293894        3515.3631075292606       2502.294445801098
1.6683                   9.42                     0.10615711252653928      5.243896450263567E-13    5.187584103957018E-13    0.25                     5.0E10                   2700                     6088.787509293894        3515.3631075292606       2502.294445801098
1.6683                   9.44                     0.1059322033898305       5.244955820202239E-13    5.188368463610964E-13    0.25                     5.0E10                   2700                     6088.787509293894        3515.3631075292606       2502.294445801098
1.6683                   9.459999999999999        0.10570824524312897      5.246006117494696E-13    5.189146272826066E-13    0.25                     5.0E10                   2700                     6088.787509293894        3515.3631075292606       2502.294445801098
1.6683                   9.48                     0.10548523206751054      5.247047447531264E-13    5.189917609989058E-13    0.25                     5.0E10                   2700                     6088.787509293894        3515.3631075292606       2502.294445801098
1.6683                   9.5                      0.10526315789473685      5.248079914468461E-13    5.19068255245111E-13     0.25                     5.0E10                   2700                     6088.787509293894        3515.3631075292606       2502.294445801098
1.6683                   9.52                     0.10504201680672269      5.249103620823248E-13    5.191441176409504E-13    0.25                     5.0E10                   2700                     6088.787509293894        3515.3631075292606       2502.294445801098
1.6683                   9.54                     0.10482180293501049      5.250118667758823E-13    5.192193557000225E-13    0.25                     5.0E10                   2700                     6088.787509293894        3515.3631075292606       2502.294445801098
1.6683                   9.56                     0.10460251046025104      5.251125155164043E-13    5.192939768405896E-13    0.25                     5.0E10                   2700                     6088.787509293894        3515.3631075292606       2502.294445801098
1.6683                   9.58                     0.10438413361169102      5.252123181530016E-13    5.193679883730004E-13    0.25                     5.0E10                   2700                     6088.787509293894        3515.3631075292606       2502.294445801098
1.6683                   9.6                      0.10416666666666667      5.253112843989501E-13    5.194413975084883E-13    0.25                     5.0E10                   2700                     6088.787509293894        3515.3631075292606       2502.294445801098
1.6683                   9.62                     0.10395010395010396      5.254094238359819E-13    5.195142113555463E-13    0.25                     5.0E10                   2700                     6088.787509293894        3515.3631075292606       2502.294445801098
1.6683                   9.64                     0.10373443983402489      5.255067459205128E-13    5.195864369282025E-13    0.25                     5.0E10                   2700                     6088.787509293894        3515.3631075292606       2502.294445801098
1.6683                   9.66                     0.10351966873706003      5.256032599791246E-13    5.196580811463608E-13    0.25                     5.0E10                   2700                     6088.787509293894        3515.3631075292606       2502.294445801098
1.6683                   9.68                     0.10330578512396693      5.256989751998059E-13    5.197291508195026E-13    0.25                     5.0E10                   2700                     6088.787509293894        3515.3631075292606       2502.294445801098
1.6683                   9.7                      0.10309278350515465      5.25793900675376E-13     5.197996526866291E-13    0.25                     5.0E10                   2700                     6088.787509293894        3515.3631075292606       2502.294445801098
1.6683                   9.72                     0.102880658436214        5.258880453498739E-13    5.198695933755273E-13    0.25                     5.0E10                   2700                     6088.787509293894        3515.3631075292606       2502.294445801098
1.6683                   9.74                     0.1026694045174538       5.259814180491882E-13    5.19938979424652E-13     0.25                     5.0E10                   2700                     6088.787509293894        3515.3631075292606       2502.294445801098
1.6683                   9.76                     0.10245901639344263      5.260740275044876E-13    5.200078172986237E-13    0.25                     5.0E10                   2700                     6088.787509293894        3515.3631075292606       2502.294445801098
1.6683                   9.78                     0.10224948875255623      5.261658822821178E-13    5.200761133414494E-13    0.25                     5.0E10                   2700                     6088.787509293894        3515.3631075292606       2502.294445801098
1.6683                   9.8                      0.10204081632653059      5.262569908792263E-13    5.201438738404549E-13    0.25                     5.0E10                   2700                     6088.787509293894        3515.3631075292606       2502.294445801098
1.6683                   9.82                     0.10183299389002037      5.263473616541971E-13    5.20211104980689E-13     0.25                     5.0E10                   2700                     6088.787509293894        3515.3631075292606       2502.294445801098
1.6683                   9.84                     0.1016260162601626       5.264370028513831E-13    5.202778128589037E-13    0.25                     5.0E10                   2700                     6088.787509293894        3515.3631075292606       2502.294445801098
1.6683                   9.86                     0.10141987829614604      5.2652592263172E-13      5.203440035090449E-13    0.25                     5.0E10                   2700                     6088.787509293894        3515.3631075292606       2502.294445801098
1.6683                   9.879999999999999        0.10121457489878542      5.266141290044463E-13    5.204096828519245E-13    0.25                     5.0E10                   2700                     6088.787509293894        3515.3631075292606       2502.294445801098
1.6683                   9.9                      0.101010101010101        5.267016298993183E-13    5.20474856748937E-13     0.25                     5.0E10                   2700                     6088.787509293894        3515.3631075292606       2502.294445801098
1.6683                   9.92                     0.10080645161290322      5.267884331289814E-13    5.205395309691408E-13    0.25                     5.0E10                   2700                     6088.787509293894        3515.3631075292606       2502.294445801098
1.6683                   9.94                     0.1006036217303823       5.268745464097401E-13    5.206037112126471E-13    0.25                     5.0E10                   2700                     6088.787509293894        3515.3631075292606       2502.294445801098
1.6683                   9.959999999999999        0.10040160642570282      5.269599773460835E-13    5.20667403091964E-13     0.25                     5.0E10                   2700                     6088.787509293894        3515.3631075292606       2502.294445801098
1.6683                   9.98                     0.1002004008016032       5.270447334426965E-13    5.207306121432331E-13    0.25                     5.0E10                   2700                     6088.787509293894        3515.3631075292606       2502.294445801098
1.6683                   10                       0.1                      5.270940188768166E-13    5.207323705102331E-13    0.25                     5.0E10                   2700                     6088.787509293894        3515.3631075292606       2502.294445801098
