1.25226                  0.1                      10                       5.331205221247742E-13    5.331225864047209E-13    0.25                     5.0E10                   2700                     5275.225113679984        3045.6526394190128       2502.294445801098
1.25226                  0.12000000000000001      8.333333333333332        5.362898956321024E-13    5.363408688533567E-13    0.25                     5.0E10                   2700                     5275.225113679984        3045.6526394190128       2502.294445801098
1.25226                  0.14                     7.1428571428571415       5.341341902715577E-13    5.339595550400036E-13    0.25                     5.0E10                   2700                     5275.225113679984        3045.6526394190128       2502.294445801098
1.25226                  0.16                     6.249999999999999        5.330636565765439E-13    5.331695676296302E-13    0.25                     5.0E10                   2700                     5275.225113679984        3045.6526394190128       2502.294445801098
1.25226                  0.18                     5.555555555555555        5.372011195032163E-13    5.37294745125883E-13     0.25                     5.0E10                   2700                     5275.225113679984        3045.6526394190128       2502.294445801098
1.25226                  0.2                      5                        5.332445758341008E-13    5.331252539570403E-13    0.25                     5.0E10                   2700                     5275.225113679984        3045.6526394190128       2502.294445801098
1.25226                  0.22                     4.545454545454546        5.363569858391493E-13    5.366747038469255E-13    0.25                     5.0E10                   2700                     5275.225113679984        3045.6526394190128       2502.294445801098
1.25226                  0.24000000000000002      4.166666666666666        5.357317906553199E-13    5.363004222321496E-13    0.25                     5.0E10                   2700                     5275.225113679984        3045.6526394190128       2502.294445801098
1.25226                  0.26                     3.846153846153846        5.343557822451499E-13    5.349297044780178E-13    0.25                     5.0E10                   2700                     5275.225113679984        3045.6526394190128       2502.294445801098
1.25226                  0.28                     3.5714285714285707       5.366912158615343E-13    5.372341461682171E-13    0.25                     5.0E10                   2700                     5275.225113679984        3045.6526394190128       2502.294445801098
1.25226                  0.30000000000000004      3.3333333333333326       5.364830133516097E-13    5.365744059076365E-13    0.25                     5.0E10                   2700                     5275.225113679984        3045.6526394190128       2502.294445801098
1.25226                  0.32                     3.1249999999999996       5.343194505564134E-13    5.33497836973502E-13     0.25                     5.0E10                   2700                     5275.225113679984        3045.6526394190128       2502.294445801098
1.25226                  0.33999999999999997      2.9411764705882355       5.39358722265743E-13     5.384817304487896E-13    0.25                     5.0E10                   2700                     5275.225113679984        3045.6526394190128       2502.294445801098
1.25226                  0.36                     2.7777777777777777       5.383267030662314E-13    5.361239008428597E-13    0.25                     5.0E10                   2700                     5275.225113679984        3045.6526394190128       2502.294445801098
1.25226                  0.38                     2.6315789473684212       5.404830413087984E-13    5.35794819949768E-13     0.25                     5.0E10                   2700                     5275.225113679984        3045.6526394190128       2502.294445801098
1.25226                  0.4                      2.5                      5.417345342980916E-13    5.357062615746212E-13    0.25                     5.0E10                   2700                     5275.225113679984        3045.6526394190128       2502.294445801098
1.25226                  0.42000000000000004      2.3809523809523805       5.461652175137744E-13    5.368982350454477E-13    0.25                     5.0E10                   2700                     5275.225113679984        3045.6526394190128       2502.294445801098
1.25226                  0.44000000000000006      2.272727272727273        5.500798289543395E-13    5.396034116186794E-13    0.25                     5.0E10                   2700                     5275.225113679984        3045.6526394190128       2502.294445801098
1.25226                  0.45999999999999996      2.173913043478261        5.558359449779196E-13    5.429618897571418E-13    0.25                     5.0E10                   2700                     5275.225113679984        3045.6526394190128       2502.294445801098
1.25226                  0.48                     2.0833333333333335       5.581264097927959E-13    5.427900116689281E-13    0.25                     5.0E10                   2700                     5275.225113679984        3045.6526394190128       2502.294445801098
1.25226                  0.5                      2                        5.58867773446302E-13     5.420806339390869E-13    0.25                     5.0E10                   2700                     5275.225113679984        3045.6526394190128       2502.294445801098
1.25226                  0.52                     1.923076923076923        5.652796871984878E-13    5.47216367485898E-13     0.25                     5.0E10                   2700                     5275.225113679984        3045.6526394190128       2502.294445801098
1.25226                  0.54                     1.8518518518518516       5.63839182588478E-13     5.439944510887499E-13    0.25                     5.0E10                   2700                     5275.225113679984        3045.6526394190128       2502.294445801098
1.25226                  0.56                     1.7857142857142854       5.706409950955422E-13    5.477137062021655E-13    0.25                     5.0E10                   2700                     5275.225113679984        3045.6526394190128       2502.294445801098
1.25226                  0.58                     1.7241379310344829       5.752432804159447E-13    5.501160842523899E-13    0.25                     5.0E10                   2700                     5275.225113679984        3045.6526394190128       2502.294445801098
1.25226                  0.6                      1.6666666666666667       5.781678107411013E-13    5.516945737757824E-13    0.25                     5.0E10                   2700                     5275.225113679984        3045.6526394190128       2502.294445801098
1.25226                  0.62                     1.6129032258064515       5.782640476037493E-13    5.499179393746044E-13    0.25                     5.0E10                   2700                     5275.225113679984        3045.6526394190128       2502.294445801098
1.25226                  0.64                     1.5624999999999998       5.871635796198757E-13    5.555624446582445E-13    0.25                     5.0E10                   2700                     5275.225113679984        3045.6526394190128       2502.294445801098
1.25226                  0.66                     1.515151515151515        5.86657390442121E-13     5.519187009471042E-13    0.25                     5.0E10                   2700                     5275.225113679984        3045.6526394190128       2502.294445801098
1.25226                  0.6799999999999999       1.4705882352941178       5.899640778467299E-13    5.524756587585527E-13    0.25                     5.0E10                   2700                     5275.225113679984        3045.6526394190128       2502.294445801098
1.25226                  0.7                      1.4285714285714286       5.948800996826839E-13    5.55087352598493E-13     0.25                     5.0E10                   2700                     5275.225113679984        3045.6526394190128       2502.294445801098
1.25226                  0.72                     1.3888888888888888       5.982859760527818E-13    5.558555615829079E-13    0.25                     5.0E10                   2700                     5275.225113679984        3045.6526394190128       2502.294445801098
1.25226                  0.74                     1.3513513513513513       6.085822823694963E-13    5.625951340950813E-13    0.25                     5.0E10                   2700                     5275.225113679984        3045.6526394190128       2502.294445801098
1.25226                  0.76                     1.3157894736842106       6.172198913828125E-13    5.674882589534964E-13    0.25                     5.0E10                   2700                     5275.225113679984        3045.6526394190128       2502.294445801098
1.25226                  0.78                     1.2820512820512822       6.157192692255162E-13    5.629807025141551E-13    0.25                     5.0E10                   2700                     5275.225113679984        3045.6526394190128       2502.294445801098
1.25226                  0.8                      1.25                     6.124970293690219E-13    5.573594450482601E-13    0.25                     5.0E10                   2700                     5275.225113679984        3045.6526394190128       2502.294445801098
1.25226                  0.82                     1.2195121951219514       6.142156899198013E-13    5.570306910037946E-13    0.25                     5.0E10                   2700                     5275.225113679984        3045.6526394190128       2502.294445801098
1.25226                  0.84                     1.1904761904761905       6.166773294371973E-13    5.582289860167985E-13    0.25                     5.0E10                   2700                     5275.225113679984        3045.6526394190128       2502.294445801098
1.25226                  0.86                     1.1627906976744187       6.17547446032516E-13     5.581042710506755E-13    0.25                     5.0E10                   2700                     5275.225113679984        3045.6526394190128       2502.294445801098
1.25226                  0.88                     1.1363636363636365       6.190501023866216E-13    5.583799237325585E-13    0.25                     5.0E10                   2700                     5275.225113679984        3045.6526394190128       2502.294445801098
1.25226                  0.9                      1.1111111111111112       6.233419266765196E-13    5.608798459096063E-13    0.25                     5.0E10                   2700                     5275.225113679984        3045.6526394190128       2502.294445801098
1.25226                  0.92                     1.0869565217391304       6.280871406004392E-13    5.635549325468711E-13    0.25                     5.0E10                   2700                     5275.225113679984        3045.6526394190128       2502.294445801098
1.25226                  0.94                     1.0638297872340425       6.299021805947055E-13    5.635775544354733E-13    0.25                     5.0E10                   2700                     5275.225113679984        3045.6526394190128       2502.294445801098
1.25226                  0.96                     1.0416666666666667       6.288678442845243E-13    5.612341597934946E-13    0.25                     5.0E10                   2700                     5275.225113679984        3045.6526394190128       2502.294445801098
1.25226                  0.98                     1.0204081632653061       6.28071009956248E-13     5.594557793635378E-13    0.25                     5.0E10                   2700                     5275.225113679984        3045.6526394190128       2502.294445801098
1.25226                  1                        1                        6.29909346379459E-13     5.604453167918103E-13    0.25                     5.0E10                   2700                     5275.225113679984        3045.6526394190128       2502.294445801098
1.25226                  1.02                     0.9803921568627452       6.342341758720241E-13    5.644839166292363E-13    0.25                     5.0E10                   2700                     5275.225113679984        3045.6526394190128       2502.294445801098
1.25226                  1.04                     0.9615384615384615       6.381124937726582E-13    5.688101085514939E-13    0.25                     5.0E10                   2700                     5275.225113679984        3045.6526394190128       2502.294445801098
1.25226                  1.06                     0.9433962264150944       6.386103658919651E-13    5.706389416156461E-13    0.25                     5.0E10                   2700                     5275.225113679984        3045.6526394190128       2502.294445801098
1.25226                  1.08                     0.9259259259259258       6.34605082037391E-13     5.6867658858922E-13      0.25                     5.0E10                   2700                     5275.225113679984        3045.6526394190128       2502.294445801098
1.25226                  1.1                      0.909090909090909        6.271391550963203E-13    5.635530560130204E-13    0.25                     5.0E10                   2700                     5275.225113679984        3045.6526394190128       2502.294445801098
1.25226                  1.12                     0.8928571428571427       6.182479685138325E-13    5.569252643672952E-13    0.25                     5.0E10                   2700                     5275.225113679984        3045.6526394190128       2502.294445801098
1.25226                  1.1400000000000001       0.8771929824561403       6.099623057265037E-13    5.504045650177942E-13    0.25                     5.0E10                   2700                     5275.225113679984        3045.6526394190128       2502.294445801098
1.25226                  1.1600000000000001       0.8620689655172412       6.031311592632395E-13    5.448522911329479E-13    0.25                     5.0E10                   2700                     5275.225113679984        3045.6526394190128       2502.294445801098
1.25226                  1.1800000000000002       0.8474576271186439       5.979253868397598E-13    5.405044182065533E-13    0.25                     5.0E10                   2700                     5275.225113679984        3045.6526394190128       2502.294445801098
1.25226                  1.2000000000000002       0.8333333333333331       5.941415477013433E-13    5.372861826357344E-13    0.25                     5.0E10                   2700                     5275.225113679984        3045.6526394190128       2502.294445801098
1.25226                  1.2200000000000002       0.8196721311475409       5.915652135812102E-13    5.351177806636888E-13    0.25                     5.0E10                   2700                     5275.225113679984        3045.6526394190128       2502.294445801098
1.25226                  1.2400000000000002       0.8064516129032256       5.901362186827538E-13    5.340511574989412E-13    0.25                     5.0E10                   2700                     5275.225113679984        3045.6526394190128       2502.294445801098
1.25226                  1.26                     0.7936507936507936       5.899304965784705E-13    5.34263869286895E-13     0.25                     5.0E10                   2700                     5275.225113679984        3045.6526394190128       2502.294445801098
1.25226                  1.28                     0.7812499999999999       5.910006979915884E-13    5.358621384284183E-13    0.25                     5.0E10                   2700                     5275.225113679984        3045.6526394190128       2502.294445801098
1.25226                  1.3                      0.7692307692307692       5.932288205916268E-13    5.388029276815591E-13    0.25                     5.0E10                   2700                     5275.225113679984        3045.6526394190128       2502.294445801098
1.25226                  1.32                     0.7575757575757575       5.962546299763227E-13    5.428053171710267E-13    0.25                     5.0E10                   2700                     5275.225113679984        3045.6526394190128       2502.294445801098
1.25226                  1.34                     0.7462686567164178       5.994932632849439E-13    5.473621705567242E-13    0.25                     5.0E10                   2700                     5275.225113679984        3045.6526394190128       2502.294445801098
1.25226                  1.36                     0.7352941176470588       6.022198630236595E-13    5.518114022759446E-13    0.25                     5.0E10                   2700                     5275.225113679984        3045.6526394190128       2502.294445801098
1.25226                  1.3800000000000001       0.7246376811594203       6.037067948712556E-13    5.554571734728391E-13    0.25                     5.0E10                   2700                     5275.225113679984        3045.6526394190128       2502.294445801098
1.25226                  1.4000000000000001       0.7142857142857142       6.033737050255994E-13    5.577078736321252E-13    0.25                     5.0E10                   2700                     5275.225113679984        3045.6526394190128       2502.294445801098
1.25226                  1.4200000000000002       0.704225352112676        6.009083070464843E-13    5.581938687423419E-13    0.25                     5.0E10                   2700                     5275.225113679984        3045.6526394190128       2502.294445801098
1.25226                  1.4400000000000002       0.6944444444444444       5.96377449136682E-13     5.568392238308586E-13    0.25                     5.0E10                   2700                     5275.225113679984        3045.6526394190128       2502.294445801098
1.25226                  1.4600000000000002       0.6849315068493149       5.899823317777568E-13    5.538189919176749E-13    0.25                     5.0E10                   2700                     5275.225113679984        3045.6526394190128       2502.294445801098
1.25226                  1.4800000000000002       0.6756756756756755       5.822689146453799E-13    5.495220579082842E-13    0.25                     5.0E10                   2700                     5275.225113679984        3045.6526394190128       2502.294445801098
1.25226                  1.5000000000000002       0.6666666666666665       5.738341020278919E-13    5.444428456377284E-13    0.25                     5.0E10                   2700                     5275.225113679984        3045.6526394190128       2502.294445801098
1.25226                  1.52                     0.6578947368421053       5.652585081817566E-13    5.390847982820511E-13    0.25                     5.0E10                   2700                     5275.225113679984        3045.6526394190128       2502.294445801098
1.25226                  1.54                     0.6493506493506493       5.570303151372781E-13    5.338873774616347E-13    0.25                     5.0E10                   2700                     5275.225113679984        3045.6526394190128       2502.294445801098
1.25226                  1.56                     0.6410256410256411       5.495061435040032E-13    5.291846564585512E-13    0.25                     5.0E10                   2700                     5275.225113679984        3045.6526394190128       2502.294445801098
1.25226                  1.58                     0.6329113924050632       5.42903037595827E-13     5.251919985551068E-13    0.25                     5.0E10                   2700                     5275.225113679984        3045.6526394190128       2502.294445801098
1.25226                  1.6                      0.625                    5.37311001288969E-13     5.22012342416812E-13     0.25                     5.0E10                   2700                     5275.225113679984        3045.6526394190128       2502.294445801098
1.25226                  1.62                     0.6172839506172839       5.327167726252249E-13    5.196542295604547E-13    0.25                     5.0E10                   2700                     5275.225113679984        3045.6526394190128       2502.294445801098
1.25226                  1.6400000000000001       0.6097560975609756       5.290301486032502E-13    5.180533052161819E-13    0.25                     5.0E10                   2700                     5275.225113679984        3045.6526394190128       2502.294445801098
1.25226                  1.6600000000000001       0.6024096385542168       5.261106004789589E-13    5.170954942864799E-13    0.25                     5.0E10                   2700                     5275.225113679984        3045.6526394190128       2502.294445801098
1.25226                  1.6800000000000002       0.5952380952380951       5.238816509688009E-13    5.167476502528009E-13    0.25                     5.0E10                   2700                     5275.225113679984        3045.6526394190128       2502.294445801098
1.25226                  1.7000000000000002       0.588235294117647        5.219963130601944E-13    5.166469278056658E-13    0.25                     5.0E10                   2700                     5275.225113679984        3045.6526394190128       2502.294445801098
1.25226                  1.7200000000000002       0.5813953488372092       5.203648895646292E-13    5.167400491566615E-13    0.25                     5.0E10                   2700                     5275.225113679984        3045.6526394190128       2502.294445801098
1.25226                  1.7400000000000002       0.5747126436781609       5.188392246420918E-13    5.168924516122522E-13    0.25                     5.0E10                   2700                     5275.225113679984        3045.6526394190128       2502.294445801098
1.25226                  1.7600000000000002       0.5681818181818182       5.172982958047256E-13    5.169929593303748E-13    0.25                     5.0E10                   2700                     5275.225113679984        3045.6526394190128       2502.294445801098
1.25226                  1.78                     0.5617977528089887       5.156521468548088E-13    5.169578592761075E-13    0.25                     5.0E10                   2700                     5275.225113679984        3045.6526394190128       2502.294445801098
1.25226                  1.8                      0.5555555555555556       5.138414712435555E-13    5.167316063192184E-13    0.25                     5.0E10                   2700                     5275.225113679984        3045.6526394190128       2502.294445801098
1.25226                  1.82                     0.5494505494505494       5.11835610491773E-13     5.162851287849288E-13    0.25                     5.0E10                   2700                     5275.225113679984        3045.6526394190128       2502.294445801098
1.25226                  1.84                     0.5434782608695652       5.096282037755652E-13    5.156121621180723E-13    0.25                     5.0E10                   2700                     5275.225113679984        3045.6526394190128       2502.294445801098
1.25226                  1.86                     0.5376344086021505       5.072319295803399E-13    5.147245050184703E-13    0.25                     5.0E10                   2700                     5275.225113679984        3045.6526394190128       2502.294445801098
1.25226                  1.8800000000000001       0.5319148936170213       5.046729828431637E-13    5.136469011901697E-13    0.25                     5.0E10                   2700                     5275.225113679984        3045.6526394190128       2502.294445801098
1.25226                  1.9000000000000001       0.5263157894736842       5.019858819267638E-13    5.124121380533129E-13    0.25                     5.0E10                   2700                     5275.225113679984        3045.6526394190128       2502.294445801098
1.25226                  1.9200000000000002       0.5208333333333333       4.992090089742013E-13    5.110567774669747E-13    0.25                     5.0E10                   2700                     5275.225113679984        3045.6526394190128       2502.294445801098
1.25226                  1.9400000000000002       0.5154639175257731       4.96381095935038E-13     5.096177507676907E-13    0.25                     5.0E10                   2700                     5275.225113679984        3045.6526394190128       2502.294445801098
1.25226                  1.9600000000000002       0.5102040816326531       4.935385561079567E-13    5.081298457631932E-13    0.25                     5.0E10                   2700                     5275.225113679984        3045.6526394190128       2502.294445801098
1.25226                  1.9800000000000002       0.505050505050505        4.907144893731336E-13    5.066243079823768E-13    0.25                     5.0E10                   2700                     5275.225113679984        3045.6526394190128       2502.294445801098
1.25226                  2                        0.5                      4.87958921969158E-13     5.051359696095185E-13    0.25                     5.0E10                   2700                     5275.225113679984        3045.6526394190128       2502.294445801098
1.25226                  2.02                     0.4950495049504951       4.852507898018987E-13    5.036699684555925E-13    0.25                     5.0E10                   2700                     5275.225113679984        3045.6526394190128       2502.294445801098
1.25226                  2.04                     0.4901960784313726       4.8263157498263E-13      5.022524409190292E-13    0.25                     5.0E10                   2700                     5275.225113679984        3045.6526394190128       2502.294445801098
1.25226                  2.06                     0.48543689320388345      4.801161341605865E-13    5.008969000792783E-13    0.25                     5.0E10                   2700                     5275.225113679984        3045.6526394190128       2502.294445801098
1.25226                  2.08                     0.4807692307692307       4.777159092035688E-13    4.996135350884384E-13    0.25                     5.0E10                   2700                     5275.225113679984        3045.6526394190128       2502.294445801098
1.25226                  2.1                      0.47619047619047616      4.754396015108623E-13    4.984099080815949E-13    0.25                     5.0E10                   2700                     5275.225113679984        3045.6526394190128       2502.294445801098
1.25226                  2.12                     0.4716981132075472       4.732938118451153E-13    4.972916216786016E-13    0.25                     5.0E10                   2700                     5275.225113679984        3045.6526394190128       2502.294445801098
1.25226                  2.14                     0.46728971962616817      4.712836004552359E-13    4.962629084593301E-13    0.25                     5.0E10                   2700                     5275.225113679984        3045.6526394190128       2502.294445801098
1.25226                  2.16                     0.4629629629629629       4.694129435982045E-13    4.953271152124223E-13    0.25                     5.0E10                   2700                     5275.225113679984        3045.6526394190128       2502.294445801098
1.25226                  2.18                     0.4587155963302752       4.676850788482608E-13    4.944870715167749E-13    0.25                     5.0E10                   2700                     5275.225113679984        3045.6526394190128       2502.294445801098
1.25226                  2.2                      0.4545454545454545       4.661027147299344E-13    4.937453500503133E-13    0.25                     5.0E10                   2700                     5275.225113679984        3045.6526394190128       2502.294445801098
1.25226                  2.22                     0.45045045045045035      4.646682846374593E-13    4.93104396310369E-13     0.25                     5.0E10                   2700                     5275.225113679984        3045.6526394190128       2502.294445801098
1.25226                  2.24                     0.44642857142857134      4.633838451756589E-13    4.925666232266127E-13    0.25                     5.0E10                   2700                     5275.225113679984        3045.6526394190128       2502.294445801098
1.25226                  2.2600000000000002       0.44247787610619466      4.622511839710621E-13    4.92134383855955E-13     0.25                     5.0E10                   2700                     5275.225113679984        3045.6526394190128       2502.294445801098
1.25226                  2.2800000000000002       0.43859649122807015      4.612717483773261E-13    4.918099167156183E-13    0.25                     5.0E10                   2700                     5275.225113679984        3045.6526394190128       2502.294445801098
1.25226                  2.3000000000000003       0.43478260869565216      4.604465717007803E-13    4.915952513085851E-13    0.25                     5.0E10                   2700                     5275.225113679984        3045.6526394190128       2502.294445801098
1.25226                  2.3200000000000003       0.4310344827586206       4.597761843469912E-13    4.914920938972275E-13    0.25                     5.0E10                   2700                     5275.225113679984        3045.6526394190128       2502.294445801098
1.25226                  2.3400000000000003       0.4273504273504273       4.592605211902903E-13    4.915017063577099E-13    0.25                     5.0E10                   2700                     5275.225113679984        3045.6526394190128       2502.294445801098
1.25226                  2.3600000000000003       0.42372881355932196      4.588988340532402E-13    4.91624788410588E-13     0.25                     5.0E10                   2700                     5275.225113679984        3045.6526394190128       2502.294445801098
1.25226                  2.3800000000000003       0.4201680672268907       4.586896156326921E-13    4.918613709355627E-13    0.25                     5.0E10                   2700                     5275.225113679984        3045.6526394190128       2502.294445801098
1.25226                  2.4000000000000004       0.4166666666666666       4.586305392117448E-13    4.922107258234356E-13    0.25                     5.0E10                   2700                     5275.225113679984        3045.6526394190128       2502.294445801098
1.25226                  2.42                     0.4132231404958677       4.587184165852811E-13    4.926712957581564E-13    0.25                     5.0E10                   2700                     5275.225113679984        3045.6526394190128       2502.294445801098
1.25226                  2.44                     0.4098360655737705       4.589491752941885E-13    4.932406457097233E-13    0.25                     5.0E10                   2700                     5275.225113679984        3045.6526394190128       2502.294445801098
1.25226                  2.46                     0.4065040650406504       4.593178551159615E-13    4.939154365899408E-13    0.25                     5.0E10                   2700                     5275.225113679984        3045.6526394190128       2502.294445801098
1.25226                  2.48                     0.4032258064516129       4.598186229869129E-13    4.946914205477883E-13    0.25                     5.0E10                   2700                     5275.225113679984        3045.6526394190128       2502.294445801098
1.25226                  2.5                      0.4                      4.606439115161786E-13    4.95690719510876E-13     0.25                     5.0E10                   2700                     5275.225113679984        3045.6526394190128       2502.294445801098
1.25226                  2.52                     0.3968253968253968       4.613877830599053E-13    4.966529655345597E-13    0.25                     5.0E10                   2700                     5275.225113679984        3045.6526394190128       2502.294445801098
1.25226                  2.54                     0.39370078740157477      4.622406551895634E-13    4.976978263753706E-13    0.25                     5.0E10                   2700                     5275.225113679984        3045.6526394190128       2502.294445801098
1.25226                  2.56                     0.39062499999999994      4.631935373751848E-13    4.988176189171752E-13    0.25                     5.0E10                   2700                     5275.225113679984        3045.6526394190128       2502.294445801098
1.25226                  2.58                     0.38759689922480617      4.642370088693468E-13    5.000041348458558E-13    0.25                     5.0E10                   2700                     5275.225113679984        3045.6526394190128       2502.294445801098
1.25226                  2.6                      0.3846153846153846       4.653611765307704E-13    5.012486071447793E-13    0.25                     5.0E10                   2700                     5275.225113679984        3045.6526394190128       2502.294445801098
1.25226                  2.62                     0.3816793893129771       4.66555768915349E-13     5.025418048357268E-13    0.25                     5.0E10                   2700                     5275.225113679984        3045.6526394190128       2502.294445801098
1.25226                  2.64                     0.37878787878787873      4.678102346141927E-13    5.038741337324729E-13    0.25                     5.0E10                   2700                     5275.225113679984        3045.6526394190128       2502.294445801098
1.25226                  2.66                     0.37593984962406013      4.691138432405033E-13    5.052357412928824E-13    0.25                     5.0E10                   2700                     5275.225113679984        3045.6526394190128       2502.294445801098
1.25226                  2.68                     0.3731343283582089       4.704557874737593E-13    5.066166236971672E-13    0.25                     5.0E10                   2700                     5275.225113679984        3045.6526394190128       2502.294445801098
1.25226                  2.7                      0.37037037037037035      4.718252846540253E-13    5.080067333609287E-13    0.25                     5.0E10                   2700                     5275.225113679984        3045.6526394190128       2502.294445801098
1.25226                  2.72                     0.3676470588235294       4.732116764654195E-13    5.093960851694838E-13    0.25                     5.0E10                   2700                     5275.225113679984        3045.6526394190128       2502.294445801098
1.25226                  2.74                     0.36496350364963503      4.746045253420225E-13    5.10774859826949E-13     0.25                     5.0E10                   2700                     5275.225113679984        3045.6526394190128       2502.294445801098
1.25226                  2.7600000000000002       0.36231884057971014      4.759937062493514E-13    5.121335027708177E-13    0.25                     5.0E10                   2700                     5275.225113679984        3045.6526394190128       2502.294445801098
1.25226                  2.7800000000000002       0.35971223021582727      4.773694926548687E-13    5.134628172657157E-13    0.25                     5.0E10                   2700                     5275.225113679984        3045.6526394190128       2502.294445801098
1.25226                  2.8000000000000003       0.3571428571428571       4.787226355718854E-13    5.14754050406259E-13     0.25                     5.0E10                   2700                     5275.225113679984        3045.6526394190128       2502.294445801098
1.25226                  2.8200000000000003       0.35460992907801414      4.800444346909736E-13    5.159989708941774E-13    0.25                     5.0E10                   2700                     5275.225113679984        3045.6526394190128       2502.294445801098
1.25226                  2.8400000000000003       0.352112676056338        4.813268007737483E-13    5.17189937664592E-13     0.25                     5.0E10                   2700                     5275.225113679984        3045.6526394190128       2502.294445801098
1.25226                  2.8600000000000003       0.3496503496503496       4.825623086510745E-13    5.183199585923058E-13    0.25                     5.0E10                   2700                     5275.225113679984        3045.6526394190128       2502.294445801098
1.25226                  2.8800000000000003       0.3472222222222222       4.837442403350311E-13    5.193827387305463E-13    0.25                     5.0E10                   2700                     5275.225113679984        3045.6526394190128       2502.294445801098
1.25226                  2.9000000000000004       0.3448275862068965       4.84866617952081E-13     5.203727177386486E-13    0.25                     5.0E10                   2700                     5275.225113679984        3045.6526394190128       2502.294445801098
1.25226                  2.92                     0.34246575342465757      4.859242186086364E-13    5.212850915599752E-13    0.25                     5.0E10                   2700                     5275.225113679984        3045.6526394190128       2502.294445801098
1.25226                  2.94                     0.3401360544217687       4.869126255288027E-13    5.221158536034922E-13    0.25                     5.0E10                   2700                     5275.225113679984        3045.6526394190128       2502.294445801098
1.25226                  2.96                     0.33783783783783783      4.878281612833635E-13    5.228617518476446E-13    0.25                     5.0E10                   2700                     5275.225113679984        3045.6526394190128       2502.294445801098
1.25226                  2.98                     0.3355704697986577       4.88667934805143E-13     5.235203223599385E-13    0.25                     5.0E10                   2700                     5275.225113679984        3045.6526394190128       2502.294445801098
1.25226                  3                        0.3333333333333333       4.894298103380992E-13    5.240898635787419E-13    0.25                     5.0E10                   2700                     5275.225113679984        3045.6526394190128       2502.294445801098
1.25226                  3.02                     0.33112582781456956      4.901123836885904E-13    5.245694132351301E-13    0.25                     5.0E10                   2700                     5275.225113679984        3045.6526394190128       2502.294445801098
1.25226                  3.04                     0.32894736842105265      4.90714951271547E-13     5.249587175592014E-13    0.25                     5.0E10                   2700                     5275.225113679984        3045.6526394190128       2502.294445801098
1.25226                  3.06                     0.32679738562091504      4.912374728871304E-13    5.252581937621329E-13    0.25                     5.0E10                   2700                     5275.225113679984        3045.6526394190128       2502.294445801098
1.25226                  3.08                     0.3246753246753247       4.916805292367904E-13    5.25468886860276E-13     0.25                     5.0E10                   2700                     5275.225113679984        3045.6526394190128       2502.294445801098
1.25226                  3.1                      0.32258064516129037      4.920452752041155E-13    5.255924219377881E-13    0.25                     5.0E10                   2700                     5275.225113679984        3045.6526394190128       2502.294445801098
1.25226                  3.12                     0.32051282051282054      4.923333899103082E-13    5.256309529198488E-13    0.25                     5.0E10                   2700                     5275.225113679984        3045.6526394190128       2502.294445801098
1.25226                  3.14                     0.3184713375796178       4.925470245649824E-13    5.255871089384574E-13    0.25                     5.0E10                   2700                     5275.225113679984        3045.6526394190128       2502.294445801098
1.25226                  3.16                     0.3164556962025316       4.926887490516078E-13    5.25463939289205E-13     0.25                     5.0E10                   2700                     5275.225113679984        3045.6526394190128       2502.294445801098
1.25226                  3.18                     0.31446540880503143      4.927614981530214E-13    5.252648579336508E-13    0.25                     5.0E10                   2700                     5275.225113679984        3045.6526394190128       2502.294445801098
1.25226                  3.2                      0.3125                   4.927685182030691E-13    5.249935884048591E-13    0.25                     5.0E10                   2700                     5275.225113679984        3045.6526394190128       2502.294445801098
1.25226                  3.22                     0.31055900621118004      4.927133149219239E-13    5.246541098858403E-13    0.25                     5.0E10                   2700                     5275.225113679984        3045.6526394190128       2502.294445801098
1.25226                  3.24                     0.30864197530864196      4.925996030269618E-13    5.242506051150358E-13    0.25                     5.0E10                   2700                     5275.225113679984        3045.6526394190128       2502.294445801098
1.25226                  3.2600000000000002       0.3067484662576687       4.924312581624358E-13    5.237874106905714E-13    0.25                     5.0E10                   2700                     5275.225113679984        3045.6526394190128       2502.294445801098
1.25226                  3.2800000000000002       0.3048780487804878       4.922122715791303E-13    5.232689702175672E-13    0.25                     5.0E10                   2700                     5275.225113679984        3045.6526394190128       2502.294445801098
1.25226                  3.3000000000000003       0.30303030303030304      4.919467078807088E-13    5.226997906592814E-13    0.25                     5.0E10                   2700                     5275.225113679984        3045.6526394190128       2502.294445801098
1.25226                  3.3200000000000003       0.3012048192771084       4.916386660822319E-13    5.220844021217911E-13    0.25                     5.0E10                   2700                     5275.225113679984        3045.6526394190128       2502.294445801098
1.25226                  3.3400000000000003       0.29940119760479045      4.912979691281928E-13    5.214370797231669E-13    0.25                     5.0E10                   2700                     5275.225113679984        3045.6526394190128       2502.294445801098
1.25226                  3.3600000000000003       0.29761904761904756      4.909165745914017E-13    5.207416207911289E-13    0.25                     5.0E10                   2700                     5275.225113679984        3045.6526394190128       2502.294445801098
1.25226                  3.3800000000000003       0.29585798816568043      4.905048310912484E-13    5.200132913481319E-13    0.25                     5.0E10                   2700                     5275.225113679984        3045.6526394190128       2502.294445801098
1.25226                  3.4000000000000004       0.2941176470588235       4.90066662567728E-13     5.192563932327884E-13    0.25                     5.0E10                   2700                     5275.225113679984        3045.6526394190128       2502.294445801098
1.25226                  3.4200000000000004       0.29239766081871343      4.896058852058709E-13    5.184751051578769E-13    0.25                     5.0E10                   2700                     5275.225113679984        3045.6526394190128       2502.294445801098
1.25226                  3.44                     0.29069767441860467      4.891261891213041E-13    5.17673464009663E-13     0.25                     5.0E10                   2700                     5275.225113679984        3045.6526394190128       2502.294445801098
1.25226                  3.46                     0.2890173410404624       4.886311231204807E-13    5.168553493904304E-13    0.25                     5.0E10                   2700                     5275.225113679984        3045.6526394190128       2502.294445801098
1.25226                  3.48                     0.28735632183908044      4.881240823896625E-13    5.16024471187156E-13     0.25                     5.0E10                   2700                     5275.225113679984        3045.6526394190128       2502.294445801098
1.25226                  3.5                      0.2857142857142857       4.876082988489379E-13    5.15184359932907E-13     0.25                     5.0E10                   2700                     5275.225113679984        3045.6526394190128       2502.294445801098
1.25226                  3.52                     0.2840909090909091       4.870869358823262E-13    5.143384421680574E-13    0.25                     5.0E10                   2700                     5275.225113679984        3045.6526394190128       2502.294445801098
1.25226                  3.54                     0.2824858757062147       4.86562677184131E-13     5.134897053860764E-13    0.25                     5.0E10                   2700                     5275.225113679984        3045.6526394190128       2502.294445801098
1.25226                  3.56                     0.28089887640449435      4.860383311542651E-13    5.126411918647582E-13    0.25                     5.0E10                   2700                     5275.225113679984        3045.6526394190128       2502.294445801098
1.25226                  3.58                     0.2793296089385475       4.855164262165933E-13    5.117956661652631E-13    0.25                     5.0E10                   2700                     5275.225113679984        3045.6526394190128       2502.294445801098
1.25226                  3.6                      0.2777777777777778       4.849993118037403E-13    5.109556990753467E-13    0.25                     5.0E10                   2700                     5275.225113679984        3045.6526394190128       2502.294445801098
1.25226                  3.62                     0.27624309392265195      4.844891601589512E-13    5.101236698592738E-13    0.25                     5.0E10                   2700                     5275.225113679984        3045.6526394190128       2502.294445801098
1.25226                  3.64                     0.2747252747252747       4.839879693076764E-13    5.093017697050346E-13    0.25                     5.0E10                   2700                     5275.225113679984        3045.6526394190128       2502.294445801098
1.25226                  3.66                     0.27322404371584696      4.834975670256659E-13    5.084920062116547E-13    0.25                     5.0E10                   2700                     5275.225113679984        3045.6526394190128       2502.294445801098
1.25226                  3.68                     0.2717391304347826       4.830196156329428E-13    5.076962087154589E-13    0.25                     5.0E10                   2700                     5275.225113679984        3045.6526394190128       2502.294445801098
1.25226                  3.7                      0.2702702702702703       4.825556174519422E-13    5.069160342906329E-13    0.25                     5.0E10                   2700                     5275.225113679984        3045.6526394190128       2502.294445801098
1.25226                  3.72                     0.26881720430107525      4.821069208131973E-13    5.06152974313186E-13     0.25                     5.0E10                   2700                     5275.225113679984        3045.6526394190128       2502.294445801098
1.25226                  3.74                     0.267379679144385        4.816747264647454E-13    5.054083614334248E-13    0.25                     5.0E10                   2700                     5275.225113679984        3045.6526394190128       2502.294445801098
1.25226                  3.7600000000000002       0.26595744680851063      4.812600942846529E-13    5.046833768357136E-13    0.25                     5.0E10                   2700                     5275.225113679984        3045.6526394190128       2502.294445801098
1.25226                  3.7800000000000002       0.26455026455026454      4.808639501940802E-13    5.039790577076512E-13    0.25                     5.0E10                   2700                     5275.225113679984        3045.6526394190128       2502.294445801098
1.25226                  3.8000000000000003       0.2631578947368421       4.80487093189923E-13     5.032963048115654E-13    0.25                     5.0E10                   2700                     5275.225113679984        3045.6526394190128       2502.294445801098
1.25226                  3.8200000000000003       0.26178010471204183      4.801302024213852E-13    5.026358900899074E-13    0.25                     5.0E10                   2700                     5275.225113679984        3045.6526394190128       2502.294445801098
1.25226                  3.8400000000000003       0.26041666666666663      4.797938442524562E-13    5.019984642367428E-13    0.25                     5.0E10                   2700                     5275.225113679984        3045.6526394190128       2502.294445801098
1.25226                  3.8600000000000003       0.25906735751295334      4.794784792328233E-13    5.013845641697217E-13    0.25                     5.0E10                   2700                     5275.225113679984        3045.6526394190128       2502.294445801098
1.25226                  3.8800000000000003       0.25773195876288657      4.791844689721976E-13    5.007946203804793E-13    0.25                     5.0E10                   2700                     5275.225113679984        3045.6526394190128       2502.294445801098
1.25226                  3.9000000000000004       0.2564102564102564       4.789120828458116E-13    5.002289640977849E-13    0.25                     5.0E10                   2700                     5275.225113679984        3045.6526394190128       2502.294445801098
1.25226                  3.9200000000000004       0.25510204081632654      4.786615045152261E-13    4.996878342494221E-13    0.25                     5.0E10                   2700                     5275.225113679984        3045.6526394190128       2502.294445801098
1.25226                  3.94                     0.25380710659898476      4.78432838239607E-13     4.991713841925881E-13    0.25                     5.0E10                   2700                     5275.225113679984        3045.6526394190128       2502.294445801098
1.25226                  3.96                     0.2525252525252525       4.782261149633163E-13    4.986796881970469E-13    0.25                     5.0E10                   2700                     5275.225113679984        3045.6526394190128       2502.294445801098
1.25226                  3.98                     0.25125628140703515      4.78041298139853E-13     4.982127476534773E-13    0.25                     5.0E10                   2700                     5275.225113679984        3045.6526394190128       2502.294445801098
1.25226                  4                        0.25                     4.778782893462581E-13    4.977704970329388E-13    0.25                     5.0E10                   2700                     5275.225113679984        3045.6526394190128       2502.294445801098
1.25226                  4.02                     0.24875621890547264      4.777369335916372E-13    4.973528095478638E-13    0.25                     5.0E10                   2700                     5275.225113679984        3045.6526394190128       2502.294445801098
1.25226                  4.04                     0.24752475247524755      4.776170243925518E-13    4.969595025356195E-13    0.25                     5.0E10                   2700                     5275.225113679984        3045.6526394190128       2502.294445801098
1.25226                  4.06                     0.24630541871921185      4.775183085770514E-13    4.965903425745173E-13    0.25                     5.0E10                   2700                     5275.225113679984        3045.6526394190128       2502.294445801098
1.25226                  4.08                     0.2450980392156863       4.774404908463286E-13    4.962450503063585E-13    0.25                     5.0E10                   2700                     5275.225113679984        3045.6526394190128       2502.294445801098
1.25226                  4.1                      0.24390243902439027      4.773832380486635E-13    4.959233049960584E-13    0.25                     5.0E10                   2700                     5275.225113679984        3045.6526394190128       2502.294445801098
1.25226                  4.12                     0.24271844660194172      4.773461832375553E-13    4.956247488253994E-13    0.25                     5.0E10                   2700                     5275.225113679984        3045.6526394190128       2502.294445801098
1.25226                  4.14                     0.2415458937198068       4.773289294614924E-13    4.95348990919433E-13     0.25                     5.0E10                   2700                     5275.225113679984        3045.6526394190128       2502.294445801098
1.25226                  4.16                     0.24038461538461536      4.773310533301223E-13    4.950956111242047E-13    0.25                     5.0E10                   2700                     5275.225113679984        3045.6526394190128       2502.294445801098
1.25226                  4.18                     0.2392344497607656       4.773521083471683E-13    4.94864163550946E-13     0.25                     5.0E10                   2700                     5275.225113679984        3045.6526394190128       2502.294445801098
1.25226                  4.199999999999999        0.23809523809523814      4.773916280234479E-13    4.946541798660093E-13    0.25                     5.0E10                   2700                     5275.225113679984        3045.6526394190128       2502.294445801098
1.25226                  4.22                     0.23696682464454977      4.774491287804412E-13    4.944651723841969E-13    0.25                     5.0E10                   2700                     5275.225113679984        3045.6526394190128       2502.294445801098
1.25226                  4.239999999999999        0.23584905660377362      4.775241126516825E-13    4.942966369189417E-13    0.25                     5.0E10                   2700                     5275.225113679984        3045.6526394190128       2502.294445801098
1.25226                  4.26                     0.2347417840375587       4.776160697912105E-13    4.941480554614071E-13    0.25                     5.0E10                   2700                     5275.225113679984        3045.6526394190128       2502.294445801098
1.25226                  4.279999999999999        0.23364485981308417      4.777244807919791E-13    4.940188986247025E-13    0.25                     5.0E10                   2700                     5275.225113679984        3045.6526394190128       2502.294445801098
1.25226                  4.3                      0.23255813953488372      4.778488188495431E-13    4.939086279562963E-13    0.25                     5.0E10                   2700                     5275.225113679984        3045.6526394190128       2502.294445801098
1.25226                  4.319999999999999        0.23148148148148148      4.779885517344527E-13    4.938166980159981E-13    0.25                     5.0E10                   2700                     5275.225113679984        3045.6526394190128       2502.294445801098
1.25226                  4.34                     0.2304147465437788       4.781431436266892E-13    4.937425583398948E-13    0.25                     5.0E10                   2700                     5275.225113679984        3045.6526394190128       2502.294445801098
1.25226                  4.359999999999999        0.22935779816513763      4.783120568016346E-13    4.936856552307624E-13    0.25                     5.0E10                   2700                     5275.225113679984        3045.6526394190128       2502.294445801098
1.25226                  4.38                     0.228310502283105        4.784949694504412E-13    4.936455999349E-13       0.25                     5.0E10                   2700                     5275.225113679984        3045.6526394190128       2502.294445801098
1.25226                  4.3999999999999995       0.22727272727272732      4.786909158511384E-13    4.936215079477225E-13    0.25                     5.0E10                   2700                     5275.225113679984        3045.6526394190128       2502.294445801098
1.25226                  4.42                     0.22624434389140272      4.788995736845449E-13    4.936129877448981E-13    0.25                     5.0E10                   2700                     5275.225113679984        3045.6526394190128       2502.294445801098
1.25226                  4.4399999999999995       0.22522522522522526      4.791204117383998E-13    4.936194877482502E-13    0.25                     5.0E10                   2700                     5275.225113679984        3045.6526394190128       2502.294445801098
1.25226                  4.46                     0.2242152466367713       4.793529033712188E-13    4.936404600514606E-13    0.25                     5.0E10                   2700                     5275.225113679984        3045.6526394190128       2502.294445801098
1.25226                  4.4799999999999995       0.2232142857142857       4.795965274676609E-13    4.936753614574986E-13    0.25                     5.0E10                   2700                     5275.225113679984        3045.6526394190128       2502.294445801098
1.25226                  4.5                      0.22222222222222224      4.798507693149445E-13    4.937236544023562E-13    0.25                     5.0E10                   2700                     5275.225113679984        3045.6526394190128       2502.294445801098
1.25226                  4.52                     0.22123893805309736      4.801151213640058E-13    4.937848077962736E-13    0.25                     5.0E10                   2700                     5275.225113679984        3045.6526394190128       2502.294445801098
1.25226                  4.54                     0.22026431718061676      4.803890839373544E-13    4.938582977765507E-13    0.25                     5.0E10                   2700                     5275.225113679984        3045.6526394190128       2502.294445801098
1.25226                  4.56                     0.21929824561403513      4.806721658312691E-13    4.939436083747848E-13    0.25                     5.0E10                   2700                     5275.225113679984        3045.6526394190128       2502.294445801098
1.25226                  4.58                     0.21834061135371177      4.809638848740137E-13    4.940402321104832E-13    0.25                     5.0E10                   2700                     5275.225113679984        3045.6526394190128       2502.294445801098
1.25226                  4.6                      0.2173913043478261       4.812637683863443E-13    4.94147670508685E-13     0.25                     5.0E10                   2700                     5275.225113679984        3045.6526394190128       2502.294445801098
1.25226                  4.62                     0.21645021645021645      4.815713536014763E-13    4.942654345713493E-13    0.25                     5.0E10                   2700                     5275.225113679984        3045.6526394190128       2502.294445801098
1.25226                  4.64                     0.21551724137931036      4.818861880220708E-13    4.943930451593739E-13    0.25                     5.0E10                   2700                     5275.225113679984        3045.6526394190128       2502.294445801098
1.25226                  4.66                     0.2145922746781116       4.822078297136714E-13    4.945300333388245E-13    0.25                     5.0E10                   2700                     5275.225113679984        3045.6526394190128       2502.294445801098
1.25226                  4.68                     0.21367521367521367      4.825358475532444E-13    4.94675940657288E-13     0.25                     5.0E10                   2700                     5275.225113679984        3045.6526394190128       2502.294445801098
1.25226                  4.7                      0.2127659574468085       4.828698214436923E-13    4.948303194049333E-13    0.25                     5.0E10                   2700                     5275.225113679984        3045.6526394190128       2502.294445801098
1.25226                  4.72                     0.211864406779661        4.832093424606584E-13    4.949927327838173E-13    0.25                     5.0E10                   2700                     5275.225113679984        3045.6526394190128       2502.294445801098
1.25226                  4.739999999999999        0.21097046413502113      4.835540129894311E-13    4.951627550803351E-13    0.25                     5.0E10                   2700                     5275.225113679984        3045.6526394190128       2502.294445801098
1.25226                  4.76                     0.21008403361344538      4.839034467885994E-13    4.953399717566823E-13    0.25                     5.0E10                   2700                     5275.225113679984        3045.6526394190128       2502.294445801098
1.25226                  4.779999999999999        0.20920502092050208      4.842572690527046E-13    4.955239795476101E-13    0.25                     5.0E10                   2700                     5275.225113679984        3045.6526394190128       2502.294445801098
1.25226                  4.8                      0.20833333333333334      4.846151164387689E-13    4.957143865052917E-13    0.25                     5.0E10                   2700                     5275.225113679984        3045.6526394190128       2502.294445801098
1.25226                  4.819999999999999        0.2074688796680498       4.849766370374306E-13    4.959108120045277E-13    0.25                     5.0E10                   2700                     5275.225113679984        3045.6526394190128       2502.294445801098
1.25226                  4.84                     0.20661157024793386      4.853414903560735E-13    4.961128867415873E-13    0.25                     5.0E10                   2700                     5275.225113679984        3045.6526394190128       2502.294445801098
1.25226                  4.859999999999999        0.20576131687242802      4.857093472517886E-13    4.963202526938091E-13    0.25                     5.0E10                   2700                     5275.225113679984        3045.6526394190128       2502.294445801098
1.25226                  4.88                     0.20491803278688525      4.860798898567894E-13    4.965325630665623E-13    0.25                     5.0E10                   2700                     5275.225113679984        3045.6526394190128       2502.294445801098
1.25226                  4.8999999999999995       0.20408163265306126      4.864528114698536E-13    4.967494822098664E-13    0.25                     5.0E10                   2700                     5275.225113679984        3045.6526394190128       2502.294445801098
1.25226                  4.92                     0.2032520325203252       4.868278164457942E-13    4.969706855162445E-13    0.25                     5.0E10                   2700                     5275.225113679984        3045.6526394190128       2502.294445801098
1.25226                  4.9399999999999995       0.20242914979757085      4.872046200580201E-13    4.971958593231649E-13    0.25                     5.0E10                   2700                     5275.225113679984        3045.6526394190128       2502.294445801098
1.25226                  4.96                     0.20161290322580644      4.875829483560066E-13    4.974247007586659E-13    0.25                     5.0E10                   2700                     5275.225113679984        3045.6526394190128       2502.294445801098
1.25226                  4.9799999999999995       0.20080321285140565      4.879625380062638E-13    4.976569176212733E-13    0.25                     5.0E10                   2700                     5275.225113679984        3045.6526394190128       2502.294445801098
1.25226                  5                        0.2                      4.884360445027391E-13    4.980072279838332E-13    0.25                     5.0E10                   2700                     5275.225113679984        3045.6526394190128       2502.294445801098
1.25226                  5.02                     0.19920318725099603      4.888166941823702E-13    4.9824467042724E-13      0.25                     5.0E10                   2700                     5275.225113679984        3045.6526394190128       2502.294445801098
1.25226                  5.04                     0.1984126984126984       4.891978524482691E-13    4.984846426023303E-13    0.25                     5.0E10                   2700                     5275.225113679984        3045.6526394190128       2502.294445801098
1.25226                  5.06                     0.19762845849802374      4.895792980366098E-13    4.987268951966794E-13    0.25                     5.0E10                   2700                     5275.225113679984        3045.6526394190128       2502.294445801098
1.25226                  5.08                     0.19685039370078738      4.899608192932015E-13    4.989711886010354E-13    0.25                     5.0E10                   2700                     5275.225113679984        3045.6526394190128       2502.294445801098
1.25226                  5.1                      0.19607843137254904      4.903422139596848E-13    4.992172927229593E-13    0.25                     5.0E10                   2700                     5275.225113679984        3045.6526394190128       2502.294445801098
1.25226                  5.12                     0.19531249999999997      4.907232889664662E-13    4.994649867737687E-13    0.25                     5.0E10                   2700                     5275.225113679984        3045.6526394190128       2502.294445801098
1.25226                  5.14                     0.1945525291828794       4.911038602160415E-13    4.997140590762056E-13    0.25                     5.0E10                   2700                     5275.225113679984        3045.6526394190128       2502.294445801098
1.25226                  5.16                     0.19379844961240308      4.914837523411778E-13    4.999643068391511E-13    0.25                     5.0E10                   2700                     5275.225113679984        3045.6526394190128       2502.294445801098
1.25226                  5.18                     0.19305019305019305      4.918627985173752E-13    5.002155359561176E-13    0.25                     5.0E10                   2700                     5275.225113679984        3045.6526394190128       2502.294445801098
1.25226                  5.2                      0.1923076923076923       4.922408401898424E-13    5.004675607903439E-13    0.25                     5.0E10                   2700                     5275.225113679984        3045.6526394190128       2502.294445801098
1.25226                  5.22                     0.19157088122605365      4.926177268915527E-13    5.007202039458436E-13    0.25                     5.0E10                   2700                     5275.225113679984        3045.6526394190128       2502.294445801098
1.25226                  5.239999999999999        0.19083969465648856      4.929933159957049E-13    5.009732960651379E-13    0.25                     5.0E10                   2700                     5275.225113679984        3045.6526394190128       2502.294445801098
1.25226                  5.26                     0.19011406844106465      4.933674724788601E-13    5.012266756091439E-13    0.25                     5.0E10                   2700                     5275.225113679984        3045.6526394190128       2502.294445801098
1.25226                  5.279999999999999        0.18939393939393942      4.937400687159084E-13    5.014801886215525E-13    0.25                     5.0E10                   2700                     5275.225113679984        3045.6526394190128       2502.294445801098
1.25226                  5.3                      0.18867924528301888      4.941109842427666E-13    5.017336885424027E-13    0.25                     5.0E10                   2700                     5275.225113679984        3045.6526394190128       2502.294445801098
1.25226                  5.319999999999999        0.1879699248120301       4.94480105534382E-13     5.019870359607002E-13    0.25                     5.0E10                   2700                     5275.225113679984        3045.6526394190128       2502.294445801098
1.25226                  5.34                     0.18726591760299627      4.948473257844264E-13    5.022400984263832E-13    0.25                     5.0E10                   2700                     5275.225113679984        3045.6526394190128       2502.294445801098
1.25226                  5.359999999999999        0.1865671641791045       4.952125446775944E-13    5.024927502156886E-13    0.25                     5.0E10                   2700                     5275.225113679984        3045.6526394190128       2502.294445801098
1.25226                  5.38                     0.1858736059479554       4.955756681935633E-13    5.027448721360383E-13    0.25                     5.0E10                   2700                     5275.225113679984        3045.6526394190128       2502.294445801098
1.25226                  5.3999999999999995       0.1851851851851852       4.959366083586748E-13    5.029963513058782E-13    0.25                     5.0E10                   2700                     5275.225113679984        3045.6526394190128       2502.294445801098
1.25226                  5.42                     0.18450184501845018      4.962952830674574E-13    5.032470809577685E-13    0.25                     5.0E10                   2700                     5275.225113679984        3045.6526394190128       2502.294445801098
1.25226                  5.4399999999999995       0.18382352941176472      4.966516158593028E-13    5.034969602286304E-13    0.25                     5.0E10                   2700                     5275.225113679984        3045.6526394190128       2502.294445801098
1.25226                  5.46                     0.18315018315018314      4.970055357058111E-13    5.037458939648064E-13    0.25                     5.0E10                   2700                     5275.225113679984        3045.6526394190128       2502.294445801098
1.25226                  5.4799999999999995       0.18248175182481755      4.973569768222556E-13    5.039937925147436E-13    0.25                     5.0E10                   2700                     5275.225113679984        3045.6526394190128       2502.294445801098
1.25226                  5.5                      0.18181818181818182      4.977058784752467E-13    5.042405715513074E-13    0.25                     5.0E10                   2700                     5275.225113679984        3045.6526394190128       2502.294445801098
1.25226                  5.52                     0.1811594202898551       4.980521847611955E-13    5.044861518657985E-13    0.25                     5.0E10                   2700                     5275.225113679984        3045.6526394190128       2502.294445801098
1.25226                  5.54                     0.18050541516245486      4.983958444498366E-13    5.047304591942032E-13    0.25                     5.0E10                   2700                     5275.225113679984        3045.6526394190128       2502.294445801098
1.25226                  5.56                     0.1798561151079137       4.987368107795594E-13    5.049734240252588E-13    0.25                     5.0E10                   2700                     5275.225113679984        3045.6526394190128       2502.294445801098
1.25226                  5.58                     0.17921146953405018      4.990750412747773E-13    5.052149814247441E-13    0.25                     5.0E10                   2700                     5275.225113679984        3045.6526394190128       2502.294445801098
1.25226                  5.6                      0.17857142857142858      4.994104975816633E-13    5.054550708626939E-13    0.25                     5.0E10                   2700                     5275.225113679984        3045.6526394190128       2502.294445801098
1.25226                  5.62                     0.17793594306049823      4.997431452835618E-13    5.056936360428374E-13    0.25                     5.0E10                   2700                     5275.225113679984        3045.6526394190128       2502.294445801098
1.25226                  5.64                     0.1773049645390071       5.000729537382732E-13    5.059306247266573E-13    0.25                     5.0E10                   2700                     5275.225113679984        3045.6526394190128       2502.294445801098
1.25226                  5.66                     0.17667844522968196      5.00399895906808E-13     5.06165988584826E-13     0.25                     5.0E10                   2700                     5275.225113679984        3045.6526394190128       2502.294445801098
1.25226                  5.68                     0.17605633802816903      5.007239482076381E-13    5.063996830239594E-13    0.25                     5.0E10                   2700                     5275.225113679984        3045.6526394190128       2502.294445801098
1.25226                  5.7                      0.17543859649122806      5.010450903519609E-13    5.066316670486998E-13    0.25                     5.0E10                   2700                     5275.225113679984        3045.6526394190128       2502.294445801098
1.25226                  5.72                     0.17482517482517484      5.013633051787458E-13    5.068619030881376E-13    0.25                     5.0E10                   2700                     5275.225113679984        3045.6526394190128       2502.294445801098
1.25226                  5.739999999999999        0.17421602787456447      5.016785785386369E-13    5.070903568746054E-13    0.25                     5.0E10                   2700                     5275.225113679984        3045.6526394190128       2502.294445801098
1.25226                  5.76                     0.1736111111111111       5.01990899120093E-13     5.073169972785847E-13    0.25                     5.0E10                   2700                     5275.225113679984        3045.6526394190128       2502.294445801098
1.25226                  5.779999999999999        0.17301038062283738      5.023002583508244E-13    5.075417961973072E-13    0.25                     5.0E10                   2700                     5275.225113679984        3045.6526394190128       2502.294445801098
1.25226                  5.8                      0.1724137931034483       5.026066502159154E-13    5.07764728385148E-13     0.25                     5.0E10                   2700                     5275.225113679984        3045.6526394190128       2502.294445801098
1.25226                  5.819999999999999        0.17182130584192443      5.02910071158129E-13     5.079857713555585E-13    0.25                     5.0E10                   2700                     5275.225113679984        3045.6526394190128       2502.294445801098
1.25226                  5.84                     0.17123287671232879      5.032110068428845E-13    5.082053460512343E-13    0.25                     5.0E10                   2700                     5275.225113679984        3045.6526394190128       2502.294445801098
1.25226                  5.859999999999999        0.17064846416382254      5.035084916480682E-13    5.084225597251026E-13    0.25                     5.0E10                   2700                     5275.225113679984        3045.6526394190128       2502.294445801098
1.25226                  5.88                     0.17006802721088435      5.038030084444221E-13    5.086378320327359E-13    0.25                     5.0E10                   2700                     5275.225113679984        3045.6526394190128       2502.294445801098
1.25226                  5.8999999999999995       0.16949152542372883      5.040945622608651E-13    5.088511502416065E-13    0.25                     5.0E10                   2700                     5275.225113679984        3045.6526394190128       2502.294445801098
1.25226                  5.92                     0.16891891891891891      5.043831600081272E-13    5.09062503782572E-13     0.25                     5.0E10                   2700                     5275.225113679984        3045.6526394190128       2502.294445801098
1.25226                  5.9399999999999995       0.16835016835016836      5.046688103503073E-13    5.09271884130169E-13     0.25                     5.0E10                   2700                     5275.225113679984        3045.6526394190128       2502.294445801098
1.25226                  5.96                     0.16778523489932884      5.04951523596845E-13     5.094792846975496E-13    0.25                     5.0E10                   2700                     5275.225113679984        3045.6526394190128       2502.294445801098
1.25226                  5.9799999999999995       0.16722408026755856      5.052313116385326E-13    5.096847007485747E-13    0.25                     5.0E10                   2700                     5275.225113679984        3045.6526394190128       2502.294445801098
1.25226                  6                        0.16666666666666666      5.055081878140859E-13    5.098881292898251E-13    0.25                     5.0E10                   2700                     5275.225113679984        3045.6526394190128       2502.294445801098
1.25226                  6.02                     0.16611295681063123      5.057821668449943E-13    5.100895689822151E-13    0.25                     5.0E10                   2700                     5275.225113679984        3045.6526394190128       2502.294445801098
1.25226                  6.04                     0.16556291390728478      5.06053264742578E-13     5.102890200552455E-13    0.25                     5.0E10                   2700                     5275.225113679984        3045.6526394190128       2502.294445801098
1.25226                  6.06                     0.16501650165016504      5.063214987176141E-13    5.104864842145333E-13    0.25                     5.0E10                   2700                     5275.225113679984        3045.6526394190128       2502.294445801098
1.25226                  6.08                     0.16447368421052633      5.065868871032342E-13    5.106819645574899E-13    0.25                     5.0E10                   2700                     5275.225113679984        3045.6526394190128       2502.294445801098
1.25226                  6.1                      0.16393442622950818      5.068494492906967E-13    5.108754655081748E-13    0.25                     5.0E10                   2700                     5275.225113679984        3045.6526394190128       2502.294445801098
1.25226                  6.12                     0.16339869281045752      5.071092056275882E-13    5.110669927161436E-13    0.25                     5.0E10                   2700                     5275.225113679984        3045.6526394190128       2502.294445801098
1.25226                  6.14                     0.16286644951140067      5.07366177367311E-13     5.112565530048202E-13    0.25                     5.0E10                   2700                     5275.225113679984        3045.6526394190128       2502.294445801098
1.25226                  6.16                     0.16233766233766234      5.076203866059495E-13    5.114441542896431E-13    0.25                     5.0E10                   2700                     5275.225113679984        3045.6526394190128       2502.294445801098
1.25226                  6.18                     0.16181229773462782      5.078718561989431E-13    5.116298055092587E-13    0.25                     5.0E10                   2700                     5275.225113679984        3045.6526394190128       2502.294445801098
1.25226                  6.2                      0.16129032258064518      5.081206097058536E-13    5.118135165663543E-13    0.25                     5.0E10                   2700                     5275.225113679984        3045.6526394190128       2502.294445801098
1.25226                  6.22                     0.16077170418006428      5.083666713356126E-13    5.1199529825962E-13      0.25                     5.0E10                   2700                     5275.225113679984        3045.6526394190128       2502.294445801098
1.25226                  6.24                     0.16025641025641027      5.086100658818573E-13    5.121751622236222E-13    0.25                     5.0E10                   2700                     5275.225113679984        3045.6526394190128       2502.294445801098
1.25226                  6.26                     0.1597444089456869       5.088508186794957E-13    5.123531208755272E-13    0.25                     5.0E10                   2700                     5275.225113679984        3045.6526394190128       2502.294445801098
1.25226                  6.279999999999999        0.15923566878980894      5.090889555460778E-13    5.125291873607861E-13    0.25                     5.0E10                   2700                     5275.225113679984        3045.6526394190128       2502.294445801098
1.25226                  6.3                      0.15873015873015872      5.093245027252906E-13    5.127033754898762E-13    0.25                     5.0E10                   2700                     5275.225113679984        3045.6526394190128       2502.294445801098
1.25226                  6.319999999999999        0.15822784810126583      5.095574868453724E-13    5.128756996978263E-13    0.25                     5.0E10                   2700                     5275.225113679984        3045.6526394190128       2502.294445801098
1.25226                  6.34                     0.1577287066246057       5.097879348927132E-13    5.130461750009409E-13    0.25                     5.0E10                   2700                     5275.225113679984        3045.6526394190128       2502.294445801098
1.25226                  6.359999999999999        0.15723270440251574      5.100158741288952E-13    5.132148169283486E-13    0.25                     5.0E10                   2700                     5275.225113679984        3045.6526394190128       2502.294445801098
1.25226                  6.38                     0.15673981191222572      5.102413320855059E-13    5.133816415031022E-13    0.25                     5.0E10                   2700                     5275.225113679984        3045.6526394190128       2502.294445801098
1.25226                  6.3999999999999995       0.15625                  5.104643365146872E-13    5.135466651897879E-13    0.25                     5.0E10                   2700                     5275.225113679984        3045.6526394190128       2502.294445801098
1.25226                  6.42                     0.1557632398753894       5.106849153512063E-13    5.137099048526595E-13    0.25                     5.0E10                   2700                     5275.225113679984        3045.6526394190128       2502.294445801098
1.25226                  6.4399999999999995       0.15527950310559008      5.109030966669332E-13    5.138713777162997E-13    0.25                     5.0E10                   2700                     5275.225113679984        3045.6526394190128       2502.294445801098
1.25226                  6.46                     0.15479876160990713      5.111189086623409E-13    5.140311013390027E-13    0.25                     5.0E10                   2700                     5275.225113679984        3045.6526394190128       2502.294445801098
1.25226                  6.4799999999999995       0.154320987654321        5.113323796155327E-13    5.141890935676603E-13    0.25                     5.0E10                   2700                     5275.225113679984        3045.6526394190128       2502.294445801098
1.25226                  6.5                      0.15384615384615383      5.115435378539213E-13    5.143453725078676E-13    0.25                     5.0E10                   2700                     5275.225113679984        3045.6526394190128       2502.294445801098
1.25226                  6.52                     0.15337423312883436      5.117524117455135E-13    5.14499956503086E-13     0.25                     5.0E10                   2700                     5275.225113679984        3045.6526394190128       2502.294445801098
1.25226                  6.54                     0.15290519877675843      5.119590296356732E-13    5.146528640789999E-13    0.25                     5.0E10                   2700                     5275.225113679984        3045.6526394190128       2502.294445801098
1.25226                  6.56                     0.15243902439024393      5.12163419871698E-13     5.148041139515892E-13    0.25                     5.0E10                   2700                     5275.225113679984        3045.6526394190128       2502.294445801098
1.25226                  6.58                     0.1519756838905775       5.123656107375987E-13    5.149537249683334E-13    0.25                     5.0E10                   2700                     5275.225113679984        3045.6526394190128       2502.294445801098
1.25226                  6.6                      0.15151515151515152      5.125656304452251E-13    5.15101716098277E-13     0.25                     5.0E10                   2700                     5275.225113679984        3045.6526394190128       2502.294445801098
1.25226                  6.62                     0.1510574018126888       5.127635071212871E-13    5.152481064077488E-13    0.25                     5.0E10                   2700                     5275.225113679984        3045.6526394190128       2502.294445801098
1.25226                  6.64                     0.1506024096385542       5.129592687888793E-13    5.153929150374684E-13    0.25                     5.0E10                   2700                     5275.225113679984        3045.6526394190128       2502.294445801098
1.25226                  6.66                     0.15015015015015015      5.13152943332636E-13     5.155361611748522E-13    0.25                     5.0E10                   2700                     5275.225113679984        3045.6526394190128       2502.294445801098
1.25226                  6.68                     0.14970059880239522      5.133445584949771E-13    5.156778640390868E-13    0.25                     5.0E10                   2700                     5275.225113679984        3045.6526394190128       2502.294445801098
1.25226                  6.7                      0.1492537313432836       5.135341418636282E-13    5.158180428657043E-13    0.25                     5.0E10                   2700                     5275.225113679984        3045.6526394190128       2502.294445801098
1.25226                  6.72                     0.1488095238095238       5.137217208434834E-13    5.159567168790396E-13    0.25                     5.0E10                   2700                     5275.225113679984        3045.6526394190128       2502.294445801098
1.25226                  6.74                     0.14836795252225518      5.139073226538702E-13    5.160939052836525E-13    0.25                     5.0E10                   2700                     5275.225113679984        3045.6526394190128       2502.294445801098
1.25226                  6.76                     0.14792899408284024      5.140909743157302E-13    5.162296272473427E-13    0.25                     5.0E10                   2700                     5275.225113679984        3045.6526394190128       2502.294445801098
1.25226                  6.779999999999999        0.14749262536873156      5.142727026298182E-13    5.163639018784143E-13    0.25                     5.0E10                   2700                     5275.225113679984        3045.6526394190128       2502.294445801098
1.25226                  6.8                      0.14705882352941177      5.144525341755597E-13    5.164967482245889E-13    0.25                     5.0E10                   2700                     5275.225113679984        3045.6526394190128       2502.294445801098
1.25226                  6.819999999999999        0.1466275659824047       5.146304952967497E-13    5.166281852467377E-13    0.25                     5.0E10                   2700                     5275.225113679984        3045.6526394190128       2502.294445801098
1.25226                  6.84                     0.14619883040935674      5.148066121018099E-13    5.167582318218454E-13    0.25                     5.0E10                   2700                     5275.225113679984        3045.6526394190128       2502.294445801098
1.25226                  6.859999999999999        0.1457725947521866       5.149809104306375E-13    5.168869067121942E-13    0.25                     5.0E10                   2700                     5275.225113679984        3045.6526394190128       2502.294445801098
1.25226                  6.88                     0.14534883720930233      5.151534158819629E-13    5.170142285750928E-13    0.25                     5.0E10                   2700                     5275.225113679984        3045.6526394190128       2502.294445801098
1.25226                  6.8999999999999995       0.14492753623188406      5.153241537718945E-13    5.171402159352956E-13    0.25                     5.0E10                   2700                     5275.225113679984        3045.6526394190128       2502.294445801098
1.25226                  6.92                     0.1445086705202312       5.154931491542202E-13    5.172648871905844E-13    0.25                     5.0E10                   2700                     5275.225113679984        3045.6526394190128       2502.294445801098
1.25226                  6.9399999999999995       0.1440922190201729       5.156604268010406E-13    5.173882605937782E-13    0.25                     5.0E10                   2700                     5275.225113679984        3045.6526394190128       2502.294445801098
1.25226                  6.96                     0.14367816091954022      5.158260111980796E-13    5.175103542472392E-13    0.25                     5.0E10                   2700                     5275.225113679984        3045.6526394190128       2502.294445801098
1.25226                  6.9799999999999995       0.14326647564469916      5.159899265395214E-13    5.176311860933007E-13    0.25                     5.0E10                   2700                     5275.225113679984        3045.6526394190128       2502.294445801098
1.25226                  7                        0.14285714285714285      5.161521967443988E-13    5.17750773919267E-13     0.25                     5.0E10                   2700                     5275.225113679984        3045.6526394190128       2502.294445801098
1.25226                  7.02                     0.14245014245014245      5.163128454082454E-13    5.178691353301896E-13    0.25                     5.0E10                   2700                     5275.225113679984        3045.6526394190128       2502.294445801098
1.25226                  7.04                     0.14204545454545456      5.164718958577746E-13    5.179862877685329E-13    0.25                     5.0E10                   2700                     5275.225113679984        3045.6526394190128       2502.294445801098
1.25226                  7.06                     0.141643059490085        5.166293710940831E-13    5.181022484857505E-13    0.25                     5.0E10                   2700                     5275.225113679984        3045.6526394190128       2502.294445801098
1.25226                  7.08                     0.14124293785310735      5.167852938350988E-13    5.182170345558532E-13    0.25                     5.0E10                   2700                     5275.225113679984        3045.6526394190128       2502.294445801098
1.25226                  7.1                      0.14084507042253522      5.169396864674697E-13    5.183306628533331E-13    0.25                     5.0E10                   2700                     5275.225113679984        3045.6526394190128       2502.294445801098
1.25226                  7.12                     0.14044943820224717      5.17092571108183E-13     5.184431500764968E-13    0.25                     5.0E10                   2700                     5275.225113679984        3045.6526394190128       2502.294445801098
1.25226                  7.14                     0.1400560224089636       5.172439695353827E-13    5.185545127098983E-13    0.25                     5.0E10                   2700                     5275.225113679984        3045.6526394190128       2502.294445801098
1.25226                  7.16                     0.13966480446927376      5.173939032347118E-13    5.186647670490332E-13    0.25                     5.0E10                   2700                     5275.225113679984        3045.6526394190128       2502.294445801098
1.25226                  7.18                     0.1392757660167131       5.175423933806539E-13    5.187739291843714E-13    0.25                     5.0E10                   2700                     5275.225113679984        3045.6526394190128       2502.294445801098
1.25226                  7.2                      0.1388888888888889       5.176894608440287E-13    5.18882015005696E-13     0.25                     5.0E10                   2700                     5275.225113679984        3045.6526394190128       2502.294445801098
1.25226                  7.22                     0.13850415512465375      5.178351261814126E-13    5.189890401924007E-13    0.25                     5.0E10                   2700                     5275.225113679984        3045.6526394190128       2502.294445801098
1.25226                  7.24                     0.13812154696132597      5.179794096471616E-13    5.190950202204183E-13    0.25                     5.0E10                   2700                     5275.225113679984        3045.6526394190128       2502.294445801098
1.25226                  7.26                     0.13774104683195593      5.181223311966154E-13    5.191999703590412E-13    0.25                     5.0E10                   2700                     5275.225113679984        3045.6526394190128       2502.294445801098
1.25226                  7.279999999999999        0.13736263736263737      5.182639104659977E-13    5.19303905661842E-13     0.25                     5.0E10                   2700                     5275.225113679984        3045.6526394190128       2502.294445801098
1.25226                  7.3                      0.13698630136986303      5.184041668012038E-13    5.194068409770536E-13    0.25                     5.0E10                   2700                     5275.225113679984        3045.6526394190128       2502.294445801098
1.25226                  7.319999999999999        0.1366120218579235       5.185431192396623E-13    5.19508790942732E-13     0.25                     5.0E10                   2700                     5275.225113679984        3045.6526394190128       2502.294445801098
1.25226                  7.34                     0.1362397820163488       5.186807865300672E-13    5.196097699861002E-13    0.25                     5.0E10                   2700                     5275.225113679984        3045.6526394190128       2502.294445801098
1.25226                  7.359999999999999        0.13586956521739132      5.18817187102706E-13     5.197097923200864E-13    0.25                     5.0E10                   2700                     5275.225113679984        3045.6526394190128       2502.294445801098
1.25226                  7.38                     0.13550135501355012      5.189523391158373E-13    5.19808871952244E-13     0.25                     5.0E10                   2700                     5275.225113679984        3045.6526394190128       2502.294445801098
1.25226                  7.3999999999999995       0.13513513513513514      5.190862604195395E-13    5.199070226763248E-13    0.25                     5.0E10                   2700                     5275.225113679984        3045.6526394190128       2502.294445801098
1.25226                  7.42                     0.1347708894878706       5.192189685745534E-13    5.200042580763018E-13    0.25                     5.0E10                   2700                     5275.225113679984        3045.6526394190128       2502.294445801098
1.25226                  7.4399999999999995       0.13440860215053765      5.193504808656531E-13    5.201005915348656E-13    0.25                     5.0E10                   2700                     5275.225113679984        3045.6526394190128       2502.294445801098
1.25226                  7.46                     0.13404825737265413      5.194808142776819E-13    5.201960362182865E-13    0.25                     5.0E10                   2700                     5275.225113679984        3045.6526394190128       2502.294445801098
1.25226                  7.4799999999999995       0.1336898395721925       5.196099855194335E-13    5.202906050891429E-13    0.25                     5.0E10                   2700                     5275.225113679984        3045.6526394190128       2502.294445801098
1.25226                  7.5                      0.13333333333333333      5.197380110205609E-13    5.203843109051523E-13    0.25                     5.0E10                   2700                     5275.225113679984        3045.6526394190128       2502.294445801098
1.25226                  7.52                     0.13297872340425532      5.19864906927017E-13     5.204771662175144E-13    0.25                     5.0E10                   2700                     5275.225113679984        3045.6526394190128       2502.294445801098
1.25226                  7.54                     0.13262599469496023      5.199906891286617E-13    5.20569183380434E-13     0.25                     5.0E10                   2700                     5275.225113679984        3045.6526394190128       2502.294445801098
1.25226                  7.56                     0.13227513227513227      5.201153732199115E-13    5.206603745397896E-13    0.25                     5.0E10                   2700                     5275.225113679984        3045.6526394190128       2502.294445801098
1.25226                  7.58                     0.13192612137203166      5.202389745537416E-13    5.207507516495005E-13    0.25                     5.0E10                   2700                     5275.225113679984        3045.6526394190128       2502.294445801098
1.25226                  7.6                      0.13157894736842105      5.203615081967983E-13    5.208403264565305E-13    0.25                     5.0E10                   2700                     5275.225113679984        3045.6526394190128       2502.294445801098
1.25226                  7.62                     0.13123359580052493      5.204829889716154E-13    5.209291105207529E-13    0.25                     5.0E10                   2700                     5275.225113679984        3045.6526394190128       2502.294445801098
1.25226                  7.64                     0.13089005235602094      5.206034314279882E-13    5.210171152008596E-13    0.25                     5.0E10                   2700                     5275.225113679984        3045.6526394190128       2502.294445801098
1.25226                  7.66                     0.13054830287206268      5.20722849885502E-13     5.211043516705563E-13    0.25                     5.0E10                   2700                     5275.225113679984        3045.6526394190128       2502.294445801098
1.25226                  7.68                     0.13020833333333334      5.208412583880781E-13    5.211908309103988E-13    0.25                     5.0E10                   2700                     5275.225113679984        3045.6526394190128       2502.294445801098
1.25226                  7.7                      0.12987012987012989      5.209586707455709E-13    5.212765637071959E-13    0.25                     5.0E10                   2700                     5275.225113679984        3045.6526394190128       2502.294445801098
1.25226                  7.72                     0.1295336787564767       5.210751005238442E-13    5.213615606724648E-13    0.25                     5.0E10                   2700                     5275.225113679984        3045.6526394190128       2502.294445801098
1.25226                  7.74                     0.12919896640826872      5.211905610503106E-13    5.214458322282669E-13    0.25                     5.0E10                   2700                     5275.225113679984        3045.6526394190128       2502.294445801098
1.25226                  7.76                     0.1288659793814433       5.213050654105135E-13    5.215293886154084E-13    0.25                     5.0E10                   2700                     5275.225113679984        3045.6526394190128       2502.294445801098
1.25226                  7.779999999999999        0.12853470437017997      5.214186264614464E-13    5.216122398971472E-13    0.25                     5.0E10                   2700                     5275.225113679984        3045.6526394190128       2502.294445801098
1.25226                  7.8                      0.12820512820512822      5.215312568344486E-13    5.216943959612156E-13    0.25                     5.0E10                   2700                     5275.225113679984        3045.6526394190128       2502.294445801098
1.25226                  7.819999999999999        0.1278772378516624       5.216429689231378E-13    5.217758665167376E-13    0.25                     5.0E10                   2700                     5275.225113679984        3045.6526394190128       2502.294445801098
1.25226                  7.84                     0.12755102040816327      5.217537749120206E-13    5.218566611050954E-13    0.25                     5.0E10                   2700                     5275.225113679984        3045.6526394190128       2502.294445801098
1.25226                  7.859999999999999        0.1272264631043257       5.218636867600401E-13    5.219367890956455E-13    0.25                     5.0E10                   2700                     5275.225113679984        3045.6526394190128       2502.294445801098
1.25226                  7.88                     0.12690355329949238      5.219727162116702E-13    5.220162596924765E-13    0.25                     5.0E10                   2700                     5275.225113679984        3045.6526394190128       2502.294445801098
1.25226                  7.8999999999999995       0.12658227848101267      5.220808748040566E-13    5.220950819342498E-13    0.25                     5.0E10                   2700                     5275.225113679984        3045.6526394190128       2502.294445801098
1.25226                  7.92                     0.12626262626262624      5.221881738722388E-13    5.221732647009345E-13    0.25                     5.0E10                   2700                     5275.225113679984        3045.6526394190128       2502.294445801098
1.25226                  7.9399999999999995       0.12594458438287154      5.222946245222398E-13    5.222508167019659E-13    0.25                     5.0E10                   2700                     5275.225113679984        3045.6526394190128       2502.294445801098
1.25226                  7.96                     0.12562814070351758      5.224002376869442E-13    5.223277465033143E-13    0.25                     5.0E10                   2700                     5275.225113679984        3045.6526394190128       2502.294445801098
1.25226                  7.9799999999999995       0.12531328320802007      5.225050240874222E-13    5.22404062505978E-13     0.25                     5.0E10                   2700                     5275.225113679984        3045.6526394190128       2502.294445801098
1.25226                  8                        0.125                    5.226089942559985E-13    5.224797729637518E-13    0.25                     5.0E10                   2700                     5275.225113679984        3045.6526394190128       2502.294445801098
1.25226                  8.02                     0.12468827930174564      5.227121585300111E-13    5.225548859772209E-13    0.25                     5.0E10                   2700                     5275.225113679984        3045.6526394190128       2502.294445801098
1.25226                  8.040000000000001        0.1243781094527363       5.228145270599686E-13    5.226294094993316E-13    0.25                     5.0E10                   2700                     5275.225113679984        3045.6526394190128       2502.294445801098
1.25226                  8.06                     0.12406947890818859      5.229161098173811E-13    5.227033513427798E-13    0.25                     5.0E10                   2700                     5275.225113679984        3045.6526394190128       2502.294445801098
1.25226                  8.08                     0.12376237623762378      5.230169165860399E-13    5.227767191702063E-13    0.25                     5.0E10                   2700                     5275.225113679984        3045.6526394190128       2502.294445801098
1.25226                  8.1                      0.1234567901234568       5.231169569801844E-13    5.228495205109583E-13    0.25                     5.0E10                   2700                     5275.225113679984        3045.6526394190128       2502.294445801098
1.25226                  8.12                     0.12315270935960593      5.232162404322344E-13    5.229217627501978E-13    0.25                     5.0E10                   2700                     5275.225113679984        3045.6526394190128       2502.294445801098
1.25226                  8.14                     0.12285012285012284      5.233147762125562E-13    5.229934531433624E-13    0.25                     5.0E10                   2700                     5275.225113679984        3045.6526394190128       2502.294445801098
1.25226                  8.16                     0.12254901960784315      5.234125734183506E-13    5.230645988105034E-13    0.25                     5.0E10                   2700                     5275.225113679984        3045.6526394190128       2502.294445801098
1.25226                  8.18                     0.12224938875305624      5.235096409764262E-13    5.231352067353611E-13    0.25                     5.0E10                   2700                     5275.225113679984        3045.6526394190128       2502.294445801098
1.25226                  8.2                      0.12195121951219513      5.236059876650946E-13    5.232052837828338E-13    0.25                     5.0E10                   2700                     5275.225113679984        3045.6526394190128       2502.294445801098
1.25226                  8.22                     0.121654501216545        5.237016220971197E-13    5.232748366853529E-13    0.25                     5.0E10                   2700                     5275.225113679984        3045.6526394190128       2502.294445801098
1.25226                  8.24                     0.12135922330097086      5.237965527274653E-13    5.233438720523576E-13    0.25                     5.0E10                   2700                     5275.225113679984        3045.6526394190128       2502.294445801098
1.25226                  8.26                     0.12106537530266344      5.238907878556361E-13    5.234123963703859E-13    0.25                     5.0E10                   2700                     5275.225113679984        3045.6526394190128       2502.294445801098
1.25226                  8.28                     0.1207729468599034       5.239843356502453E-13    5.234804160105207E-13    0.25                     5.0E10                   2700                     5275.225113679984        3045.6526394190128       2502.294445801098
1.25226                  8.299999999999999        0.1204819277108434       5.240772041095291E-13    5.235479372226087E-13    0.25                     5.0E10                   2700                     5275.225113679984        3045.6526394190128       2502.294445801098
1.25226                  8.32                     0.12019230769230768      5.241694011104026E-13    5.236149661467683E-13    0.25                     5.0E10                   2700                     5275.225113679984        3045.6526394190128       2502.294445801098
1.25226                  8.34                     0.11990407673860912      5.24260934366247E-13     5.236815088019854E-13    0.25                     5.0E10                   2700                     5275.225113679984        3045.6526394190128       2502.294445801098
1.25226                  8.36                     0.1196172248803828       5.243518114694637E-13    5.237475711031131E-13    0.25                     5.0E10                   2700                     5275.225113679984        3045.6526394190128       2502.294445801098
1.25226                  8.379999999999999        0.11933174224343678      5.244420398699537E-13    5.238131588541475E-13    0.25                     5.0E10                   2700                     5275.225113679984        3045.6526394190128       2502.294445801098
1.25226                  8.4                      0.11904761904761904      5.24531626885046E-13     5.238782777530675E-13    0.25                     5.0E10                   2700                     5275.225113679984        3045.6526394190128       2502.294445801098
1.25226                  8.42                     0.11876484560570072      5.246205796982671E-13    5.239429333886532E-13    0.25                     5.0E10                   2700                     5275.225113679984        3045.6526394190128       2502.294445801098
1.25226                  8.44                     0.11848341232227488      5.247089053813412E-13    5.24007131258903E-13     0.25                     5.0E10                   2700                     5275.225113679984        3045.6526394190128       2502.294445801098
1.25226                  8.459999999999999        0.11820330969267141      5.24796610865518E-13     5.240708767513357E-13    0.25                     5.0E10                   2700                     5275.225113679984        3045.6526394190128       2502.294445801098
1.25226                  8.48                     0.1179245283018868       5.248837029539739E-13    5.241341751516746E-13    0.25                     5.0E10                   2700                     5275.225113679984        3045.6526394190128       2502.294445801098
1.25226                  8.5                      0.11764705882352941      5.249701883492483E-13    5.241970316595554E-13    0.25                     5.0E10                   2700                     5275.225113679984        3045.6526394190128       2502.294445801098
1.25226                  8.52                     0.11737089201877934      5.250560736274888E-13    5.242594513766501E-13    0.25                     5.0E10                   2700                     5275.225113679984        3045.6526394190128       2502.294445801098
1.25226                  8.54                     0.117096018735363        5.251413652470869E-13    5.243214393074639E-13    0.25                     5.0E10                   2700                     5275.225113679984        3045.6526394190128       2502.294445801098
1.25226                  8.56                     0.11682242990654204      5.252260695556088E-13    5.243830003704391E-13    0.25                     5.0E10                   2700                     5275.225113679984        3045.6526394190128       2502.294445801098
1.25226                  8.58                     0.11655011655011656      5.253101927867748E-13    5.244441393909689E-13    0.25                     5.0E10                   2700                     5275.225113679984        3045.6526394190128       2502.294445801098
1.25226                  8.6                      0.11627906976744186      5.253937410709092E-13    5.245048611086048E-13    0.25                     5.0E10                   2700                     5275.225113679984        3045.6526394190128       2502.294445801098
1.25226                  8.62                     0.1160092807424594       5.25476720439872E-13     5.245651701835499E-13    0.25                     5.0E10                   2700                     5275.225113679984        3045.6526394190128       2502.294445801098
1.25226                  8.64                     0.11574074074074073      5.25559136799477E-13     5.246250711768431E-13    0.25                     5.0E10                   2700                     5275.225113679984        3045.6526394190128       2502.294445801098
1.25226                  8.66                     0.11547344110854503      5.256409959757712E-13    5.246845685866682E-13    0.25                     5.0E10                   2700                     5275.225113679984        3045.6526394190128       2502.294445801098
1.25226                  8.68                     0.1152073732718894       5.257223036870328E-13    5.247436668185549E-13    0.25                     5.0E10                   2700                     5275.225113679984        3045.6526394190128       2502.294445801098
1.25226                  8.7                      0.11494252873563218      5.258030655450686E-13    5.248023701955068E-13    0.25                     5.0E10                   2700                     5275.225113679984        3045.6526394190128       2502.294445801098
1.25226                  8.72                     0.1146788990825688       5.258832870826398E-13    5.24860682976667E-13     0.25                     5.0E10                   2700                     5275.225113679984        3045.6526394190128       2502.294445801098
1.25226                  8.74                     0.11441647597254004      5.259629737259117E-13    5.249186093345929E-13    0.25                     5.0E10                   2700                     5275.225113679984        3045.6526394190128       2502.294445801098
1.25226                  8.76                     0.1141552511415525       5.260438982277435E-13    5.249777808579169E-13    0.25                     5.0E10                   2700                     5275.225113679984        3045.6526394190128       2502.294445801098
1.25226                  8.78                     0.11389521640091117      5.261225397808051E-13    5.250349553454395E-13    0.25                     5.0E10                   2700                     5275.225113679984        3045.6526394190128       2502.294445801098
1.25226                  8.8                      0.11363636363636362      5.262006621928504E-13    5.250917555055001E-13    0.25                     5.0E10                   2700                     5275.225113679984        3045.6526394190128       2502.294445801098
1.25226                  8.82                     0.11337868480725624      5.262782705254508E-13    5.251481852165764E-13    0.25                     5.0E10                   2700                     5275.225113679984        3045.6526394190128       2502.294445801098
1.25226                  8.84                     0.11312217194570136      5.263553697830479E-13    5.252042483075027E-13    0.25                     5.0E10                   2700                     5275.225113679984        3045.6526394190128       2502.294445801098
1.25226                  8.86                     0.11286681715575621      5.26431964866414E-13     5.252599485312459E-13    0.25                     5.0E10                   2700                     5275.225113679984        3045.6526394190128       2502.294445801098
1.25226                  8.879999999999999        0.11261261261261263      5.265080606167661E-13    5.253152895803286E-13    0.25                     5.0E10                   2700                     5275.225113679984        3045.6526394190128       2502.294445801098
1.25226                  8.9                      0.11235955056179775      5.265836617683662E-13    5.253702750723608E-13    0.25                     5.0E10                   2700                     5275.225113679984        3045.6526394190128       2502.294445801098
1.25226                  8.92                     0.11210762331838565      5.266587730058798E-13    5.254249085794769E-13    0.25                     5.0E10                   2700                     5275.225113679984        3045.6526394190128       2502.294445801098
1.25226                  8.94                     0.11185682326621925      5.267333989263964E-13    5.254791936018695E-13    0.25                     5.0E10                   2700                     5275.225113679984        3045.6526394190128       2502.294445801098
1.25226                  8.959999999999999        0.11160714285714285      5.26807544054965E-13     5.255331335824416E-13    0.25                     5.0E10                   2700                     5275.225113679984        3045.6526394190128       2502.294445801098
1.25226                  8.98                     0.11135857461024498      5.2688121283747E-13      5.255867319034893E-13    0.25                     5.0E10                   2700                     5275.225113679984        3045.6526394190128       2502.294445801098
1.25226                  9                        0.11111111111111112      5.269544096584766E-13    5.256399918934036E-13    0.25                     5.0E10                   2700                     5275.225113679984        3045.6526394190128       2502.294445801098
1.25226                  9.02                     0.11086474501108647      5.270271388266823E-13    5.256929168224415E-13    0.25                     5.0E10                   2700                     5275.225113679984        3045.6526394190128       2502.294445801098
1.25226                  9.04                     0.11061946902654868      5.270994045881671E-13    5.257455099057285E-13    0.25                     5.0E10                   2700                     5275.225113679984        3045.6526394190128       2502.294445801098
1.25226                  9.06                     0.11037527593818983      5.271712111210285E-13    5.257977743075255E-13    0.25                     5.0E10                   2700                     5275.225113679984        3045.6526394190128       2502.294445801098
1.25226                  9.08                     0.11013215859030838      5.272425625275658E-13    5.258497131322853E-13    0.25                     5.0E10                   2700                     5275.225113679984        3045.6526394190128       2502.294445801098
1.25226                  9.1                      0.1098901098901099       5.273134628614132E-13    5.259013294394566E-13    0.25                     5.0E10                   2700                     5275.225113679984        3045.6526394190128       2502.294445801098
1.25226                  9.12                     0.10964912280701757      5.273839161091535E-13    5.259526262391128E-13    0.25                     5.0E10                   2700                     5275.225113679984        3045.6526394190128       2502.294445801098
1.25226                  9.14                     0.10940919037199125      5.274539261912509E-13    5.26003606487361E-13     0.25                     5.0E10                   2700                     5275.225113679984        3045.6526394190128       2502.294445801098
1.25226                  9.16                     0.10917030567685589      5.275234969756622E-13    5.260542730943328E-13    0.25                     5.0E10                   2700                     5275.225113679984        3045.6526394190128       2502.294445801098
1.25226                  9.18                     0.10893246187363835      5.275926322610556E-13    5.261046289194936E-13    0.25                     5.0E10                   2700                     5275.225113679984        3045.6526394190128       2502.294445801098
1.25226                  9.2                      0.10869565217391305      5.276613358016191E-13    5.261546767823854E-13    0.25                     5.0E10                   2700                     5275.225113679984        3045.6526394190128       2502.294445801098
1.25226                  9.22                     0.10845986984815618      5.277296112962483E-13    5.262044194585877E-13    0.25                     5.0E10                   2700                     5275.225113679984        3045.6526394190128       2502.294445801098
1.25226                  9.24                     0.10822510822510822      5.277974623654439E-13    5.262538596635856E-13    0.25                     5.0E10                   2700                     5275.225113679984        3045.6526394190128       2502.294445801098
1.25226                  9.26                     0.1079913606911447       5.278648926059751E-13    5.263030000903963E-13    0.25                     5.0E10                   2700                     5275.225113679984        3045.6526394190128       2502.294445801098
1.25226                  9.28                     0.10775862068965518      5.27931905540312E-13     5.263518433743475E-13    0.25                     5.0E10                   2700                     5275.225113679984        3045.6526394190128       2502.294445801098
1.25226                  9.3                      0.10752688172043011      5.279985046572647E-13    5.264003921196328E-13    0.25                     5.0E10                   2700                     5275.225113679984        3045.6526394190128       2502.294445801098
1.25226                  9.32                     0.1072961373390558       5.280646933849251E-13    5.264486488887304E-13    0.25                     5.0E10                   2700                     5275.225113679984        3045.6526394190128       2502.294445801098
1.25226                  9.34                     0.10706638115631692      5.281304750882395E-13    5.264966161878571E-13    0.25                     5.0E10                   2700                     5275.225113679984        3045.6526394190128       2502.294445801098
1.25226                  9.36                     0.10683760683760683      5.281958531151344E-13    5.265442965094458E-13    0.25                     5.0E10                   2700                     5275.225113679984        3045.6526394190128       2502.294445801098
1.25226                  9.379999999999999        0.10660980810234544      5.282608307388125E-13    5.265916922917241E-13    0.25                     5.0E10                   2700                     5275.225113679984        3045.6526394190128       2502.294445801098
1.25226                  9.4                      0.10638297872340426      5.28325411198915E-13     5.266388059389947E-13    0.25                     5.0E10                   2700                     5275.225113679984        3045.6526394190128       2502.294445801098
1.25226                  9.42                     0.10615711252653928      5.283895976980042E-13    5.26685639824298E-13     0.25                     5.0E10                   2700                     5275.225113679984        3045.6526394190128       2502.294445801098
1.25226                  9.44                     0.1059322033898305       5.284533933751057E-13    5.26732196282066E-13     0.25                     5.0E10                   2700                     5275.225113679984        3045.6526394190128       2502.294445801098
1.25226                  9.459999999999999        0.10570824524312897      5.285168013349447E-13    5.267784776049769E-13    0.25                     5.0E10                   2700                     5275.225113679984        3045.6526394190128       2502.294445801098
1.25226                  9.48                     0.10548523206751054      5.285798246272195E-13    5.268244860549626E-13    0.25                     5.0E10                   2700                     5275.225113679984        3045.6526394190128       2502.294445801098
1.25226                  9.5                      0.10526315789473685      5.286424662919257E-13    5.268702238718959E-13    0.25                     5.0E10                   2700                     5275.225113679984        3045.6526394190128       2502.294445801098
1.25226                  9.52                     0.10504201680672269      5.287047292989317E-13    5.269156932505759E-13    0.25                     5.0E10                   2700                     5275.225113679984        3045.6526394190128       2502.294445801098
1.25226                  9.54                     0.10482180293501049      5.2876661658389E-13      5.269608963546868E-13    0.25                     5.0E10                   2700                     5275.225113679984        3045.6526394190128       2502.294445801098
1.25226                  9.56                     0.10460251046025104      5.288281310486185E-13    5.270058353213618E-13    0.25                     5.0E10                   2700                     5275.225113679984        3045.6526394190128       2502.294445801098
1.25226                  9.58                     0.10438413361169102      5.288892755556783E-13    5.270505122545293E-13    0.25                     5.0E10                   2700                     5275.225113679984        3045.6526394190128       2502.294445801098
1.25226                  9.6                      0.10416666666666667      5.289500529293856E-13    5.270949292311805E-13    0.25                     5.0E10                   2700                     5275.225113679984        3045.6526394190128       2502.294445801098
1.25226                  9.62                     0.10395010395010396      5.290104659526173E-13    5.271390882923018E-13    0.25                     5.0E10                   2700                     5275.225113679984        3045.6526394190128       2502.294445801098
1.25226                  9.64                     0.10373443983402489      5.290705173785846E-13    5.271829914556419E-13    0.25                     5.0E10                   2700                     5275.225113679984        3045.6526394190128       2502.294445801098
1.25226                  9.66                     0.10351966873706003      5.291302099232957E-13    5.272266407130121E-13    0.25                     5.0E10                   2700                     5275.225113679984        3045.6526394190128       2502.294445801098
1.25226                  9.68                     0.10330578512396693      5.291895462568801E-13    5.272700380151353E-13    0.25                     5.0E10                   2700                     5275.225113679984        3045.6526394190128       2502.294445801098
1.25226                  9.7                      0.10309278350515465      5.292485290422907E-13    5.273131853076204E-13    0.25                     5.0E10                   2700                     5275.225113679984        3045.6526394190128       2502.294445801098
1.25226                  9.72                     0.102880658436214        5.293071608859362E-13    5.273560844930009E-13    0.25                     5.0E10                   2700                     5275.225113679984        3045.6526394190128       2502.294445801098
1.25226                  9.74                     0.1026694045174538       5.293654443617043E-13    5.273987374485983E-13    0.25                     5.0E10                   2700                     5275.225113679984        3045.6526394190128       2502.294445801098
1.25226                  9.76                     0.10245901639344263      5.294233820374315E-13    5.274411460438781E-13    0.25                     5.0E10                   2700                     5275.225113679984        3045.6526394190128       2502.294445801098
1.25226                  9.78                     0.10224948875255623      5.294809764046919E-13    5.274833120930129E-13    0.25                     5.0E10                   2700                     5275.225113679984        3045.6526394190128       2502.294445801098
1.25226                  9.8                      0.10204081632653059      5.295382299654635E-13    5.275252374136156E-13    0.25                     5.0E10                   2700                     5275.225113679984        3045.6526394190128       2502.294445801098
1.25226                  9.82                     0.10183299389002037      5.295951451746658E-13    5.275669237886886E-13    0.25                     5.0E10                   2700                     5275.225113679984        3045.6526394190128       2502.294445801098
1.25226                  9.84                     0.1016260162601626       5.296517244511897E-13    5.276083729714215E-13    0.25                     5.0E10                   2700                     5275.225113679984        3045.6526394190128       2502.294445801098
1.25226                  9.86                     0.10141987829614604      5.297079702109963E-13    5.276495867127796E-13    0.25                     5.0E10                   2700                     5275.225113679984        3045.6526394190128       2502.294445801098
1.25226                  9.879999999999999        0.10121457489878542      5.297638848084164E-13    5.276905667161869E-13    0.25                     5.0E10                   2700                     5275.225113679984        3045.6526394190128       2502.294445801098
1.25226                  9.9                      0.101010101010101        5.298194705902284E-13    5.277313146808481E-13    0.25                     5.0E10                   2700                     5275.225113679984        3045.6526394190128       2502.294445801098
1.25226                  9.92                     0.10080645161290322      5.298747298686538E-13    5.277718322749036E-13    0.25                     5.0E10                   2700                     5275.225113679984        3045.6526394190128       2502.294445801098
1.25226                  9.94                     0.1006036217303823       5.29929664936873E-13     5.278121211551262E-13    0.25                     5.0E10                   2700                     5275.225113679984        3045.6526394190128       2502.294445801098
1.25226                  9.959999999999999        0.10040160642570282      5.299842780553523E-13    5.278521829496823E-13    0.25                     5.0E10                   2700                     5275.225113679984        3045.6526394190128       2502.294445801098
1.25226                  9.98                     0.1002004008016032       5.300385714610811E-13    5.278920192675591E-13    0.25                     5.0E10                   2700                     5275.225113679984        3045.6526394190128       2502.294445801098
1.25226                  10                       0.1                      5.300486113663739E-13    5.278635008310797E-13    0.25                     5.0E10                   2700                     5275.225113679984        3045.6526394190128       2502.294445801098
