1.04059                  0.1                      10                       5.331362170404053E-13    5.331371644289398E-13    0.25                     5.0E10                   2700                     4808.765145255299        2776.341851082837        2502.294445801098
1.04059                  0.12000000000000001      8.333333333333332        5.36297752963059E-13     5.363547817000034E-13    0.25                     5.0E10                   2700                     4808.765145255299        2776.341851082837        2502.294445801098
1.04059                  0.14                     7.1428571428571415       5.341211069716382E-13    5.339558000119444E-13    0.25                     5.0E10                   2700                     4808.765145255299        2776.341851082837        2502.294445801098
1.04059                  0.16                     6.249999999999999        5.330825139452504E-13    5.331791191806954E-13    0.25                     5.0E10                   2700                     4808.765145255299        2776.341851082837        2502.294445801098
1.04059                  0.18                     5.555555555555555        5.372666014245277E-13    5.372925341259631E-13    0.25                     5.0E10                   2700                     4808.765145255299        2776.341851082837        2502.294445801098
1.04059                  0.2                      5                        5.334442431822503E-13    5.331446503471985E-13    0.25                     5.0E10                   2700                     4808.765145255299        2776.341851082837        2502.294445801098
1.04059                  0.22                     4.545454545454546        5.367637970727066E-13    5.367384412466535E-13    0.25                     5.0E10                   2700                     4808.765145255299        2776.341851082837        2502.294445801098
1.04059                  0.24000000000000002      4.166666666666666        5.363196317890765E-13    5.364136582110377E-13    0.25                     5.0E10                   2700                     4808.765145255299        2776.341851082837        2502.294445801098
1.04059                  0.26                     3.846153846153846        5.349506002212424E-13    5.350266980190994E-13    0.25                     5.0E10                   2700                     4808.765145255299        2776.341851082837        2502.294445801098
1.04059                  0.28                     3.5714285714285707       5.371350279314426E-13    5.372639463308953E-13    0.25                     5.0E10                   2700                     4808.765145255299        2776.341851082837        2502.294445801098
1.04059                  0.30000000000000004      3.3333333333333326       5.365872109164083E-13    5.36482938419502E-13     0.25                     5.0E10                   2700                     4808.765145255299        2776.341851082837        2502.294445801098
1.04059                  0.32                     3.1249999999999996       5.337255056657848E-13    5.334287243492791E-13    0.25                     5.0E10                   2700                     4808.765145255299        2776.341851082837        2502.294445801098
1.04059                  0.33999999999999997      2.9411764705882355       5.37616781018042E-13     5.37841049644613E-13     0.25                     5.0E10                   2700                     4808.765145255299        2776.341851082837        2502.294445801098
1.04059                  0.36                     2.7777777777777777       5.352676382645893E-13    5.355150946882517E-13    0.25                     5.0E10                   2700                     4808.765145255299        2776.341851082837        2502.294445801098
1.04059                  0.38                     2.6315789473684212       5.348895922879717E-13    5.341456794302806E-13    0.25                     5.0E10                   2700                     4808.765145255299        2776.341851082837        2502.294445801098
1.04059                  0.4                      2.5                      5.343959242118929E-13    5.341915242039869E-13    0.25                     5.0E10                   2700                     4808.765145255299        2776.341851082837        2502.294445801098
1.04059                  0.42000000000000004      2.3809523809523805       5.356924225099776E-13    5.344049362629103E-13    0.25                     5.0E10                   2700                     4808.765145255299        2776.341851082837        2502.294445801098
1.04059                  0.44000000000000006      2.272727272727273        5.371321604297846E-13    5.361384038619802E-13    0.25                     5.0E10                   2700                     4808.765145255299        2776.341851082837        2502.294445801098
1.04059                  0.45999999999999996      2.173913043478261        5.403879064459529E-13    5.387085320532481E-13    0.25                     5.0E10                   2700                     4808.765145255299        2776.341851082837        2502.294445801098
1.04059                  0.48                     2.0833333333333335       5.405521283688144E-13    5.383298782750287E-13    0.25                     5.0E10                   2700                     4808.765145255299        2776.341851082837        2502.294445801098
1.04059                  0.5                      2                        5.376640941090107E-13    5.353942572583207E-13    0.25                     5.0E10                   2700                     4808.765145255299        2776.341851082837        2502.294445801098
1.04059                  0.52                     1.923076923076923        5.423056127628223E-13    5.397943922333713E-13    0.25                     5.0E10                   2700                     4808.765145255299        2776.341851082837        2502.294445801098
1.04059                  0.54                     1.8518518518518516       5.396765787906841E-13    5.370599983797326E-13    0.25                     5.0E10                   2700                     4808.765145255299        2776.341851082837        2502.294445801098
1.04059                  0.56                     1.7857142857142854       5.420509694191671E-13    5.386030470479408E-13    0.25                     5.0E10                   2700                     4808.765145255299        2776.341851082837        2502.294445801098
1.04059                  0.58                     1.7241379310344829       5.425304569559691E-13    5.38458635826813E-13     0.25                     5.0E10                   2700                     4808.765145255299        2776.341851082837        2502.294445801098
1.04059                  0.6                      1.6666666666666667       5.444032430358305E-13    5.404885107333622E-13    0.25                     5.0E10                   2700                     4808.765145255299        2776.341851082837        2502.294445801098
1.04059                  0.62                     1.6129032258064515       5.410725737219664E-13    5.37233483410747E-13     0.25                     5.0E10                   2700                     4808.765145255299        2776.341851082837        2502.294445801098
1.04059                  0.64                     1.5624999999999998       5.458536688774066E-13    5.412085404982501E-13    0.25                     5.0E10                   2700                     4808.765145255299        2776.341851082837        2502.294445801098
1.04059                  0.66                     1.515151515151515        5.440492306194851E-13    5.381338084309025E-13    0.25                     5.0E10                   2700                     4808.765145255299        2776.341851082837        2502.294445801098
1.04059                  0.6799999999999999       1.4705882352941178       5.459993736592612E-13    5.394243579464037E-13    0.25                     5.0E10                   2700                     4808.765145255299        2776.341851082837        2502.294445801098
1.04059                  0.7                      1.4285714285714286       5.47776217216508E-13     5.41454105996556E-13     0.25                     5.0E10                   2700                     4808.765145255299        2776.341851082837        2502.294445801098
1.04059                  0.72                     1.3888888888888888       5.44269252108989E-13     5.381023819362236E-13    0.25                     5.0E10                   2700                     4808.765145255299        2776.341851082837        2502.294445801098
1.04059                  0.74                     1.3513513513513513       5.464938963627643E-13    5.398596961733793E-13    0.25                     5.0E10                   2700                     4808.765145255299        2776.341851082837        2502.294445801098
1.04059                  0.76                     1.3157894736842106       5.51290021550016E-13     5.435862001434233E-13    0.25                     5.0E10                   2700                     4808.765145255299        2776.341851082837        2502.294445801098
1.04059                  0.78                     1.2820512820512822       5.504865118756399E-13    5.41527422638645E-13     0.25                     5.0E10                   2700                     4808.765145255299        2776.341851082837        2502.294445801098
1.04059                  0.8                      1.25                     5.483890660435132E-13    5.385069589206042E-13    0.25                     5.0E10                   2700                     4808.765145255299        2776.341851082837        2502.294445801098
1.04059                  0.82                     1.2195121951219514       5.498281244458429E-13    5.396542465088388E-13    0.25                     5.0E10                   2700                     4808.765145255299        2776.341851082837        2502.294445801098
1.04059                  0.84                     1.1904761904761905       5.508701395361099E-13    5.412356503454531E-13    0.25                     5.0E10                   2700                     4808.765145255299        2776.341851082837        2502.294445801098
1.04059                  0.86                     1.1627906976744187       5.490902912786832E-13    5.400917836202068E-13    0.25                     5.0E10                   2700                     4808.765145255299        2776.341851082837        2502.294445801098
1.04059                  0.88                     1.1363636363636365       5.469641776991605E-13    5.382954521403894E-13    0.25                     5.0E10                   2700                     4808.765145255299        2776.341851082837        2502.294445801098
1.04059                  0.9                      1.1111111111111112       5.480029847934078E-13    5.391131079629698E-13    0.25                     5.0E10                   2700                     4808.765145255299        2776.341851082837        2502.294445801098
1.04059                  0.92                     1.0869565217391304       5.513290146961317E-13    5.417306410097482E-13    0.25                     5.0E10                   2700                     4808.765145255299        2776.341851082837        2502.294445801098
1.04059                  0.94                     1.0638297872340425       5.535505871624716E-13    5.430347366917606E-13    0.25                     5.0E10                   2700                     4808.765145255299        2776.341851082837        2502.294445801098
1.04059                  0.96                     1.0416666666666667       5.530658317580249E-13    5.416594162314312E-13    0.25                     5.0E10                   2700                     4808.765145255299        2776.341851082837        2502.294445801098
1.04059                  0.98                     1.0204081632653061       5.513732764812489E-13    5.392107113388312E-13    0.25                     5.0E10                   2700                     4808.765145255299        2776.341851082837        2502.294445801098
1.04059                  1                        1                        5.506835638493526E-13    5.378878378134032E-13    0.25                     5.0E10                   2700                     4808.765145255299        2776.341851082837        2502.294445801098
1.04059                  1.02                     0.9803921568627452       5.520465285693504E-13    5.39102776797939E-13     0.25                     5.0E10                   2700                     4808.765145255299        2776.341851082837        2502.294445801098
1.04059                  1.04                     0.9615384615384615       5.541316379953427E-13    5.41456790185957E-13     0.25                     5.0E10                   2700                     4808.765145255299        2776.341851082837        2502.294445801098
1.04059                  1.06                     0.9433962264150944       5.551436069623823E-13    5.431197528917536E-13    0.25                     5.0E10                   2700                     4808.765145255299        2776.341851082837        2502.294445801098
1.04059                  1.08                     0.9259259259259258       5.54126430675829E-13     5.429849174426614E-13    0.25                     5.0E10                   2700                     4808.765145255299        2776.341851082837        2502.294445801098
1.04059                  1.1                      0.909090909090909        5.514998171713097E-13    5.41259671368749E-13     0.25                     5.0E10                   2700                     4808.765145255299        2776.341851082837        2502.294445801098
1.04059                  1.12                     0.8928571428571427       5.484233390141952E-13    5.389934185305536E-13    0.25                     5.0E10                   2700                     4808.765145255299        2776.341851082837        2502.294445801098
1.04059                  1.1400000000000001       0.8771929824561403       5.463094388163972E-13    5.372967774563468E-13    0.25                     5.0E10                   2700                     4808.765145255299        2776.341851082837        2502.294445801098
1.04059                  1.1600000000000001       0.8620689655172412       5.455359684823911E-13    5.366344972196736E-13    0.25                     5.0E10                   2700                     4808.765145255299        2776.341851082837        2502.294445801098
1.04059                  1.1800000000000002       0.8474576271186439       5.458785923059465E-13    5.368265386207813E-13    0.25                     5.0E10                   2700                     4808.765145255299        2776.341851082837        2502.294445801098
1.04059                  1.2000000000000002       0.8333333333333331       5.467018590481408E-13    5.3731471508857E-13      0.25                     5.0E10                   2700                     4808.765145255299        2776.341851082837        2502.294445801098
1.04059                  1.2200000000000002       0.8196721311475409       5.473638590812863E-13    5.375431616342177E-13    0.25                     5.0E10                   2700                     4808.765145255299        2776.341851082837        2502.294445801098
1.04059                  1.2400000000000002       0.8064516129032256       5.475131672678568E-13    5.372383396175281E-13    0.25                     5.0E10                   2700                     4808.765145255299        2776.341851082837        2502.294445801098
1.04059                  1.26                     0.7936507936507936       5.471413366392656E-13    5.364712578441714E-13    0.25                     5.0E10                   2700                     4808.765145255299        2776.341851082837        2502.294445801098
1.04059                  1.28                     0.7812499999999999       5.46627545578397E-13     5.356426635719752E-13    0.25                     5.0E10                   2700                     4808.765145255299        2776.341851082837        2502.294445801098
1.04059                  1.3                      0.7692307692307692       5.463179720131623E-13    5.35132669854826E-13     0.25                     5.0E10                   2700                     4808.765145255299        2776.341851082837        2502.294445801098
1.04059                  1.32                     0.7575757575757575       5.464710452095028E-13    5.352238589738856E-13    0.25                     5.0E10                   2700                     4808.765145255299        2776.341851082837        2502.294445801098
1.04059                  1.34                     0.7462686567164178       5.471521904125593E-13    5.359996973261672E-13    0.25                     5.0E10                   2700                     4808.765145255299        2776.341851082837        2502.294445801098
1.04059                  1.36                     0.7352941176470588       5.482255706010613E-13    5.373357126257764E-13    0.25                     5.0E10                   2700                     4808.765145255299        2776.341851082837        2502.294445801098
1.04059                  1.3800000000000001       0.7246376811594203       5.494098232244817E-13    5.389528567967502E-13    0.25                     5.0E10                   2700                     4808.765145255299        2776.341851082837        2502.294445801098
1.04059                  1.4000000000000001       0.7142857142857142       5.503657392567423E-13    5.405028873385492E-13    0.25                     5.0E10                   2700                     4808.765145255299        2776.341851082837        2502.294445801098
1.04059                  1.4200000000000002       0.704225352112676        5.507893094705847E-13    5.41660269070935E-13     0.25                     5.0E10                   2700                     4808.765145255299        2776.341851082837        2502.294445801098
1.04059                  1.4400000000000002       0.6944444444444444       5.505204116808642E-13    5.42197055552573E-13     0.25                     5.0E10                   2700                     4808.765145255299        2776.341851082837        2502.294445801098
1.04059                  1.4600000000000002       0.6849315068493149       5.494472970037494E-13    5.420249957158101E-13    0.25                     5.0E10                   2700                     4808.765145255299        2776.341851082837        2502.294445801098
1.04059                  1.4800000000000002       0.6756756756756755       5.476760546247507E-13    5.411810609157765E-13    0.25                     5.0E10                   2700                     4808.765145255299        2776.341851082837        2502.294445801098
1.04059                  1.5000000000000002       0.6666666666666665       5.453987103248021E-13    5.398171180006367E-13    0.25                     5.0E10                   2700                     4808.765145255299        2776.341851082837        2502.294445801098
1.04059                  1.52                     0.6578947368421053       5.428641642479379E-13    5.381482809696595E-13    0.25                     5.0E10                   2700                     4808.765145255299        2776.341851082837        2502.294445801098
1.04059                  1.54                     0.6493506493506493       5.403270812026489E-13    5.364040470850311E-13    0.25                     5.0E10                   2700                     4808.765145255299        2776.341851082837        2502.294445801098
1.04059                  1.56                     0.6410256410256411       5.380073186999847E-13    5.347882542273156E-13    0.25                     5.0E10                   2700                     4808.765145255299        2776.341851082837        2502.294445801098
1.04059                  1.58                     0.6329113924050632       5.360648461643938E-13    5.334532231144859E-13    0.25                     5.0E10                   2700                     4808.765145255299        2776.341851082837        2502.294445801098
1.04059                  1.6                      0.625                    5.345898853976843E-13    5.324883710125633E-13    0.25                     5.0E10                   2700                     4808.765145255299        2776.341851082837        2502.294445801098
1.04059                  1.62                     0.6172839506172839       5.336057939843777E-13    5.319214028355159E-13    0.25                     5.0E10                   2700                     4808.765145255299        2776.341851082837        2502.294445801098
1.04059                  1.6400000000000001       0.6097560975609756       5.330790272148858E-13    5.317265428073282E-13    0.25                     5.0E10                   2700                     4808.765145255299        2776.341851082837        2502.294445801098
1.04059                  1.6600000000000001       0.6024096385542168       5.329345608855304E-13    5.318386328093584E-13    0.25                     5.0E10                   2700                     4808.765145255299        2776.341851082837        2502.294445801098
1.04059                  1.6800000000000002       0.5952380952380951       5.331667045345566E-13    5.322872546618581E-13    0.25                     5.0E10                   2700                     4808.765145255299        2776.341851082837        2502.294445801098
1.04059                  1.7000000000000002       0.588235294117647        5.334861628231679E-13    5.327449482138915E-13    0.25                     5.0E10                   2700                     4808.765145255299        2776.341851082837        2502.294445801098
1.04059                  1.7200000000000002       0.5813953488372092       5.338702923202315E-13    5.332248852919057E-13    0.25                     5.0E10                   2700                     4808.765145255299        2776.341851082837        2502.294445801098
1.04059                  1.7400000000000002       0.5747126436781609       5.342269546249154E-13    5.3364528135537E-13      0.25                     5.0E10                   2700                     4808.765145255299        2776.341851082837        2502.294445801098
1.04059                  1.7600000000000002       0.5681818181818182       5.344855772942163E-13    5.339451628018057E-13    0.25                     5.0E10                   2700                     4808.765145255299        2776.341851082837        2502.294445801098
1.04059                  1.78                     0.5617977528089887       5.346006363815799E-13    5.340874390510169E-13    0.25                     5.0E10                   2700                     4808.765145255299        2776.341851082837        2502.294445801098
1.04059                  1.8                      0.5555555555555556       5.345508192929303E-13    5.340585037621499E-13    0.25                     5.0E10                   2700                     4808.765145255299        2776.341851082837        2502.294445801098
1.04059                  1.82                     0.5494505494505494       5.343366386668786E-13    5.338655572028026E-13    0.25                     5.0E10                   2700                     4808.765145255299        2776.341851082837        2502.294445801098
1.04059                  1.84                     0.5434782608695652       5.339758144565367E-13    5.335321085453891E-13    0.25                     5.0E10                   2700                     4808.765145255299        2776.341851082837        2502.294445801098
1.04059                  1.86                     0.5376344086021505       5.33497925846719E-13     5.330926851241281E-13    0.25                     5.0E10                   2700                     4808.765145255299        2776.341851082837        2502.294445801098
1.04059                  1.8800000000000001       0.5319148936170213       5.329390090911261E-13    5.325874906901022E-13    0.25                     5.0E10                   2700                     4808.765145255299        2776.341851082837        2502.294445801098
1.04059                  1.9000000000000001       0.5263157894736842       5.323366932402019E-13    5.320575974208845E-13    0.25                     5.0E10                   2700                     4808.765145255299        2776.341851082837        2502.294445801098
1.04059                  1.9200000000000002       0.5208333333333333       5.317262488280479E-13    5.315410424880785E-13    0.25                     5.0E10                   2700                     4808.765145255299        2776.341851082837        2502.294445801098
1.04059                  1.9400000000000002       0.5154639175257731       5.31137720510574E-13     5.31069998545372E-13     0.25                     5.0E10                   2700                     4808.765145255299        2776.341851082837        2502.294445801098
1.04059                  1.9600000000000002       0.5102040816326531       5.30594018704384E-13     5.306689829127157E-13    0.25                     5.0E10                   2700                     4808.765145255299        2776.341851082837        2502.294445801098
1.04059                  1.9800000000000002       0.505050505050505        5.301106575139411E-13    5.30354260243174E-13     0.25                     5.0E10                   2700                     4808.765145255299        2776.341851082837        2502.294445801098
1.04059                  2                        0.5                      5.297149529886615E-13    5.30142206697035E-13     0.25                     5.0E10                   2700                     4808.765145255299        2776.341851082837        2502.294445801098
1.04059                  2.02                     0.4950495049504951       5.293671170118656E-13    5.300154646209528E-13    0.25                     5.0E10                   2700                     4808.765145255299        2776.341851082837        2502.294445801098
1.04059                  2.04                     0.4901960784313726       5.290816630988889E-13    5.299765964086481E-13    0.25                     5.0E10                   2700                     4808.765145255299        2776.341851082837        2502.294445801098
1.04059                  2.06                     0.48543689320388345      5.288481953705732E-13    5.300139665942328E-13    0.25                     5.0E10                   2700                     4808.765145255299        2776.341851082837        2502.294445801098
1.04059                  2.08                     0.4807692307692307       5.286530414395668E-13    5.301121898667099E-13    0.25                     5.0E10                   2700                     4808.765145255299        2776.341851082837        2502.294445801098
1.04059                  2.1                      0.47619047619047616      5.28480682669691E-13     5.302536067333861E-13    0.25                     5.0E10                   2700                     4808.765145255299        2776.341851082837        2502.294445801098
1.04059                  2.12                     0.4716981132075472       5.283150837884451E-13    5.304196688049377E-13    0.25                     5.0E10                   2700                     4808.765145255299        2776.341851082837        2502.294445801098
1.04059                  2.14                     0.46728971962616817      5.281408568727244E-13    5.305921678365882E-13    0.25                     5.0E10                   2700                     4808.765145255299        2776.341851082837        2502.294445801098
1.04059                  2.16                     0.4629629629629629       5.279442175839938E-13    5.30754264550607E-13     0.25                     5.0E10                   2700                     4808.765145255299        2776.341851082837        2502.294445801098
1.04059                  2.18                     0.4587155963302752       5.277137114665802E-13    5.308912924571319E-13    0.25                     5.0E10                   2700                     4808.765145255299        2776.341851082837        2502.294445801098
1.04059                  2.2                      0.4545454545454545       5.274407193143111E-13    5.309913495736198E-13    0.25                     5.0E10                   2700                     4808.765145255299        2776.341851082837        2502.294445801098
1.04059                  2.22                     0.45045045045045035      5.271196676628587E-13    5.310455611948796E-13    0.25                     5.0E10                   2700                     4808.765145255299        2776.341851082837        2502.294445801098
1.04059                  2.24                     0.44642857142857134      5.267481682937444E-13    5.310483286866329E-13    0.25                     5.0E10                   2700                     4808.765145255299        2776.341851082837        2502.294445801098
1.04059                  2.2600000000000002       0.44247787610619466      5.263268505231169E-13    5.309972061974805E-13    0.25                     5.0E10                   2700                     4808.765145255299        2776.341851082837        2502.294445801098
1.04059                  2.2800000000000002       0.43859649122807015      5.258591133160706E-13    5.308927149200613E-13    0.25                     5.0E10                   2700                     4808.765145255299        2776.341851082837        2502.294445801098
1.04059                  2.3000000000000003       0.43478260869565216      5.253507584777067E-13    5.30738022529333E-13     0.25                     5.0E10                   2700                     4808.765145255299        2776.341851082837        2502.294445801098
1.04059                  2.3200000000000003       0.4310344827586206       5.248095529286452E-13    5.305385401167992E-13    0.25                     5.0E10                   2700                     4808.765145255299        2776.341851082837        2502.294445801098
1.04059                  2.3400000000000003       0.4273504273504273       5.242447535592705E-13    5.303014700718038E-13    0.25                     5.0E10                   2700                     4808.765145255299        2776.341851082837        2502.294445801098
1.04059                  2.3600000000000003       0.42372881355932196      5.236666242181096E-13    5.30035334972103E-13     0.25                     5.0E10                   2700                     4808.765145255299        2776.341851082837        2502.294445801098
1.04059                  2.3800000000000003       0.4201680672268907       5.230859692642942E-13    5.297495129619424E-13    0.25                     5.0E10                   2700                     4808.765145255299        2776.341851082837        2502.294445801098
1.04059                  2.4000000000000004       0.4166666666666666       5.225137027058273E-13    5.294537999618915E-13    0.25                     5.0E10                   2700                     4808.765145255299        2776.341851082837        2502.294445801098
1.04059                  2.42                     0.4132231404958677       5.219604663383885E-13    5.291580137088591E-13    0.25                     5.0E10                   2700                     4808.765145255299        2776.341851082837        2502.294445801098
1.04059                  2.44                     0.4098360655737705       5.214363052583226E-13    5.288716496008421E-13    0.25                     5.0E10                   2700                     4808.765145255299        2776.341851082837        2502.294445801098
1.04059                  2.46                     0.4065040650406504       5.209504046117026E-13    5.286035937898507E-13    0.25                     5.0E10                   2700                     4808.765145255299        2776.341851082837        2502.294445801098
1.04059                  2.48                     0.4032258064516129       5.20510887768902E-13     5.283618951864881E-13    0.25                     5.0E10                   2700                     4808.765145255299        2776.341851082837        2502.294445801098
1.04059                  2.5                      0.4                      5.202624059791994E-13    5.282116284706942E-13    0.25                     5.0E10                   2700                     4808.765145255299        2776.341851082837        2502.294445801098
1.04059                  2.52                     0.3968253968253968       5.199363514294595E-13    5.280438665527829E-13    0.25                     5.0E10                   2700                     4808.765145255299        2776.341851082837        2502.294445801098
1.04059                  2.54                     0.39370078740157477      5.196730427408183E-13    5.279199163500315E-13    0.25                     5.0E10                   2700                     4808.765145255299        2776.341851082837        2502.294445801098
1.04059                  2.56                     0.39062499999999994      5.194753081230507E-13    5.278431237871296E-13    0.25                     5.0E10                   2700                     4808.765145255299        2776.341851082837        2502.294445801098
1.04059                  2.58                     0.38759689922480617      5.193447772991349E-13    5.278157475654102E-13    0.25                     5.0E10                   2700                     4808.765145255299        2776.341851082837        2502.294445801098
1.04059                  2.6                      0.3846153846153846       5.19281867097744E-13     5.278389049170664E-13    0.25                     5.0E10                   2700                     4808.765145255299        2776.341851082837        2502.294445801098
1.04059                  2.62                     0.3816793893129771       5.192858644917334E-13    5.279126357712476E-13    0.25                     5.0E10                   2700                     4808.765145255299        2776.341851082837        2502.294445801098
1.04059                  2.64                     0.37878787878787873      5.193550257374621E-13    5.280359852646572E-13    0.25                     5.0E10                   2700                     4808.765145255299        2776.341851082837        2502.294445801098
1.04059                  2.66                     0.37593984962406013      5.194866867438066E-13    5.282070996825642E-13    0.25                     5.0E10                   2700                     4808.765145255299        2776.341851082837        2502.294445801098
1.04059                  2.68                     0.3731343283582089       5.196773804173638E-13    5.284233314886113E-13    0.25                     5.0E10                   2700                     4808.765145255299        2776.341851082837        2502.294445801098
1.04059                  2.7                      0.37037037037037035      5.199229573600944E-13    5.286813496812387E-13    0.25                     5.0E10                   2700                     4808.765145255299        2776.341851082837        2502.294445801098
1.04059                  2.72                     0.3676470588235294       5.202187068931095E-13    5.289772522859478E-13    0.25                     5.0E10                   2700                     4808.765145255299        2776.341851082837        2502.294445801098
1.04059                  2.74                     0.36496350364963503      5.205594759313942E-13    5.293066783300706E-13    0.25                     5.0E10                   2700                     4808.765145255299        2776.341851082837        2502.294445801098
1.04059                  2.7600000000000002       0.36231884057971014      5.209397836602101E-13    5.296649170755825E-13    0.25                     5.0E10                   2700                     4808.765145255299        2776.341851082837        2502.294445801098
1.04059                  2.7800000000000002       0.35971223021582727      5.213539304484847E-13    5.300470127583311E-13    0.25                     5.0E10                   2700                     4808.765145255299        2776.341851082837        2502.294445801098
1.04059                  2.8000000000000003       0.3571428571428571       5.217960997496794E-13    5.304478634211326E-13    0.25                     5.0E10                   2700                     4808.765145255299        2776.341851082837        2502.294445801098
1.04059                  2.8200000000000003       0.35460992907801414      5.222604520696291E-13    5.308623127507846E-13    0.25                     5.0E10                   2700                     4808.765145255299        2776.341851082837        2502.294445801098
1.04059                  2.8400000000000003       0.352112676056338        5.227412103354234E-13    5.312852341262025E-13    0.25                     5.0E10                   2700                     4808.765145255299        2776.341851082837        2502.294445801098
1.04059                  2.8600000000000003       0.3496503496503496       5.232327362511421E-13    5.317116063107576E-13    0.25                     5.0E10                   2700                     4808.765145255299        2776.341851082837        2502.294445801098
1.04059                  2.8800000000000003       0.3472222222222222       5.23729597401362E-13     5.32136580448581E-13     0.25                     5.0E10                   2700                     4808.765145255299        2776.341851082837        2502.294445801098
1.04059                  2.9000000000000004       0.3448275862068965       5.242266250411123E-13    5.32555538191186E-13     0.25                     5.0E10                   2700                     4808.765145255299        2776.341851082837        2502.294445801098
1.04059                  2.92                     0.34246575342465757      5.247189389860192E-13    5.329641231749162E-13    0.25                     5.0E10                   2700                     4808.765145255299        2776.341851082837        2502.294445801098
1.04059                  2.94                     0.3401360544217687       5.25202088314644E-13     5.333583587910037E-13    0.25                     5.0E10                   2700                     4808.765145255299        2776.341851082837        2502.294445801098
1.04059                  2.96                     0.33783783783783783      5.256719209705004E-13    5.337345552252022E-13    0.25                     5.0E10                   2700                     4808.765145255299        2776.341851082837        2502.294445801098
1.04059                  2.98                     0.3355704697986577       5.261247202206831E-13    5.340894229062624E-13    0.25                     5.0E10                   2700                     4808.765145255299        2776.341851082837        2502.294445801098
1.04059                  3                        0.3333333333333333       5.265571895331048E-13    5.344200649393747E-13    0.25                     5.0E10                   2700                     4808.765145255299        2776.341851082837        2502.294445801098
1.04059                  3.02                     0.33112582781456956      5.269664602580578E-13    5.347239862958177E-13    0.25                     5.0E10                   2700                     4808.765145255299        2776.341851082837        2502.294445801098
1.04059                  3.04                     0.32894736842105265      5.273500927411918E-13    5.349990964709414E-13    0.25                     5.0E10                   2700                     4808.765145255299        2776.341851082837        2502.294445801098
1.04059                  3.06                     0.32679738562091504      5.277060715149585E-13    5.352437062219227E-13    0.25                     5.0E10                   2700                     4808.765145255299        2776.341851082837        2502.294445801098
1.04059                  3.08                     0.3246753246753247       5.280327952482633E-13    5.35456519043745E-13     0.25                     5.0E10                   2700                     4808.765145255299        2776.341851082837        2502.294445801098
1.04059                  3.1                      0.32258064516129037      5.283290621552211E-13    5.356366180661691E-13    0.25                     5.0E10                   2700                     4808.765145255299        2776.341851082837        2502.294445801098
1.04059                  3.12                     0.32051282051282054      5.285940515213111E-13    5.357834490211813E-13    0.25                     5.0E10                   2700                     4808.765145255299        2776.341851082837        2502.294445801098
1.04059                  3.14                     0.3184713375796178       5.288273020475978E-13    5.35896799965257E-13     0.25                     5.0E10                   2700                     4808.765145255299        2776.341851082837        2502.294445801098
1.04059                  3.16                     0.3164556962025316       5.29028687651487E-13     5.359767783855193E-13    0.25                     5.0E10                   2700                     4808.765145255299        2776.341851082837        2502.294445801098
1.04059                  3.18                     0.31446540880503143      5.29198391349013E-13     5.360237863153601E-13    0.25                     5.0E10                   2700                     4808.765145255299        2776.341851082837        2502.294445801098
1.04059                  3.2                      0.3125                   5.2933687779081E-13      5.360384940261943E-13    0.25                     5.0E10                   2700                     4808.765145255299        2776.341851082837        2502.294445801098
1.04059                  3.22                     0.31055900621118004      5.294448650051109E-13    5.360218128418521E-13    0.25                     5.0E10                   2700                     4808.765145255299        2776.341851082837        2502.294445801098
1.04059                  3.24                     0.30864197530864196      5.295232958129972E-13    5.359748675481657E-13    0.25                     5.0E10                   2700                     4808.765145255299        2776.341851082837        2502.294445801098
1.04059                  3.2600000000000002       0.3067484662576687       5.295733093657475E-13    5.358989688465313E-13    0.25                     5.0E10                   2700                     4808.765145255299        2776.341851082837        2502.294445801098
1.04059                  3.2800000000000002       0.3048780487804878       5.295962131837247E-13    5.357955862242983E-13    0.25                     5.0E10                   2700                     4808.765145255299        2776.341851082837        2502.294445801098
1.04059                  3.3000000000000003       0.30303030303030304      5.295934560140342E-13    5.35666321582609E-13     0.25                     5.0E10                   2700                     4808.765145255299        2776.341851082837        2502.294445801098
1.04059                  3.3200000000000003       0.3012048192771084       5.295666017900999E-13    5.355128838783003E-13    0.25                     5.0E10                   2700                     4808.765145255299        2776.341851082837        2502.294445801098
1.04059                  3.3400000000000003       0.29940119760479045      5.295304514814958E-13    5.353536087133096E-13    0.25                     5.0E10                   2700                     4808.765145255299        2776.341851082837        2502.294445801098
1.04059                  3.3600000000000003       0.29761904761904756      5.294598471340958E-13    5.351562683163338E-13    0.25                     5.0E10                   2700                     4808.765145255299        2776.341851082837        2502.294445801098
1.04059                  3.3800000000000003       0.29585798816568043      5.293702258588628E-13    5.349402191111974E-13    0.25                     5.0E10                   2700                     4808.765145255299        2776.341851082837        2502.294445801098
1.04059                  3.4000000000000004       0.2941176470588235       5.292633877957218E-13    5.347073804493561E-13    0.25                     5.0E10                   2700                     4808.765145255299        2776.341851082837        2502.294445801098
1.04059                  3.4200000000000004       0.29239766081871343      5.291411408846903E-13    5.344596738588194E-13    0.25                     5.0E10                   2700                     4808.765145255299        2776.341851082837        2502.294445801098
1.04059                  3.44                     0.29069767441860467      5.290052844195461E-13    5.341990069300111E-13    0.25                     5.0E10                   2700                     4808.765145255299        2776.341851082837        2502.294445801098
1.04059                  3.46                     0.2890173410404624       5.288575943567761E-13    5.339272589484881E-13    0.25                     5.0E10                   2700                     4808.765145255299        2776.341851082837        2502.294445801098
1.04059                  3.48                     0.28735632183908044      5.286998103989056E-13    5.336462682379088E-13    0.25                     5.0E10                   2700                     4808.765145255299        2776.341851082837        2502.294445801098
1.04059                  3.5                      0.2857142857142857       5.285336247416594E-13    5.333578211490078E-13    0.25                     5.0E10                   2700                     4808.765145255299        2776.341851082837        2502.294445801098
1.04059                  3.52                     0.2840909090909091       5.283607706083374E-13    5.330637240991871E-13    0.25                     5.0E10                   2700                     4808.765145255299        2776.341851082837        2502.294445801098
1.04059                  3.54                     0.2824858757062147       5.281826219965616E-13    5.327654681831983E-13    0.25                     5.0E10                   2700                     4808.765145255299        2776.341851082837        2502.294445801098
1.04059                  3.56                     0.28089887640449435      5.280007746296476E-13    5.32464716439912E-13     0.25                     5.0E10                   2700                     4808.765145255299        2776.341851082837        2502.294445801098
1.04059                  3.58                     0.2793296089385475       5.278166493563049E-13    5.321629677870343E-13    0.25                     5.0E10                   2700                     4808.765145255299        2776.341851082837        2502.294445801098
1.04059                  3.6                      0.2777777777777778       5.276315857818467E-13    5.318616362129377E-13    0.25                     5.0E10                   2700                     4808.765145255299        2776.341851082837        2502.294445801098
1.04059                  3.62                     0.27624309392265195      5.274468393197591E-13    5.315620479277401E-13    0.25                     5.0E10                   2700                     4808.765145255299        2776.341851082837        2502.294445801098
1.04059                  3.64                     0.2747252747252747       5.27263579269856E-13     5.312654395237792E-13    0.25                     5.0E10                   2700                     4808.765145255299        2776.341851082837        2502.294445801098
1.04059                  3.66                     0.27322404371584696      5.270828878197793E-13    5.30972957058529E-13     0.25                     5.0E10                   2700                     4808.765145255299        2776.341851082837        2502.294445801098
1.04059                  3.68                     0.2717391304347826       5.269057598605404E-13    5.306856559338184E-13    0.25                     5.0E10                   2700                     4808.765145255299        2776.341851082837        2502.294445801098
1.04059                  3.7                      0.2702702702702703       5.267331035239218E-13    5.304045014869954E-13    0.25                     5.0E10                   2700                     4808.765145255299        2776.341851082837        2502.294445801098
1.04059                  3.72                     0.26881720430107525      5.26565741353766E-13     5.3013037021609E-13      0.25                     5.0E10                   2700                     4808.765145255299        2776.341851082837        2502.294445801098
1.04059                  3.74                     0.267379679144385        5.264044120187718E-13    5.298640515448093E-13    0.25                     5.0E10                   2700                     4808.765145255299        2776.341851082837        2502.294445801098
1.04059                  3.7600000000000002       0.26595744680851063      5.262497724907857E-13    5.296062500350337E-13    0.25                     5.0E10                   2700                     4808.765145255299        2776.341851082837        2502.294445801098
1.04059                  3.7800000000000002       0.26455026455026454      5.261024006021062E-13    5.293575879915335E-13    0.25                     5.0E10                   2700                     4808.765145255299        2776.341851082837        2502.294445801098
1.04059                  3.8000000000000003       0.2631578947368421       5.259627979346632E-13    5.291186083874972E-13    0.25                     5.0E10                   2700                     4808.765145255299        2776.341851082837        2502.294445801098
1.04059                  3.8200000000000003       0.26178010471204183      5.258313929611523E-13    5.288897780447814E-13    0.25                     5.0E10                   2700                     4808.765145255299        2776.341851082837        2502.294445801098
1.04059                  3.8400000000000003       0.26041666666666663      5.257085443874539E-13    5.286714910119362E-13    0.25                     5.0E10                   2700                     4808.765145255299        2776.341851082837        2502.294445801098
1.04059                  3.8600000000000003       0.25906735751295334      5.25594544637722E-13     5.284640720890486E-13    0.25                     5.0E10                   2700                     4808.765145255299        2776.341851082837        2502.294445801098
1.04059                  3.8800000000000003       0.25773195876288657      5.254896234550042E-13    5.282677804678605E-13    0.25                     5.0E10                   2700                     4808.765145255299        2776.341851082837        2502.294445801098
1.04059                  3.9000000000000004       0.2564102564102564       5.253939515590702E-13    5.28082813424639E-13     0.25                     5.0E10                   2700                     4808.765145255299        2776.341851082837        2502.294445801098
1.04059                  3.9200000000000004       0.25510204081632654      5.253076443301573E-13    5.279093100516992E-13    0.25                     5.0E10                   2700                     4808.765145255299        2776.341851082837        2502.294445801098
1.04059                  3.94                     0.25380710659898476      5.252307654931859E-13    5.277473549795169E-13    0.25                     5.0E10                   2700                     4808.765145255299        2776.341851082837        2502.294445801098
1.04059                  3.96                     0.2525252525252525       5.251633307733451E-13    5.275969820793941E-13    0.25                     5.0E10                   2700                     4808.765145255299        2776.341851082837        2502.294445801098
1.04059                  3.98                     0.25125628140703515      5.251053114883355E-13    5.274581781016225E-13    0.25                     5.0E10                   2700                     4808.765145255299        2776.341851082837        2502.294445801098
1.04059                  4                        0.25                     5.250566380868561E-13    5.273308862612818E-13    0.25                     5.0E10                   2700                     4808.765145255299        2776.341851082837        2502.294445801098
1.04059                  4.02                     0.24875621890547264      5.250172035821003E-13    5.272150097268652E-13    0.25                     5.0E10                   2700                     4808.765145255299        2776.341851082837        2502.294445801098
1.04059                  4.04                     0.24752475247524755      5.249868668836288E-13    5.271104150004628E-13    0.25                     5.0E10                   2700                     4808.765145255299        2776.341851082837        2502.294445801098
1.04059                  4.06                     0.24630541871921185      5.249654560250354E-13    5.270169352086248E-13    0.25                     5.0E10                   2700                     4808.765145255299        2776.341851082837        2502.294445801098
1.04059                  4.08                     0.2450980392156863       5.249527712646215E-13    5.269343732484631E-13    0.25                     5.0E10                   2700                     4808.765145255299        2776.341851082837        2502.294445801098
1.04059                  4.1                      0.24390243902439027      5.249485880519861E-13    5.268625048262475E-13    0.25                     5.0E10                   2700                     4808.765145255299        2776.341851082837        2502.294445801098
1.04059                  4.12                     0.24271844660194172      5.249526598735101E-13    5.268010813568864E-13    0.25                     5.0E10                   2700                     4808.765145255299        2776.341851082837        2502.294445801098
1.04059                  4.14                     0.2415458937198068       5.249647209466478E-13    5.267498327272617E-13    0.25                     5.0E10                   2700                     4808.765145255299        2776.341851082837        2502.294445801098
1.04059                  4.16                     0.24038461538461536      5.249844887891108E-13    5.267084699227151E-13    0.25                     5.0E10                   2700                     4808.765145255299        2776.341851082837        2502.294445801098
1.04059                  4.18                     0.2392344497607656       5.250116666371246E-13    5.266766875267446E-13    0.25                     5.0E10                   2700                     4808.765145255299        2776.341851082837        2502.294445801098
1.04059                  4.199999999999999        0.23809523809523814      5.250459457354617E-13    5.266541660617234E-13    0.25                     5.0E10                   2700                     4808.765145255299        2776.341851082837        2502.294445801098
1.04059                  4.22                     0.23696682464454977      5.250870074806365E-13    5.266405742207128E-13    0.25                     5.0E10                   2700                     4808.765145255299        2776.341851082837        2502.294445801098
1.04059                  4.239999999999999        0.23584905660377362      5.251345254363567E-13    5.266355709364145E-13    0.25                     5.0E10                   2700                     4808.765145255299        2776.341851082837        2502.294445801098
1.04059                  4.26                     0.2347417840375587       5.251881672125636E-13    5.266388073510257E-13    0.25                     5.0E10                   2700                     4808.765145255299        2776.341851082837        2502.294445801098
1.04059                  4.279999999999999        0.23364485981308417      5.252475962081863E-13    5.266499286163301E-13    0.25                     5.0E10                   2700                     4808.765145255299        2776.341851082837        2502.294445801098
1.04059                  4.3                      0.23255813953488372      5.253124732470899E-13    5.266685756206164E-13    0.25                     5.0E10                   2700                     4808.765145255299        2776.341851082837        2502.294445801098
1.04059                  4.319999999999999        0.23148148148148148      5.253824580686252E-13    5.266943865336755E-13    0.25                     5.0E10                   2700                     4808.765145255299        2776.341851082837        2502.294445801098
1.04059                  4.34                     0.2304147465437788       5.254572107123147E-13    5.267269982846532E-13    0.25                     5.0E10                   2700                     4808.765145255299        2776.341851082837        2502.294445801098
1.04059                  4.359999999999999        0.22935779816513763      5.255363927972044E-13    5.267660479124057E-13    0.25                     5.0E10                   2700                     4808.765145255299        2776.341851082837        2502.294445801098
1.04059                  4.38                     0.228310502283105        5.256198682032705E-13    5.268113243912567E-13    0.25                     5.0E10                   2700                     4808.765145255299        2776.341851082837        2502.294445801098
1.04059                  4.3999999999999995       0.22727272727272732      5.257069103510129E-13    5.2686217196826E-13      0.25                     5.0E10                   2700                     4808.765145255299        2776.341851082837        2502.294445801098
1.04059                  4.42                     0.22624434389140272      5.257973873456046E-13    5.269183810384097E-13    0.25                     5.0E10                   2700                     4808.765145255299        2776.341851082837        2502.294445801098
1.04059                  4.4399999999999995       0.22522522522522526      5.258909776888833E-13    5.269796003955728E-13    0.25                     5.0E10                   2700                     4808.765145255299        2776.341851082837        2502.294445801098
1.04059                  4.46                     0.2242152466367713       5.259873662713667E-13    5.270454841258676E-13    0.25                     5.0E10                   2700                     4808.765145255299        2776.341851082837        2502.294445801098
1.04059                  4.4799999999999995       0.2232142857142857       5.260862450541759E-13    5.271156923756242E-13    0.25                     5.0E10                   2700                     4808.765145255299        2776.341851082837        2502.294445801098
1.04059                  4.5                      0.22222222222222224      5.261873136875379E-13    5.271898920255725E-13    0.25                     5.0E10                   2700                     4808.765145255299        2776.341851082837        2502.294445801098
1.04059                  4.52                     0.22123893805309736      5.262902800257261E-13    5.272677572970537E-13    0.25                     5.0E10                   2700                     4808.765145255299        2776.341851082837        2502.294445801098
1.04059                  4.54                     0.22026431718061676      5.263948606029338E-13    5.273489702874627E-13    0.25                     5.0E10                   2700                     4808.765145255299        2776.341851082837        2502.294445801098
1.04059                  4.56                     0.21929824561403513      5.265007810093113E-13    5.274332214286336E-13    0.25                     5.0E10                   2700                     4808.765145255299        2776.341851082837        2502.294445801098
1.04059                  4.58                     0.21834061135371177      5.266077762404081E-13    5.275202098886636E-13    0.25                     5.0E10                   2700                     4808.765145255299        2776.341851082837        2502.294445801098
1.04059                  4.6                      0.2173913043478261       5.267155909475221E-13    5.276096439035581E-13    0.25                     5.0E10                   2700                     4808.765145255299        2776.341851082837        2502.294445801098
1.04059                  4.62                     0.21645021645021645      5.268239796648822E-13    5.277012410754673E-13    0.25                     5.0E10                   2700                     4808.765145255299        2776.341851082837        2502.294445801098
1.04059                  4.64                     0.21551724137931036      5.269327069736046E-13    5.277947285864902E-13    0.25                     5.0E10                   2700                     4808.765145255299        2776.341851082837        2502.294445801098
1.04059                  4.66                     0.2145922746781116       5.270415476152713E-13    5.278898433891986E-13    0.25                     5.0E10                   2700                     4808.765145255299        2776.341851082837        2502.294445801098
1.04059                  4.68                     0.21367521367521367      5.271502865562264E-13    5.279863323234148E-13    0.25                     5.0E10                   2700                     4808.765145255299        2776.341851082837        2502.294445801098
1.04059                  4.7                      0.2127659574468085       5.272587190450914E-13    5.28083952244185E-13     0.25                     5.0E10                   2700                     4808.765145255299        2776.341851082837        2502.294445801098
1.04059                  4.72                     0.211864406779661        5.273666505794031E-13    5.281824700382659E-13    0.25                     5.0E10                   2700                     4808.765145255299        2776.341851082837        2502.294445801098
1.04059                  4.739999999999999        0.21097046413502113      5.274738968909254E-13    5.282816626726787E-13    0.25                     5.0E10                   2700                     4808.765145255299        2776.341851082837        2502.294445801098
1.04059                  4.76                     0.21008403361344538      5.275802838536517E-13    5.283813171480529E-13    0.25                     5.0E10                   2700                     4808.765145255299        2776.341851082837        2502.294445801098
1.04059                  4.779999999999999        0.20920502092050208      5.276856473974389E-13    5.284812304786169E-13    0.25                     5.0E10                   2700                     4808.765145255299        2776.341851082837        2502.294445801098
1.04059                  4.8                      0.20833333333333334      5.277898333895922E-13    5.285812096130177E-13    0.25                     5.0E10                   2700                     4808.765145255299        2776.341851082837        2502.294445801098
1.04059                  4.819999999999999        0.2074688796680498       5.278926974683911E-13    5.286810713256735E-13    0.25                     5.0E10                   2700                     4808.765145255299        2776.341851082837        2502.294445801098
1.04059                  4.84                     0.20661157024793386      5.279941048911231E-13    5.287806421045704E-13    0.25                     5.0E10                   2700                     4808.765145255299        2776.341851082837        2502.294445801098
1.04059                  4.859999999999999        0.20576131687242802      5.28093930340412E-13     5.288797580045739E-13    0.25                     5.0E10                   2700                     4808.765145255299        2776.341851082837        2502.294445801098
1.04059                  4.88                     0.20491803278688525      5.281920577262493E-13    5.289782644921892E-13    0.25                     5.0E10                   2700                     4808.765145255299        2776.341851082837        2502.294445801098
1.04059                  4.8999999999999995       0.20408163265306126      5.282883799561493E-13    5.290760162655082E-13    0.25                     5.0E10                   2700                     4808.765145255299        2776.341851082837        2502.294445801098
1.04059                  4.92                     0.2032520325203252       5.283827987162747E-13    5.291728770543253E-13    0.25                     5.0E10                   2700                     4808.765145255299        2776.341851082837        2502.294445801098
1.04059                  4.9399999999999995       0.20242914979757085      5.284752242247318E-13    5.292687194384644E-13    0.25                     5.0E10                   2700                     4808.765145255299        2776.341851082837        2502.294445801098
1.04059                  4.96                     0.20161290322580644      5.285655749829249E-13    5.293634246027158E-13    0.25                     5.0E10                   2700                     4808.765145255299        2776.341851082837        2502.294445801098
1.04059                  4.9799999999999995       0.20080321285140565      5.286537775256388E-13    5.294568821385119E-13    0.25                     5.0E10                   2700                     4808.765145255299        2776.341851082837        2502.294445801098
1.04059                  5                        0.2                      5.288424498887257E-13    5.296701928904811E-13    0.25                     5.0E10                   2700                     4808.765145255299        2776.341851082837        2502.294445801098
1.04059                  5.02                     0.19920318725099603      5.289241542226828E-13    5.297589289076862E-13    0.25                     5.0E10                   2700                     4808.765145255299        2776.341851082837        2502.294445801098
1.04059                  5.04                     0.1984126984126984       5.290035588543072E-13    5.298461500457478E-13    0.25                     5.0E10                   2700                     4808.765145255299        2776.341851082837        2502.294445801098
1.04059                  5.06                     0.19762845849802374      5.290806200482204E-13    5.299317778476621E-13    0.25                     5.0E10                   2700                     4808.765145255299        2776.341851082837        2502.294445801098
1.04059                  5.08                     0.19685039370078738      5.291553006972587E-13    5.300157409615509E-13    0.25                     5.0E10                   2700                     4808.765145255299        2776.341851082837        2502.294445801098
1.04059                  5.1                      0.19607843137254904      5.292275700406466E-13    5.300979749009948E-13    0.25                     5.0E10                   2700                     4808.765145255299        2776.341851082837        2502.294445801098
1.04059                  5.12                     0.19531249999999997      5.292974034008219E-13    5.30178421777652E-13     0.25                     5.0E10                   2700                     4808.765145255299        2776.341851082837        2502.294445801098
1.04059                  5.14                     0.1945525291828794       5.293647819133937E-13    5.302570300640489E-13    0.25                     5.0E10                   2700                     4808.765145255299        2776.341851082837        2502.294445801098
1.04059                  5.16                     0.19379844961240308      5.294296922343827E-13    5.303337543234019E-13    0.25                     5.0E10                   2700                     4808.765145255299        2776.341851082837        2502.294445801098
1.04059                  5.18                     0.19305019305019305      5.294921263114334E-13    5.304085549693924E-13    0.25                     5.0E10                   2700                     4808.765145255299        2776.341851082837        2502.294445801098
1.04059                  5.2                      0.1923076923076923       5.295520810707851E-13    5.304813980169021E-13    0.25                     5.0E10                   2700                     4808.765145255299        2776.341851082837        2502.294445801098
1.04059                  5.22                     0.19157088122605365      5.296095582028907E-13    5.305522548199614E-13    0.25                     5.0E10                   2700                     4808.765145255299        2776.341851082837        2502.294445801098
1.04059                  5.239999999999999        0.19083969465648856      5.296645638872671E-13    5.306211018443188E-13    0.25                     5.0E10                   2700                     4808.765145255299        2776.341851082837        2502.294445801098
1.04059                  5.26                     0.19011406844106465      5.297171085287153E-13    5.306879204236224E-13    0.25                     5.0E10                   2700                     4808.765145255299        2776.341851082837        2502.294445801098
1.04059                  5.279999999999999        0.18939393939393942      5.29767206535722E-13     5.307526965011775E-13    0.25                     5.0E10                   2700                     4808.765145255299        2776.341851082837        2502.294445801098
1.04059                  5.3                      0.18867924528301888      5.298148760688488E-13    5.30815420432739E-13     0.25                     5.0E10                   2700                     4808.765145255299        2776.341851082837        2502.294445801098
1.04059                  5.319999999999999        0.1879699248120301       5.298601388060385E-13    5.308760867230215E-13    0.25                     5.0E10                   2700                     4808.765145255299        2776.341851082837        2502.294445801098
1.04059                  5.34                     0.18726591760299627      5.299030197185123E-13    5.309346938305602E-13    0.25                     5.0E10                   2700                     4808.765145255299        2776.341851082837        2502.294445801098
1.04059                  5.359999999999999        0.1865671641791045       5.299435468411063E-13    5.309912439273564E-13    0.25                     5.0E10                   2700                     4808.765145255299        2776.341851082837        2502.294445801098
1.04059                  5.38                     0.1858736059479554       5.299817510774966E-13    5.310457427022486E-13    0.25                     5.0E10                   2700                     4808.765145255299        2776.341851082837        2502.294445801098
1.04059                  5.3999999999999995       0.1851851851851852       5.300176659584082E-13    5.310981991421737E-13    0.25                     5.0E10                   2700                     4808.765145255299        2776.341851082837        2502.294445801098
1.04059                  5.42                     0.18450184501845018      5.300513274742112E-13    5.311486253392023E-13    0.25                     5.0E10                   2700                     4808.765145255299        2776.341851082837        2502.294445801098
1.04059                  5.4399999999999995       0.18382352941176472      5.300827738624482E-13    5.311970362891547E-13    0.25                     5.0E10                   2700                     4808.765145255299        2776.341851082837        2502.294445801098
1.04059                  5.46                     0.18315018315018314      5.301120454140138E-13    5.312434497058756E-13    0.25                     5.0E10                   2700                     4808.765145255299        2776.341851082837        2502.294445801098
1.04059                  5.4799999999999995       0.18248175182481755      5.301391843048009E-13    5.312878858300382E-13    0.25                     5.0E10                   2700                     4808.765145255299        2776.341851082837        2502.294445801098
1.04059                  5.5                      0.18181818181818182      5.301642344258358E-13    5.313303672625753E-13    0.25                     5.0E10                   2700                     4808.765145255299        2776.341851082837        2502.294445801098
1.04059                  5.52                     0.1811594202898551       5.301872411854764E-13    5.313709187819189E-13    0.25                     5.0E10                   2700                     4808.765145255299        2776.341851082837        2502.294445801098
1.04059                  5.54                     0.18050541516245486      5.302082513870239E-13    5.314095671892148E-13    0.25                     5.0E10                   2700                     4808.765145255299        2776.341851082837        2502.294445801098
1.04059                  5.56                     0.1798561151079137       5.302273130523475E-13    5.314463411390384E-13    0.25                     5.0E10                   2700                     4808.765145255299        2776.341851082837        2502.294445801098
1.04059                  5.58                     0.17921146953405018      5.302444752725647E-13    5.314812709906669E-13    0.25                     5.0E10                   2700                     4808.765145255299        2776.341851082837        2502.294445801098
1.04059                  5.6                      0.17857142857142858      5.302597880811211E-13    5.315143886615007E-13    0.25                     5.0E10                   2700                     4808.765145255299        2776.341851082837        2502.294445801098
1.04059                  5.62                     0.17793594306049823      5.302733023099454E-13    5.315457274874773E-13    0.25                     5.0E10                   2700                     4808.765145255299        2776.341851082837        2502.294445801098
1.04059                  5.64                     0.1773049645390071       5.30285069462745E-13     5.315753220765721E-13    0.25                     5.0E10                   2700                     4808.765145255299        2776.341851082837        2502.294445801098
1.04059                  5.66                     0.17667844522968196      5.302951415890975E-13    5.316032081951862E-13    0.25                     5.0E10                   2700                     4808.765145255299        2776.341851082837        2502.294445801098
1.04059                  5.68                     0.17605633802816903      5.303035711828187E-13    5.316294226280764E-13    0.25                     5.0E10                   2700                     4808.765145255299        2776.341851082837        2502.294445801098
1.04059                  5.7                      0.17543859649122806      5.303104110637393E-13    5.316540030781658E-13    0.25                     5.0E10                   2700                     4808.765145255299        2776.341851082837        2502.294445801098
1.04059                  5.72                     0.17482517482517484      5.303157142547697E-13    5.316769880284045E-13    0.25                     5.0E10                   2700                     4808.765145255299        2776.341851082837        2502.294445801098
1.04059                  5.739999999999999        0.17421602787456447      5.303195339223471E-13    5.316984166621406E-13    0.25                     5.0E10                   2700                     4808.765145255299        2776.341851082837        2502.294445801098
1.04059                  5.76                     0.1736111111111111       5.303219232442636E-13    5.317183287343233E-13    0.25                     5.0E10                   2700                     4808.765145255299        2776.341851082837        2502.294445801098
1.04059                  5.779999999999999        0.17301038062283738      5.30322935369849E-13     5.317367645056309E-13    0.25                     5.0E10                   2700                     4808.765145255299        2776.341851082837        2502.294445801098
1.04059                  5.8                      0.1724137931034483       5.303226232803993E-13    5.317537646096351E-13    0.25                     5.0E10                   2700                     4808.765145255299        2776.341851082837        2502.294445801098
1.04059                  5.819999999999999        0.17182130584192443      5.303210397515379E-13    5.317693700024503E-13    0.25                     5.0E10                   2700                     4808.765145255299        2776.341851082837        2502.294445801098
1.04059                  5.84                     0.17123287671232879      5.303187366236759E-13    5.317841003107048E-13    0.25                     5.0E10                   2700                     4808.765145255299        2776.341851082837        2502.294445801098
1.04059                  5.859999999999999        0.17064846416382254      5.303147746439147E-13    5.31797046686045E-13     0.25                     5.0E10                   2700                     4808.765145255299        2776.341851082837        2502.294445801098
1.04059                  5.88                     0.17006802721088435      5.303096976548797E-13    5.318087223258455E-13    0.25                     5.0E10                   2700                     4808.765145255299        2776.341851082837        2502.294445801098
1.04059                  5.8999999999999995       0.16949152542372883      5.303035568781697E-13    5.318191686241776E-13    0.25                     5.0E10                   2700                     4808.765145255299        2776.341851082837        2502.294445801098
1.04059                  5.92                     0.16891891891891891      5.302964030312345E-13    5.318284269265519E-13    0.25                     5.0E10                   2700                     4808.765145255299        2776.341851082837        2502.294445801098
1.04059                  5.9399999999999995       0.16835016835016836      5.302882862324933E-13    5.318365384495079E-13    0.25                     5.0E10                   2700                     4808.765145255299        2776.341851082837        2502.294445801098
1.04059                  5.96                     0.16778523489932884      5.302792559647873E-13    5.318435442269609E-13    0.25                     5.0E10                   2700                     4808.765145255299        2776.341851082837        2502.294445801098
1.04059                  5.9799999999999995       0.16722408026755856      5.302693610586791E-13    5.318494850648592E-13    0.25                     5.0E10                   2700                     4808.765145255299        2776.341851082837        2502.294445801098
1.04059                  6                        0.16666666666666666      5.302586496194046E-13    5.318544014830382E-13    0.25                     5.0E10                   2700                     4808.765145255299        2776.341851082837        2502.294445801098
1.04059                  6.02                     0.16611295681063123      5.302471690090266E-13    5.318583336690735E-13    0.25                     5.0E10                   2700                     4808.765145255299        2776.341851082837        2502.294445801098
1.04059                  6.04                     0.16556291390728478      5.302349658202965E-13    5.318613214446259E-13    0.25                     5.0E10                   2700                     4808.765145255299        2776.341851082837        2502.294445801098
1.04059                  6.06                     0.16501650165016504      5.302220858301114E-13    5.318634042144086E-13    0.25                     5.0E10                   2700                     4808.765145255299        2776.341851082837        2502.294445801098
1.04059                  6.08                     0.16447368421052633      5.302085739811309E-13    5.318646209293936E-13    0.25                     5.0E10                   2700                     4808.765145255299        2776.341851082837        2502.294445801098
1.04059                  6.1                      0.16393442622950818      5.301944743719844E-13    5.318650100689057E-13    0.25                     5.0E10                   2700                     4808.765145255299        2776.341851082837        2502.294445801098
1.04059                  6.12                     0.16339869281045752      5.30179830209436E-13     5.318646095841958E-13    0.25                     5.0E10                   2700                     4808.765145255299        2776.341851082837        2502.294445801098
1.04059                  6.14                     0.16286644951140067      5.301646838073307E-13    5.318634568920971E-13    0.25                     5.0E10                   2700                     4808.765145255299        2776.341851082837        2502.294445801098
1.04059                  6.16                     0.16233766233766234      5.301490765809028E-13    5.318615888385577E-13    0.25                     5.0E10                   2700                     4808.765145255299        2776.341851082837        2502.294445801098
1.04059                  6.18                     0.16181229773462782      5.301330490108655E-13    5.318590416745493E-13    0.25                     5.0E10                   2700                     4808.765145255299        2776.341851082837        2502.294445801098
1.04059                  6.2                      0.16129032258064518      5.301166406441293E-13    5.318558510413397E-13    0.25                     5.0E10                   2700                     4808.765145255299        2776.341851082837        2502.294445801098
1.04059                  6.22                     0.16077170418006428      5.300998900853211E-13    5.318520519453493E-13    0.25                     5.0E10                   2700                     4808.765145255299        2776.341851082837        2502.294445801098
1.04059                  6.24                     0.16025641025641027      5.300828349827446E-13    5.318476787417464E-13    0.25                     5.0E10                   2700                     4808.765145255299        2776.341851082837        2502.294445801098
1.04059                  6.26                     0.1597444089456869       5.300655120387151E-13    5.318427651255359E-13    0.25                     5.0E10                   2700                     4808.765145255299        2776.341851082837        2502.294445801098
1.04059                  6.279999999999999        0.15923566878980894      5.300479569949608E-13    5.318373441169781E-13    0.25                     5.0E10                   2700                     4808.765145255299        2776.341851082837        2502.294445801098
1.04059                  6.3                      0.15873015873015872      5.300302046240847E-13    5.318314480411511E-13    0.25                     5.0E10                   2700                     4808.765145255299        2776.341851082837        2502.294445801098
1.04059                  6.319999999999999        0.15822784810126583      5.300122887370343E-13    5.31825108528823E-13     0.25                     5.0E10                   2700                     4808.765145255299        2776.341851082837        2502.294445801098
1.04059                  6.34                     0.1577287066246057       5.299942422020489E-13    5.318183565135465E-13    0.25                     5.0E10                   2700                     4808.765145255299        2776.341851082837        2502.294445801098
1.04059                  6.359999999999999        0.15723270440251574      5.299760969053014E-13    5.318112222016525E-13    0.25                     5.0E10                   2700                     4808.765145255299        2776.341851082837        2502.294445801098
1.04059                  6.38                     0.15673981191222572      5.299578837930382E-13    5.318037350944454E-13    0.25                     5.0E10                   2700                     4808.765145255299        2776.341851082837        2502.294445801098
1.04059                  6.3999999999999995       0.15625                  5.299396328645104E-13    5.317959239736331E-13    0.25                     5.0E10                   2700                     4808.765145255299        2776.341851082837        2502.294445801098
1.04059                  6.42                     0.1557632398753894       5.299213731756805E-13    5.317878168958949E-13    0.25                     5.0E10                   2700                     4808.765145255299        2776.341851082837        2502.294445801098
1.04059                  6.4399999999999995       0.15527950310559008      5.299031328371149E-13    5.317794411926615E-13    0.25                     5.0E10                   2700                     4808.765145255299        2776.341851082837        2502.294445801098
1.04059                  6.46                     0.15479876160990713      5.298849390461434E-13    5.317708234787946E-13    0.25                     5.0E10                   2700                     4808.765145255299        2776.341851082837        2502.294445801098
1.04059                  6.4799999999999995       0.154320987654321        5.298668180760374E-13    5.317619896434436E-13    0.25                     5.0E10                   2700                     4808.765145255299        2776.341851082837        2502.294445801098
1.04059                  6.5                      0.15384615384615383      5.298487952856342E-13    5.317529648545469E-13    0.25                     5.0E10                   2700                     4808.765145255299        2776.341851082837        2502.294445801098
1.04059                  6.52                     0.15337423312883436      5.29830895151187E-13     5.317437735735863E-13    0.25                     5.0E10                   2700                     4808.765145255299        2776.341851082837        2502.294445801098
1.04059                  6.54                     0.15290519877675843      5.298131412389122E-13    5.317344395316532E-13    0.25                     5.0E10                   2700                     4808.765145255299        2776.341851082837        2502.294445801098
1.04059                  6.56                     0.15243902439024393      5.297955562661722E-13    5.317249857718142E-13    0.25                     5.0E10                   2700                     4808.765145255299        2776.341851082837        2502.294445801098
1.04059                  6.58                     0.1519756838905775       5.297781620737473E-13    5.317154346219869E-13    0.25                     5.0E10                   2700                     4808.765145255299        2776.341851082837        2502.294445801098
1.04059                  6.6                      0.15151515151515152      5.297609796484744E-13    5.31705807715776E-13     0.25                     5.0E10                   2700                     4808.765145255299        2776.341851082837        2502.294445801098
1.04059                  6.62                     0.1510574018126888       5.297440291477055E-13    5.316961259998287E-13    0.25                     5.0E10                   2700                     4808.765145255299        2776.341851082837        2502.294445801098
1.04059                  6.64                     0.1506024096385542       5.297273299120505E-13    5.316864097401136E-13    0.25                     5.0E10                   2700                     4808.765145255299        2776.341851082837        2502.294445801098
1.04059                  6.66                     0.15015015015015015      5.297109004611239E-13    5.316766785229071E-13    0.25                     5.0E10                   2700                     4808.765145255299        2776.341851082837        2502.294445801098
1.04059                  6.68                     0.14970059880239522      5.296947585254765E-13    5.316669512703867E-13    0.25                     5.0E10                   2700                     4808.765145255299        2776.341851082837        2502.294445801098
1.04059                  6.7                      0.1492537313432836       5.296789210591997E-13    5.316572462501469E-13    0.25                     5.0E10                   2700                     4808.765145255299        2776.341851082837        2502.294445801098
1.04059                  6.72                     0.1488095238095238       5.296634042462938E-13    5.316475810771463E-13    0.25                     5.0E10                   2700                     4808.765145255299        2776.341851082837        2502.294445801098
1.04059                  6.74                     0.14836795252225518      5.296482235244409E-13    5.316379727308605E-13    0.25                     5.0E10                   2700                     4808.765145255299        2776.341851082837        2502.294445801098
1.04059                  6.76                     0.14792899408284024      5.29633393599079E-13     5.316284375626443E-13    0.25                     5.0E10                   2700                     4808.765145255299        2776.341851082837        2502.294445801098
1.04059                  6.779999999999999        0.14749262536873156      5.296189284498254E-13    5.316189912990534E-13    0.25                     5.0E10                   2700                     4808.765145255299        2776.341851082837        2502.294445801098
1.04059                  6.8                      0.14705882352941177      5.296048413579514E-13    5.316096490663463E-13    0.25                     5.0E10                   2700                     4808.765145255299        2776.341851082837        2502.294445801098
1.04059                  6.819999999999999        0.1466275659824047       5.295911449136941E-13    5.31600425385084E-13     0.25                     5.0E10                   2700                     4808.765145255299        2776.341851082837        2502.294445801098
1.04059                  6.84                     0.14619883040935674      5.295778510433648E-13    5.315913341981839E-13    0.25                     5.0E10                   2700                     4808.765145255299        2776.341851082837        2502.294445801098
1.04059                  6.859999999999999        0.1457725947521866       5.295649710009632E-13    5.315823888620803E-13    0.25                     5.0E10                   2700                     4808.765145255299        2776.341851082837        2502.294445801098
1.04059                  6.88                     0.14534883720930233      5.295525154172202E-13    5.3157360217741E-13      0.25                     5.0E10                   2700                     4808.765145255299        2776.341851082837        2502.294445801098
1.04059                  6.8999999999999995       0.14492753623188406      5.295404942815933E-13    5.315649863833732E-13    0.25                     5.0E10                   2700                     4808.765145255299        2776.341851082837        2502.294445801098
1.04059                  6.92                     0.1445086705202312       5.295289169844925E-13    5.31556553183383E-13     0.25                     5.0E10                   2700                     4808.765145255299        2776.341851082837        2502.294445801098
1.04059                  6.9399999999999995       0.1440922190201729       5.29517792319093E-13     5.315483137471025E-13    0.25                     5.0E10                   2700                     4808.765145255299        2776.341851082837        2502.294445801098
1.04059                  6.96                     0.14367816091954022      5.295071284961606E-13    5.315402787240631E-13    0.25                     5.0E10                   2700                     4808.765145255299        2776.341851082837        2502.294445801098
1.04059                  6.9799999999999995       0.14326647564469916      5.294969331592592E-13    5.31532458252419E-13     0.25                     5.0E10                   2700                     4808.765145255299        2776.341851082837        2502.294445801098
1.04059                  7                        0.14285714285714285      5.294872134215921E-13    5.315248619832485E-13    0.25                     5.0E10                   2700                     4808.765145255299        2776.341851082837        2502.294445801098
1.04059                  7.02                     0.14245014245014245      5.294779758340637E-13    5.315174990698726E-13    0.25                     5.0E10                   2700                     4808.765145255299        2776.341851082837        2502.294445801098
1.04059                  7.04                     0.14204545454545456      5.294692264588106E-13    5.315103782044044E-13    0.25                     5.0E10                   2700                     4808.765145255299        2776.341851082837        2502.294445801098
1.04059                  7.06                     0.141643059490085        5.294609708294805E-13    5.315035076063825E-13    0.25                     5.0E10                   2700                     4808.765145255299        2776.341851082837        2502.294445801098
1.04059                  7.08                     0.14124293785310735      5.294532140100856E-13    5.314968950520718E-13    0.25                     5.0E10                   2700                     4808.765145255299        2776.341851082837        2502.294445801098
1.04059                  7.1                      0.14084507042253522      5.294459605642038E-13    5.314905478682306E-13    0.25                     5.0E10                   2700                     4808.765145255299        2776.341851082837        2502.294445801098
1.04059                  7.12                     0.14044943820224717      5.294392146286716E-13    5.31484472968412E-13     0.25                     5.0E10                   2700                     4808.765145255299        2776.341851082837        2502.294445801098
1.04059                  7.14                     0.1400560224089636       5.294329798644683E-13    5.314786768329708E-13    0.25                     5.0E10                   2700                     4808.765145255299        2776.341851082837        2502.294445801098
1.04059                  7.16                     0.13966480446927376      5.29427259513467E-13     5.314731655456137E-13    0.25                     5.0E10                   2700                     4808.765145255299        2776.341851082837        2502.294445801098
1.04059                  7.18                     0.1392757660167131       5.294220563928383E-13    5.314679447900451E-13    0.25                     5.0E10                   2700                     4808.765145255299        2776.341851082837        2502.294445801098
1.04059                  7.2                      0.1388888888888889       5.294173729184531E-13    5.314630198689377E-13    0.25                     5.0E10                   2700                     4808.765145255299        2776.341851082837        2502.294445801098
1.04059                  7.22                     0.13850415512465375      5.294132111125846E-13    5.314583957100823E-13    0.25                     5.0E10                   2700                     4808.765145255299        2776.341851082837        2502.294445801098
1.04059                  7.24                     0.13812154696132597      5.294095726106216E-13    5.314540768753369E-13    0.25                     5.0E10                   2700                     4808.765145255299        2776.341851082837        2502.294445801098
1.04059                  7.26                     0.13774104683195593      5.294064586933509E-13    5.314500675785528E-13    0.25                     5.0E10                   2700                     4808.765145255299        2776.341851082837        2502.294445801098
1.04059                  7.279999999999999        0.13736263736263737      5.294038702770641E-13    5.314463716876507E-13    0.25                     5.0E10                   2700                     4808.765145255299        2776.341851082837        2502.294445801098
1.04059                  7.3                      0.13698630136986303      5.294018079373592E-13    5.314429927376243E-13    0.25                     5.0E10                   2700                     4808.765145255299        2776.341851082837        2502.294445801098
1.04059                  7.319999999999999        0.1366120218579235       5.294002719259425E-13    5.31439933946614E-13     0.25                     5.0E10                   2700                     4808.765145255299        2776.341851082837        2502.294445801098
1.04059                  7.34                     0.1362397820163488       5.293992621708524E-13    5.314371982140674E-13    0.25                     5.0E10                   2700                     4808.765145255299        2776.341851082837        2502.294445801098
1.04059                  7.359999999999999        0.13586956521739132      5.293987782870081E-13    5.314347881391967E-13    0.25                     5.0E10                   2700                     4808.765145255299        2776.341851082837        2502.294445801098
1.04059                  7.38                     0.13550135501355012      5.293988196094213E-13    5.314327060298259E-13    0.25                     5.0E10                   2700                     4808.765145255299        2776.341851082837        2502.294445801098
1.04059                  7.3999999999999995       0.13513513513513514      5.29399385176023E-13     5.314309539069669E-13    0.25                     5.0E10                   2700                     4808.765145255299        2776.341851082837        2502.294445801098
1.04059                  7.42                     0.1347708894878706       5.294004737528331E-13    5.31429533517322E-13     0.25                     5.0E10                   2700                     4808.765145255299        2776.341851082837        2502.294445801098
1.04059                  7.4399999999999995       0.13440860215053765      5.294020838532259E-13    5.314284463485526E-13    0.25                     5.0E10                   2700                     4808.765145255299        2776.341851082837        2502.294445801098
1.04059                  7.46                     0.13404825737265413      5.294042137259984E-13    5.31427693623976E-13     0.25                     5.0E10                   2700                     4808.765145255299        2776.341851082837        2502.294445801098
1.04059                  7.4799999999999995       0.1336898395721925       5.294068613830407E-13    5.31427276321896E-13     0.25                     5.0E10                   2700                     4808.765145255299        2776.341851082837        2502.294445801098
1.04059                  7.5                      0.13333333333333333      5.294100246041299E-13    5.314271951818955E-13    0.25                     5.0E10                   2700                     4808.765145255299        2776.341851082837        2502.294445801098
1.04059                  7.52                     0.13297872340425532      5.294137009398686E-13    5.314274507103912E-13    0.25                     5.0E10                   2700                     4808.765145255299        2776.341851082837        2502.294445801098
1.04059                  7.54                     0.13262599469496023      5.294178877442867E-13    5.314280431965618E-13    0.25                     5.0E10                   2700                     4808.765145255299        2776.341851082837        2502.294445801098
1.04059                  7.56                     0.13227513227513227      5.294225821441023E-13    5.314289727086306E-13    0.25                     5.0E10                   2700                     4808.765145255299        2776.341851082837        2502.294445801098
1.04059                  7.58                     0.13192612137203166      5.294277810947383E-13    5.31430239114984E-13     0.25                     5.0E10                   2700                     4808.765145255299        2776.341851082837        2502.294445801098
1.04059                  7.6                      0.13157894736842105      5.294334813440804E-13    5.314318420756576E-13    0.25                     5.0E10                   2700                     4808.765145255299        2776.341851082837        2502.294445801098
1.04059                  7.62                     0.13123359580052493      5.294396794791401E-13    5.314337810689644E-13    0.25                     5.0E10                   2700                     4808.765145255299        2776.341851082837        2502.294445801098
1.04059                  7.64                     0.13089005235602094      5.29446371900518E-13     5.314360553805023E-13    0.25                     5.0E10                   2700                     4808.765145255299        2776.341851082837        2502.294445801098
1.04059                  7.66                     0.13054830287206268      5.294535548726169E-13    5.314386641272542E-13    0.25                     5.0E10                   2700                     4808.765145255299        2776.341851082837        2502.294445801098
1.04059                  7.68                     0.13020833333333334      5.294612244820547E-13    5.314416062533895E-13    0.25                     5.0E10                   2700                     4808.765145255299        2776.341851082837        2502.294445801098
1.04059                  7.7                      0.12987012987012989      5.294693766788885E-13    5.31444880532204E-13     0.25                     5.0E10                   2700                     4808.765145255299        2776.341851082837        2502.294445801098
1.04059                  7.72                     0.1295336787564767       5.294780072775722E-13    5.314484855929278E-13    0.25                     5.0E10                   2700                     4808.765145255299        2776.341851082837        2502.294445801098
1.04059                  7.74                     0.12919896640826872      5.294871119609422E-13    5.314524199079388E-13    0.25                     5.0E10                   2700                     4808.765145255299        2776.341851082837        2502.294445801098
1.04059                  7.76                     0.1288659793814433       5.294966862844463E-13    5.314566818071929E-13    0.25                     5.0E10                   2700                     4808.765145255299        2776.341851082837        2502.294445801098
1.04059                  7.779999999999999        0.12853470437017997      5.29506725688798E-13     5.31461269483878E-13     0.25                     5.0E10                   2700                     4808.765145255299        2776.341851082837        2502.294445801098
1.04059                  7.8                      0.12820512820512822      5.295172255079383E-13    5.314661810012566E-13    0.25                     5.0E10                   2700                     4808.765145255299        2776.341851082837        2502.294445801098
1.04059                  7.819999999999999        0.1278772378516624       5.295281809610998E-13    5.314714142935354E-13    0.25                     5.0E10                   2700                     4808.765145255299        2776.341851082837        2502.294445801098
1.04059                  7.84                     0.12755102040816327      5.295395871805557E-13    5.314769671784119E-13    0.25                     5.0E10                   2700                     4808.765145255299        2776.341851082837        2502.294445801098
1.04059                  7.859999999999999        0.1272264631043257       5.295514392035284E-13    5.314828373591601E-13    0.25                     5.0E10                   2700                     4808.765145255299        2776.341851082837        2502.294445801098
1.04059                  7.88                     0.12690355329949238      5.295637319787353E-13    5.314890224304566E-13    0.25                     5.0E10                   2700                     4808.765145255299        2776.341851082837        2502.294445801098
1.04059                  7.8999999999999995       0.12658227848101267      5.295764603804538E-13    5.314955198836274E-13    0.25                     5.0E10                   2700                     4808.765145255299        2776.341851082837        2502.294445801098
1.04059                  7.92                     0.12626262626262624      5.295896192124065E-13    5.315023271144745E-13    0.25                     5.0E10                   2700                     4808.765145255299        2776.341851082837        2502.294445801098
1.04059                  7.9399999999999995       0.12594458438287154      5.296032031893657E-13    5.31509441417509E-13     0.25                     5.0E10                   2700                     4808.765145255299        2776.341851082837        2502.294445801098
1.04059                  7.96                     0.12562814070351758      5.2961720698594E-13      5.315168600107533E-13    0.25                     5.0E10                   2700                     4808.765145255299        2776.341851082837        2502.294445801098
1.04059                  7.9799999999999995       0.12531328320802007      5.296316252049891E-13    5.315245800192325E-13    0.25                     5.0E10                   2700                     4808.765145255299        2776.341851082837        2502.294445801098
1.04059                  8                        0.125                    5.296464524007575E-13    5.315325984942584E-13    0.25                     5.0E10                   2700                     4808.765145255299        2776.341851082837        2502.294445801098
1.04059                  8.02                     0.12468827930174564      5.296616830748166E-13    5.31540912410008E-13     0.25                     5.0E10                   2700                     4808.765145255299        2776.341851082837        2502.294445801098
1.04059                  8.040000000000001        0.1243781094527363       5.296773116834201E-13    5.315495186697784E-13    0.25                     5.0E10                   2700                     4808.765145255299        2776.341851082837        2502.294445801098
1.04059                  8.06                     0.12406947890818859      5.296933326481953E-13    5.315584141162243E-13    0.25                     5.0E10                   2700                     4808.765145255299        2776.341851082837        2502.294445801098
1.04059                  8.08                     0.12376237623762378      5.297097403474279E-13    5.315675955224037E-13    0.25                     5.0E10                   2700                     4808.765145255299        2776.341851082837        2502.294445801098
1.04059                  8.1                      0.1234567901234568       5.297265291375878E-13    5.315770596121038E-13    0.25                     5.0E10                   2700                     4808.765145255299        2776.341851082837        2502.294445801098
1.04059                  8.12                     0.12315270935960593      5.297436933359172E-13    5.315868030462984E-13    0.25                     5.0E10                   2700                     4808.765145255299        2776.341851082837        2502.294445801098
1.04059                  8.14                     0.12285012285012284      5.29761227247658E-13     5.315968224432392E-13    0.25                     5.0E10                   2700                     4808.765145255299        2776.341851082837        2502.294445801098
1.04059                  8.16                     0.12254901960784315      5.297791251505839E-13    5.316071143714387E-13    0.25                     5.0E10                   2700                     4808.765145255299        2776.341851082837        2502.294445801098
1.04059                  8.18                     0.12224938875305624      5.297973813010973E-13    5.316176753509213E-13    0.25                     5.0E10                   2700                     4808.765145255299        2776.341851082837        2502.294445801098
1.04059                  8.2                      0.12195121951219513      5.298159899538091E-13    5.316285018707521E-13    0.25                     5.0E10                   2700                     4808.765145255299        2776.341851082837        2502.294445801098
1.04059                  8.22                     0.121654501216545        5.298349453486676E-13    5.316395903784472E-13    0.25                     5.0E10                   2700                     4808.765145255299        2776.341851082837        2502.294445801098
1.04059                  8.24                     0.12135922330097086      5.298542417149417E-13    5.316509372878367E-13    0.25                     5.0E10                   2700                     4808.765145255299        2776.341851082837        2502.294445801098
1.04059                  8.26                     0.12106537530266344      5.298738732746045E-13    5.31662538980983E-13     0.25                     5.0E10                   2700                     4808.765145255299        2776.341851082837        2502.294445801098
1.04059                  8.28                     0.1207729468599034       5.298938342700341E-13    5.316743918176286E-13    0.25                     5.0E10                   2700                     4808.765145255299        2776.341851082837        2502.294445801098
1.04059                  8.299999999999999        0.1204819277108434       5.29914118918884E-13     5.31686492127017E-13     0.25                     5.0E10                   2700                     4808.765145255299        2776.341851082837        2502.294445801098
1.04059                  8.32                     0.12019230769230768      5.299347214679167E-13    5.316988362228561E-13    0.25                     5.0E10                   2700                     4808.765145255299        2776.341851082837        2502.294445801098
1.04059                  8.34                     0.11990407673860912      5.299556361487573E-13    5.317114203912647E-13    0.25                     5.0E10                   2700                     4808.765145255299        2776.341851082837        2502.294445801098
1.04059                  8.36                     0.1196172248803828       5.299768572200768E-13    5.317242409082663E-13    0.25                     5.0E10                   2700                     4808.765145255299        2776.341851082837        2502.294445801098
1.04059                  8.379999999999999        0.11933174224343678      5.299983789444486E-13    5.317372940320914E-13    0.25                     5.0E10                   2700                     4808.765145255299        2776.341851082837        2502.294445801098
1.04059                  8.4                      0.11904761904761904      5.300201956025702E-13    5.317505760122594E-13    0.25                     5.0E10                   2700                     4808.765145255299        2776.341851082837        2502.294445801098
1.04059                  8.42                     0.11876484560570072      5.300423014845544E-13    5.317640830810606E-13    0.25                     5.0E10                   2700                     4808.765145255299        2776.341851082837        2502.294445801098
1.04059                  8.44                     0.11848341232227488      5.300646909181171E-13    5.317778114770112E-13    0.25                     5.0E10                   2700                     4808.765145255299        2776.341851082837        2502.294445801098
1.04059                  8.459999999999999        0.11820330969267141      5.300873582350467E-13    5.317917574225053E-13    0.25                     5.0E10                   2700                     4808.765145255299        2776.341851082837        2502.294445801098
1.04059                  8.48                     0.1179245283018868       5.301102977852212E-13    5.318059171337175E-13    0.25                     5.0E10                   2700                     4808.765145255299        2776.341851082837        2502.294445801098
1.04059                  8.5                      0.11764705882352941      5.301335039634743E-13    5.318202868366706E-13    0.25                     5.0E10                   2700                     4808.765145255299        2776.341851082837        2502.294445801098
1.04059                  8.52                     0.11737089201877934      5.301569711800314E-13    5.318348627530699E-13    0.25                     5.0E10                   2700                     4808.765145255299        2776.341851082837        2502.294445801098
1.04059                  8.54                     0.117096018735363        5.301806938723521E-13    5.318496411038916E-13    0.25                     5.0E10                   2700                     4808.765145255299        2776.341851082837        2502.294445801098
1.04059                  8.56                     0.11682242990654204      5.302046665106542E-13    5.318646181192949E-13    0.25                     5.0E10                   2700                     4808.765145255299        2776.341851082837        2502.294445801098
1.04059                  8.58                     0.11655011655011656      5.302288835915798E-13    5.318797900307285E-13    0.25                     5.0E10                   2700                     4808.765145255299        2776.341851082837        2502.294445801098
1.04059                  8.6                      0.11627906976744186      5.302533396508051E-13    5.31895153079182E-13     0.25                     5.0E10                   2700                     4808.765145255299        2776.341851082837        2502.294445801098
1.04059                  8.62                     0.1160092807424594       5.302780292649751E-13    5.319107035204192E-13    0.25                     5.0E10                   2700                     4808.765145255299        2776.341851082837        2502.294445801098
1.04059                  8.64                     0.11574074074074073      5.303029470240619E-13    5.319264376052438E-13    0.25                     5.0E10                   2700                     4808.765145255299        2776.341851082837        2502.294445801098
1.04059                  8.66                     0.11547344110854503      5.303280875785106E-13    5.319423516166334E-13    0.25                     5.0E10                   2700                     4808.765145255299        2776.341851082837        2502.294445801098
1.04059                  8.68                     0.1152073732718894       5.303534456065675E-13    5.319584418375663E-13    0.25                     5.0E10                   2700                     4808.765145255299        2776.341851082837        2502.294445801098
1.04059                  8.7                      0.11494252873563218      5.303790158176955E-13    5.319747045623049E-13    0.25                     5.0E10                   2700                     4808.765145255299        2776.341851082837        2502.294445801098
1.04059                  8.72                     0.1146788990825688       5.304047929772292E-13    5.319911361137753E-13    0.25                     5.0E10                   2700                     4808.765145255299        2776.341851082837        2502.294445801098
1.04059                  8.74                     0.11441647597254004      5.304307718801172E-13    5.320077328218565E-13    0.25                     5.0E10                   2700                     4808.765145255299        2776.341851082837        2502.294445801098
1.04059                  8.76                     0.1141552511415525       5.304586995709489E-13    5.320261675675621E-13    0.25                     5.0E10                   2700                     4808.765145255299        2776.341851082837        2502.294445801098
1.04059                  8.78                     0.11389521640091117      5.304850749995475E-13    5.320430923927579E-13    0.25                     5.0E10                   2700                     4808.765145255299        2776.341851082837        2502.294445801098
1.04059                  8.8                      0.11363636363636362      5.305116368259299E-13    5.320601714921391E-13    0.25                     5.0E10                   2700                     4808.765145255299        2776.341851082837        2502.294445801098
1.04059                  8.82                     0.11337868480725624      5.305383800082367E-13    5.320774012667113E-13    0.25                     5.0E10                   2700                     4808.765145255299        2776.341851082837        2502.294445801098
1.04059                  8.84                     0.11312217194570136      5.305652995782582E-13    5.320947781589661E-13    0.25                     5.0E10                   2700                     4808.765145255299        2776.341851082837        2502.294445801098
1.04059                  8.86                     0.11286681715575621      5.305923905893537E-13    5.321122986230913E-13    0.25                     5.0E10                   2700                     4808.765145255299        2776.341851082837        2502.294445801098
1.04059                  8.879999999999999        0.11261261261261263      5.306196481644022E-13    5.321299591431206E-13    0.25                     5.0E10                   2700                     4808.765145255299        2776.341851082837        2502.294445801098
1.04059                  8.9                      0.11235955056179775      5.306470674464574E-13    5.32147756217045E-13     0.25                     5.0E10                   2700                     4808.765145255299        2776.341851082837        2502.294445801098
1.04059                  8.92                     0.11210762331838565      5.306746436520118E-13    5.321656863843685E-13    0.25                     5.0E10                   2700                     4808.765145255299        2776.341851082837        2502.294445801098
1.04059                  8.94                     0.11185682326621925      5.307023720344721E-13    5.321837462000656E-13    0.25                     5.0E10                   2700                     4808.765145255299        2776.341851082837        2502.294445801098
1.04059                  8.959999999999999        0.11160714285714285      5.307302478979577E-13    5.32201932248732E-13     0.25                     5.0E10                   2700                     4808.765145255299        2776.341851082837        2502.294445801098
1.04059                  8.98                     0.11135857461024498      5.307582665903556E-13    5.322202411407993E-13    0.25                     5.0E10                   2700                     4808.765145255299        2776.341851082837        2502.294445801098
1.04059                  9                        0.11111111111111112      5.307864235163688E-13    5.322386695171801E-13    0.25                     5.0E10                   2700                     4808.765145255299        2776.341851082837        2502.294445801098
1.04059                  9.02                     0.11086474501108647      5.308147141260003E-13    5.322572140463193E-13    0.25                     5.0E10                   2700                     4808.765145255299        2776.341851082837        2502.294445801098
1.04059                  9.04                     0.11061946902654868      5.308431339232412E-13    5.322758714245119E-13    0.25                     5.0E10                   2700                     4808.765145255299        2776.341851082837        2502.294445801098
1.04059                  9.06                     0.11037527593818983      5.308716784629685E-13    5.322946383823653E-13    0.25                     5.0E10                   2700                     4808.765145255299        2776.341851082837        2502.294445801098
1.04059                  9.08                     0.11013215859030838      5.309003433377823E-13    5.32313511670856E-13     0.25                     5.0E10                   2700                     4808.765145255299        2776.341851082837        2502.294445801098
1.04059                  9.1                      0.1098901098901099       5.309291242071399E-13    5.323324880797103E-13    0.25                     5.0E10                   2700                     4808.765145255299        2776.341851082837        2502.294445801098
1.04059                  9.12                     0.10964912280701757      5.309580167776795E-13    5.323515644303996E-13    0.25                     5.0E10                   2700                     4808.765145255299        2776.341851082837        2502.294445801098
1.04059                  9.14                     0.10940919037199125      5.309870168009756E-13    5.323707375702541E-13    0.25                     5.0E10                   2700                     4808.765145255299        2776.341851082837        2502.294445801098
1.04059                  9.16                     0.10917030567685589      5.310161200882804E-13    5.323900043815884E-13    0.25                     5.0E10                   2700                     4808.765145255299        2776.341851082837        2502.294445801098
1.04059                  9.18                     0.10893246187363835      5.310453224887873E-13    5.324093617727274E-13    0.25                     5.0E10                   2700                     4808.765145255299        2776.341851082837        2502.294445801098
1.04059                  9.2                      0.10869565217391305      5.310746199200577E-13    5.324288066940431E-13    0.25                     5.0E10                   2700                     4808.765145255299        2776.341851082837        2502.294445801098
1.04059                  9.22                     0.10845986984815618      5.311040083478965E-13    5.324483361264323E-13    0.25                     5.0E10                   2700                     4808.765145255299        2776.341851082837        2502.294445801098
1.04059                  9.24                     0.10822510822510822      5.311334837688398E-13    5.324679470695667E-13    0.25                     5.0E10                   2700                     4808.765145255299        2776.341851082837        2502.294445801098
1.04059                  9.26                     0.1079913606911447       5.311630422598535E-13    5.324876365763833E-13    0.25                     5.0E10                   2700                     4808.765145255299        2776.341851082837        2502.294445801098
1.04059                  9.28                     0.10775862068965518      5.3119267992682E-13      5.325074017164233E-13    0.25                     5.0E10                   2700                     4808.765145255299        2776.341851082837        2502.294445801098
1.04059                  9.3                      0.10752688172043011      5.312223929449438E-13    5.325272396041135E-13    0.25                     5.0E10                   2700                     4808.765145255299        2776.341851082837        2502.294445801098
1.04059                  9.32                     0.1072961373390558       5.312521775315893E-13    5.325471473853531E-13    0.25                     5.0E10                   2700                     4808.765145255299        2776.341851082837        2502.294445801098
1.04059                  9.34                     0.10706638115631692      5.312820299403864E-13    5.325671222232379E-13    0.25                     5.0E10                   2700                     4808.765145255299        2776.341851082837        2502.294445801098
1.04059                  9.36                     0.10683760683760683      5.313119465081801E-13    5.325871613399502E-13    0.25                     5.0E10                   2700                     4808.765145255299        2776.341851082837        2502.294445801098
1.04059                  9.379999999999999        0.10660980810234544      5.313419235934352E-13    5.32607261973813E-13     0.25                     5.0E10                   2700                     4808.765145255299        2776.341851082837        2502.294445801098
1.04059                  9.4                      0.10638297872340426      5.313719576206028E-13    5.326274214018203E-13    0.25                     5.0E10                   2700                     4808.765145255299        2776.341851082837        2502.294445801098
1.04059                  9.42                     0.10615711252653928      5.314020450717999E-13    5.326476369393187E-13    0.25                     5.0E10                   2700                     4808.765145255299        2776.341851082837        2502.294445801098
1.04059                  9.44                     0.1059322033898305       5.314321824589868E-13    5.326679059311799E-13    0.25                     5.0E10                   2700                     4808.765145255299        2776.341851082837        2502.294445801098
1.04059                  9.459999999999999        0.10570824524312897      5.314623663548128E-13    5.326882257503612E-13    0.25                     5.0E10                   2700                     4808.765145255299        2776.341851082837        2502.294445801098
1.04059                  9.48                     0.10548523206751054      5.31492593371018E-13     5.327085938078237E-13    0.25                     5.0E10                   2700                     4808.765145255299        2776.341851082837        2502.294445801098
1.04059                  9.5                      0.10526315789473685      5.315228601973783E-13    5.327290075578647E-13    0.25                     5.0E10                   2700                     4808.765145255299        2776.341851082837        2502.294445801098
1.04059                  9.52                     0.10504201680672269      5.315531635467006E-13    5.327494644772542E-13    0.25                     5.0E10                   2700                     4808.765145255299        2776.341851082837        2502.294445801098
1.04059                  9.54                     0.10482180293501049      5.315835001861708E-13    5.327699620771941E-13    0.25                     5.0E10                   2700                     4808.765145255299        2776.341851082837        2502.294445801098
1.04059                  9.56                     0.10460251046025104      5.31613866935638E-13     5.327904979065978E-13    0.25                     5.0E10                   2700                     4808.765145255299        2776.341851082837        2502.294445801098
1.04059                  9.58                     0.10438413361169102      5.316442606644486E-13    5.328110695461615E-13    0.25                     5.0E10                   2700                     4808.765145255299        2776.341851082837        2502.294445801098
1.04059                  9.6                      0.10416666666666667      5.316746782902547E-13    5.328316746135891E-13    0.25                     5.0E10                   2700                     4808.765145255299        2776.341851082837        2502.294445801098
1.04059                  9.62                     0.10395010395010396      5.317051167717169E-13    5.328523107519282E-13    0.25                     5.0E10                   2700                     4808.765145255299        2776.341851082837        2502.294445801098
1.04059                  9.64                     0.10373443983402489      5.317355731228453E-13    5.32872975643266E-13     0.25                     5.0E10                   2700                     4808.765145255299        2776.341851082837        2502.294445801098
1.04059                  9.66                     0.10351966873706003      5.317660444032533E-13    5.328936670059362E-13    0.25                     5.0E10                   2700                     4808.765145255299        2776.341851082837        2502.294445801098
1.04059                  9.68                     0.10330578512396693      5.317965277091679E-13    5.329143825774905E-13    0.25                     5.0E10                   2700                     4808.765145255299        2776.341851082837        2502.294445801098
1.04059                  9.7                      0.10309278350515465      5.318270202084708E-13    5.329351201496181E-13    0.25                     5.0E10                   2700                     4808.765145255299        2776.341851082837        2502.294445801098
1.04059                  9.72                     0.102880658436214        5.318575190936922E-13    5.329558775307134E-13    0.25                     5.0E10                   2700                     4808.765145255299        2776.341851082837        2502.294445801098
1.04059                  9.74                     0.1026694045174538       5.318880216019266E-13    5.329766525614514E-13    0.25                     5.0E10                   2700                     4808.765145255299        2776.341851082837        2502.294445801098
1.04059                  9.76                     0.10245901639344263      5.31918525043325E-13     5.3299744313373E-13      0.25                     5.0E10                   2700                     4808.765145255299        2776.341851082837        2502.294445801098
1.04059                  9.78                     0.10224948875255623      5.319490267286432E-13    5.330182471406925E-13    0.25                     5.0E10                   2700                     4808.765145255299        2776.341851082837        2502.294445801098
1.04059                  9.8                      0.10204081632653059      5.319795240509291E-13    5.33039062533413E-13     0.25                     5.0E10                   2700                     4808.765145255299        2776.341851082837        2502.294445801098
1.04059                  9.82                     0.10183299389002037      5.320100144371058E-13    5.330598872876284E-13    0.25                     5.0E10                   2700                     4808.765145255299        2776.341851082837        2502.294445801098
1.04059                  9.84                     0.1016260162601626       5.320404953461533E-13    5.330807194012294E-13    0.25                     5.0E10                   2700                     4808.765145255299        2776.341851082837        2502.294445801098
1.04059                  9.86                     0.10141987829614604      5.320709643069655E-13    5.331015569235191E-13    0.25                     5.0E10                   2700                     4808.765145255299        2776.341851082837        2502.294445801098
1.04059                  9.879999999999999        0.10121457489878542      5.321014188631138E-13    5.331223979134835E-13    0.25                     5.0E10                   2700                     4808.765145255299        2776.341851082837        2502.294445801098
1.04059                  9.9                      0.101010101010101        5.321318566174592E-13    5.331432404757317E-13    0.25                     5.0E10                   2700                     4808.765145255299        2776.341851082837        2502.294445801098
1.04059                  9.92                     0.10080645161290322      5.321622752094429E-13    5.331640827373886E-13    0.25                     5.0E10                   2700                     4808.765145255299        2776.341851082837        2502.294445801098
1.04059                  9.94                     0.1006036217303823       5.321926723272769E-13    5.331849228648689E-13    0.25                     5.0E10                   2700                     4808.765145255299        2776.341851082837        2502.294445801098
1.04059                  9.959999999999999        0.10040160642570282      5.322230456953037E-13    5.332057590472606E-13    0.25                     5.0E10                   2700                     4808.765145255299        2776.341851082837        2502.294445801098
1.04059                  9.98                     0.1002004008016032       5.322533930826478E-13    5.332265895058653E-13    0.25                     5.0E10                   2700                     4808.765145255299        2776.341851082837        2502.294445801098
1.04059                  10                       0.1                      5.322365090289718E-13    5.331750861040914E-13    0.25                     5.0E10                   2700                     4808.765145255299        2776.341851082837        2502.294445801098
