0.763537                 0.1                      10                       5.331298082297217E-13    5.331317682344106E-13    0.25                     5.0E10                   2700                     4119.161187534289        2378.19882045838         2502.294445801098
0.763537                 0.12000000000000001      8.333333333333332        5.362971521731595E-13    5.363545266492087E-13    0.25                     5.0E10                   2700                     4119.161187534289        2378.19882045838         2502.294445801098
0.763537                 0.14                     7.1428571428571415       5.341205205512253E-13    5.339687137200136E-13    0.25                     5.0E10                   2700                     4119.161187534289        2378.19882045838         2502.294445801098
0.763537                 0.16                     6.249999999999999        5.33100118527724E-13     5.331889312352205E-13    0.25                     5.0E10                   2700                     4119.161187534289        2378.19882045838         2502.294445801098
0.763537                 0.18                     5.555555555555555        5.373622097442396E-13    5.372889725188558E-13    0.25                     5.0E10                   2700                     4119.161187534289        2378.19882045838         2502.294445801098
0.763537                 0.2                      5                        5.337168337644831E-13    5.330772400764282E-13    0.25                     5.0E10                   2700                     4119.161187534289        2378.19882045838         2502.294445801098
0.763537                 0.22                     4.545454545454546        5.374561873341894E-13    5.365957627421569E-13    0.25                     5.0E10                   2700                     4119.161187534289        2378.19882045838         2502.294445801098
0.763537                 0.24000000000000002      4.166666666666666        5.374147808522832E-13    5.360221870311586E-13    0.25                     5.0E10                   2700                     4119.161187534289        2378.19882045838         2502.294445801098
0.763537                 0.26                     3.846153846153846        5.362671711868652E-13    5.340719859124343E-13    0.25                     5.0E10                   2700                     4119.161187534289        2378.19882045838         2502.294445801098
0.763537                 0.28                     3.5714285714285707       5.385679458065056E-13    5.355874365871508E-13    0.25                     5.0E10                   2700                     4119.161187534289        2378.19882045838         2502.294445801098
0.763537                 0.30000000000000004      3.3333333333333326       5.377934705882021E-13    5.337561347440358E-13    0.25                     5.0E10                   2700                     4119.161187534289        2378.19882045838         2502.294445801098
0.763537                 0.32                     3.1249999999999996       5.343985334332332E-13    5.296316158920399E-13    0.25                     5.0E10                   2700                     4119.161187534289        2378.19882045838         2502.294445801098
0.763537                 0.33999999999999997      2.9411764705882355       5.365987472791546E-13    5.318462777311896E-13    0.25                     5.0E10                   2700                     4119.161187534289        2378.19882045838         2502.294445801098
0.763537                 0.36                     2.7777777777777777       5.328901658591114E-13    5.283147027553837E-13    0.25                     5.0E10                   2700                     4119.161187534289        2378.19882045838         2502.294445801098
0.763537                 0.38                     2.6315789473684212       5.278405995220645E-13    5.225816195237377E-13    0.25                     5.0E10                   2700                     4119.161187534289        2378.19882045838         2502.294445801098
0.763537                 0.4                      2.5                      5.261168380121562E-13    5.219945830141173E-13    0.25                     5.0E10                   2700                     4119.161187534289        2378.19882045838         2502.294445801098
0.763537                 0.42000000000000004      2.3809523809523805       5.230108281911313E-13    5.195620295249426E-13    0.25                     5.0E10                   2700                     4119.161187534289        2378.19882045838         2502.294445801098
0.763537                 0.44000000000000006      2.272727272727273        5.175601491743523E-13    5.164020447723624E-13    0.25                     5.0E10                   2700                     4119.161187534289        2378.19882045838         2502.294445801098
0.763537                 0.45999999999999996      2.173913043478261        5.181448489377306E-13    5.186367571569794E-13    0.25                     5.0E10                   2700                     4119.161187534289        2378.19882045838         2502.294445801098
0.763537                 0.48                     2.0833333333333335       5.104555042867314E-13    5.134202088306554E-13    0.25                     5.0E10                   2700                     4119.161187534289        2378.19882045838         2502.294445801098
0.763537                 0.5                      2                        5.033232628176468E-13    5.079284942031468E-13    0.25                     5.0E10                   2700                     4119.161187534289        2378.19882045838         2502.294445801098
0.763537                 0.52                     1.923076923076923        5.046270862146881E-13    5.109613232940045E-13    0.25                     5.0E10                   2700                     4119.161187534289        2378.19882045838         2502.294445801098
0.763537                 0.54                     1.8518518518518516       4.941371812637279E-13    5.024863194852082E-13    0.25                     5.0E10                   2700                     4119.161187534289        2378.19882045838         2502.294445801098
0.763537                 0.56                     1.7857142857142854       4.972532518152471E-13    5.077553160434176E-13    0.25                     5.0E10                   2700                     4119.161187534289        2378.19882045838         2502.294445801098
0.763537                 0.58                     1.7241379310344829       4.894443903151195E-13    5.030251111234575E-13    0.25                     5.0E10                   2700                     4119.161187534289        2378.19882045838         2502.294445801098
0.763537                 0.6                      1.6666666666666667       4.784706059956824E-13    4.95348496519552E-13     0.25                     5.0E10                   2700                     4119.161187534289        2378.19882045838         2502.294445801098
0.763537                 0.62                     1.6129032258064515       4.748178099770796E-13    4.941625692067077E-13    0.25                     5.0E10                   2700                     4119.161187534289        2378.19882045838         2502.294445801098
0.763537                 0.64                     1.5624999999999998       4.833818896518469E-13    5.056730437813993E-13    0.25                     5.0E10                   2700                     4119.161187534289        2378.19882045838         2502.294445801098
0.763537                 0.66                     1.515151515151515        4.754271344827631E-13    5.005858765628303E-13    0.25                     5.0E10                   2700                     4119.161187534289        2378.19882045838         2502.294445801098
0.763537                 0.6799999999999999       1.4705882352941178       4.64093283382057E-13     4.925864607167707E-13    0.25                     5.0E10                   2700                     4119.161187534289        2378.19882045838         2502.294445801098
0.763537                 0.7                      1.4285714285714286       4.610187614378563E-13    4.936209165404408E-13    0.25                     5.0E10                   2700                     4119.161187534289        2378.19882045838         2502.294445801098
0.763537                 0.72                     1.3888888888888888       4.587360874828326E-13    4.951283800937797E-13    0.25                     5.0E10                   2700                     4119.161187534289        2378.19882045838         2502.294445801098
0.763537                 0.74                     1.3513513513513513       4.562772445096163E-13    4.958576427427885E-13    0.25                     5.0E10                   2700                     4119.161187534289        2378.19882045838         2502.294445801098
0.763537                 0.76                     1.3157894736842106       4.519327718616336E-13    4.934830095281781E-13    0.25                     5.0E10                   2700                     4119.161187534289        2378.19882045838         2502.294445801098
0.763537                 0.78                     1.2820512820512822       4.4449867306248266E-13   4.866690003972437E-13    0.25                     5.0E10                   2700                     4119.161187534289        2378.19882045838         2502.294445801098
0.763537                 0.8                      1.25                     4.415046798082344E-13    4.843939803284103E-13    0.25                     5.0E10                   2700                     4119.161187534289        2378.19882045838         2502.294445801098
0.763537                 0.82                     1.2195121951219514       4.4759327321642284E-13   4.926464998664793E-13    0.25                     5.0E10                   2700                     4119.161187534289        2378.19882045838         2502.294445801098
0.763537                 0.84                     1.1904761904761905       4.556703718485056E-13    5.042008059875779E-13    0.25                     5.0E10                   2700                     4119.161187534289        2378.19882045838         2502.294445801098
0.763537                 0.86                     1.1627906976744187       4.568899494323296E-13    5.084917479038711E-13    0.25                     5.0E10                   2700                     4119.161187534289        2378.19882045838         2502.294445801098
0.763537                 0.88                     1.1363636363636365       4.5000164298838233E-13   5.034225089348852E-13    0.25                     5.0E10                   2700                     4119.161187534289        2378.19882045838         2502.294445801098
0.763537                 0.9                      1.1111111111111112       4.4109849911187646E-13   4.952739611779702E-13    0.25                     5.0E10                   2700                     4119.161187534289        2378.19882045838         2502.294445801098
0.763537                 0.92                     1.0869565217391304       4.3508113164293997E-13   4.895276447810658E-13    0.25                     5.0E10                   2700                     4119.161187534289        2378.19882045838         2502.294445801098
0.763537                 0.94                     1.0638297872340425       4.329530273597483E-13    4.876833187088206E-13    0.25                     5.0E10                   2700                     4119.161187534289        2378.19882045838         2502.294445801098
0.763537                 0.96                     1.0416666666666667       4.3354447232509984E-13   4.887817646805516E-13    0.25                     5.0E10                   2700                     4119.161187534289        2378.19882045838         2502.294445801098
0.763537                 0.98                     1.0204081632653061       4.3564459305239405E-13   4.91655829155116E-13     0.25                     5.0E10                   2700                     4119.161187534289        2378.19882045838         2502.294445801098
0.763537                 1                        1                        4.3832434522879696E-13   4.953056816911849E-13    0.25                     5.0E10                   2700                     4119.161187534289        2378.19882045838         2502.294445801098
0.763537                 1.02                     0.9803921568627452       4.410111616158013E-13    4.993483583562378E-13    0.25                     5.0E10                   2700                     4119.161187534289        2378.19882045838         2502.294445801098
0.763537                 1.04                     0.9615384615384615       4.4244358669288723E-13   5.022723952396589E-13    0.25                     5.0E10                   2700                     4119.161187534289        2378.19882045838         2502.294445801098
0.763537                 1.06                     0.9433962264150944       4.417114758835678E-13    5.029730854573337E-13    0.25                     5.0E10                   2700                     4119.161187534289        2378.19882045838         2502.294445801098
0.763537                 1.08                     0.9259259259259258       4.388708920379349E-13    5.01359618729838E-13     0.25                     5.0E10                   2700                     4119.161187534289        2378.19882045838         2502.294445801098
0.763537                 1.1                      0.909090909090909        4.351532751122638E-13    4.986469686366405E-13    0.25                     5.0E10                   2700                     4119.161187534289        2378.19882045838         2502.294445801098
0.763537                 1.12                     0.8928571428571427       4.3226692276301936E-13   4.967455030395636E-13    0.25                     5.0E10                   2700                     4119.161187534289        2378.19882045838         2502.294445801098
0.763537                 1.1400000000000001       0.8771929824561403       4.320476105825517E-13    4.974166319487339E-13    0.25                     5.0E10                   2700                     4119.161187534289        2378.19882045838         2502.294445801098
0.763537                 1.1600000000000001       0.8620689655172412       4.350842256612487E-13    5.014463812236489E-13    0.25                     5.0E10                   2700                     4119.161187534289        2378.19882045838         2502.294445801098
0.763537                 1.1800000000000002       0.8474576271186439       4.410681956902353E-13    5.08510773516697E-13     0.25                     5.0E10                   2700                     4119.161187534289        2378.19882045838         2502.294445801098
0.763537                 1.2000000000000002       0.8333333333333331       4.488330379198431E-13    5.173209404377029E-13    0.25                     5.0E10                   2700                     4119.161187534289        2378.19882045838         2502.294445801098
0.763537                 1.2200000000000002       0.8196721311475409       4.567239649640685E-13    5.260307219018634E-13    0.25                     5.0E10                   2700                     4119.161187534289        2378.19882045838         2502.294445801098
0.763537                 1.2400000000000002       0.8064516129032256       4.6309571448157E-13      5.327990221591072E-13    0.25                     5.0E10                   2700                     4119.161187534289        2378.19882045838         2502.294445801098
0.763537                 1.26                     0.7936507936507936       4.667391590833199E-13    5.362990215360419E-13    0.25                     5.0E10                   2700                     4119.161187534289        2378.19882045838         2502.294445801098
0.763537                 1.28                     0.7812499999999999       4.673776623374736E-13    5.362034492086866E-13    0.25                     5.0E10                   2700                     4119.161187534289        2378.19882045838         2502.294445801098
0.763537                 1.3                      0.7692307692307692       4.653957016679057E-13    5.32977280958859E-13     0.25                     5.0E10                   2700                     4119.161187534289        2378.19882045838         2502.294445801098
0.763537                 1.32                     0.7575757575757575       4.61647532719374E-13     5.276055944275055E-13    0.25                     5.0E10                   2700                     4119.161187534289        2378.19882045838         2502.294445801098
0.763537                 1.34                     0.7462686567164178       4.571246544309242E-13    5.212242058482664E-13    0.25                     5.0E10                   2700                     4119.161187534289        2378.19882045838         2502.294445801098
0.763537                 1.36                     0.7352941176470588       4.52703695204768E-13     5.148327306640929E-13    0.25                     5.0E10                   2700                     4119.161187534289        2378.19882045838         2502.294445801098
0.763537                 1.3800000000000001       0.7246376811594203       4.49027454646199E-13     5.091601339563007E-13    0.25                     5.0E10                   2700                     4119.161187534289        2378.19882045838         2502.294445801098
0.763537                 1.4000000000000001       0.7142857142857142       4.4649240343648704E-13   5.046520408262235E-13    0.25                     5.0E10                   2700                     4119.161187534289        2378.19882045838         2502.294445801098
0.763537                 1.4200000000000002       0.704225352112676        4.452944206724398E-13    5.015243102824896E-13    0.25                     5.0E10                   2700                     4119.161187534289        2378.19882045838         2502.294445801098
0.763537                 1.4400000000000002       0.6944444444444444       4.454992198719203E-13    4.998309783968329E-13    0.25                     5.0E10                   2700                     4119.161187534289        2378.19882045838         2502.294445801098
0.763537                 1.4600000000000002       0.6849315068493149       4.4707481531903575E-13   4.995470097749884E-13    0.25                     5.0E10                   2700                     4119.161187534289        2378.19882045838         2502.294445801098
0.763537                 1.4800000000000002       0.6756756756756755       4.4994695828033216E-13   5.005798533172298E-13    0.25                     5.0E10                   2700                     4119.161187534289        2378.19882045838         2502.294445801098
0.763537                 1.5000000000000002       0.6666666666666665       4.5402257624750983E-13   5.028206495240942E-13    0.25                     5.0E10                   2700                     4119.161187534289        2378.19882045838         2502.294445801098
0.763537                 1.52                     0.6578947368421053       4.591974682611585E-13    5.061500227145641E-13    0.25                     5.0E10                   2700                     4119.161187534289        2378.19882045838         2502.294445801098
0.763537                 1.54                     0.6493506493506493       4.653567176353275E-13    5.104389516531319E-13    0.25                     5.0E10                   2700                     4119.161187534289        2378.19882045838         2502.294445801098
0.763537                 1.56                     0.6410256410256411       4.723700920616898E-13    5.155440905346199E-13    0.25                     5.0E10                   2700                     4119.161187534289        2378.19882045838         2502.294445801098
0.763537                 1.58                     0.6329113924050632       4.800860354358299E-13    5.213015982601472E-13    0.25                     5.0E10                   2700                     4119.161187534289        2378.19882045838         2502.294445801098
0.763537                 1.6                      0.625                    4.8832703971221E-13      5.275225646316912E-13    0.25                     5.0E10                   2700                     4119.161187534289        2378.19882045838         2502.294445801098
0.763537                 1.62                     0.6172839506172839       4.968893580795354E-13    5.339931605035739E-13    0.25                     5.0E10                   2700                     4119.161187534289        2378.19882045838         2502.294445801098
0.763537                 1.6400000000000001       0.6097560975609756       5.055461652557144E-13    5.404784737886791E-13    0.25                     5.0E10                   2700                     4119.161187534289        2378.19882045838         2502.294445801098
0.763537                 1.6600000000000001       0.6024096385542168       5.140572908241099E-13    5.467331861234454E-13    0.25                     5.0E10                   2700                     4119.161187534289        2378.19882045838         2502.294445801098
0.763537                 1.6800000000000002       0.5952380952380951       5.223356622749831E-13    5.527050149097445E-13    0.25                     5.0E10                   2700                     4119.161187534289        2378.19882045838         2502.294445801098
0.763537                 1.7000000000000002       0.588235294117647        5.298490690378666E-13    5.577905471913287E-13    0.25                     5.0E10                   2700                     4119.161187534289        2378.19882045838         2502.294445801098
0.763537                 1.7200000000000002       0.5813953488372092       5.365633552111353E-13    5.620015151334368E-13    0.25                     5.0E10                   2700                     4119.161187534289        2378.19882045838         2502.294445801098
0.763537                 1.7400000000000002       0.5747126436781609       5.42337148162838E-13     5.652087008977337E-13    0.25                     5.0E10                   2700                     4119.161187534289        2378.19882045838         2502.294445801098
0.763537                 1.7600000000000002       0.5681818181818182       5.470887519046032E-13    5.673461744529347E-13    0.25                     5.0E10                   2700                     4119.161187534289        2378.19882045838         2502.294445801098
0.763537                 1.78                     0.5617977528089887       5.508010338313486E-13    5.684144839467192E-13    0.25                     5.0E10                   2700                     4119.161187534289        2378.19882045838         2502.294445801098
0.763537                 1.8                      0.5555555555555556       5.535180774516387E-13    5.684765701699007E-13    0.25                     5.0E10                   2700                     4119.161187534289        2378.19882045838         2502.294445801098
0.763537                 1.82                     0.5494505494505494       5.553373326984711E-13    5.676480592860935E-13    0.25                     5.0E10                   2700                     4119.161187534289        2378.19882045838         2502.294445801098
0.763537                 1.84                     0.5434782608695652       5.563968350949064E-13    5.66083409779169E-13     0.25                     5.0E10                   2700                     4119.161187534289        2378.19882045838         2502.294445801098
0.763537                 1.86                     0.5376344086021505       5.568605568440492E-13    5.639604264517545E-13    0.25                     5.0E10                   2700                     4119.161187534289        2378.19882045838         2502.294445801098
0.763537                 1.8800000000000001       0.5319148936170213       5.569038470114953E-13    5.614652571474256E-13    0.25                     5.0E10                   2700                     4119.161187534289        2378.19882045838         2502.294445801098
0.763537                 1.9000000000000001       0.5263157894736842       5.567005822168495E-13    5.587794684824237E-13    0.25                     5.0E10                   2700                     4119.161187534289        2378.19882045838         2502.294445801098
0.763537                 1.9200000000000002       0.5208333333333333       5.564129950747532E-13    5.56070094339577E-13     0.25                     5.0E10                   2700                     4119.161187534289        2378.19882045838         2502.294445801098
0.763537                 1.9400000000000002       0.5154639175257731       5.561845153421984E-13    5.534828971059716E-13    0.25                     5.0E10                   2700                     4119.161187534289        2378.19882045838         2502.294445801098
0.763537                 1.9600000000000002       0.5102040816326531       5.561353340293386E-13    5.5113857996622E-13      0.25                     5.0E10                   2700                     4119.161187534289        2378.19882045838         2502.294445801098
0.763537                 1.9800000000000002       0.505050505050505        5.563610815448423E-13    5.491315293459708E-13    0.25                     5.0E10                   2700                     4119.161187534289        2378.19882045838         2502.294445801098
0.763537                 2                        0.5                      5.569445009581161E-13    5.475373493107187E-13    0.25                     5.0E10                   2700                     4119.161187534289        2378.19882045838         2502.294445801098
0.763537                 2.02                     0.4950495049504951       5.579071754516281E-13    5.46386066746428E-13     0.25                     5.0E10                   2700                     4119.161187534289        2378.19882045838         2502.294445801098
0.763537                 2.04                     0.4901960784313726       5.592864519784634E-13    5.457073946422613E-13    0.25                     5.0E10                   2700                     4119.161187534289        2378.19882045838         2502.294445801098
0.763537                 2.06                     0.48543689320388345      5.610879754546069E-13    5.45504944157745E-13     0.25                     5.0E10                   2700                     4119.161187534289        2378.19882045838         2502.294445801098
0.763537                 2.08                     0.4807692307692307       5.633008269651917E-13    5.457662242315861E-13    0.25                     5.0E10                   2700                     4119.161187534289        2378.19882045838         2502.294445801098
0.763537                 2.1                      0.47619047619047616      5.65900180210124E-13     5.46465423318881E-13     0.25                     5.0E10                   2700                     4119.161187534289        2378.19882045838         2502.294445801098
0.763537                 2.12                     0.4716981132075472       5.688498619175064E-13    5.475660281919064E-13    0.25                     5.0E10                   2700                     4119.161187534289        2378.19882045838         2502.294445801098
0.763537                 2.14                     0.46728971962616817      5.721047690508868E-13    5.490232434131031E-13    0.25                     5.0E10                   2700                     4119.161187534289        2378.19882045838         2502.294445801098
0.763537                 2.16                     0.4629629629629629       5.756131256144417E-13    5.507862048113768E-13    0.25                     5.0E10                   2700                     4119.161187534289        2378.19882045838         2502.294445801098
0.763537                 2.18                     0.4587155963302752       5.79318576918997E-13     5.527999947744351E-13    0.25                     5.0E10                   2700                     4119.161187534289        2378.19882045838         2502.294445801098
0.763537                 2.2                      0.4545454545454545       5.831621348497456E-13    5.550074941826421E-13    0.25                     5.0E10                   2700                     4119.161187534289        2378.19882045838         2502.294445801098
0.763537                 2.22                     0.45045045045045035      5.870839138034325E-13    5.57350944338209E-13     0.25                     5.0E10                   2700                     4119.161187534289        2378.19882045838         2502.294445801098
0.763537                 2.24                     0.44642857142857134      5.910247971453558E-13    5.597735616049634E-13    0.25                     5.0E10                   2700                     4119.161187534289        2378.19882045838         2502.294445801098
0.763537                 2.2600000000000002       0.44247787610619466      5.949278490492774E-13    5.62220757265837E-13     0.25                     5.0E10                   2700                     4119.161187534289        2378.19882045838         2502.294445801098
0.763537                 2.2800000000000002       0.43859649122807015      5.987395805654634E-13    5.646412881581265E-13    0.25                     5.0E10                   2700                     4119.161187534289        2378.19882045838         2502.294445801098
0.763537                 2.3000000000000003       0.43478260869565216      6.024110123386977E-13    5.669881993133736E-13    0.25                     5.0E10                   2700                     4119.161187534289        2378.19882045838         2502.294445801098
0.763537                 2.3200000000000003       0.4310344827586206       6.058985278173057E-13    5.692195723819067E-13    0.25                     5.0E10                   2700                     4119.161187534289        2378.19882045838         2502.294445801098
0.763537                 2.3400000000000003       0.4273504273504273       6.091645080817309E-13    5.71299074726664E-13     0.25                     5.0E10                   2700                     4119.161187534289        2378.19882045838         2502.294445801098
0.763537                 2.3600000000000003       0.42372881355932196      6.121777453891338E-13    5.731963087280653E-13    0.25                     5.0E10                   2700                     4119.161187534289        2378.19882045838         2502.294445801098
0.763537                 2.3800000000000003       0.4201680672268907       6.149136396531442E-13    5.748869667232143E-13    0.25                     5.0E10                   2700                     4119.161187534289        2378.19882045838         2502.294445801098
0.763537                 2.4000000000000004       0.4166666666666666       6.173541900178598E-13    5.763528035416101E-13    0.25                     5.0E10                   2700                     4119.161187534289        2378.19882045838         2502.294445801098
0.763537                 2.42                     0.4132231404958677       6.194878006312118E-13    5.775814445951461E-13    0.25                     5.0E10                   2700                     4119.161187534289        2378.19882045838         2502.294445801098
0.763537                 2.44                     0.4098360655737705       6.213089263213249E-13    5.785660528265255E-13    0.25                     5.0E10                   2700                     4119.161187534289        2378.19882045838         2502.294445801098
0.763537                 2.46                     0.4065040650406504       6.228175878410382E-13    5.793048813475658E-13    0.25                     5.0E10                   2700                     4119.161187534289        2378.19882045838         2502.294445801098
0.763537                 2.48                     0.4032258064516129       6.240187890998482E-13    5.798007407162198E-13    0.25                     5.0E10                   2700                     4119.161187534289        2378.19882045838         2502.294445801098
0.763537                 2.5                      0.4                      6.249907073427686E-13    5.800544564806339E-13    0.25                     5.0E10                   2700                     4119.161187534289        2378.19882045838         2502.294445801098
0.763537                 2.52                     0.3968253968253968       6.256043531009167E-13    5.800831435480774E-13    0.25                     5.0E10                   2700                     4119.161187534289        2378.19882045838         2502.294445801098
0.763537                 2.54                     0.39370078740157477      6.259490769992694E-13    5.798992557813554E-13    0.25                     5.0E10                   2700                     4119.161187534289        2378.19882045838         2502.294445801098
0.763537                 2.56                     0.39062499999999994      6.260431066743392E-13    5.795176241769783E-13    0.25                     5.0E10                   2700                     4119.161187534289        2378.19882045838         2502.294445801098
0.763537                 2.58                     0.38759689922480617      6.259062986387309E-13    5.789547287259365E-13    0.25                     5.0E10                   2700                     4119.161187534289        2378.19882045838         2502.294445801098
0.763537                 2.6                      0.3846153846153846       6.255596087931604E-13    5.782280980485802E-13    0.25                     5.0E10                   2700                     4119.161187534289        2378.19882045838         2502.294445801098
0.763537                 2.62                     0.3816793893129771       6.250245762123165E-13    5.7735584632875E-13      0.25                     5.0E10                   2700                     4119.161187534289        2378.19882045838         2502.294445801098
0.763537                 2.64                     0.37878787878787873      6.243228739620354E-13    5.76356270467553E-13     0.25                     5.0E10                   2700                     4119.161187534289        2378.19882045838         2502.294445801098
0.763537                 2.66                     0.37593984962406013      6.234759288446219E-13    5.752475090027981E-13    0.25                     5.0E10                   2700                     4119.161187534289        2378.19882045838         2502.294445801098
0.763537                 2.68                     0.3731343283582089       6.225046089494022E-13    5.740472616584135E-13    0.25                     5.0E10                   2700                     4119.161187534289        2378.19882045838         2502.294445801098
0.763537                 2.7                      0.37037037037037035      6.214289755172514E-13    5.727725663180499E-13    0.25                     5.0E10                   2700                     4119.161187534289        2378.19882045838         2502.294445801098
0.763537                 2.72                     0.3676470588235294       6.202680939622906E-13    5.714396287590052E-13    0.25                     5.0E10                   2700                     4119.161187534289        2378.19882045838         2502.294445801098
0.763537                 2.74                     0.36496350364963503      6.190398978709787E-13    5.70063699589727E-13     0.25                     5.0E10                   2700                     4119.161187534289        2378.19882045838         2502.294445801098
0.763537                 2.7600000000000002       0.36231884057971014      6.177610992020684E-13    5.686589923282667E-13    0.25                     5.0E10                   2700                     4119.161187534289        2378.19882045838         2502.294445801098
0.763537                 2.7800000000000002       0.35971223021582727      6.164471378548259E-13    5.672386365149809E-13    0.25                     5.0E10                   2700                     4119.161187534289        2378.19882045838         2502.294445801098
0.763537                 2.8000000000000003       0.3571428571428571       6.151121639354972E-13    5.658146599121363E-13    0.25                     5.0E10                   2700                     4119.161187534289        2378.19882045838         2502.294445801098
0.763537                 2.8200000000000003       0.35460992907801414      6.137690464686176E-13    5.643979942236333E-13    0.25                     5.0E10                   2700                     4119.161187534289        2378.19882045838         2502.294445801098
0.763537                 2.8400000000000003       0.352112676056338        6.124294029004388E-13    5.62998499305471E-13     0.25                     5.0E10                   2700                     4119.161187534289        2378.19882045838         2502.294445801098
0.763537                 2.8600000000000003       0.3496503496503496       6.111036443504772E-13    5.616250013850388E-13    0.25                     5.0E10                   2700                     4119.161187534289        2378.19882045838         2502.294445801098
0.763537                 2.8800000000000003       0.3472222222222222       6.098010322839137E-13    5.602853414402736E-13    0.25                     5.0E10                   2700                     4119.161187534289        2378.19882045838         2502.294445801098
0.763537                 2.9000000000000004       0.3448275862068965       6.085297429150784E-13    5.589864304692555E-13    0.25                     5.0E10                   2700                     4119.161187534289        2378.19882045838         2502.294445801098
0.763537                 2.92                     0.34246575342465757      6.072969956721255E-13    5.57734308205938E-13     0.25                     5.0E10                   2700                     4119.161187534289        2378.19882045838         2502.294445801098
0.763537                 2.94                     0.3401360544217687       6.061088872642664E-13    5.565342104044079E-13    0.25                     5.0E10                   2700                     4119.161187534289        2378.19882045838         2502.294445801098
0.763537                 2.96                     0.33783783783783783      6.049708186570108E-13    5.553906173181472E-13    0.25                     5.0E10                   2700                     4119.161187534289        2378.19882045838         2502.294445801098
0.763537                 2.98                     0.3355704697986577       6.038873288503098E-13    5.543073263230904E-13    0.25                     5.0E10                   2700                     4119.161187534289        2378.19882045838         2502.294445801098
0.763537                 3                        0.3333333333333333       6.028622219376979E-13    5.532875067493482E-13    0.25                     5.0E10                   2700                     4119.161187534289        2378.19882045838         2502.294445801098
0.763537                 3.02                     0.33112582781456956      6.018986319703377E-13    5.523337557501711E-13    0.25                     5.0E10                   2700                     4119.161187534289        2378.19882045838         2502.294445801098
0.763537                 3.04                     0.32894736842105265      6.009990841594708E-13    5.514481509643169E-13    0.25                     5.0E10                   2700                     4119.161187534289        2378.19882045838         2502.294445801098
0.763537                 3.06                     0.32679738562091504      6.001655520910503E-13    5.506322996767075E-13    0.25                     5.0E10                   2700                     4119.161187534289        2378.19882045838         2502.294445801098
0.763537                 3.08                     0.3246753246753247       5.993995108153445E-13    5.498873843574889E-13    0.25                     5.0E10                   2700                     4119.161187534289        2378.19882045838         2502.294445801098
0.763537                 3.1                      0.32258064516129037      5.987019858023065E-13    5.492142045756672E-13    0.25                     5.0E10                   2700                     4119.161187534289        2378.19882045838         2502.294445801098
0.763537                 3.12                     0.32051282051282054      5.980735978167348E-13    5.486132153347691E-13    0.25                     5.0E10                   2700                     4119.161187534289        2378.19882045838         2502.294445801098
0.763537                 3.14                     0.3184713375796178       5.975146038965921E-13    5.48084561993903E-13     0.25                     5.0E10                   2700                     4119.161187534289        2378.19882045838         2502.294445801098
0.763537                 3.16                     0.3164556962025316       5.970249346247162E-13    5.476281119380665E-13    0.25                     5.0E10                   2700                     4119.161187534289        2378.19882045838         2502.294445801098
0.763537                 3.18                     0.31446540880503143      5.966042279307272E-13    5.472434832182138E-13    0.25                     5.0E10                   2700                     4119.161187534289        2378.19882045838         2502.294445801098
0.763537                 3.2                      0.3125                   5.962518596672954E-13    5.469300703691258E-13    0.25                     5.0E10                   2700                     4119.161187534289        2378.19882045838         2502.294445801098
0.763537                 3.22                     0.31055900621118004      5.959669712371129E-13    5.466870676587384E-13    0.25                     5.0E10                   2700                     4119.161187534289        2378.19882045838         2502.294445801098
0.763537                 3.24                     0.30864197530864196      5.957484945204541E-13    5.46513489975877E-13     0.25                     5.0E10                   2700                     4119.161187534289        2378.19882045838         2502.294445801098
0.763537                 3.2600000000000002       0.3067484662576687       5.955951743523386E-13    5.464081915992302E-13    0.25                     5.0E10                   2700                     4119.161187534289        2378.19882045838         2502.294445801098
0.763537                 3.2800000000000002       0.3048780487804878       5.955055888003105E-13    5.46369883049899E-13     0.25                     5.0E10                   2700                     4119.161187534289        2378.19882045838         2502.294445801098
0.763537                 3.3000000000000003       0.30303030303030304      5.954781674638185E-13    5.463971462423624E-13    0.25                     5.0E10                   2700                     4119.161187534289        2378.19882045838         2502.294445801098
0.763537                 3.3200000000000003       0.3012048192771084       5.955112080120047E-13    5.464884481007914E-13    0.25                     5.0E10                   2700                     4119.161187534289        2378.19882045838         2502.294445801098
0.763537                 3.3400000000000003       0.29940119760479045      5.95627249661285E-13     5.466656793210681E-13    0.25                     5.0E10                   2700                     4119.161187534289        2378.19882045838         2502.294445801098
0.763537                 3.3600000000000003       0.29761904761904756      5.957756158015938E-13    5.468797607955743E-13    0.25                     5.0E10                   2700                     4119.161187534289        2378.19882045838         2502.294445801098
0.763537                 3.3800000000000003       0.29585798816568043      5.95978583334851E-13     5.471526041607607E-13    0.25                     5.0E10                   2700                     4119.161187534289        2378.19882045838         2502.294445801098
0.763537                 3.4000000000000004       0.2941176470588235       5.962340646798945E-13    5.474823337224213E-13    0.25                     5.0E10                   2700                     4119.161187534289        2378.19882045838         2502.294445801098
0.763537                 3.4200000000000004       0.29239766081871343      5.965399032296511E-13    5.478670100938925E-13    0.25                     5.0E10                   2700                     4119.161187534289        2378.19882045838         2502.294445801098
0.763537                 3.44                     0.29069767441860467      5.968938827611769E-13    5.48304637759396E-13     0.25                     5.0E10                   2700                     4119.161187534289        2378.19882045838         2502.294445801098
0.763537                 3.46                     0.2890173410404624       5.972937361061151E-13    5.487931720511733E-13    0.25                     5.0E10                   2700                     4119.161187534289        2378.19882045838         2502.294445801098
0.763537                 3.48                     0.28735632183908044      5.977371532226262E-13    5.49330525622039E-13     0.25                     5.0E10                   2700                     4119.161187534289        2378.19882045838         2502.294445801098
0.763537                 3.5                      0.2857142857142857       5.982217886863935E-13    5.499145744657267E-13    0.25                     5.0E10                   2700                     4119.161187534289        2378.19882045838         2502.294445801098
0.763537                 3.52                     0.2840909090909091       5.987453615338544E-13    5.505432214076514E-13    0.25                     5.0E10                   2700                     4119.161187534289        2378.19882045838         2502.294445801098
0.763537                 3.54                     0.2824858757062147       5.993052889425394E-13    5.512141672330606E-13    0.25                     5.0E10                   2700                     4119.161187534289        2378.19882045838         2502.294445801098
0.763537                 3.56                     0.28089887640449435      5.998992544880447E-13    5.519252713626068E-13    0.25                     5.0E10                   2700                     4119.161187534289        2378.19882045838         2502.294445801098
0.763537                 3.58                     0.2793296089385475       6.005248375680516E-13    5.526743166183551E-13    0.25                     5.0E10                   2700                     4119.161187534289        2378.19882045838         2502.294445801098
0.763537                 3.6                      0.2777777777777778       6.011796135917909E-13    5.534590745624374E-13    0.25                     5.0E10                   2700                     4119.161187534289        2378.19882045838         2502.294445801098
0.763537                 3.62                     0.27624309392265195      6.018611593377384E-13    5.542773098982993E-13    0.25                     5.0E10                   2700                     4119.161187534289        2378.19882045838         2502.294445801098
0.763537                 3.64                     0.2747252747252747       6.02567058066075E-13     5.551267847105392E-13    0.25                     5.0E10                   2700                     4119.161187534289        2378.19882045838         2502.294445801098
0.763537                 3.66                     0.27322404371584696      6.032949044388337E-13    5.560052625814313E-13    0.25                     5.0E10                   2700                     4119.161187534289        2378.19882045838         2502.294445801098
0.763537                 3.68                     0.2717391304347826       6.040423092104026E-13    5.569105125511473E-13    0.25                     5.0E10                   2700                     4119.161187534289        2378.19882045838         2502.294445801098
0.763537                 3.7                      0.2702702702702703       6.048069037489222E-13    5.578403129687112E-13    0.25                     5.0E10                   2700                     4119.161187534289        2378.19882045838         2502.294445801098
0.763537                 3.72                     0.26881720430107525      6.055863443783723E-13    5.587924552387814E-13    0.25                     5.0E10                   2700                     4119.161187534289        2378.19882045838         2502.294445801098
0.763537                 3.74                     0.267379679144385        6.063783165405019E-13    5.597647474541895E-13    0.25                     5.0E10                   2700                     4119.161187534289        2378.19882045838         2502.294445801098
0.763537                 3.7600000000000002       0.26595744680851063      6.071805387884625E-13    5.607550179219172E-13    0.25                     5.0E10                   2700                     4119.161187534289        2378.19882045838         2502.294445801098
0.763537                 3.7800000000000002       0.26455026455026454      6.079907666616902E-13    5.617611186095429E-13    0.25                     5.0E10                   2700                     4119.161187534289        2378.19882045838         2502.294445801098
0.763537                 3.8000000000000003       0.2631578947368421       6.088067962541454E-13    5.627809284214817E-13    0.25                     5.0E10                   2700                     4119.161187534289        2378.19882045838         2502.294445801098
0.763537                 3.8200000000000003       0.26178010471204183      6.096264678141035E-13    5.638123564681941E-13    0.25                     5.0E10                   2700                     4119.161187534289        2378.19882045838         2502.294445801098
0.763537                 3.8400000000000003       0.26041666666666663      6.104476690256168E-13    5.64853345143484E-13     0.25                     5.0E10                   2700                     4119.161187534289        2378.19882045838         2502.294445801098
0.763537                 3.8600000000000003       0.25906735751295334      6.112683381682196E-13    5.659018731234099E-13    0.25                     5.0E10                   2700                     4119.161187534289        2378.19882045838         2502.294445801098
0.763537                 3.8800000000000003       0.25773195876288657      6.120864671041452E-13    5.669559582452966E-13    0.25                     5.0E10                   2700                     4119.161187534289        2378.19882045838         2502.294445801098
0.763537                 3.9000000000000004       0.2564102564102564       6.129001040790661E-13    5.680136602537751E-13    0.25                     5.0E10                   2700                     4119.161187534289        2378.19882045838         2502.294445801098
0.763537                 3.9200000000000004       0.25510204081632654      6.137073563412216E-13    5.690730834300121E-13    0.25                     5.0E10                   2700                     4119.161187534289        2378.19882045838         2502.294445801098
0.763537                 3.94                     0.25380710659898476      6.145063925704371E-13    5.70132379075611E-13     0.25                     5.0E10                   2700                     4119.161187534289        2378.19882045838         2502.294445801098
0.763537                 3.96                     0.2525252525252525       6.152954451207467E-13    5.711897478640954E-13    0.25                     5.0E10                   2700                     4119.161187534289        2378.19882045838         2502.294445801098
0.763537                 3.98                     0.25125628140703515      6.160728120575935E-13    5.722434420365497E-13    0.25                     5.0E10                   2700                     4119.161187534289        2378.19882045838         2502.294445801098
0.763537                 4                        0.25                     6.168368590149507E-13    5.732917674627554E-13    0.25                     5.0E10                   2700                     4119.161187534289        2378.19882045838         2502.294445801098
0.763537                 4.02                     0.24875621890547264      6.175860208358874E-13    5.743330855389828E-13    0.25                     5.0E10                   2700                     4119.161187534289        2378.19882045838         2502.294445801098
0.763537                 4.04                     0.24752475247524755      6.183188030074054E-13    5.753658149092207E-13    0.25                     5.0E10                   2700                     4119.161187534289        2378.19882045838         2502.294445801098
0.763537                 4.06                     0.24630541871921185      6.190337829081879E-13    5.763884330584771E-13    0.25                     5.0E10                   2700                     4119.161187534289        2378.19882045838         2502.294445801098
0.763537                 4.08                     0.2450980392156863       6.197296108334544E-13    5.773994776998695E-13    0.25                     5.0E10                   2700                     4119.161187534289        2378.19882045838         2502.294445801098
0.763537                 4.1                      0.24390243902439027      6.204050108208858E-13    5.783975480236131E-13    0.25                     5.0E10                   2700                     4119.161187534289        2378.19882045838         2502.294445801098
0.763537                 4.12                     0.24271844660194172      6.210587812766992E-13    5.793813057564911E-13    0.25                     5.0E10                   2700                     4119.161187534289        2378.19882045838         2502.294445801098
0.763537                 4.14                     0.2415458937198068       6.216897953851246E-13    5.803494760537017E-13    0.25                     5.0E10                   2700                     4119.161187534289        2378.19882045838         2502.294445801098
0.763537                 4.16                     0.24038461538461536      6.222970013328414E-13    5.813008482147421E-13    0.25                     5.0E10                   2700                     4119.161187534289        2378.19882045838         2502.294445801098
0.763537                 4.18                     0.2392344497607656       6.228794223213583E-13    5.822342762380787E-13    0.25                     5.0E10                   2700                     4119.161187534289        2378.19882045838         2502.294445801098
0.763537                 4.199999999999999        0.23809523809523814      6.234361563955093E-13    5.831486791834373E-13    0.25                     5.0E10                   2700                     4119.161187534289        2378.19882045838         2502.294445801098
0.763537                 4.22                     0.23696682464454977      6.239663760780442E-13    5.840430413878951E-13    0.25                     5.0E10                   2700                     4119.161187534289        2378.19882045838         2502.294445801098
0.763537                 4.239999999999999        0.23584905660377362      6.244693278217374E-13    5.849164124893527E-13    0.25                     5.0E10                   2700                     4119.161187534289        2378.19882045838         2502.294445801098
0.763537                 4.26                     0.2347417840375587       6.249443312872993E-13    5.857679073181207E-13    0.25                     5.0E10                   2700                     4119.161187534289        2378.19882045838         2502.294445801098
0.763537                 4.279999999999999        0.23364485981308417      6.25390778437818E-13     5.865967055878014E-13    0.25                     5.0E10                   2700                     4119.161187534289        2378.19882045838         2502.294445801098
0.763537                 4.3                      0.23255813953488372      6.258081324984708E-13    5.874020514825505E-13    0.25                     5.0E10                   2700                     4119.161187534289        2378.19882045838         2502.294445801098
0.763537                 4.319999999999999        0.23148148148148148      6.261959267239326E-13    5.881832530325301E-13    0.25                     5.0E10                   2700                     4119.161187534289        2378.19882045838         2502.294445801098
0.763537                 4.34                     0.2304147465437788       6.26553763047464E-13     5.889396813975022E-13    0.25                     5.0E10                   2700                     4119.161187534289        2378.19882045838         2502.294445801098
0.763537                 4.359999999999999        0.22935779816513763      6.268813105901001E-13    5.896707700013068E-13    0.25                     5.0E10                   2700                     4119.161187534289        2378.19882045838         2502.294445801098
0.763537                 4.38                     0.228310502283105        6.271785085807181E-13    5.903761699752734E-13    0.25                     5.0E10                   2700                     4119.161187534289        2378.19882045838         2502.294445801098
0.763537                 4.3999999999999995       0.22727272727272732      6.274447531585317E-13    5.910551306799176E-13    0.25                     5.0E10                   2700                     4119.161187534289        2378.19882045838         2502.294445801098
0.763537                 4.42                     0.22624434389140272      6.276801026474901E-13    5.917074148844846E-13    0.25                     5.0E10                   2700                     4119.161187534289        2378.19882045838         2502.294445801098
0.763537                 4.4399999999999995       0.22522522522522526      6.278844775132136E-13    5.923326937936918E-13    0.25                     5.0E10                   2700                     4119.161187534289        2378.19882045838         2502.294445801098
0.763537                 4.46                     0.2242152466367713       6.280578562053822E-13    5.929306946961761E-13    0.25                     5.0E10                   2700                     4119.161187534289        2378.19882045838         2502.294445801098
0.763537                 4.4799999999999995       0.2232142857142857       6.282002730377811E-13    5.935011994311556E-13    0.25                     5.0E10                   2700                     4119.161187534289        2378.19882045838         2502.294445801098
0.763537                 4.5                      0.22222222222222224      6.283118160182615E-13    5.940440427579441E-13    0.25                     5.0E10                   2700                     4119.161187534289        2378.19882045838         2502.294445801098
0.763537                 4.52                     0.22123893805309736      6.283926245945583E-13    5.945591106640014E-13    0.25                     5.0E10                   2700                     4119.161187534289        2378.19882045838         2502.294445801098
0.763537                 4.54                     0.22026431718061676      6.284428873845783E-13    5.950463386073989E-13    0.25                     5.0E10                   2700                     4119.161187534289        2378.19882045838         2502.294445801098
0.763537                 4.56                     0.21929824561403513      6.284628398410051E-13    5.955057096932301E-13    0.25                     5.0E10                   2700                     4119.161187534289        2378.19882045838         2502.294445801098
0.763537                 4.58                     0.21834061135371177      6.284527619135975E-13    5.959372528083652E-13    0.25                     5.0E10                   2700                     4119.161187534289        2378.19882045838         2502.294445801098
0.763537                 4.6                      0.2173913043478261       6.284129756683466E-13    5.96341040711811E-13     0.25                     5.0E10                   2700                     4119.161187534289        2378.19882045838         2502.294445801098
0.763537                 4.62                     0.21645021645021645      6.28343842915447E-13     5.967171881108303E-13    0.25                     5.0E10                   2700                     4119.161187534289        2378.19882045838         2502.294445801098
0.763537                 4.64                     0.21551724137931036      6.282457628326885E-13    5.970658496823451E-13    0.25                     5.0E10                   2700                     4119.161187534289        2378.19882045838         2502.294445801098
0.763537                 4.66                     0.2145922746781116       6.281191695864755E-13    5.973872181056845E-13    0.25                     5.0E10                   2700                     4119.161187534289        2378.19882045838         2502.294445801098
0.763537                 4.68                     0.21367521367521367      6.279645299693248E-13    5.97681522054646E-13     0.25                     5.0E10                   2700                     4119.161187534289        2378.19882045838         2502.294445801098
0.763537                 4.7                      0.2127659574468085       6.277823410843069E-13    5.97949024245522E-13     0.25                     5.0E10                   2700                     4119.161187534289        2378.19882045838         2502.294445801098
0.763537                 4.72                     0.211864406779661        6.275731280162422E-13    5.981900194142542E-13    0.25                     5.0E10                   2700                     4119.161187534289        2378.19882045838         2502.294445801098
0.763537                 4.739999999999999        0.21097046413502113      6.273374415847118E-13    5.984048323765477E-13    0.25                     5.0E10                   2700                     4119.161187534289        2378.19882045838         2502.294445801098
0.763537                 4.76                     0.21008403361344538      6.270758560828242E-13    5.985938160348012E-13    0.25                     5.0E10                   2700                     4119.161187534289        2378.19882045838         2502.294445801098
0.763537                 4.779999999999999        0.20920502092050208      6.26788967119636E-13     5.987573494750677E-13    0.25                     5.0E10                   2700                     4119.161187534289        2378.19882045838         2502.294445801098
0.763537                 4.8                      0.20833333333333334      6.2647738948469E-13      5.988958360554544E-13    0.25                     5.0E10                   2700                     4119.161187534289        2378.19882045838         2502.294445801098
0.763537                 4.819999999999999        0.2074688796680498       6.261417550554633E-13    5.990097015197619E-13    0.25                     5.0E10                   2700                     4119.161187534289        2378.19882045838         2502.294445801098
0.763537                 4.84                     0.20661157024793386      6.25782710801325E-13     5.990993921736735E-13    0.25                     5.0E10                   2700                     4119.161187534289        2378.19882045838         2502.294445801098
0.763537                 4.859999999999999        0.20576131687242802      6.25400916812547E-13     5.991653730817859E-13    0.25                     5.0E10                   2700                     4119.161187534289        2378.19882045838         2502.294445801098
0.763537                 4.88                     0.20491803278688525      6.24997044431892E-13     5.992081263269429E-13    0.25                     5.0E10                   2700                     4119.161187534289        2378.19882045838         2502.294445801098
0.763537                 4.8999999999999995       0.20408163265306126      6.245717744145405E-13    5.992281493012609E-13    0.25                     5.0E10                   2700                     4119.161187534289        2378.19882045838         2502.294445801098
0.763537                 4.92                     0.2032520325203252       6.241257951895024E-13    5.992259530429402E-13    0.25                     5.0E10                   2700                     4119.161187534289        2378.19882045838         2502.294445801098
0.763537                 4.9399999999999995       0.20242914979757085      6.236598011860016E-13    5.992020606651817E-13    0.25                     5.0E10                   2700                     4119.161187534289        2378.19882045838         2502.294445801098
0.763537                 4.96                     0.20161290322580644      6.231744912219739E-13    5.991570057762985E-13    0.25                     5.0E10                   2700                     4119.161187534289        2378.19882045838         2502.294445801098
0.763537                 4.9799999999999995       0.20080321285140565      6.226705669905737E-13    5.990913310201542E-13    0.25                     5.0E10                   2700                     4119.161187534289        2378.19882045838         2502.294445801098
0.763537                 5                        0.2                      6.222972966215184E-13    5.991633467059293E-13    0.25                     5.0E10                   2700                     4119.161187534289        2378.19882045838         2502.294445801098
0.763537                 5.02                     0.19920318725099603      6.21751728510682E-13     5.990519872698925E-13    0.25                     5.0E10                   2700                     4119.161187534289        2378.19882045838         2502.294445801098
0.763537                 5.04                     0.1984126984126984       6.211898401239834E-13    5.989218392969274E-13    0.25                     5.0E10                   2700                     4119.161187534289        2378.19882045838         2502.294445801098
0.763537                 5.06                     0.19762845849802374      6.206123284638057E-13    5.987734664513281E-13    0.25                     5.0E10                   2700                     4119.161187534289        2378.19882045838         2502.294445801098
0.763537                 5.08                     0.19685039370078738      6.20019886703937E-13     5.98607434666319E-13     0.25                     5.0E10                   2700                     4119.161187534289        2378.19882045838         2502.294445801098
0.763537                 5.1                      0.19607843137254904      6.194132031120489E-13    5.984243110452055E-13    0.25                     5.0E10                   2700                     4119.161187534289        2378.19882045838         2502.294445801098
0.763537                 5.12                     0.19531249999999997      6.187929600628772E-13    5.982246627862854E-13    0.25                     5.0E10                   2700                     4119.161187534289        2378.19882045838         2502.294445801098
0.763537                 5.14                     0.1945525291828794       6.181598331153541E-13    5.980090562060711E-13    0.25                     5.0E10                   2700                     4119.161187534289        2378.19882045838         2502.294445801098
0.763537                 5.16                     0.19379844961240308      6.17514490122954E-13     5.977780557802235E-13    0.25                     5.0E10                   2700                     4119.161187534289        2378.19882045838         2502.294445801098
0.763537                 5.18                     0.19305019305019305      6.168575904858123E-13    5.975322232757517E-13    0.25                     5.0E10                   2700                     4119.161187534289        2378.19882045838         2502.294445801098
0.763537                 5.2                      0.1923076923076923       6.161897843647881E-13    5.972721169262968E-13    0.25                     5.0E10                   2700                     4119.161187534289        2378.19882045838         2502.294445801098
0.763537                 5.22                     0.19157088122605365      6.15511712063186E-13     5.969982906453089E-13    0.25                     5.0E10                   2700                     4119.161187534289        2378.19882045838         2502.294445801098
0.763537                 5.239999999999999        0.19083969465648856      6.148240034009414E-13    5.967112933293137E-13    0.25                     5.0E10                   2700                     4119.161187534289        2378.19882045838         2502.294445801098
0.763537                 5.26                     0.19011406844106465      6.141272771481349E-13    5.964116681935136E-13    0.25                     5.0E10                   2700                     4119.161187534289        2378.19882045838         2502.294445801098
0.763537                 5.279999999999999        0.18939393939393942      6.13422140559267E-13     5.960999521302107E-13    0.25                     5.0E10                   2700                     4119.161187534289        2378.19882045838         2502.294445801098
0.763537                 5.3                      0.18867924528301888      6.127091889226179E-13    5.957766751908821E-13    0.25                     5.0E10                   2700                     4119.161187534289        2378.19882045838         2502.294445801098
0.763537                 5.319999999999999        0.1879699248120301       6.119890051674984E-13    5.954423600266025E-13    0.25                     5.0E10                   2700                     4119.161187534289        2378.19882045838         2502.294445801098
0.763537                 5.34                     0.18726591760299627      6.112621595349585E-13    5.950975214534476E-13    0.25                     5.0E10                   2700                     4119.161187534289        2378.19882045838         2502.294445801098
0.763537                 5.359999999999999        0.1865671641791045       6.10529209272525E-13     5.94742665998983E-13     0.25                     5.0E10                   2700                     4119.161187534289        2378.19882045838         2502.294445801098
0.763537                 5.38                     0.1858736059479554       6.097906984123691E-13    5.94378291539544E-13     0.25                     5.0E10                   2700                     4119.161187534289        2378.19882045838         2502.294445801098
0.763537                 5.3999999999999995       0.1851851851851852       6.090471575273354E-13    5.940048869440447E-13    0.25                     5.0E10                   2700                     4119.161187534289        2378.19882045838         2502.294445801098
0.763537                 5.42                     0.18450184501845018      6.082991036064294E-13    5.936229317793292E-13    0.25                     5.0E10                   2700                     4119.161187534289        2378.19882045838         2502.294445801098
0.763537                 5.4399999999999995       0.18382352941176472      6.075470399045592E-13    5.932328960388399E-13    0.25                     5.0E10                   2700                     4119.161187534289        2378.19882045838         2502.294445801098
0.763537                 5.46                     0.18315018315018314      6.067914558494465E-13    5.92835239915672E-13     0.25                     5.0E10                   2700                     4119.161187534289        2378.19882045838         2502.294445801098
0.763537                 5.4799999999999995       0.18248175182481755      6.060328269929323E-13    5.924304135937594E-13    0.25                     5.0E10                   2700                     4119.161187534289        2378.19882045838         2502.294445801098
0.763537                 5.5                      0.18181818181818182      6.052716149944575E-13    5.920188570995718E-13    0.25                     5.0E10                   2700                     4119.161187534289        2378.19882045838         2502.294445801098
0.763537                 5.52                     0.1811594202898551       6.045082675820237E-13    5.916010001501882E-13    0.25                     5.0E10                   2700                     4119.161187534289        2378.19882045838         2502.294445801098
0.763537                 5.54                     0.18050541516245486      6.037432186339816E-13    5.911772620576997E-13    0.25                     5.0E10                   2700                     4119.161187534289        2378.19882045838         2502.294445801098
0.763537                 5.56                     0.1798561151079137       6.029768882032742E-13    5.907480516405448E-13    0.25                     5.0E10                   2700                     4119.161187534289        2378.19882045838         2502.294445801098
0.763537                 5.58                     0.17921146953405018      6.022096825945938E-13    5.903137671686675E-13    0.25                     5.0E10                   2700                     4119.161187534289        2378.19882045838         2502.294445801098
0.763537                 5.6                      0.17857142857142858      6.014419944795949E-13    5.898747963359279E-13    0.25                     5.0E10                   2700                     4119.161187534289        2378.19882045838         2502.294445801098
0.763537                 5.62                     0.17793594306049823      6.006742030109104E-13    5.894315162502899E-13    0.25                     5.0E10                   2700                     4119.161187534289        2378.19882045838         2502.294445801098
0.763537                 5.64                     0.1773049645390071       5.999066739549075E-13    5.889842934318345E-13    0.25                     5.0E10                   2700                     4119.161187534289        2378.19882045838         2502.294445801098
0.763537                 5.66                     0.17667844522968196      5.991397598482615E-13    5.885334838614664E-13    0.25                     5.0E10                   2700                     4119.161187534289        2378.19882045838         2502.294445801098
0.763537                 5.68                     0.17605633802816903      5.983738001797631E-13    5.880794330080404E-13    0.25                     5.0E10                   2700                     4119.161187534289        2378.19882045838         2502.294445801098
0.763537                 5.7                      0.17543859649122806      5.976091215691353E-13    5.876224759137506E-13    0.25                     5.0E10                   2700                     4119.161187534289        2378.19882045838         2502.294445801098
0.763537                 5.72                     0.17482517482517484      5.968460379370823E-13    5.871629372444814E-13    0.25                     5.0E10                   2700                     4119.161187534289        2378.19882045838         2502.294445801098
0.763537                 5.739999999999999        0.17421602787456447      5.960848507598356E-13    5.867011314123364E-13    0.25                     5.0E10                   2700                     4119.161187534289        2378.19882045838         2502.294445801098
0.763537                 5.76                     0.1736111111111111       5.953258492384115E-13    5.86237362651436E-13     0.25                     5.0E10                   2700                     4119.161187534289        2378.19882045838         2502.294445801098
0.763537                 5.779999999999999        0.17301038062283738      5.945693105837403E-13    5.857719251709562E-13    0.25                     5.0E10                   2700                     4119.161187534289        2378.19882045838         2502.294445801098
0.763537                 5.8                      0.1724137931034483       5.938155001760797E-13    5.853051032339546E-13    0.25                     5.0E10                   2700                     4119.161187534289        2378.19882045838         2502.294445801098
0.763537                 5.819999999999999        0.17182130584192443      5.930646718588623E-13    5.848371713378087E-13    0.25                     5.0E10                   2700                     4119.161187534289        2378.19882045838         2502.294445801098
0.763537                 5.84                     0.17123287671232879      5.92317690684305E-13     5.84369078405097E-13     0.25                     5.0E10                   2700                     4119.161187534289        2378.19882045838         2502.294445801098
0.763537                 5.859999999999999        0.17064846416382254      5.915735500614743E-13    5.838997194328798E-13    0.25                     5.0E10                   2700                     4119.161187534289        2378.19882045838         2502.294445801098
0.763537                 5.88                     0.17006802721088435      5.908330862623219E-13    5.834300168011708E-13    0.25                     5.0E10                   2700                     4119.161187534289        2378.19882045838         2502.294445801098
0.763537                 5.8999999999999995       0.16949152542372883      5.90096509406271E-13     5.829602073883228E-13    0.25                     5.0E10                   2700                     4119.161187534289        2378.19882045838         2502.294445801098
0.763537                 5.92                     0.16891891891891891      5.893640193281001E-13    5.824905190869301E-13    0.25                     5.0E10                   2700                     4119.161187534289        2378.19882045838         2502.294445801098
0.763537                 5.9399999999999995       0.16835016835016836      5.886358058295203E-13    5.820211709732887E-13    0.25                     5.0E10                   2700                     4119.161187534289        2378.19882045838         2502.294445801098
0.763537                 5.96                     0.16778523489932884      5.879120489297494E-13    5.815523734810759E-13    0.25                     5.0E10                   2700                     4119.161187534289        2378.19882045838         2502.294445801098
0.763537                 5.9799999999999995       0.16722408026755856      5.871929191585914E-13    5.810843285941211E-13    0.25                     5.0E10                   2700                     4119.161187534289        2378.19882045838         2502.294445801098
0.763537                 6                        0.16666666666666666      5.864785777796214E-13    5.806172300223243E-13    0.25                     5.0E10                   2700                     4119.161187534289        2378.19882045838         2502.294445801098
0.763537                 6.02                     0.16611295681063123      5.857691770708062E-13    5.801512633887769E-13    0.25                     5.0E10                   2700                     4119.161187534289        2378.19882045838         2502.294445801098
0.763537                 6.04                     0.16556291390728478      5.85064860585716E-13     5.796866064253716E-13    0.25                     5.0E10                   2700                     4119.161187534289        2378.19882045838         2502.294445801098
0.763537                 6.06                     0.16501650165016504      5.843657633935973E-13    5.792234291520313E-13    0.25                     5.0E10                   2700                     4119.161187534289        2378.19882045838         2502.294445801098
0.763537                 6.08                     0.16447368421052633      5.836720123399732E-13    5.787618940642654E-13    0.25                     5.0E10                   2700                     4119.161187534289        2378.19882045838         2502.294445801098
0.763537                 6.1                      0.16393442622950818      5.829837263156753E-13    5.783021563410203E-13    0.25                     5.0E10                   2700                     4119.161187534289        2378.19882045838         2502.294445801098
0.763537                 6.12                     0.16339869281045752      5.823010164730119E-13    5.778443640066723E-13    0.25                     5.0E10                   2700                     4119.161187534289        2378.19882045838         2502.294445801098
0.763537                 6.14                     0.16286644951140067      5.816239864908131E-13    5.773886581413976E-13    0.25                     5.0E10                   2700                     4119.161187534289        2378.19882045838         2502.294445801098
0.763537                 6.16                     0.16233766233766234      5.809527328255103E-13    5.769351730595671E-13    0.25                     5.0E10                   2700                     4119.161187534289        2378.19882045838         2502.294445801098
0.763537                 6.18                     0.16181229773462782      5.802873449290456E-13    5.764840364942856E-13    0.25                     5.0E10                   2700                     4119.161187534289        2378.19882045838         2502.294445801098
0.763537                 6.2                      0.16129032258064518      5.796279054920299E-13    5.760353697888429E-13    0.25                     5.0E10                   2700                     4119.161187534289        2378.19882045838         2502.294445801098
0.763537                 6.22                     0.16077170418006428      5.789744906764478E-13    5.755892880735736E-13    0.25                     5.0E10                   2700                     4119.161187534289        2378.19882045838         2502.294445801098
0.763537                 6.24                     0.16025641025641027      5.783271703359467E-13    5.751459004486676E-13    0.25                     5.0E10                   2700                     4119.161187534289        2378.19882045838         2502.294445801098
0.763537                 6.26                     0.1597444089456869       5.776860082488114E-13    5.747053101646971E-13    0.25                     5.0E10                   2700                     4119.161187534289        2378.19882045838         2502.294445801098
0.763537                 6.279999999999999        0.15923566878980894      5.770510623329196E-13    5.742676148042429E-13    0.25                     5.0E10                   2700                     4119.161187534289        2378.19882045838         2502.294445801098
0.763537                 6.3                      0.15873015873015872      5.764223848413802E-13    5.738329064395023E-13    0.25                     5.0E10                   2700                     4119.161187534289        2378.19882045838         2502.294445801098
0.763537                 6.319999999999999        0.15822784810126583      5.758000225876007E-13    5.73401271819691E-13     0.25                     5.0E10                   2700                     4119.161187534289        2378.19882045838         2502.294445801098
0.763537                 6.34                     0.1577287066246057       5.751840171629586E-13    5.729727925422029E-13    0.25                     5.0E10                   2700                     4119.161187534289        2378.19882045838         2502.294445801098
0.763537                 6.359999999999999        0.15723270440251574      5.745744050907199E-13    5.725475451920222E-13    0.25                     5.0E10                   2700                     4119.161187534289        2378.19882045838         2502.294445801098
0.763537                 6.38                     0.15673981191222572      5.739712180662265E-13    5.721256015366339E-13    0.25                     5.0E10                   2700                     4119.161187534289        2378.19882045838         2502.294445801098
0.763537                 6.3999999999999995       0.15625                  5.73374483129836E-13     5.71707028672976E-13     0.25                     5.0E10                   2700                     4119.161187534289        2378.19882045838         2502.294445801098
0.763537                 6.42                     0.1557632398753894       5.727842228473114E-13    5.712918891764923E-13    0.25                     5.0E10                   2700                     4119.161187534289        2378.19882045838         2502.294445801098
0.763537                 6.4399999999999995       0.15527950310559008      5.722004554853297E-13    5.708802412617138E-13    0.25                     5.0E10                   2700                     4119.161187534289        2378.19882045838         2502.294445801098
0.763537                 6.46                     0.15479876160990713      5.716231952081814E-13    5.70472138937128E-13     0.25                     5.0E10                   2700                     4119.161187534289        2378.19882045838         2502.294445801098
0.763537                 6.4799999999999995       0.154320987654321        5.710524522296296E-13    5.700676321429449E-13    0.25                     5.0E10                   2700                     4119.161187534289        2378.19882045838         2502.294445801098
0.763537                 6.5                      0.15384615384615383      5.704882329770521E-13    5.69666766896599E-13     0.25                     5.0E10                   2700                     4119.161187534289        2378.19882045838         2502.294445801098
0.763537                 6.52                     0.15337423312883436      5.69930540276725E-13     5.692695854460677E-13    0.25                     5.0E10                   2700                     4119.161187534289        2378.19882045838         2502.294445801098
0.763537                 6.54                     0.15290519877675843      5.693793734689273E-13    5.688761263763136E-13    0.25                     5.0E10                   2700                     4119.161187534289        2378.19882045838         2502.294445801098
0.763537                 6.56                     0.15243902439024393      5.688347286112157E-13    5.684864247833769E-13    0.25                     5.0E10                   2700                     4119.161187534289        2378.19882045838         2502.294445801098
0.763537                 6.58                     0.1519756838905775       5.682965985876281E-13    5.681005123717455E-13    0.25                     5.0E10                   2700                     4119.161187534289        2378.19882045838         2502.294445801098
0.763537                 6.6                      0.15151515151515152      5.677649732558424E-13    5.677184175942307E-13    0.25                     5.0E10                   2700                     4119.161187534289        2378.19882045838         2502.294445801098
0.763537                 6.62                     0.1510574018126888       5.672398396070043E-13    5.673401657802201E-13    0.25                     5.0E10                   2700                     4119.161187534289        2378.19882045838         2502.294445801098
0.763537                 6.64                     0.1506024096385542       5.667211818871491E-13    5.669657792497945E-13    0.25                     5.0E10                   2700                     4119.161187534289        2378.19882045838         2502.294445801098
0.763537                 6.66                     0.15015015015015015      5.662089817177084E-13    5.665952774282294E-13    0.25                     5.0E10                   2700                     4119.161187534289        2378.19882045838         2502.294445801098
0.763537                 6.68                     0.14970059880239522      5.65703218239365E-13     5.662286769679938E-13    0.25                     5.0E10                   2700                     4119.161187534289        2378.19882045838         2502.294445801098
0.763537                 6.7                      0.1492537313432836       5.652038682263116E-13    5.658659918567543E-13    0.25                     5.0E10                   2700                     4119.161187534289        2378.19882045838         2502.294445801098
0.763537                 6.72                     0.1488095238095238       5.647109062002226E-13    5.655072335203348E-13    0.25                     5.0E10                   2700                     4119.161187534289        2378.19882045838         2502.294445801098
0.763537                 6.74                     0.14836795252225518      5.64224304554532E-13     5.651524109368203E-13    0.25                     5.0E10                   2700                     4119.161187534289        2378.19882045838         2502.294445801098
0.763537                 6.76                     0.14792899408284024      5.637440336577002E-13    5.648015307314981E-13    0.25                     5.0E10                   2700                     4119.161187534289        2378.19882045838         2502.294445801098
0.763537                 6.779999999999999        0.14749262536873156      5.632700619568536E-13    5.644545972719835E-13    0.25                     5.0E10                   2700                     4119.161187534289        2378.19882045838         2502.294445801098
0.763537                 6.8                      0.14705882352941177      5.62802356088595E-13     5.641116127768261E-13    0.25                     5.0E10                   2700                     4119.161187534289        2378.19882045838         2502.294445801098
0.763537                 6.819999999999999        0.1466275659824047       5.623408809780719E-13    5.63772577397982E-13     0.25                     5.0E10                   2700                     4119.161187534289        2378.19882045838         2502.294445801098
0.763537                 6.84                     0.14619883040935674      5.618855999303217E-13    5.634374893137196E-13    0.25                     5.0E10                   2700                     4119.161187534289        2378.19882045838         2502.294445801098
0.763537                 6.859999999999999        0.1457725947521866       5.614364747177115E-13    5.631063448132762E-13    0.25                     5.0E10                   2700                     4119.161187534289        2378.19882045838         2502.294445801098
0.763537                 6.88                     0.14534883720930233      5.609934656901539E-13    5.627791383901028E-13    0.25                     5.0E10                   2700                     4119.161187534289        2378.19882045838         2502.294445801098
0.763537                 6.8999999999999995       0.14492753623188406      5.605565318323536E-13    5.624558628112193E-13    0.25                     5.0E10                   2700                     4119.161187534289        2378.19882045838         2502.294445801098
0.763537                 6.92                     0.1445086705202312       5.601256308727779E-13    5.621365092096823E-13    0.25                     5.0E10                   2700                     4119.161187534289        2378.19882045838         2502.294445801098
0.763537                 6.9399999999999995       0.1440922190201729       5.597007193497131E-13    5.618210671518966E-13    0.25                     5.0E10                   2700                     4119.161187534289        2378.19882045838         2502.294445801098
0.763537                 6.96                     0.14367816091954022      5.59281752686417E-13     5.6150952471465E-13      0.25                     5.0E10                   2700                     4119.161187534289        2378.19882045838         2502.294445801098
0.763537                 6.9799999999999995       0.14326647564469916      5.588686852662159E-13    5.612018685532637E-13    0.25                     5.0E10                   2700                     4119.161187534289        2378.19882045838         2502.294445801098
0.763537                 7                        0.14285714285714285      5.584614705281442E-13    5.608980839859033E-13    0.25                     5.0E10                   2700                     4119.161187534289        2378.19882045838         2502.294445801098
0.763537                 7.02                     0.14245014245014245      5.580600609821423E-13    5.605981550364312E-13    0.25                     5.0E10                   2700                     4119.161187534289        2378.19882045838         2502.294445801098
0.763537                 7.04                     0.14204545454545456      5.576644083393048E-13    5.603020645246077E-13    0.25                     5.0E10                   2700                     4119.161187534289        2378.19882045838         2502.294445801098
0.763537                 7.06                     0.141643059490085        5.572744635174173E-13    5.600097941073802E-13    0.25                     5.0E10                   2700                     4119.161187534289        2378.19882045838         2502.294445801098
0.763537                 7.08                     0.14124293785310735      5.568901767472247E-13    5.597213243558942E-13    0.25                     5.0E10                   2700                     4119.161187534289        2378.19882045838         2502.294445801098
0.763537                 7.1                      0.14084507042253522      5.565114975871688E-13    5.594366347984274E-13    0.25                     5.0E10                   2700                     4119.161187534289        2378.19882045838         2502.294445801098
0.763537                 7.12                     0.14044943820224717      5.561383750336718E-13    5.591557039973258E-13    0.25                     5.0E10                   2700                     4119.161187534289        2378.19882045838         2502.294445801098
0.763537                 7.14                     0.1400560224089636       5.557707575203011E-13    5.588785095786786E-13    0.25                     5.0E10                   2700                     4119.161187534289        2378.19882045838         2502.294445801098
0.763537                 7.16                     0.13966480446927376      5.554085930032408E-13    5.586050283047969E-13    0.25                     5.0E10                   2700                     4119.161187534289        2378.19882045838         2502.294445801098
0.763537                 7.18                     0.1392757660167131       5.550518289981823E-13    5.583352361132346E-13    0.25                     5.0E10                   2700                     4119.161187534289        2378.19882045838         2502.294445801098
0.763537                 7.2                      0.1388888888888889       5.547004126336051E-13    5.580691081725093E-13    0.25                     5.0E10                   2700                     4119.161187534289        2378.19882045838         2502.294445801098
0.763537                 7.22                     0.13850415512465375      5.543542906946129E-13    5.578066189256943E-13    0.25                     5.0E10                   2700                     4119.161187534289        2378.19882045838         2502.294445801098
0.763537                 7.24                     0.13812154696132597      5.54013409655499E-13     5.575477421328983E-13    0.25                     5.0E10                   2700                     4119.161187534289        2378.19882045838         2502.294445801098
0.763537                 7.26                     0.13774104683195593      5.536777157446878E-13    5.572924509227197E-13    0.25                     5.0E10                   2700                     4119.161187534289        2378.19882045838         2502.294445801098
0.763537                 7.279999999999999        0.13736263736263737      5.533471549578086E-13    5.57040717824248E-13     0.25                     5.0E10                   2700                     4119.161187534289        2378.19882045838         2502.294445801098
0.763537                 7.3                      0.13698630136986303      5.530216731175217E-13    5.567925148154444E-13    0.25                     5.0E10                   2700                     4119.161187534289        2378.19882045838         2502.294445801098
0.763537                 7.319999999999999        0.1366120218579235       5.527012159025584E-13    5.565478133634972E-13    0.25                     5.0E10                   2700                     4119.161187534289        2378.19882045838         2502.294445801098
0.763537                 7.34                     0.1362397820163488       5.523857288734843E-13    5.563065844488334E-13    0.25                     5.0E10                   2700                     4119.161187534289        2378.19882045838         2502.294445801098
0.763537                 7.359999999999999        0.13586956521739132      5.520751575127637E-13    5.560687986152545E-13    0.25                     5.0E10                   2700                     4119.161187534289        2378.19882045838         2502.294445801098
0.763537                 7.38                     0.13550135501355012      5.517694472706228E-13    5.558344260003054E-13    0.25                     5.0E10                   2700                     4119.161187534289        2378.19882045838         2502.294445801098
0.763537                 7.3999999999999995       0.13513513513513514      5.514685435666685E-13    5.556034363631568E-13    0.25                     5.0E10                   2700                     4119.161187534289        2378.19882045838         2502.294445801098
0.763537                 7.42                     0.1347708894878706       5.511723918407335E-13    5.553757991227569E-13    0.25                     5.0E10                   2700                     4119.161187534289        2378.19882045838         2502.294445801098
0.763537                 7.4399999999999995       0.13440860215053765      5.508809375788448E-13    5.551514833909393E-13    0.25                     5.0E10                   2700                     4119.161187534289        2378.19882045838         2502.294445801098
0.763537                 7.46                     0.13404825737265413      5.505941263256496E-13    5.549304579902838E-13    0.25                     5.0E10                   2700                     4119.161187534289        2378.19882045838         2502.294445801098
0.763537                 7.4799999999999995       0.1336898395721925       5.503119037228359E-13    5.547126914926239E-13    0.25                     5.0E10                   2700                     4119.161187534289        2378.19882045838         2502.294445801098
0.763537                 7.5                      0.13333333333333333      5.500342155265284E-13    5.544981522418415E-13    0.25                     5.0E10                   2700                     4119.161187534289        2378.19882045838         2502.294445801098
0.763537                 7.52                     0.13297872340425532      5.497610076259477E-13    5.542868083794858E-13    0.25                     5.0E10                   2700                     4119.161187534289        2378.19882045838         2502.294445801098
0.763537                 7.54                     0.13262599469496023      5.494922260856365E-13    5.540786278747146E-13    0.25                     5.0E10                   2700                     4119.161187534289        2378.19882045838         2502.294445801098
0.763537                 7.56                     0.13227513227513227      5.492278171297852E-13    5.538735785407241E-13    0.25                     5.0E10                   2700                     4119.161187534289        2378.19882045838         2502.294445801098
0.763537                 7.58                     0.13192612137203166      5.489677272010943E-13    5.536716280643936E-13    0.25                     5.0E10                   2700                     4119.161187534289        2378.19882045838         2502.294445801098
0.763537                 7.6                      0.13157894736842105      5.487119029411032E-13    5.53472744017091E-13     0.25                     5.0E10                   2700                     4119.161187534289        2378.19882045838         2502.294445801098
0.763537                 7.62                     0.13123359580052493      5.484602912430465E-13    5.532768938934594E-13    0.25                     5.0E10                   2700                     4119.161187534289        2378.19882045838         2502.294445801098
0.763537                 7.64                     0.13089005235602094      5.482128392339336E-13    5.530840451121373E-13    0.25                     5.0E10                   2700                     4119.161187534289        2378.19882045838         2502.294445801098
0.763537                 7.66                     0.13054830287206268      5.479694943300345E-13    5.52894165051036E-13     0.25                     5.0E10                   2700                     4119.161187534289        2378.19882045838         2502.294445801098
0.763537                 7.68                     0.13020833333333334      5.477302042102318E-13    5.527072210585388E-13    0.25                     5.0E10                   2700                     4119.161187534289        2378.19882045838         2502.294445801098
0.763537                 7.7                      0.12987012987012989      5.474949168492599E-13    5.525231804592498E-13    0.25                     5.0E10                   2700                     4119.161187534289        2378.19882045838         2502.294445801098
0.763537                 7.72                     0.1295336787564767       5.472635805377036E-13    5.523420105969755E-13    0.25                     5.0E10                   2700                     4119.161187534289        2378.19882045838         2502.294445801098
0.763537                 7.74                     0.12919896640826872      5.470361438828236E-13    5.521636788280764E-13    0.25                     5.0E10                   2700                     4119.161187534289        2378.19882045838         2502.294445801098
0.763537                 7.76                     0.1288659793814433       5.468125558220175E-13    5.519881525463166E-13    0.25                     5.0E10                   2700                     4119.161187534289        2378.19882045838         2502.294445801098
0.763537                 7.779999999999999        0.12853470437017997      5.465927656337069E-13    5.51815399194419E-13     0.25                     5.0E10                   2700                     4119.161187534289        2378.19882045838         2502.294445801098
0.763537                 7.8                      0.12820512820512822      5.463767229540966E-13    5.516453862812364E-13    0.25                     5.0E10                   2700                     4119.161187534289        2378.19882045838         2502.294445801098
0.763537                 7.819999999999999        0.1278772378516624       5.461643777698399E-13    5.514780813888305E-13    0.25                     5.0E10                   2700                     4119.161187534289        2378.19882045838         2502.294445801098
0.763537                 7.84                     0.12755102040816327      5.459556804454061E-13    5.513134521897672E-13    0.25                     5.0E10                   2700                     4119.161187534289        2378.19882045838         2502.294445801098
0.763537                 7.859999999999999        0.1272264631043257       5.457505817261819E-13    5.511514664613059E-13    0.25                     5.0E10                   2700                     4119.161187534289        2378.19882045838         2502.294445801098
0.763537                 7.88                     0.12690355329949238      5.455490327343581E-13    5.50992092088922E-13     0.25                     5.0E10                   2700                     4119.161187534289        2378.19882045838         2502.294445801098
0.763537                 7.8999999999999995       0.12658227848101267      5.453509849925636E-13    5.508352970832382E-13    0.25                     5.0E10                   2700                     4119.161187534289        2378.19882045838         2502.294445801098
0.763537                 7.92                     0.12626262626262624      5.45156390423099E-13     5.506810495880587E-13    0.25                     5.0E10                   2700                     4119.161187534289        2378.19882045838         2502.294445801098
0.763537                 7.9399999999999995       0.12594458438287154      5.449652013417785E-13    5.505293178871072E-13    0.25                     5.0E10                   2700                     4119.161187534289        2378.19882045838         2502.294445801098
0.763537                 7.96                     0.12562814070351758      5.44777370490797E-13     5.503800704232931E-13    0.25                     5.0E10                   2700                     4119.161187534289        2378.19882045838         2502.294445801098
0.763537                 7.9799999999999995       0.12531328320802007      5.445928510163559E-13    5.502332757912214E-13    0.25                     5.0E10                   2700                     4119.161187534289        2378.19882045838         2502.294445801098
0.763537                 8                        0.125                    5.444115964921295E-13    5.500889027607928E-13    0.25                     5.0E10                   2700                     4119.161187534289        2378.19882045838         2502.294445801098
0.763537                 8.02                     0.12468827930174564      5.442335609111688E-13    5.499469202747472E-13    0.25                     5.0E10                   2700                     4119.161187534289        2378.19882045838         2502.294445801098
0.763537                 8.040000000000001        0.1243781094527363       5.440586986940831E-13    5.498072974592576E-13    0.25                     5.0E10                   2700                     4119.161187534289        2378.19882045838         2502.294445801098
0.763537                 8.06                     0.12406947890818859      5.438869646972403E-13    5.496700036353823E-13    0.25                     5.0E10                   2700                     4119.161187534289        2378.19882045838         2502.294445801098
0.763537                 8.08                     0.12376237623762378      5.437183142038698E-13    5.495350083131917E-13    0.25                     5.0E10                   2700                     4119.161187534289        2378.19882045838         2502.294445801098
0.763537                 8.1                      0.1234567901234568       5.435527029476809E-13    5.49402281217327E-13     0.25                     5.0E10                   2700                     4119.161187534289        2378.19882045838         2502.294445801098
0.763537                 8.12                     0.12315270935960593      5.433900870828263E-13    5.492717922673914E-13    0.25                     5.0E10                   2700                     4119.161187534289        2378.19882045838         2502.294445801098
0.763537                 8.14                     0.12285012285012284      5.432304232224526E-13    5.491435116083457E-13    0.25                     5.0E10                   2700                     4119.161187534289        2378.19882045838         2502.294445801098
0.763537                 8.16                     0.12254901960784315      5.430736684114248E-13    5.49017409599166E-13     0.25                     5.0E10                   2700                     4119.161187534289        2378.19882045838         2502.294445801098
0.763537                 8.18                     0.12224938875305624      5.429197801350203E-13    5.488934568176407E-13    0.25                     5.0E10                   2700                     4119.161187534289        2378.19882045838         2502.294445801098
0.763537                 8.2                      0.12195121951219513      5.427687163332378E-13    5.487716240772411E-13    0.25                     5.0E10                   2700                     4119.161187534289        2378.19882045838         2502.294445801098
0.763537                 8.22                     0.121654501216545        5.426204353896526E-13    5.48651882420569E-13     0.25                     5.0E10                   2700                     4119.161187534289        2378.19882045838         2502.294445801098
0.763537                 8.24                     0.12135922330097086      5.424748961271709E-13    5.485342031231544E-13    0.25                     5.0E10                   2700                     4119.161187534289        2378.19882045838         2502.294445801098
0.763537                 8.26                     0.12106537530266344      5.423320578123384E-13    5.484185576996733E-13    0.25                     5.0E10                   2700                     4119.161187534289        2378.19882045838         2502.294445801098
0.763537                 8.28                     0.1207729468599034       5.421918801790762E-13    5.483049179109707E-13    0.25                     5.0E10                   2700                     4119.161187534289        2378.19882045838         2502.294445801098
0.763537                 8.299999999999999        0.1204819277108434       5.420543233779972E-13    5.481932557564258E-13    0.25                     5.0E10                   2700                     4119.161187534289        2378.19882045838         2502.294445801098
0.763537                 8.32                     0.12019230769230768      5.419193480329645E-13    5.480835434909919E-13    0.25                     5.0E10                   2700                     4119.161187534289        2378.19882045838         2502.294445801098
0.763537                 8.34                     0.11990407673860912      5.41786915187568E-13     5.479757536098418E-13    0.25                     5.0E10                   2700                     4119.161187534289        2378.19882045838         2502.294445801098
0.763537                 8.36                     0.1196172248803828       5.416569863459094E-13    5.478698588667376E-13    0.25                     5.0E10                   2700                     4119.161187534289        2378.19882045838         2502.294445801098
0.763537                 8.379999999999999        0.11933174224343678      5.415295234486068E-13    5.477658322666185E-13    0.25                     5.0E10                   2700                     4119.161187534289        2378.19882045838         2502.294445801098
0.763537                 8.4                      0.11904761904761904      5.414044888798808E-13    5.476636470731677E-13    0.25                     5.0E10                   2700                     4119.161187534289        2378.19882045838         2502.294445801098
0.763537                 8.42                     0.11876484560570072      5.412818454558193E-13    5.475632767984817E-13    0.25                     5.0E10                   2700                     4119.161187534289        2378.19882045838         2502.294445801098
0.763537                 8.44                     0.11848341232227488      5.411615564506628E-13    5.47464695227527E-13     0.25                     5.0E10                   2700                     4119.161187534289        2378.19882045838         2502.294445801098
0.763537                 8.459999999999999        0.11820330969267141      5.410435855585862E-13    5.473678763943475E-13    0.25                     5.0E10                   2700                     4119.161187534289        2378.19882045838         2502.294445801098
0.763537                 8.48                     0.1179245283018868       5.409278969038313E-13    5.472727945897763E-13    0.25                     5.0E10                   2700                     4119.161187534289        2378.19882045838         2502.294445801098
0.763537                 8.5                      0.11764705882352941      5.40814455065302E-13     5.471794243786304E-13    0.25                     5.0E10                   2700                     4119.161187534289        2378.19882045838         2502.294445801098
0.763537                 8.52                     0.11737089201877934      5.407032250382276E-13    5.470877405803415E-13    0.25                     5.0E10                   2700                     4119.161187534289        2378.19882045838         2502.294445801098
0.763537                 8.54                     0.117096018735363        5.405941722479415E-13    5.469977182753528E-13    0.25                     5.0E10                   2700                     4119.161187534289        2378.19882045838         2502.294445801098
0.763537                 8.56                     0.11682242990654204      5.404872625497133E-13    5.469093328116426E-13    0.25                     5.0E10                   2700                     4119.161187534289        2378.19882045838         2502.294445801098
0.763537                 8.58                     0.11655011655011656      5.403824622153447E-13    5.468225597947377E-13    0.25                     5.0E10                   2700                     4119.161187534289        2378.19882045838         2502.294445801098
0.763537                 8.6                      0.11627906976744186      5.402797379480498E-13    5.467373750970641E-13    0.25                     5.0E10                   2700                     4119.161187534289        2378.19882045838         2502.294445801098
0.763537                 8.62                     0.1160092807424594       5.401790568727348E-13    5.46653754857665E-13     0.25                     5.0E10                   2700                     4119.161187534289        2378.19882045838         2502.294445801098
0.763537                 8.64                     0.11574074074074073      5.400803865090324E-13    5.465716754629582E-13    0.25                     5.0E10                   2700                     4119.161187534289        2378.19882045838         2502.294445801098
0.763537                 8.66                     0.11547344110854503      5.399836948170569E-13    5.464911135844937E-13    0.25                     5.0E10                   2700                     4119.161187534289        2378.19882045838         2502.294445801098
0.763537                 8.68                     0.1152073732718894       5.398889501536768E-13    5.464120461401532E-13    0.25                     5.0E10                   2700                     4119.161187534289        2378.19882045838         2502.294445801098
0.763537                 8.7                      0.11494252873563218      5.397961212756299E-13    5.463344503061161E-13    0.25                     5.0E10                   2700                     4119.161187534289        2378.19882045838         2502.294445801098
0.763537                 8.72                     0.1146788990825688       5.39705177360155E-13     5.462583035323497E-13    0.25                     5.0E10                   2700                     4119.161187534289        2378.19882045838         2502.294445801098
0.763537                 8.74                     0.11441647597254004      5.396160879767943E-13    5.461835835202466E-13    0.25                     5.0E10                   2700                     4119.161187534289        2378.19882045838         2502.294445801098
0.763537                 8.76                     0.1141552511415525       5.395304420957951E-13    5.461120624323438E-13    0.25                     5.0E10                   2700                     4119.161187534289        2378.19882045838         2502.294445801098
0.763537                 8.78                     0.11389521640091117      5.394449786580211E-13    5.460401380231964E-13    0.25                     5.0E10                   2700                     4119.161187534289        2378.19882045838         2502.294445801098
0.763537                 8.8                      0.11363636363636362      5.393612808502999E-13    5.459695750481021E-13    0.25                     5.0E10                   2700                     4119.161187534289        2378.19882045838         2502.294445801098
0.763537                 8.82                     0.11337868480725624      5.392793198055943E-13    5.459003522315445E-13    0.25                     5.0E10                   2700                     4119.161187534289        2378.19882045838         2502.294445801098
0.763537                 8.84                     0.11312217194570136      5.391990670709545E-13    5.458324485727636E-13    0.25                     5.0E10                   2700                     4119.161187534289        2378.19882045838         2502.294445801098
0.763537                 8.86                     0.11286681715575621      5.391204945467666E-13    5.457658433111348E-13    0.25                     5.0E10                   2700                     4119.161187534289        2378.19882045838         2502.294445801098
0.763537                 8.879999999999999        0.11261261261261263      5.390435745389191E-13    5.457005159472276E-13    0.25                     5.0E10                   2700                     4119.161187534289        2378.19882045838         2502.294445801098
0.763537                 8.9                      0.11235955056179775      5.389682797002839E-13    5.456364462206356E-13    0.25                     5.0E10                   2700                     4119.161187534289        2378.19882045838         2502.294445801098
0.763537                 8.92                     0.11210762331838565      5.388945830808974E-13    5.455736141377357E-13    0.25                     5.0E10                   2700                     4119.161187534289        2378.19882045838         2502.294445801098
0.763537                 8.94                     0.11185682326621925      5.388224580863232E-13    5.455119999409787E-13    0.25                     5.0E10                   2700                     4119.161187534289        2378.19882045838         2502.294445801098
0.763537                 8.959999999999999        0.11160714285714285      5.387518784916691E-13    5.454515841246333E-13    0.25                     5.0E10                   2700                     4119.161187534289        2378.19882045838         2502.294445801098
0.763537                 8.98                     0.11135857461024498      5.386828184271004E-13    5.45392347425539E-13     0.25                     5.0E10                   2700                     4119.161187534289        2378.19882045838         2502.294445801098
0.763537                 9                        0.11111111111111112      5.386152523866467E-13    5.453342708267948E-13    0.25                     5.0E10                   2700                     4119.161187534289        2378.19882045838         2502.294445801098
0.763537                 9.02                     0.11086474501108647      5.38549155216218E-13     5.452773355529758E-13    0.25                     5.0E10                   2700                     4119.161187534289        2378.19882045838         2502.294445801098
0.763537                 9.04                     0.11061946902654868      5.384845021135448E-13    5.452215230661596E-13    0.25                     5.0E10                   2700                     4119.161187534289        2378.19882045838         2502.294445801098
0.763537                 9.06                     0.11037527593818983      5.384212686279707E-13    5.451668150750027E-13    0.25                     5.0E10                   2700                     4119.161187534289        2378.19882045838         2502.294445801098
0.763537                 9.08                     0.11013215859030838      5.383594306355767E-13    5.451131935120663E-13    0.25                     5.0E10                   2700                     4119.161187534289        2378.19882045838         2502.294445801098
0.763537                 9.1                      0.1098901098901099       5.382989643698206E-13    5.450606405542721E-13    0.25                     5.0E10                   2700                     4119.161187534289        2378.19882045838         2502.294445801098
0.763537                 9.12                     0.10964912280701757      5.38239846397489E-13     5.450091386130856E-13    0.25                     5.0E10                   2700                     4119.161187534289        2378.19882045838         2502.294445801098
0.763537                 9.14                     0.10940919037199125      5.381820536115859E-13    5.449586703255972E-13    0.25                     5.0E10                   2700                     4119.161187534289        2378.19882045838         2502.294445801098
0.763537                 9.16                     0.10917030567685589      5.381255632438906E-13    5.449092185628588E-13    0.25                     5.0E10                   2700                     4119.161187534289        2378.19882045838         2502.294445801098
0.763537                 9.18                     0.10893246187363835      5.380703528355431E-13    5.448607664149822E-13    0.25                     5.0E10                   2700                     4119.161187534289        2378.19882045838         2502.294445801098
0.763537                 9.2                      0.10869565217391305      5.380164002705492E-13    5.448132972106856E-13    0.25                     5.0E10                   2700                     4119.161187534289        2378.19882045838         2502.294445801098
0.763537                 9.22                     0.10845986984815618      5.379636837450145E-13    5.447667944980973E-13    0.25                     5.0E10                   2700                     4119.161187534289        2378.19882045838         2502.294445801098
0.763537                 9.24                     0.10822510822510822      5.37912181751904E-13     5.447212420343418E-13    0.25                     5.0E10                   2700                     4119.161187534289        2378.19882045838         2502.294445801098
0.763537                 9.26                     0.1079913606911447       5.378618731248979E-13    5.446766238176654E-13    0.25                     5.0E10                   2700                     4119.161187534289        2378.19882045838         2502.294445801098
0.763537                 9.28                     0.10775862068965518      5.378127369796108E-13    5.446329240442558E-13    0.25                     5.0E10                   2700                     4119.161187534289        2378.19882045838         2502.294445801098
0.763537                 9.3                      0.10752688172043011      5.377647527581014E-13    5.445901271414215E-13    0.25                     5.0E10                   2700                     4119.161187534289        2378.19882045838         2502.294445801098
0.763537                 9.32                     0.1072961373390558       5.37717900191779E-13     5.445482177458048E-13    0.25                     5.0E10                   2700                     4119.161187534289        2378.19882045838         2502.294445801098
0.763537                 9.34                     0.10706638115631692      5.376721592958838E-13    5.445071806903433E-13    0.25                     5.0E10                   2700                     4119.161187534289        2378.19882045838         2502.294445801098
0.763537                 9.36                     0.10683760683760683      5.376275104126788E-13    5.444670010437641E-13    0.25                     5.0E10                   2700                     4119.161187534289        2378.19882045838         2502.294445801098
0.763537                 9.379999999999999        0.10660980810234544      5.37583934141672E-13     5.44427664062359E-13     0.25                     5.0E10                   2700                     4119.161187534289        2378.19882045838         2502.294445801098
0.763537                 9.4                      0.10638297872340426      5.375414113898849E-13    5.443891552158698E-13    0.25                     5.0E10                   2700                     4119.161187534289        2378.19882045838         2502.294445801098
0.763537                 9.42                     0.10615711252653928      5.374999233531103E-13    5.443514601814712E-13    0.25                     5.0E10                   2700                     4119.161187534289        2378.19882045838         2502.294445801098
0.763537                 9.44                     0.1059322033898305       5.374594514843178E-13    5.443145648308796E-13    0.25                     5.0E10                   2700                     4119.161187534289        2378.19882045838         2502.294445801098
0.763537                 9.459999999999999        0.10570824524312897      5.374199775270555E-13    5.442784552323312E-13    0.25                     5.0E10                   2700                     4119.161187534289        2378.19882045838         2502.294445801098
0.763537                 9.48                     0.10548523206751054      5.373814834870522E-13    5.442431176541584E-13    0.25                     5.0E10                   2700                     4119.161187534289        2378.19882045838         2502.294445801098
0.763537                 9.5                      0.10526315789473685      5.373439516658493E-13    5.442085385689963E-13    0.25                     5.0E10                   2700                     4119.161187534289        2378.19882045838         2502.294445801098
0.763537                 9.52                     0.10504201680672269      5.373073646083439E-13    5.441747046322566E-13    0.25                     5.0E10                   2700                     4119.161187534289        2378.19882045838         2502.294445801098
0.763537                 9.54                     0.10482180293501049      5.372717051280007E-13    5.441416026917532E-13    0.25                     5.0E10                   2700                     4119.161187534289        2378.19882045838         2502.294445801098
0.763537                 9.56                     0.10460251046025104      5.372369562981736E-13    5.441092197850239E-13    0.25                     5.0E10                   2700                     4119.161187534289        2378.19882045838         2502.294445801098
0.763537                 9.58                     0.10438413361169102      5.372031014540903E-13    5.440775431377124E-13    0.25                     5.0E10                   2700                     4119.161187534289        2378.19882045838         2502.294445801098
0.763537                 9.6                      0.10416666666666667      5.371701241849967E-13    5.440465601644421E-13    0.25                     5.0E10                   2700                     4119.161187534289        2378.19882045838         2502.294445801098
0.763537                 9.62                     0.10395010395010396      5.371380083199049E-13    5.440162584514225E-13    0.25                     5.0E10                   2700                     4119.161187534289        2378.19882045838         2502.294445801098
0.763537                 9.64                     0.10373443983402489      5.371067379450296E-13    5.43986625773213E-13     0.25                     5.0E10                   2700                     4119.161187534289        2378.19882045838         2502.294445801098
0.763537                 9.66                     0.10351966873706003      5.370762973874055E-13    5.439576500853975E-13    0.25                     5.0E10                   2700                     4119.161187534289        2378.19882045838         2502.294445801098
0.763537                 9.68                     0.10330578512396693      5.370466712078111E-13    5.439293195082168E-13    0.25                     5.0E10                   2700                     4119.161187534289        2378.19882045838         2502.294445801098
0.763537                 9.7                      0.10309278350515465      5.370178442256078E-13    5.43901622355266E-13     0.25                     5.0E10                   2700                     4119.161187534289        2378.19882045838         2502.294445801098
0.763537                 9.72                     0.102880658436214        5.36989801476068E-13     5.438745470984208E-13    0.25                     5.0E10                   2700                     4119.161187534289        2378.19882045838         2502.294445801098
0.763537                 9.74                     0.1026694045174538       5.36962528221896E-13     5.43848082378047E-13     0.25                     5.0E10                   2700                     4119.161187534289        2378.19882045838         2502.294445801098
0.763537                 9.76                     0.10245901639344263      5.369360099849281E-13    5.43822217024184E-13     0.25                     5.0E10                   2700                     4119.161187534289        2378.19882045838         2502.294445801098
0.763537                 9.78                     0.10224948875255623      5.369102324671816E-13    5.437969400013627E-13    0.25                     5.0E10                   2700                     4119.161187534289        2378.19882045838         2502.294445801098
0.763537                 9.8                      0.10204081632653059      5.368851816263526E-13    5.437722404623053E-13    0.25                     5.0E10                   2700                     4119.161187534289        2378.19882045838         2502.294445801098
0.763537                 9.82                     0.10183299389002037      5.36860843637249E-13     5.437481077205809E-13    0.25                     5.0E10                   2700                     4119.161187534289        2378.19882045838         2502.294445801098
0.763537                 9.84                     0.1016260162601626       5.368372048722701E-13    5.437245312355094E-13    0.25                     5.0E10                   2700                     4119.161187534289        2378.19882045838         2502.294445801098
0.763537                 9.86                     0.10141987829614604      5.36814251944404E-13     5.437015006462465E-13    0.25                     5.0E10                   2700                     4119.161187534289        2378.19882045838         2502.294445801098
0.763537                 9.879999999999999        0.10121457489878542      5.367919716547578E-13    5.436790057306108E-13    0.25                     5.0E10                   2700                     4119.161187534289        2378.19882045838         2502.294445801098
0.763537                 9.9                      0.101010101010101        5.367703510217397E-13    5.436570364309388E-13    0.25                     5.0E10                   2700                     4119.161187534289        2378.19882045838         2502.294445801098
0.763537                 9.92                     0.10080645161290322      5.367493772669263E-13    5.436355828373875E-13    0.25                     5.0E10                   2700                     4119.161187534289        2378.19882045838         2502.294445801098
0.763537                 9.94                     0.1006036217303823       5.367290378199533E-13    5.436146351986015E-13    0.25                     5.0E10                   2700                     4119.161187534289        2378.19882045838         2502.294445801098
0.763537                 9.959999999999999        0.10040160642570282      5.367093203040546E-13    5.435941839043228E-13    0.25                     5.0E10                   2700                     4119.161187534289        2378.19882045838         2502.294445801098
0.763537                 9.98                     0.1002004008016032       5.366902125464078E-13    5.435742194962314E-13    0.25                     5.0E10                   2700                     4119.161187534289        2378.19882045838         2502.294445801098
0.763537                 10                       0.1                      5.366265826171899E-13    5.434761034979895E-13    0.25                     5.0E10                   2700                     4119.161187534289        2378.19882045838         2502.294445801098
