1.55947                  0.1                      10                       5.331223184131849E-13    5.331251458337126E-13    0.25                     5.0E10                   2700                     5886.840314539616        3398.7688402757885       2502.294445801098
1.55947                  0.12000000000000001      8.333333333333332        5.362957839440395E-13    5.363489335543054E-13    0.25                     5.0E10                   2700                     5886.840314539616        3398.7688402757885       2502.294445801098
1.55947                  0.14                     7.1428571428571415       5.341294187893349E-13    5.339620151459877E-13    0.25                     5.0E10                   2700                     5886.840314539616        3398.7688402757885       2502.294445801098
1.55947                  0.16                     6.249999999999999        5.330599380102805E-13    5.331800493316972E-13    0.25                     5.0E10                   2700                     5886.840314539616        3398.7688402757885       2502.294445801098
1.55947                  0.18                     5.555555555555555        5.371031500294222E-13    5.372929118252031E-13    0.25                     5.0E10                   2700                     5886.840314539616        3398.7688402757885       2502.294445801098
1.55947                  0.2                      5                        5.329642722955618E-13    5.331384498928657E-13    0.25                     5.0E10                   2700                     5886.840314539616        3398.7688402757885       2502.294445801098
1.55947                  0.22                     4.545454545454546        5.359286051616784E-13    5.367142177570481E-13    0.25                     5.0E10                   2700                     5886.840314539616        3398.7688402757885       2502.294445801098
1.55947                  0.24000000000000002      4.166666666666666        5.351526321365573E-13    5.362946272824073E-13    0.25                     5.0E10                   2700                     5886.840314539616        3398.7688402757885       2502.294445801098
1.55947                  0.26                     3.846153846153846        5.339228028653694E-13    5.349201183903681E-13    0.25                     5.0E10                   2700                     5886.840314539616        3398.7688402757885       2502.294445801098
1.55947                  0.28                     3.5714285714285707       5.365976095060143E-13    5.371214606458373E-13    0.25                     5.0E10                   2700                     5886.840314539616        3398.7688402757885       2502.294445801098
1.55947                  0.30000000000000004      3.3333333333333326       5.369537405415367E-13    5.363610232153878E-13    0.25                     5.0E10                   2700                     5886.840314539616        3398.7688402757885       2502.294445801098
1.55947                  0.32                     3.1249999999999996       5.358059776232883E-13    5.328815366718434E-13    0.25                     5.0E10                   2700                     5886.840314539616        3398.7688402757885       2502.294445801098
1.55947                  0.33999999999999997      2.9411764705882355       5.423016652177391E-13    5.380297890702706E-13    0.25                     5.0E10                   2700                     5886.840314539616        3398.7688402757885       2502.294445801098
1.55947                  0.36                     2.7777777777777777       5.430060900256514E-13    5.349158566797955E-13    0.25                     5.0E10                   2700                     5886.840314539616        3398.7688402757885       2502.294445801098
1.55947                  0.38                     2.6315789473684212       5.481105912422751E-13    5.353285358577418E-13    0.25                     5.0E10                   2700                     5886.840314539616        3398.7688402757885       2502.294445801098
1.55947                  0.4                      2.5                      5.518002612705857E-13    5.343882703576524E-13    0.25                     5.0E10                   2700                     5886.840314539616        3398.7688402757885       2502.294445801098
1.55947                  0.42000000000000004      2.3809523809523805       5.584908524253358E-13    5.353831660564729E-13    0.25                     5.0E10                   2700                     5886.840314539616        3398.7688402757885       2502.294445801098
1.55947                  0.44000000000000006      2.272727272727273        5.654165764303558E-13    5.395183685397281E-13    0.25                     5.0E10                   2700                     5886.840314539616        3398.7688402757885       2502.294445801098
1.55947                  0.45999999999999996      2.173913043478261        5.723372011343651E-13    5.416752856396523E-13    0.25                     5.0E10                   2700                     5886.840314539616        3398.7688402757885       2502.294445801098
1.55947                  0.48                     2.0833333333333335       5.779309571392377E-13    5.421235352765985E-13    0.25                     5.0E10                   2700                     5886.840314539616        3398.7688402757885       2502.294445801098
1.55947                  0.5                      2                        5.82220903961895E-13     5.435473230304723E-13    0.25                     5.0E10                   2700                     5886.840314539616        3398.7688402757885       2502.294445801098
1.55947                  0.52                     1.923076923076923        5.896998999368486E-13    5.475710310340033E-13    0.25                     5.0E10                   2700                     5886.840314539616        3398.7688402757885       2502.294445801098
1.55947                  0.54                     1.8518518518518516       5.924466053980229E-13    5.460459403862509E-13    0.25                     5.0E10                   2700                     5886.840314539616        3398.7688402757885       2502.294445801098
1.55947                  0.56                     1.7857142857142854       6.025162595899893E-13    5.511078420236735E-13    0.25                     5.0E10                   2700                     5886.840314539616        3398.7688402757885       2502.294445801098
1.55947                  0.58                     1.7241379310344829       6.084296744490269E-13    5.52994724535308E-13     0.25                     5.0E10                   2700                     5886.840314539616        3398.7688402757885       2502.294445801098
1.55947                  0.6                      1.6666666666666667       6.156811492483393E-13    5.564299594225459E-13    0.25                     5.0E10                   2700                     5886.840314539616        3398.7688402757885       2502.294445801098
1.55947                  0.62                     1.6129032258064515       6.223092462338068E-13    5.589787775688362E-13    0.25                     5.0E10                   2700                     5886.840314539616        3398.7688402757885       2502.294445801098
1.55947                  0.64                     1.5624999999999998       6.325138268938177E-13    5.640906523201884E-13    0.25                     5.0E10                   2700                     5886.840314539616        3398.7688402757885       2502.294445801098
1.55947                  0.66                     1.515151515151515        6.29738187814501E-13     5.568935775619264E-13    0.25                     5.0E10                   2700                     5886.840314539616        3398.7688402757885       2502.294445801098
1.55947                  0.6799999999999999       1.4705882352941178       6.362621962538292E-13    5.578065067383327E-13    0.25                     5.0E10                   2700                     5886.840314539616        3398.7688402757885       2502.294445801098
1.55947                  0.7                      1.4285714285714286       6.499955228654648E-13    5.651197038933097E-13    0.25                     5.0E10                   2700                     5886.840314539616        3398.7688402757885       2502.294445801098
1.55947                  0.72                     1.3888888888888888       6.635341057327257E-13    5.719493192510183E-13    0.25                     5.0E10                   2700                     5886.840314539616        3398.7688402757885       2502.294445801098
1.55947                  0.74                     1.3513513513513513       6.80856477696879E-13     5.818732707589778E-13    0.25                     5.0E10                   2700                     5886.840314539616        3398.7688402757885       2502.294445801098
1.55947                  0.76                     1.3157894736842106       6.911942359415312E-13    5.855037695383402E-13    0.25                     5.0E10                   2700                     5886.840314539616        3398.7688402757885       2502.294445801098
1.55947                  0.78                     1.2820512820512822       6.897566674946578E-13    5.790157246355904E-13    0.25                     5.0E10                   2700                     5886.840314539616        3398.7688402757885       2502.294445801098
1.55947                  0.8                      1.25                     6.89297121531023E-13     5.739662288480448E-13    0.25                     5.0E10                   2700                     5886.840314539616        3398.7688402757885       2502.294445801098
1.55947                  0.82                     1.2195121951219514       6.953312557009225E-13    5.754096889686686E-13    0.25                     5.0E10                   2700                     5886.840314539616        3398.7688402757885       2502.294445801098
1.55947                  0.84                     1.1904761904761905       7.008281311188109E-13    5.774951792459168E-13    0.25                     5.0E10                   2700                     5886.840314539616        3398.7688402757885       2502.294445801098
1.55947                  0.86                     1.1627906976744187       7.032445621064948E-13    5.773553206800085E-13    0.25                     5.0E10                   2700                     5886.840314539616        3398.7688402757885       2502.294445801098
1.55947                  0.88                     1.1363636363636365       7.059026350015463E-13    5.773993079583399E-13    0.25                     5.0E10                   2700                     5886.840314539616        3398.7688402757885       2502.294445801098
1.55947                  0.9                      1.1111111111111112       7.110598944358846E-13    5.79371847172315E-13     0.25                     5.0E10                   2700                     5886.840314539616        3398.7688402757885       2502.294445801098
1.55947                  0.92                     1.0869565217391304       7.161521219238218E-13    5.812650698816366E-13    0.25                     5.0E10                   2700                     5886.840314539616        3398.7688402757885       2502.294445801098
1.55947                  0.94                     1.0638297872340425       7.18736378397732E-13     5.813692923040862E-13    0.25                     5.0E10                   2700                     5886.840314539616        3398.7688402757885       2502.294445801098
1.55947                  0.96                     1.0416666666666667       7.204970104176442E-13    5.813264256106181E-13    0.25                     5.0E10                   2700                     5886.840314539616        3398.7688402757885       2502.294445801098
1.55947                  0.98                     1.0204081632653061       7.248136727578074E-13    5.840702692661625E-13    0.25                     5.0E10                   2700                     5886.840314539616        3398.7688402757885       2502.294445801098
1.55947                  1                        1                        7.325315082344466E-13    5.903221347470963E-13    0.25                     5.0E10                   2700                     5886.840314539616        3398.7688402757885       2502.294445801098
1.55947                  1.02                     0.9803921568627452       7.408581693114084E-13    5.981448154688907E-13    0.25                     5.0E10                   2700                     5886.840314539616        3398.7688402757885       2502.294445801098
1.55947                  1.04                     0.9615384615384615       7.447523422322512E-13    6.031450249953214E-13    0.25                     5.0E10                   2700                     5886.840314539616        3398.7688402757885       2502.294445801098
1.55947                  1.06                     0.9433962264150944       7.407613100725486E-13    6.021642276063222E-13    0.25                     5.0E10                   2700                     5886.840314539616        3398.7688402757885       2502.294445801098
1.55947                  1.08                     0.9259259259259258       7.289690349620272E-13    5.948443737030821E-13    0.25                     5.0E10                   2700                     5886.840314539616        3398.7688402757885       2502.294445801098
1.55947                  1.1                      0.909090909090909        7.123047808688244E-13    5.832435314179575E-13    0.25                     5.0E10                   2700                     5886.840314539616        3398.7688402757885       2502.294445801098
1.55947                  1.12                     0.8928571428571427       6.943321933547643E-13    5.701453631725708E-13    0.25                     5.0E10                   2700                     5886.840314539616        3398.7688402757885       2502.294445801098
1.55947                  1.1400000000000001       0.8771929824561403       6.778060925302479E-13    5.577608107315893E-13    0.25                     5.0E10                   2700                     5886.840314539616        3398.7688402757885       2502.294445801098
1.55947                  1.1600000000000001       0.8620689655172412       6.639791186136745E-13    5.472952043974362E-13    0.25                     5.0E10                   2700                     5886.840314539616        3398.7688402757885       2502.294445801098
1.55947                  1.1800000000000002       0.8474576271186439       6.532769943046912E-13    5.392683785788194E-13    0.25                     5.0E10                   2700                     5886.840314539616        3398.7688402757885       2502.294445801098
1.55947                  1.2000000000000002       0.8333333333333331       6.457166456467902E-13    5.338697096993567E-13    0.25                     5.0E10                   2700                     5886.840314539616        3398.7688402757885       2502.294445801098
1.55947                  1.2200000000000002       0.8196721311475409       6.411931761602361E-13    5.311767393799335E-13    0.25                     5.0E10                   2700                     5886.840314539616        3398.7688402757885       2502.294445801098
1.55947                  1.2400000000000002       0.8064516129032256       6.395364444635614E-13    5.311950268362843E-13    0.25                     5.0E10                   2700                     5886.840314539616        3398.7688402757885       2502.294445801098
1.55947                  1.26                     0.7936507936507936       6.405214741529963E-13    5.338751073482734E-13    0.25                     5.0E10                   2700                     5886.840314539616        3398.7688402757885       2502.294445801098
1.55947                  1.28                     0.7812499999999999       6.434383127622008E-13    5.387182472510552E-13    0.25                     5.0E10                   2700                     5886.840314539616        3398.7688402757885       2502.294445801098
1.55947                  1.3                      0.7692307692307692       6.474436520738011E-13    5.450917885961787E-13    0.25                     5.0E10                   2700                     5886.840314539616        3398.7688402757885       2502.294445801098
1.55947                  1.32                     0.7575757575757575       6.513654575988777E-13    5.520454818235998E-13    0.25                     5.0E10                   2700                     5886.840314539616        3398.7688402757885       2502.294445801098
1.55947                  1.34                     0.7462686567164178       6.539106325964566E-13    5.58467551500653E-13     0.25                     5.0E10                   2700                     5886.840314539616        3398.7688402757885       2502.294445801098
1.55947                  1.36                     0.7352941176470588       6.538938209300314E-13    5.632687979055126E-13    0.25                     5.0E10                   2700                     5886.840314539616        3398.7688402757885       2502.294445801098
1.55947                  1.3800000000000001       0.7246376811594203       6.504862069773517E-13    5.65598566100866E-13     0.25                     5.0E10                   2700                     5886.840314539616        3398.7688402757885       2502.294445801098
1.55947                  1.4000000000000001       0.7142857142857142       6.433956257406174E-13    5.650200472183302E-13    0.25                     5.0E10                   2700                     5886.840314539616        3398.7688402757885       2502.294445801098
1.55947                  1.4200000000000002       0.704225352112676        6.329086197345138E-13    5.61580799689583E-13     0.25                     5.0E10                   2700                     5886.840314539616        3398.7688402757885       2502.294445801098
1.55947                  1.4400000000000002       0.6944444444444444       6.198672586534222E-13    5.557789494355997E-13    0.25                     5.0E10                   2700                     5886.840314539616        3398.7688402757885       2502.294445801098
1.55947                  1.4600000000000002       0.6849315068493149       6.051214954992279E-13    5.483180180366558E-13    0.25                     5.0E10                   2700                     5886.840314539616        3398.7688402757885       2502.294445801098
1.55947                  1.4800000000000002       0.6756756756756755       5.897934971797177E-13    5.400468526635057E-13    0.25                     5.0E10                   2700                     5886.840314539616        3398.7688402757885       2502.294445801098
1.55947                  1.5000000000000002       0.6666666666666665       5.748019328960863E-13    5.317388621854107E-13    0.25                     5.0E10                   2700                     5886.840314539616        3398.7688402757885       2502.294445801098
1.55947                  1.52                     0.6578947368421053       5.608374165504184E-13    5.240103408904992E-13    0.25                     5.0E10                   2700                     5886.840314539616        3398.7688402757885       2502.294445801098
1.55947                  1.54                     0.6493506493506493       5.48337396333739E-13     5.172824953649172E-13    0.25                     5.0E10                   2700                     5886.840314539616        3398.7688402757885       2502.294445801098
1.55947                  1.56                     0.6410256410256411       5.375070308518944E-13    5.117849106165562E-13    0.25                     5.0E10                   2700                     5886.840314539616        3398.7688402757885       2502.294445801098
1.55947                  1.58                     0.6329113924050632       5.283620666174385E-13    5.075816524584756E-13    0.25                     5.0E10                   2700                     5886.840314539616        3398.7688402757885       2502.294445801098
1.55947                  1.6                      0.625                    5.207770264450975E-13    5.046058213068556E-13    0.25                     5.0E10                   2700                     5886.840314539616        3398.7688402757885       2502.294445801098
1.55947                  1.62                     0.6172839506172839       5.145309492926452E-13    5.026952772870801E-13    0.25                     5.0E10                   2700                     5886.840314539616        3398.7688402757885       2502.294445801098
1.55947                  1.6400000000000001       0.6097560975609756       5.093456118619724E-13    5.016244301640994E-13    0.25                     5.0E10                   2700                     5886.840314539616        3398.7688402757885       2502.294445801098
1.55947                  1.6600000000000001       0.6024096385542168       5.049187968949336E-13    5.011336347990097E-13    0.25                     5.0E10                   2700                     5886.840314539616        3398.7688402757885       2502.294445801098
1.55947                  1.6800000000000002       0.5952380952380951       5.01044965642339E-13     5.010595526639452E-13    0.25                     5.0E10                   2700                     5886.840314539616        3398.7688402757885       2502.294445801098
1.55947                  1.7000000000000002       0.588235294117647        4.972649504035107E-13    5.009406617009603E-13    0.25                     5.0E10                   2700                     5886.840314539616        3398.7688402757885       2502.294445801098
1.55947                  1.7200000000000002       0.5813953488372092       4.934338258870306E-13    5.006508910395371E-13    0.25                     5.0E10                   2700                     5886.840314539616        3398.7688402757885       2502.294445801098
1.55947                  1.7400000000000002       0.5747126436781609       4.893727803583054E-13    5.000115119695296E-13    0.25                     5.0E10                   2700                     5886.840314539616        3398.7688402757885       2502.294445801098
1.55947                  1.7600000000000002       0.5681818181818182       4.84962250889314E-13     4.988972020940535E-13    0.25                     5.0E10                   2700                     5886.840314539616        3398.7688402757885       2502.294445801098
1.55947                  1.78                     0.5617977528089887       4.8014220188991E-13      4.972384695512921E-13    0.25                     5.0E10                   2700                     5886.840314539616        3398.7688402757885       2502.294445801098
1.55947                  1.8                      0.5555555555555556       4.749060816335557E-13    4.950187897433463E-13    0.25                     5.0E10                   2700                     5886.840314539616        3398.7688402757885       2502.294445801098
1.55947                  1.82                     0.5494505494505494       4.692921738576989E-13    4.922674360547424E-13    0.25                     5.0E10                   2700                     5886.840314539616        3398.7688402757885       2502.294445801098
1.55947                  1.84                     0.5434782608695652       4.633721213839019E-13    4.890495021591345E-13    0.25                     5.0E10                   2700                     5886.840314539616        3398.7688402757885       2502.294445801098
1.55947                  1.86                     0.5376344086021505       4.572389989091827E-13    4.854547289763306E-13    0.25                     5.0E10                   2700                     5886.840314539616        3398.7688402757885       2502.294445801098
1.55947                  1.8800000000000001       0.5319148936170213       4.5099620694217415E-13   4.815865982596764E-13    0.25                     5.0E10                   2700                     5886.840314539616        3398.7688402757885       2502.294445801098
1.55947                  1.9000000000000001       0.5263157894736842       4.4474814655709384E-13   4.775527791586131E-13    0.25                     5.0E10                   2700                     5886.840314539616        3398.7688402757885       2502.294445801098
1.55947                  1.9200000000000002       0.5208333333333333       4.385931547699822E-13    4.73457556124678E-13     0.25                     5.0E10                   2700                     5886.840314539616        3398.7688402757885       2502.294445801098
1.55947                  1.9400000000000002       0.5154639175257731       4.326187623875273E-13    4.693964401301603E-13    0.25                     5.0E10                   2700                     5886.840314539616        3398.7688402757885       2502.294445801098
1.55947                  1.9600000000000002       0.5102040816326531       4.2689887722389354E-13   4.65452793478134E-13     0.25                     5.0E10                   2700                     5886.840314539616        3398.7688402757885       2502.294445801098
1.55947                  1.9800000000000002       0.505050505050505        4.214934699043272E-13    4.616964340313621E-13    0.25                     5.0E10                   2700                     5886.840314539616        3398.7688402757885       2502.294445801098
1.55947                  2                        0.5                      4.1646713004170693E-13   4.581902726622704E-13    0.25                     5.0E10                   2700                     5886.840314539616        3398.7688402757885       2502.294445801098
1.55947                  2.02                     0.4950495049504951       4.1181275300660095E-13   4.549620948413701E-13    0.25                     5.0E10                   2700                     5886.840314539616        3398.7688402757885       2502.294445801098
1.55947                  2.04                     0.4901960784313726       4.075715988415076E-13    4.5205005569720037E-13   0.25                     5.0E10                   2700                     5886.840314539616        3398.7688402757885       2502.294445801098
1.55947                  2.06                     0.48543689320388345      4.037548518165667E-13    4.4947427316910316E-13   0.25                     5.0E10                   2700                     5886.840314539616        3398.7688402757885       2502.294445801098
1.55947                  2.08                     0.4807692307692307       4.003656950611179E-13    4.472460790680588E-13    0.25                     5.0E10                   2700                     5886.840314539616        3398.7688402757885       2502.294445801098
1.55947                  2.1                      0.47619047619047616      3.974009480990013E-13    4.453696156631455E-13    0.25                     5.0E10                   2700                     5886.840314539616        3398.7688402757885       2502.294445801098
1.55947                  2.12                     0.4716981132075472       3.9485252146714217E-13   4.4384329712803527E-13   0.25                     5.0E10                   2700                     5886.840314539616        3398.7688402757885       2502.294445801098
1.55947                  2.14                     0.46728971962616817      3.9270865995858126E-13   4.426610919071695E-13    0.25                     5.0E10                   2700                     5886.840314539616        3398.7688402757885       2502.294445801098
1.55947                  2.16                     0.4629629629629629       3.9095497157839457E-13   4.418136105441177E-13    0.25                     5.0E10                   2700                     5886.840314539616        3398.7688402757885       2502.294445801098
1.55947                  2.18                     0.4587155963302752       3.8957525491855287E-13   4.412890020556022E-13    0.25                     5.0E10                   2700                     5886.840314539616        3398.7688402757885       2502.294445801098
1.55947                  2.2                      0.4545454545454545       3.8855205447504547E-13   4.410736327630949E-13    0.25                     5.0E10                   2700                     5886.840314539616        3398.7688402757885       2502.294445801098
1.55947                  2.22                     0.45045045045045035      3.8786751533688086E-13   4.411528067068818E-13    0.25                     5.0E10                   2700                     5886.840314539616        3398.7688402757885       2502.294445801098
1.55947                  2.24                     0.44642857142857134      3.87503204254535E-13     4.415109575297525E-13    0.25                     5.0E10                   2700                     5886.840314539616        3398.7688402757885       2502.294445801098
1.55947                  2.2600000000000002       0.44247787610619466      3.874407202724288E-13    4.421321156770477E-13    0.25                     5.0E10                   2700                     5886.840314539616        3398.7688402757885       2502.294445801098
1.55947                  2.2800000000000002       0.43859649122807015      3.8766177623199535E-13   4.430000917789022E-13    0.25                     5.0E10                   2700                     5886.840314539616        3398.7688402757885       2502.294445801098
1.55947                  2.3000000000000003       0.43478260869565216      3.8814830243382365E-13   4.4409862447817874E-13   0.25                     5.0E10                   2700                     5886.840314539616        3398.7688402757885       2502.294445801098
1.55947                  2.3200000000000003       0.4310344827586206       3.8888250061535334E-13   4.4541147155492453E-13   0.25                     5.0E10                   2700                     5886.840314539616        3398.7688402757885       2502.294445801098
1.55947                  2.3400000000000003       0.4273504273504273       3.898468618594606E-13    4.46922458677559E-13     0.25                     5.0E10                   2700                     5886.840314539616        3398.7688402757885       2502.294445801098
1.55947                  2.3600000000000003       0.42372881355932196      3.9102415976668366E-13   4.486154979600689E-13    0.25                     5.0E10                   2700                     5886.840314539616        3398.7688402757885       2502.294445801098
1.55947                  2.3800000000000003       0.4201680672268907       3.923974281062438E-13    4.50474586484825E-13     0.25                     5.0E10                   2700                     5886.840314539616        3398.7688402757885       2502.294445801098
1.55947                  2.4000000000000004       0.4166666666666666       3.939499304475146E-13    4.5248379319949103E-13   0.25                     5.0E10                   2700                     5886.840314539616        3398.7688402757885       2502.294445801098
1.55947                  2.42                     0.4132231404958677       3.956651276810798E-13    4.5462724098479905E-13   0.25                     5.0E10                   2700                     5886.840314539616        3398.7688402757885       2502.294445801098
1.55947                  2.44                     0.4098360655737705       3.9752664809637605E-13   4.568890893328169E-13    0.25                     5.0E10                   2700                     5886.840314539616        3398.7688402757885       2502.294445801098
1.55947                  2.46                     0.4065040650406504       3.9951826353517913E-13   4.592535218421568E-13    0.25                     5.0E10                   2700                     5886.840314539616        3398.7688402757885       2502.294445801098
1.55947                  2.48                     0.4032258064516129       4.0162387420972503E-13   4.617047416938378E-13    0.25                     5.0E10                   2700                     5886.840314539616        3398.7688402757885       2502.294445801098
1.55947                  2.5                      0.4                      4.040866340873321E-13    4.644340981195681E-13    0.25                     5.0E10                   2700                     5886.840314539616        3398.7688402757885       2502.294445801098
1.55947                  2.52                     0.3968253968253968       4.06368407166944E-13     4.670077120840682E-13    0.25                     5.0E10                   2700                     5886.840314539616        3398.7688402757885       2502.294445801098
1.55947                  2.54                     0.39370078740157477      4.0871575059252907E-13   4.696200483139866E-13    0.25                     5.0E10                   2700                     5886.840314539616        3398.7688402757885       2502.294445801098
1.55947                  2.56                     0.39062499999999994      4.1111305059448265E-13   4.722554693160772E-13    0.25                     5.0E10                   2700                     5886.840314539616        3398.7688402757885       2502.294445801098
1.55947                  2.58                     0.38759689922480617      4.135450642913906E-13    4.748986514969745E-13    0.25                     5.0E10                   2700                     5886.840314539616        3398.7688402757885       2502.294445801098
1.55947                  2.6                      0.3846153846153846       4.159968333956221E-13    4.775345158580898E-13    0.25                     5.0E10                   2700                     5886.840314539616        3398.7688402757885       2502.294445801098
1.55947                  2.62                     0.3816793893129771       4.1845374405114003E-13   4.801483005715929E-13    0.25                     5.0E10                   2700                     5886.840314539616        3398.7688402757885       2502.294445801098
1.55947                  2.64                     0.37878787878787873      4.209015938909205E-13    4.827256410153494E-13    0.25                     5.0E10                   2700                     5886.840314539616        3398.7688402757885       2502.294445801098
1.55947                  2.66                     0.37593984962406013      4.2332666446686603E-13   4.852526552231827E-13    0.25                     5.0E10                   2700                     5886.840314539616        3398.7688402757885       2502.294445801098
1.55947                  2.68                     0.3731343283582089       4.257157970407171E-13    4.877160325432336E-13    0.25                     5.0E10                   2700                     5886.840314539616        3398.7688402757885       2502.294445801098
1.55947                  2.7                      0.37037037037037035      4.2805646959153377E-13   4.901031231217565E-13    0.25                     5.0E10                   2700                     5886.840314539616        3398.7688402757885       2502.294445801098
1.55947                  2.72                     0.3676470588235294       4.3033687286476545E-13   4.924020258147646E-13    0.25                     5.0E10                   2700                     5886.840314539616        3398.7688402757885       2502.294445801098
1.55947                  2.74                     0.36496350364963503      4.3254598334650366E-13   4.946016721637874E-13    0.25                     5.0E10                   2700                     5886.840314539616        3398.7688402757885       2502.294445801098
1.55947                  2.7600000000000002       0.36231884057971014      4.3467363106139144E-13   4.96691904140252E-13     0.25                     5.0E10                   2700                     5886.840314539616        3398.7688402757885       2502.294445801098
1.55947                  2.7800000000000002       0.35971223021582727      4.367105603369613E-13    4.986635435951097E-13    0.25                     5.0E10                   2700                     5886.840314539616        3398.7688402757885       2502.294445801098
1.55947                  2.8000000000000003       0.3571428571428571       4.3864848185661357E-13   5.00508451579818E-13     0.25                     5.0E10                   2700                     5886.840314539616        3398.7688402757885       2502.294445801098
1.55947                  2.8200000000000003       0.35460992907801414      4.404801145804108E-13    5.02219575994279E-13     0.25                     5.0E10                   2700                     5886.840314539616        3398.7688402757885       2502.294445801098
1.55947                  2.8400000000000003       0.352112676056338        4.421992164464558E-13    5.037909863981547E-13    0.25                     5.0E10                   2700                     5886.840314539616        3398.7688402757885       2502.294445801098
1.55947                  2.8600000000000003       0.3496503496503496       4.438006030934432E-13    5.052178951764707E-13    0.25                     5.0E10                   2700                     5886.840314539616        3398.7688402757885       2502.294445801098
1.55947                  2.8800000000000003       0.3472222222222222       4.452801541854248E-13    5.064966646553367E-13    0.25                     5.0E10                   2700                     5886.840314539616        3398.7688402757885       2502.294445801098
1.55947                  2.9000000000000004       0.3448275862068965       4.4663480727922416E-13   5.07624800151617E-13     0.25                     5.0E10                   2700                     5886.840314539616        3398.7688402757885       2502.294445801098
1.55947                  2.92                     0.34246575342465757      4.478625758182501E-13    5.086009449819209E-13    0.25                     5.0E10                   2700                     5886.840314539616        3398.7688402757885       2502.294445801098
1.55947                  2.94                     0.3401360544217687       4.4896238034215236E-13   5.094247889624351E-13    0.25                     5.0E10                   2700                     5886.840314539616        3398.7688402757885       2502.294445801098
1.55947                  2.96                     0.33783783783783783      4.499342063439889E-13    5.100971020171907E-13    0.25                     5.0E10                   2700                     5886.840314539616        3398.7688402757885       2502.294445801098
1.55947                  2.98                     0.3355704697986577       4.507789283743988E-13    5.106196301976115E-13    0.25                     5.0E10                   2700                     5886.840314539616        3398.7688402757885       2502.294445801098
1.55947                  3                        0.3333333333333333       4.5149828107625664E-13   5.109950406231286E-13    0.25                     5.0E10                   2700                     5886.840314539616        3398.7688402757885       2502.294445801098
1.55947                  3.02                     0.33112582781456956      4.5209479358439483E-13   5.112268482143689E-13    0.25                     5.0E10                   2700                     5886.840314539616        3398.7688402757885       2502.294445801098
1.55947                  3.04                     0.32894736842105265      4.525717184600753E-13    5.113193364666991E-13    0.25                     5.0E10                   2700                     5886.840314539616        3398.7688402757885       2502.294445801098
1.55947                  3.06                     0.32679738562091504      4.529329566665206E-13    5.112774739579651E-13    0.25                     5.0E10                   2700                     5886.840314539616        3398.7688402757885       2502.294445801098
1.55947                  3.08                     0.3246753246753247       4.531829800787808E-13    5.11106828270446E-13     0.25                     5.0E10                   2700                     5886.840314539616        3398.7688402757885       2502.294445801098
1.55947                  3.1                      0.32258064516129037      4.533267529599348E-13    5.108134789322658E-13    0.25                     5.0E10                   2700                     5886.840314539616        3398.7688402757885       2502.294445801098
1.55947                  3.12                     0.32051282051282054      4.533696537158959E-13    5.104039308392907E-13    0.25                     5.0E10                   2700                     5886.840314539616        3398.7688402757885       2502.294445801098
1.55947                  3.14                     0.3184713375796178       4.5331739814718106E-13   5.098850295179213E-13    0.25                     5.0E10                   2700                     5886.840314539616        3398.7688402757885       2502.294445801098
1.55947                  3.16                     0.3164556962025316       4.5317596524452E-13      5.092638793760084E-13    0.25                     5.0E10                   2700                     5886.840314539616        3398.7688402757885       2502.294445801098
1.55947                  3.18                     0.31446540880503143      4.5295152643095307E-13   5.085477659436422E-13    0.25                     5.0E10                   2700                     5886.840314539616        3398.7688402757885       2502.294445801098
1.55947                  3.2                      0.3125                   4.5265037898062505E-13   5.077440829018883E-13    0.25                     5.0E10                   2700                     5886.840314539616        3398.7688402757885       2502.294445801098
1.55947                  3.22                     0.31055900621118004      4.5227888419486545E-13   5.068602645173639E-13    0.25                     5.0E10                   2700                     5886.840314539616        3398.7688402757885       2502.294445801098
1.55947                  3.24                     0.30864197530864196      4.518434107287047E-13    5.059037239204449E-13    0.25                     5.0E10                   2700                     5886.840314539616        3398.7688402757885       2502.294445801098
1.55947                  3.2600000000000002       0.3067484662576687       4.513502833518083E-13    5.048817975061975E-13    0.25                     5.0E10                   2700                     5886.840314539616        3398.7688402757885       2502.294445801098
1.55947                  3.2800000000000002       0.3048780487804878       4.5080573726724624E-13   5.038016955818108E-13    0.25                     5.0E10                   2700                     5886.840314539616        3398.7688402757885       2502.294445801098
1.55947                  3.3000000000000003       0.30303030303030304      4.502158779934291E-13    5.02670459258093E-13     0.25                     5.0E10                   2700                     5886.840314539616        3398.7688402757885       2502.294445801098
1.55947                  3.3200000000000003       0.3012048192771084       4.495866467209605E-13    5.014949234421958E-13    0.25                     5.0E10                   2700                     5886.840314539616        3398.7688402757885       2502.294445801098
1.55947                  3.3400000000000003       0.29940119760479045      4.489218471222645E-13    5.002831227079553E-13    0.25                     5.0E10                   2700                     5886.840314539616        3398.7688402757885       2502.294445801098
1.55947                  3.3600000000000003       0.29761904761904756      4.482303330612361E-13    4.990373973286279E-13    0.25                     5.0E10                   2700                     5886.840314539616        3398.7688402757885       2502.294445801098
1.55947                  3.3800000000000003       0.29585798816568043      4.475160006129588E-13    4.977663405128476E-13    0.25                     5.0E10                   2700                     5886.840314539616        3398.7688402757885       2502.294445801098
1.55947                  3.4000000000000004       0.2941176470588235       4.467838943370153E-13    4.964757124704697E-13    0.25                     5.0E10                   2700                     5886.840314539616        3398.7688402757885       2502.294445801098
1.55947                  3.4200000000000004       0.29239766081871343      4.460387948998391E-13    4.951709639355144E-13    0.25                     5.0E10                   2700                     5886.840314539616        3398.7688402757885       2502.294445801098
1.55947                  3.44                     0.29069767441860467      4.4528521156643785E-13   4.93857229190835E-13     0.25                     5.0E10                   2700                     5886.840314539616        3398.7688402757885       2502.294445801098
1.55947                  3.46                     0.2890173410404624       4.445273779525569E-13    4.925393227074396E-13    0.25                     5.0E10                   2700                     5886.840314539616        3398.7688402757885       2502.294445801098
1.55947                  3.48                     0.28735632183908044      4.437692507171575E-13    4.912217389519449E-13    0.25                     5.0E10                   2700                     5886.840314539616        3398.7688402757885       2502.294445801098
1.55947                  3.5                      0.2857142857142857       4.4301451076997323E-13   4.899086549442105E-13    0.25                     5.0E10                   2700                     5886.840314539616        3398.7688402757885       2502.294445801098
1.55947                  3.52                     0.2840909090909091       4.4226668311297603E-13   4.88604023589653E-13     0.25                     5.0E10                   2700                     5886.840314539616        3398.7688402757885       2502.294445801098
1.55947                  3.54                     0.2824858757062147       4.41528678903149E-13     4.873112280699239E-13    0.25                     5.0E10                   2700                     5886.840314539616        3398.7688402757885       2502.294445801098
1.55947                  3.56                     0.28089887640449435      4.4080349332929E-13      4.860336176687861E-13    0.25                     5.0E10                   2700                     5886.840314539616        3398.7688402757885       2502.294445801098
1.55947                  3.58                     0.2793296089385475       4.400937554474722E-13    4.847741671341085E-13    0.25                     5.0E10                   2700                     5886.840314539616        3398.7688402757885       2502.294445801098
1.55947                  3.6                      0.2777777777777778       4.394018512152116E-13    4.835355750344906E-13    0.25                     5.0E10                   2700                     5886.840314539616        3398.7688402757885       2502.294445801098
1.55947                  3.62                     0.27624309392265195      4.3872993335424166E-13   4.823202755140239E-13    0.25                     5.0E10                   2700                     5886.840314539616        3398.7688402757885       2502.294445801098
1.55947                  3.64                     0.2747252747252747       4.3807993178276904E-13   4.811304505973746E-13    0.25                     5.0E10                   2700                     5886.840314539616        3398.7688402757885       2502.294445801098
1.55947                  3.66                     0.27322404371584696      4.374535644380061E-13    4.79968042878708E-13     0.25                     5.0E10                   2700                     5886.840314539616        3398.7688402757885       2502.294445801098
1.55947                  3.68                     0.2717391304347826       4.3685234833582923E-13   4.78834768408442E-13     0.25                     5.0E10                   2700                     5886.840314539616        3398.7688402757885       2502.294445801098
1.55947                  3.7                      0.2702702702702703       4.362776107102092E-13    4.777321296043781E-13    0.25                     5.0E10                   2700                     5886.840314539616        3398.7688402757885       2502.294445801098
1.55947                  3.72                     0.26881720430107525      4.35730500148143E-13     4.766614281086204E-13    0.25                     5.0E10                   2700                     5886.840314539616        3398.7688402757885       2502.294445801098
1.55947                  3.74                     0.267379679144385        4.352119975943156E-13    4.756237774566106E-13    0.25                     5.0E10                   2700                     5886.840314539616        3398.7688402757885       2502.294445801098
1.55947                  3.7600000000000002       0.26595744680851063      4.347229271595728E-13    4.746201154588442E-13    0.25                     5.0E10                   2700                     5886.840314539616        3398.7688402757885       2502.294445801098
1.55947                  3.7800000000000002       0.26455026455026454      4.342639666614462E-13    4.73651216262194E-13     0.25                     5.0E10                   2700                     5886.840314539616        3398.7688402757885       2502.294445801098
1.55947                  3.8000000000000003       0.2631578947368421       4.3383565784743976E-13   4.727177020046448E-13    0.25                     5.0E10                   2700                     5886.840314539616        3398.7688402757885       2502.294445801098
1.55947                  3.8200000000000003       0.26178010471204183      4.3343841625575825E-13   4.718200540344681E-13    0.25                     5.0E10                   2700                     5886.840314539616        3398.7688402757885       2502.294445801098
1.55947                  3.8400000000000003       0.26041666666666663      4.330725406938834E-13    4.709586236645192E-13    0.25                     5.0E10                   2700                     5886.840314539616        3398.7688402757885       2502.294445801098
1.55947                  3.8600000000000003       0.25906735751295334      4.327382222916122E-13    4.701336424273393E-13    0.25                     5.0E10                   2700                     5886.840314539616        3398.7688402757885       2502.294445801098
1.55947                  3.8800000000000003       0.25773195876288657      4.324355531397727E-13    4.693452318382122E-13    0.25                     5.0E10                   2700                     5886.840314539616        3398.7688402757885       2502.294445801098
1.55947                  3.9000000000000004       0.2564102564102564       4.321645344932231E-13    4.685934126458546E-13    0.25                     5.0E10                   2700                     5886.840314539616        3398.7688402757885       2502.294445801098
1.55947                  3.9200000000000004       0.25510204081632654      4.31925084534827E-13     4.678781135725568E-13    0.25                     5.0E10                   2700                     5886.840314539616        3398.7688402757885       2502.294445801098
1.55947                  3.94                     0.25380710659898476      4.317170457083689E-13    4.671991795566697E-13    0.25                     5.0E10                   2700                     5886.840314539616        3398.7688402757885       2502.294445801098
1.55947                  3.96                     0.2525252525252525       4.3154019163034464E-13   4.665563795004105E-13    0.25                     5.0E10                   2700                     5886.840314539616        3398.7688402757885       2502.294445801098
1.55947                  3.98                     0.25125628140703515      4.31394233571776E-13     4.659494135296368E-13    0.25                     5.0E10                   2700                     5886.840314539616        3398.7688402757885       2502.294445801098
1.55947                  4                        0.25                     4.3127882655309293E-13   4.653779198005372E-13    0.25                     5.0E10                   2700                     5886.840314539616        3398.7688402757885       2502.294445801098
1.55947                  4.02                     0.24875621890547264      4.3119357503215316E-13   4.648414808496432E-13    0.25                     5.0E10                   2700                     5886.840314539616        3398.7688402757885       2502.294445801098
1.55947                  4.04                     0.24752475247524755      4.311380382186899E-13    4.643396295077692E-13    0.25                     5.0E10                   2700                     5886.840314539616        3398.7688402757885       2502.294445801098
1.55947                  4.06                     0.24630541871921185      4.3111173503170624E-13   4.638718544153251E-13    0.25                     5.0E10                   2700                     5886.840314539616        3398.7688402757885       2502.294445801098
1.55947                  4.08                     0.2450980392156863       4.3111414871323366E-13   4.63437605129616E-13     0.25                     5.0E10                   2700                     5886.840314539616        3398.7688402757885       2502.294445801098
1.55947                  4.1                      0.24390243902439027      4.311447311027589E-13    4.630362968701735E-13    0.25                     5.0E10                   2700                     5886.840314539616        3398.7688402757885       2502.294445801098
1.55947                  4.12                     0.24271844660194172      4.312029066202867E-13    4.626673149138178E-13    0.25                     5.0E10                   2700                     5886.840314539616        3398.7688402757885       2502.294445801098
1.55947                  4.14                     0.2415458937198068       4.3128807593587446E-13   4.62330018646522E-13     0.25                     5.0E10                   2700                     5886.840314539616        3398.7688402757885       2502.294445801098
1.55947                  4.16                     0.24038461538461536      4.313996193765826E-13    4.62023745308429E-13     0.25                     5.0E10                   2700                     5886.840314539616        3398.7688402757885       2502.294445801098
1.55947                  4.18                     0.2392344497607656       4.3153690006356404E-13   4.617478134500228E-13    0.25                     5.0E10                   2700                     5886.840314539616        3398.7688402757885       2502.294445801098
1.55947                  4.199999999999999        0.23809523809523814      4.3169926680909334E-13   4.615015260963013E-13    0.25                     5.0E10                   2700                     5886.840314539616        3398.7688402757885       2502.294445801098
1.55947                  4.22                     0.23696682464454977      4.3188605678105943E-13   4.612841736751018E-13    0.25                     5.0E10                   2700                     5886.840314539616        3398.7688402757885       2502.294445801098
1.55947                  4.239999999999999        0.23584905660377362      4.3209659795486304E-13   4.61095036678125E-13     0.25                     5.0E10                   2700                     5886.840314539616        3398.7688402757885       2502.294445801098
1.55947                  4.26                     0.2347417840375587       4.3233021136122615E-13   4.609333881267828E-13    0.25                     5.0E10                   2700                     5886.840314539616        3398.7688402757885       2502.294445801098
1.55947                  4.279999999999999        0.23364485981308417      4.3258621314270965E-13   4.607984957890886E-13    0.25                     5.0E10                   2700                     5886.840314539616        3398.7688402757885       2502.294445801098
1.55947                  4.3                      0.23255813953488372      4.328639164492884E-13    4.606896242509396E-13    0.25                     5.0E10                   2700                     5886.840314539616        3398.7688402757885       2502.294445801098
1.55947                  4.319999999999999        0.23148148148148148      4.331626331524007E-13    4.606060367498893E-13    0.25                     5.0E10                   2700                     5886.840314539616        3398.7688402757885       2502.294445801098
1.55947                  4.34                     0.2304147465437788       4.33481675418305E-13     4.605469968868121E-13    0.25                     5.0E10                   2700                     5886.840314539616        3398.7688402757885       2502.294445801098
1.55947                  4.359999999999999        0.22935779816513763      4.3382035714206836E-13   4.605117701633543E-13    0.25                     5.0E10                   2700                     5886.840314539616        3398.7688402757885       2502.294445801098
1.55947                  4.38                     0.228310502283105        4.3417824237143204E-13   4.604998223033532E-13    0.25                     5.0E10                   2700                     5886.840314539616        3398.7688402757885       2502.294445801098
1.55947                  4.3999999999999995       0.22727272727272732      4.3455416160145676E-13   4.60510036299494E-13     0.25                     5.0E10                   2700                     5886.840314539616        3398.7688402757885       2502.294445801098
1.55947                  4.42                     0.22624434389140272      4.3494768471226533E-13   4.605418845618447E-13    0.25                     5.0E10                   2700                     5886.840314539616        3398.7688402757885       2502.294445801098
1.55947                  4.4399999999999995       0.22522522522522526      4.3535814431661323E-13   4.605946527977991E-13    0.25                     5.0E10                   2700                     5886.840314539616        3398.7688402757885       2502.294445801098
1.55947                  4.46                     0.2242152466367713       4.357848801207628E-13    4.606676343251288E-13    0.25                     5.0E10                   2700                     5886.840314539616        3398.7688402757885       2502.294445801098
1.55947                  4.4799999999999995       0.2232142857142857       4.362272396908683E-13    4.607601308911879E-13    0.25                     5.0E10                   2700                     5886.840314539616        3398.7688402757885       2502.294445801098
1.55947                  4.5                      0.22222222222222224      4.366845791569392E-13    4.608714533901991E-13    0.25                     5.0E10                   2700                     5886.840314539616        3398.7688402757885       2502.294445801098
1.55947                  4.52                     0.22123893805309736      4.371562638114954E-13    4.610009225075032E-13    0.25                     5.0E10                   2700                     5886.840314539616        3398.7688402757885       2502.294445801098
1.55947                  4.54                     0.22026431718061676      4.3764166866860475E-13   4.611478692853596E-13    0.25                     5.0E10                   2700                     5886.840314539616        3398.7688402757885       2502.294445801098
1.55947                  4.56                     0.21929824561403513      4.381401789290205E-13    4.613116356159526E-13    0.25                     5.0E10                   2700                     5886.840314539616        3398.7688402757885       2502.294445801098
1.55947                  4.58                     0.21834061135371177      4.3865119041425815E-13   4.614915746690412E-13    0.25                     5.0E10                   2700                     5886.840314539616        3398.7688402757885       2502.294445801098
1.55947                  4.6                      0.2173913043478261       4.3917410991579203E-13   4.616870512570055E-13    0.25                     5.0E10                   2700                     5886.840314539616        3398.7688402757885       2502.294445801098
1.55947                  4.62                     0.21645021645021645      4.3970835551416636E-13   4.618974421619836E-13    0.25                     5.0E10                   2700                     5886.840314539616        3398.7688402757885       2502.294445801098
1.55947                  4.64                     0.21551724137931036      4.4025335684376996E-13   4.621221363856178E-13    0.25                     5.0E10                   2700                     5886.840314539616        3398.7688402757885       2502.294445801098
1.55947                  4.66                     0.2145922746781116       4.4080855531532866E-13   4.623605353762203E-13    0.25                     5.0E10                   2700                     5886.840314539616        3398.7688402757885       2502.294445801098
1.55947                  4.68                     0.21367521367521367      4.41373404283911E-13     4.626120531872131E-13    0.25                     5.0E10                   2700                     5886.840314539616        3398.7688402757885       2502.294445801098
1.55947                  4.7                      0.2127659574468085       4.419473692163317E-13    4.628761166408926E-13    0.25                     5.0E10                   2700                     5886.840314539616        3398.7688402757885       2502.294445801098
1.55947                  4.72                     0.211864406779661        4.4252992778320264E-13   4.631521654022538E-13    0.25                     5.0E10                   2700                     5886.840314539616        3398.7688402757885       2502.294445801098
1.55947                  4.739999999999999        0.21097046413502113      4.431205699513082E-13    4.634396520677163E-13    0.25                     5.0E10                   2700                     5886.840314539616        3398.7688402757885       2502.294445801098
1.55947                  4.76                     0.21008403361344538      4.43718798022332E-13     4.637380421820838E-13    0.25                     5.0E10                   2700                     5886.840314539616        3398.7688402757885       2502.294445801098
1.55947                  4.779999999999999        0.20920502092050208      4.443241266654762E-13    4.640468142656134E-13    0.25                     5.0E10                   2700                     5886.840314539616        3398.7688402757885       2502.294445801098
1.55947                  4.8                      0.20833333333333334      4.449360829233048E-13    4.64365459799539E-13     0.25                     5.0E10                   2700                     5886.840314539616        3398.7688402757885       2502.294445801098
1.55947                  4.819999999999999        0.2074688796680498       4.455542061771191E-13    4.646934831797934E-13    0.25                     5.0E10                   2700                     5886.840314539616        3398.7688402757885       2502.294445801098
1.55947                  4.84                     0.20661157024793386      4.461780481182645E-13    4.650304016678075E-13    0.25                     5.0E10                   2700                     5886.840314539616        3398.7688402757885       2502.294445801098
1.55947                  4.859999999999999        0.20576131687242802      4.4680717268417103E-13   4.653757453120733E-13    0.25                     5.0E10                   2700                     5886.840314539616        3398.7688402757885       2502.294445801098
1.55947                  4.88                     0.20491803278688525      4.474411559868049E-13    4.657290568585816E-13    0.25                     5.0E10                   2700                     5886.840314539616        3398.7688402757885       2502.294445801098
1.55947                  4.8999999999999995       0.20408163265306126      4.48079586211906E-13     4.660898916408588E-13    0.25                     5.0E10                   2700                     5886.840314539616        3398.7688402757885       2502.294445801098
1.55947                  4.92                     0.2032520325203252       4.487220635219586E-13    4.664578174539952E-13    0.25                     5.0E10                   2700                     5886.840314539616        3398.7688402757885       2502.294445801098
1.55947                  4.9399999999999995       0.20242914979757085      4.4936819993602684E-13   4.668324144363642E-13    0.25                     5.0E10                   2700                     5886.840314539616        3398.7688402757885       2502.294445801098
1.55947                  4.96                     0.20161290322580644      4.5001761920426046E-13   4.672132749015971E-13    0.25                     5.0E10                   2700                     5886.840314539616        3398.7688402757885       2502.294445801098
1.55947                  4.9799999999999995       0.20080321285140565      4.5066995667142455E-13   4.676000032071409E-13    0.25                     5.0E10                   2700                     5886.840314539616        3398.7688402757885       2502.294445801098
1.55947                  5                        0.2                      4.514128408307355E-13    4.681058777340003E-13    0.25                     5.0E10                   2700                     5886.840314539616        3398.7688402757885       2502.294445801098
1.55947                  5.02                     0.19920318725099603      4.5207012252959116E-13   4.68503349306115E-13     0.25                     5.0E10                   2700                     5886.840314539616        3398.7688402757885       2502.294445801098
1.55947                  5.04                     0.1984126984126984       4.527292403138163E-13    4.689055081442667E-13    0.25                     5.0E10                   2700                     5886.840314539616        3398.7688402757885       2502.294445801098
1.55947                  5.06                     0.19762845849802374      4.5338987653613E-13      4.693120078123511E-13    0.25                     5.0E10                   2700                     5886.840314539616        3398.7688402757885       2502.294445801098
1.55947                  5.08                     0.19685039370078738      4.5405172425950003E-13   4.697225129182686E-13    0.25                     5.0E10                   2700                     5886.840314539616        3398.7688402757885       2502.294445801098
1.55947                  5.1                      0.19607843137254904      4.5471448707389763E-13   4.701366989309253E-13    0.25                     5.0E10                   2700                     5886.840314539616        3398.7688402757885       2502.294445801098
1.55947                  5.12                     0.19531249999999997      4.553778789200675E-13    4.705542519754301E-13    0.25                     5.0E10                   2700                     5886.840314539616        3398.7688402757885       2502.294445801098
1.55947                  5.14                     0.1945525291828794       4.560416239024128E-13    4.709748686456655E-13    0.25                     5.0E10                   2700                     5886.840314539616        3398.7688402757885       2502.294445801098
1.55947                  5.16                     0.19379844961240308      4.567054560813288E-13    4.713982557899016E-13    0.25                     5.0E10                   2700                     5886.840314539616        3398.7688402757885       2502.294445801098
1.55947                  5.18                     0.19305019305019305      4.573691193149948E-13    4.718241303170298E-13    0.25                     5.0E10                   2700                     5886.840314539616        3398.7688402757885       2502.294445801098
1.55947                  5.2                      0.1923076923076923       4.580323670183788E-13    4.722522189924547E-13    0.25                     5.0E10                   2700                     5886.840314539616        3398.7688402757885       2502.294445801098
1.55947                  5.22                     0.19157088122605365      4.58694962008626E-13     4.726822582185795E-13    0.25                     5.0E10                   2700                     5886.840314539616        3398.7688402757885       2502.294445801098
1.55947                  5.239999999999999        0.19083969465648856      4.593566762862652E-13    4.731139938426922E-13    0.25                     5.0E10                   2700                     5886.840314539616        3398.7688402757885       2502.294445801098
1.55947                  5.26                     0.19011406844106465      4.600172908315964E-13    4.735471809470598E-13    0.25                     5.0E10                   2700                     5886.840314539616        3398.7688402757885       2502.294445801098
1.55947                  5.279999999999999        0.18939393939393942      4.606765954184094E-13    4.739815836257015E-13    0.25                     5.0E10                   2700                     5886.840314539616        3398.7688402757885       2502.294445801098
1.55947                  5.3                      0.18867924528301888      4.613343884078076E-13    4.744169748038536E-13    0.25                     5.0E10                   2700                     5886.840314539616        3398.7688402757885       2502.294445801098
1.55947                  5.319999999999999        0.1879699248120301       4.619904765493735E-13    4.748531360037256E-13    0.25                     5.0E10                   2700                     5886.840314539616        3398.7688402757885       2502.294445801098
1.55947                  5.34                     0.18726591760299627      4.626446747813032E-13    4.75289857162894E-13     0.25                     5.0E10                   2700                     5886.840314539616        3398.7688402757885       2502.294445801098
1.55947                  5.359999999999999        0.1865671641791045       4.632968060278083E-13    4.7572693640983E-13      0.25                     5.0E10                   2700                     5886.840314539616        3398.7688402757885       2502.294445801098
1.55947                  5.38                     0.1858736059479554       4.639467010183678E-13    4.761641798751692E-13    0.25                     5.0E10                   2700                     5886.840314539616        3398.7688402757885       2502.294445801098
1.55947                  5.3999999999999995       0.1851851851851852       4.645941980623822E-13    4.76601401479588E-13     0.25                     5.0E10                   2700                     5886.840314539616        3398.7688402757885       2502.294445801098
1.55947                  5.42                     0.18450184501845018      4.652391428828141E-13    4.770384227426057E-13    0.25                     5.0E10                   2700                     5886.840314539616        3398.7688402757885       2502.294445801098
1.55947                  5.4399999999999995       0.18382352941176472      4.658813884113546E-13    4.77475072577501E-13     0.25                     5.0E10                   2700                     5886.840314539616        3398.7688402757885       2502.294445801098
1.55947                  5.46                     0.18315018315018314      4.665207945863408E-13    4.77911187101531E-13     0.25                     5.0E10                   2700                     5886.840314539616        3398.7688402757885       2502.294445801098
1.55947                  5.4799999999999995       0.18248175182481755      4.67157228176921E-13     4.783466094319096E-13    0.25                     5.0E10                   2700                     5886.840314539616        3398.7688402757885       2502.294445801098
1.55947                  5.5                      0.18181818181818182      4.67790562598951E-13     4.787811895099502E-13    0.25                     5.0E10                   2700                     5886.840314539616        3398.7688402757885       2502.294445801098
1.55947                  5.52                     0.1811594202898551       4.684206777068573E-13    4.792147838969031E-13    0.25                     5.0E10                   2700                     5886.840314539616        3398.7688402757885       2502.294445801098
1.55947                  5.54                     0.18050541516245486      4.690474596356756E-13    4.79647255600145E-13     0.25                     5.0E10                   2700                     5886.840314539616        3398.7688402757885       2502.294445801098
1.55947                  5.56                     0.1798561151079137       4.696708006064944E-13    4.800784738808834E-13    0.25                     5.0E10                   2700                     5886.840314539616        3398.7688402757885       2502.294445801098
1.55947                  5.58                     0.17921146953405018      4.702905987460502E-13    4.805083140765819E-13    0.25                     5.0E10                   2700                     5886.840314539616        3398.7688402757885       2502.294445801098
1.55947                  5.6                      0.17857142857142858      4.709067579244045E-13    4.809366574251558E-13    0.25                     5.0E10                   2700                     5886.840314539616        3398.7688402757885       2502.294445801098
1.55947                  5.62                     0.17793594306049823      4.715191875662968E-13    4.813633908908223E-13    0.25                     5.0E10                   2700                     5886.840314539616        3398.7688402757885       2502.294445801098
1.55947                  5.64                     0.1773049645390071       4.721278024931472E-13    4.817884069828029E-13    0.25                     5.0E10                   2700                     5886.840314539616        3398.7688402757885       2502.294445801098
1.55947                  5.66                     0.17667844522968196      4.727325227444195E-13    4.822116036009708E-13    0.25                     5.0E10                   2700                     5886.840314539616        3398.7688402757885       2502.294445801098
1.55947                  5.68                     0.17605633802816903      4.733332734276986E-13    4.826328838562703E-13    0.25                     5.0E10                   2700                     5886.840314539616        3398.7688402757885       2502.294445801098
1.55947                  5.7                      0.17543859649122806      4.739299845477406E-13    4.830521559236475E-13    0.25                     5.0E10                   2700                     5886.840314539616        3398.7688402757885       2502.294445801098
1.55947                  5.72                     0.17482517482517484      4.745225908368209E-13    4.834693328607976E-13    0.25                     5.0E10                   2700                     5886.840314539616        3398.7688402757885       2502.294445801098
1.55947                  5.739999999999999        0.17421602787456447      4.751110316258225E-13    4.83884332476318E-13     0.25                     5.0E10                   2700                     5886.840314539616        3398.7688402757885       2502.294445801098
1.55947                  5.76                     0.1736111111111111       4.756952506643005E-13    4.842970771545945E-13    0.25                     5.0E10                   2700                     5886.840314539616        3398.7688402757885       2502.294445801098
1.55947                  5.779999999999999        0.17301038062283738      4.762751960047023E-13    4.84707493730562E-13     0.25                     5.0E10                   2700                     5886.840314539616        3398.7688402757885       2502.294445801098
1.55947                  5.8                      0.1724137931034483       4.768508198171527E-13    4.851155133122635E-13    0.25                     5.0E10                   2700                     5886.840314539616        3398.7688402757885       2502.294445801098
1.55947                  5.819999999999999        0.17182130584192443      4.77422078266977E-13     4.855210711641584E-13    0.25                     5.0E10                   2700                     5886.840314539616        3398.7688402757885       2502.294445801098
1.55947                  5.84                     0.17123287671232879      4.779894295437743E-13    4.859245401217659E-13    0.25                     5.0E10                   2700                     5886.840314539616        3398.7688402757885       2502.294445801098
1.55947                  5.859999999999999        0.17064846416382254      4.785518479815573E-13    4.863250020128706E-13    0.25                     5.0E10                   2700                     5886.840314539616        3398.7688402757885       2502.294445801098
1.55947                  5.88                     0.17006802721088435      4.791097922363516E-13    4.867228315372952E-13    0.25                     5.0E10                   2700                     5886.840314539616        3398.7688402757885       2502.294445801098
1.55947                  5.8999999999999995       0.16949152542372883      4.796632330711896E-13    4.871179791662064E-13    0.25                     5.0E10                   2700                     5886.840314539616        3398.7688402757885       2502.294445801098
1.55947                  5.92                     0.16891891891891891      4.802121445868839E-13    4.875103988559411E-13    0.25                     5.0E10                   2700                     5886.840314539616        3398.7688402757885       2502.294445801098
1.55947                  5.9399999999999995       0.16835016835016836      4.807565040762029E-13    4.87900047911035E-13     0.25                     5.0E10                   2700                     5886.840314539616        3398.7688402757885       2502.294445801098
1.55947                  5.96                     0.16778523489932884      4.812962919022116E-13    4.882868868648783E-13    0.25                     5.0E10                   2700                     5886.840314539616        3398.7688402757885       2502.294445801098
1.55947                  5.9799999999999995       0.16722408026755856      4.818314914009511E-13    4.886708793662212E-13    0.25                     5.0E10                   2700                     5886.840314539616        3398.7688402757885       2502.294445801098
1.55947                  6                        0.16666666666666666      4.823620887374878E-13    4.890519920589316E-13    0.25                     5.0E10                   2700                     5886.840314539616        3398.7688402757885       2502.294445801098
1.55947                  6.02                     0.16611295681063123      4.82888072814795E-13     4.894301944709325E-13    0.25                     5.0E10                   2700                     5886.840314539616        3398.7688402757885       2502.294445801098
1.55947                  6.04                     0.16556291390728478      4.834094351585645E-13    4.898054589095383E-13    0.25                     5.0E10                   2700                     5886.840314539616        3398.7688402757885       2502.294445801098
1.55947                  6.06                     0.16501650165016504      4.83926169803411E-13     4.901777603482493E-13    0.25                     5.0E10                   2700                     5886.840314539616        3398.7688402757885       2502.294445801098
1.55947                  6.08                     0.16447368421052633      4.844382731944357E-13    4.905470763231906E-13    0.25                     5.0E10                   2700                     5886.840314539616        3398.7688402757885       2502.294445801098
1.55947                  6.1                      0.16393442622950818      4.849457440966959E-13    4.909133868457107E-13    0.25                     5.0E10                   2700                     5886.840314539616        3398.7688402757885       2502.294445801098
1.55947                  6.12                     0.16339869281045752      4.854485834721188E-13    4.912766742816407E-13    0.25                     5.0E10                   2700                     5886.840314539616        3398.7688402757885       2502.294445801098
1.55947                  6.14                     0.16286644951140067      4.859467944008991E-13    4.916369232765961E-13    0.25                     5.0E10                   2700                     5886.840314539616        3398.7688402757885       2502.294445801098
1.55947                  6.16                     0.16233766233766234      4.864403819988916E-13    4.919941206552735E-13    0.25                     5.0E10                   2700                     5886.840314539616        3398.7688402757885       2502.294445801098
1.55947                  6.18                     0.16181229773462782      4.869293533052684E-13    4.923482553287609E-13    0.25                     5.0E10                   2700                     5886.840314539616        3398.7688402757885       2502.294445801098
1.55947                  6.2                      0.16129032258064518      4.874137172039772E-13    4.926993182149846E-13    0.25                     5.0E10                   2700                     5886.840314539616        3398.7688402757885       2502.294445801098
1.55947                  6.22                     0.16077170418006428      4.878934843395286E-13    4.930473021463825E-13    0.25                     5.0E10                   2700                     5886.840314539616        3398.7688402757885       2502.294445801098
1.55947                  6.24                     0.16025641025641027      4.883686670395252E-13    4.93392201793116E-13     0.25                     5.0E10                   2700                     5886.840314539616        3398.7688402757885       2502.294445801098
1.55947                  6.26                     0.1597444089456869       4.888392792305123E-13    4.937340135828441E-13    0.25                     5.0E10                   2700                     5886.840314539616        3398.7688402757885       2502.294445801098
1.55947                  6.279999999999999        0.15923566878980894      4.893053363625462E-13    4.940727356251374E-13    0.25                     5.0E10                   2700                     5886.840314539616        3398.7688402757885       2502.294445801098
1.55947                  6.3                      0.15873015873015872      4.897668553268483E-13    4.944083676291077E-13    0.25                     5.0E10                   2700                     5886.840314539616        3398.7688402757885       2502.294445801098
1.55947                  6.319999999999999        0.15822784810126583      4.902238543864754E-13    4.947409108380667E-13    0.25                     5.0E10                   2700                     5886.840314539616        3398.7688402757885       2502.294445801098
1.55947                  6.34                     0.1577287066246057       4.90676353125909E-13     4.950703679652679E-13    0.25                     5.0E10                   2700                     5886.840314539616        3398.7688402757885       2502.294445801098
1.55947                  6.359999999999999        0.15723270440251574      4.911243723458993E-13    4.953967431057221E-13    0.25                     5.0E10                   2700                     5886.840314539616        3398.7688402757885       2502.294445801098
1.55947                  6.38                     0.15673981191222572      4.915679340239566E-13    4.957200416903438E-13    0.25                     5.0E10                   2700                     5886.840314539616        3398.7688402757885       2502.294445801098
1.55947                  6.3999999999999995       0.15625                  4.920070612533983E-13    4.960402704187872E-13    0.25                     5.0E10                   2700                     5886.840314539616        3398.7688402757885       2502.294445801098
1.55947                  6.42                     0.1557632398753894       4.924417781692232E-13    4.963574371908603E-13    0.25                     5.0E10                   2700                     5886.840314539616        3398.7688402757885       2502.294445801098
1.55947                  6.4399999999999995       0.15527950310559008      4.928721098835873E-13    4.966715510480916E-13    0.25                     5.0E10                   2700                     5886.840314539616        3398.7688402757885       2502.294445801098
1.55947                  6.46                     0.15479876160990713      4.932980824511977E-13    4.969826221254658E-13    0.25                     5.0E10                   2700                     5886.840314539616        3398.7688402757885       2502.294445801098
1.55947                  6.4799999999999995       0.154320987654321        4.937197227947262E-13    4.972906615856647E-13    0.25                     5.0E10                   2700                     5886.840314539616        3398.7688402757885       2502.294445801098
1.55947                  6.5                      0.15384615384615383      4.94137058653272E-13     4.975956815682781E-13    0.25                     5.0E10                   2700                     5886.840314539616        3398.7688402757885       2502.294445801098
1.55947                  6.52                     0.15337423312883436      4.945501185482287E-13    4.97897695148144E-13     0.25                     5.0E10                   2700                     5886.840314539616        3398.7688402757885       2502.294445801098
1.55947                  6.54                     0.15290519877675843      4.949589316978707E-13    4.981967162600274E-13    0.25                     5.0E10                   2700                     5886.840314539616        3398.7688402757885       2502.294445801098
1.55947                  6.56                     0.15243902439024393      4.953635280196017E-13    4.9849275968626E-13      0.25                     5.0E10                   2700                     5886.840314539616        3398.7688402757885       2502.294445801098
1.55947                  6.58                     0.1519756838905775       4.957639380387471E-13    4.987858409776937E-13    0.25                     5.0E10                   2700                     5886.840314539616        3398.7688402757885       2502.294445801098
1.55947                  6.6                      0.15151515151515152      4.961601928619754E-13    4.99075976425272E-13     0.25                     5.0E10                   2700                     5886.840314539616        3398.7688402757885       2502.294445801098
1.55947                  6.62                     0.1510574018126888       4.96552324136482E-13     4.993631830149388E-13    0.25                     5.0E10                   2700                     5886.840314539616        3398.7688402757885       2502.294445801098
1.55947                  6.64                     0.1506024096385542       4.969403640163285E-13    4.996474783877468E-13    0.25                     5.0E10                   2700                     5886.840314539616        3398.7688402757885       2502.294445801098
1.55947                  6.66                     0.15015015015015015      4.973243451002382E-13    4.99928880792032E-13     0.25                     5.0E10                   2700                     5886.840314539616        3398.7688402757885       2502.294445801098
1.55947                  6.68                     0.14970059880239522      4.977043004089954E-13    5.002074090496264E-13    0.25                     5.0E10                   2700                     5886.840314539616        3398.7688402757885       2502.294445801098
1.55947                  6.7                      0.1492537313432836       4.980802633529867E-13    5.004830825238308E-13    0.25                     5.0E10                   2700                     5886.840314539616        3398.7688402757885       2502.294445801098
1.55947                  6.72                     0.1488095238095238       4.984522676838218E-13    5.00755921073477E-13     0.25                     5.0E10                   2700                     5886.840314539616        3398.7688402757885       2502.294445801098
1.55947                  6.74                     0.14836795252225518      4.988203474671769E-13    5.010259450250949E-13    0.25                     5.0E10                   2700                     5886.840314539616        3398.7688402757885       2502.294445801098
1.55947                  6.76                     0.14792899408284024      4.991845370576505E-13    5.012931751421069E-13    0.25                     5.0E10                   2700                     5886.840314539616        3398.7688402757885       2502.294445801098
1.55947                  6.779999999999999        0.14749262536873156      4.995448710516894E-13    5.015576325822524E-13    0.25                     5.0E10                   2700                     5886.840314539616        3398.7688402757885       2502.294445801098
1.55947                  6.8                      0.14705882352941177      4.999013842683272E-13    5.018193388794105E-13    0.25                     5.0E10                   2700                     5886.840314539616        3398.7688402757885       2502.294445801098
1.55947                  6.819999999999999        0.1466275659824047       5.002541117240911E-13    5.020783159097041E-13    0.25                     5.0E10                   2700                     5886.840314539616        3398.7688402757885       2502.294445801098
1.55947                  6.84                     0.14619883040935674      5.006030885998785E-13    5.023345858614683E-13    0.25                     5.0E10                   2700                     5886.840314539616        3398.7688402757885       2502.294445801098
1.55947                  6.859999999999999        0.1457725947521866       5.009483502032055E-13    5.025881712047053E-13    0.25                     5.0E10                   2700                     5886.840314539616        3398.7688402757885       2502.294445801098
1.55947                  6.88                     0.14534883720930233      5.012899319748635E-13    5.028390946794936E-13    0.25                     5.0E10                   2700                     5886.840314539616        3398.7688402757885       2502.294445801098
1.55947                  6.8999999999999995       0.14492753623188406      5.01627869427294E-13     5.030873792522081E-13    0.25                     5.0E10                   2700                     5886.840314539616        3398.7688402757885       2502.294445801098
1.55947                  6.92                     0.1445086705202312       5.019621981521456E-13    5.033330481089708E-13    0.25                     5.0E10                   2700                     5886.840314539616        3398.7688402757885       2502.294445801098
1.55947                  6.9399999999999995       0.1440922190201729       5.022929537814572E-13    5.035761246217417E-13    0.25                     5.0E10                   2700                     5886.840314539616        3398.7688402757885       2502.294445801098
1.55947                  6.96                     0.14367816091954022      5.026201719699299E-13    5.038166323294572E-13    0.25                     5.0E10                   2700                     5886.840314539616        3398.7688402757885       2502.294445801098
1.55947                  6.9799999999999995       0.14326647564469916      5.02943888374169E-13     5.040545949157573E-13    0.25                     5.0E10                   2700                     5886.840314539616        3398.7688402757885       2502.294445801098
1.55947                  7                        0.14285714285714285      5.032641386500383E-13    5.042900361980052E-13    0.25                     5.0E10                   2700                     5886.840314539616        3398.7688402757885       2502.294445801098
1.55947                  7.02                     0.14245014245014245      5.035809583950251E-13    5.045229800897865E-13    0.25                     5.0E10                   2700                     5886.840314539616        3398.7688402757885       2502.294445801098
1.55947                  7.04                     0.14204545454545456      5.038943831854781E-13    5.047534506068094E-13    0.25                     5.0E10                   2700                     5886.840314539616        3398.7688402757885       2502.294445801098
1.55947                  7.06                     0.141643059490085        5.042044485069688E-13    5.049814718259875E-13    0.25                     5.0E10                   2700                     5886.840314539616        3398.7688402757885       2502.294445801098
1.55947                  7.08                     0.14124293785310735      5.045111897830889E-13    5.05207067887295E-13     0.25                     5.0E10                   2700                     5886.840314539616        3398.7688402757885       2502.294445801098
1.55947                  7.1                      0.14084507042253522      5.048146423123105E-13    5.054302629586326E-13    0.25                     5.0E10                   2700                     5886.840314539616        3398.7688402757885       2502.294445801098
1.55947                  7.12                     0.14044943820224717      5.051148413215437E-13    5.056510812508676E-13    0.25                     5.0E10                   2700                     5886.840314539616        3398.7688402757885       2502.294445801098
1.55947                  7.14                     0.1400560224089636       5.054118218772424E-13    5.058695469644933E-13    0.25                     5.0E10                   2700                     5886.840314539616        3398.7688402757885       2502.294445801098
1.55947                  7.16                     0.13966480446927376      5.057056189297522E-13    5.060856843092184E-13    0.25                     5.0E10                   2700                     5886.840314539616        3398.7688402757885       2502.294445801098
1.55947                  7.18                     0.1392757660167131       5.059962672694029E-13    5.062995174704732E-13    0.25                     5.0E10                   2700                     5886.840314539616        3398.7688402757885       2502.294445801098
1.55947                  7.2                      0.1388888888888889       5.062838015351836E-13    5.06511070609875E-13     0.25                     5.0E10                   2700                     5886.840314539616        3398.7688402757885       2502.294445801098
1.55947                  7.22                     0.13850415512465375      5.065682561890044E-13    5.0672036784403E-13      0.25                     5.0E10                   2700                     5886.840314539616        3398.7688402757885       2502.294445801098
1.55947                  7.24                     0.13812154696132597      5.068496655110537E-13    5.069274332369537E-13    0.25                     5.0E10                   2700                     5886.840314539616        3398.7688402757885       2502.294445801098
1.55947                  7.26                     0.13774104683195593      5.071280636025533E-13    5.071322907948943E-13    0.25                     5.0E10                   2700                     5886.840314539616        3398.7688402757885       2502.294445801098
1.55947                  7.279999999999999        0.13736263736263737      5.07403484347962E-13     5.07334964442393E-13     0.25                     5.0E10                   2700                     5886.840314539616        3398.7688402757885       2502.294445801098
1.55947                  7.3                      0.13698630136986303      5.076759614316245E-13    5.075354780250065E-13    0.25                     5.0E10                   2700                     5886.840314539616        3398.7688402757885       2502.294445801098
1.55947                  7.319999999999999        0.1366120218579235       5.079455283328553E-13    5.077338553031888E-13    0.25                     5.0E10                   2700                     5886.840314539616        3398.7688402757885       2502.294445801098
1.55947                  7.34                     0.1362397820163488       5.082122182948566E-13    5.079301199267554E-13    0.25                     5.0E10                   2700                     5886.840314539616        3398.7688402757885       2502.294445801098
1.55947                  7.359999999999999        0.13586956521739132      5.084760643252959E-13    5.081242954408332E-13    0.25                     5.0E10                   2700                     5886.840314539616        3398.7688402757885       2502.294445801098
1.55947                  7.38                     0.13550135501355012      5.087370992158525E-13    5.083164052775137E-13    0.25                     5.0E10                   2700                     5886.840314539616        3398.7688402757885       2502.294445801098
1.55947                  7.3999999999999995       0.13513513513513514      5.089953555010328E-13    5.085064727423245E-13    0.25                     5.0E10                   2700                     5886.840314539616        3398.7688402757885       2502.294445801098
1.55947                  7.42                     0.1347708894878706       5.092508654663878E-13    5.086945210094209E-13    0.25                     5.0E10                   2700                     5886.840314539616        3398.7688402757885       2502.294445801098
1.55947                  7.4399999999999995       0.13440860215053765      5.095036611607975E-13    5.088805731259373E-13    0.25                     5.0E10                   2700                     5886.840314539616        3398.7688402757885       2502.294445801098
1.55947                  7.46                     0.13404825737265413      5.097537743571595E-13    5.090646519866267E-13    0.25                     5.0E10                   2700                     5886.840314539616        3398.7688402757885       2502.294445801098
1.55947                  7.4799999999999995       0.1336898395721925       5.100012365742566E-13    5.09246780341719E-13     0.25                     5.0E10                   2700                     5886.840314539616        3398.7688402757885       2502.294445801098
1.55947                  7.5                      0.13333333333333333      5.102460790660529E-13    5.094269807900235E-13    0.25                     5.0E10                   2700                     5886.840314539616        3398.7688402757885       2502.294445801098
1.55947                  7.52                     0.13297872340425532      5.104883328089378E-13    5.096052757692601E-13    0.25                     5.0E10                   2700                     5886.840314539616        3398.7688402757885       2502.294445801098
1.55947                  7.54                     0.13262599469496023      5.107280285245135E-13    5.097816875613558E-13    0.25                     5.0E10                   2700                     5886.840314539616        3398.7688402757885       2502.294445801098
1.55947                  7.56                     0.13227513227513227      5.109651966321088E-13    5.099562382735763E-13    0.25                     5.0E10                   2700                     5886.840314539616        3398.7688402757885       2502.294445801098
1.55947                  7.58                     0.13192612137203166      5.111998672995786E-13    5.101289498513714E-13    0.25                     5.0E10                   2700                     5886.840314539616        3398.7688402757885       2502.294445801098
1.55947                  7.6                      0.13157894736842105      5.114320703904614E-13    5.102998440563178E-13    0.25                     5.0E10                   2700                     5886.840314539616        3398.7688402757885       2502.294445801098
1.55947                  7.62                     0.13123359580052493      5.116618355005493E-13    5.104689424809191E-13    0.25                     5.0E10                   2700                     5886.840314539616        3398.7688402757885       2502.294445801098
1.55947                  7.64                     0.13089005235602094      5.118891919267605E-13    5.106362665312425E-13    0.25                     5.0E10                   2700                     5886.840314539616        3398.7688402757885       2502.294445801098
1.55947                  7.66                     0.13054830287206268      5.121141687020546E-13    5.108018374368215E-13    0.25                     5.0E10                   2700                     5886.840314539616        3398.7688402757885       2502.294445801098
1.55947                  7.68                     0.13020833333333334      5.123367945435032E-13    5.109656762366623E-13    0.25                     5.0E10                   2700                     5886.840314539616        3398.7688402757885       2502.294445801098
1.55947                  7.7                      0.12987012987012989      5.125570978960889E-13    5.111278037783544E-13    0.25                     5.0E10                   2700                     5886.840314539616        3398.7688402757885       2502.294445801098
1.55947                  7.72                     0.1295336787564767       5.127751069105669E-13    5.112882407278464E-13    0.25                     5.0E10                   2700                     5886.840314539616        3398.7688402757885       2502.294445801098
1.55947                  7.74                     0.12919896640826872      5.129908494497606E-13    5.114470075539243E-13    0.25                     5.0E10                   2700                     5886.840314539616        3398.7688402757885       2502.294445801098
1.55947                  7.76                     0.1288659793814433       5.132043530773957E-13    5.116041245305324E-13    0.25                     5.0E10                   2700                     5886.840314539616        3398.7688402757885       2502.294445801098
1.55947                  7.779999999999999        0.12853470437017997      5.134156450718905E-13    5.117596117390164E-13    0.25                     5.0E10                   2700                     5886.840314539616        3398.7688402757885       2502.294445801098
1.55947                  7.8                      0.12820512820512822      5.136247524222753E-13    5.119134890648054E-13    0.25                     5.0E10                   2700                     5886.840314539616        3398.7688402757885       2502.294445801098
1.55947                  7.819999999999999        0.1278772378516624       5.138317018121466E-13    5.120657761903699E-13    0.25                     5.0E10                   2700                     5886.840314539616        3398.7688402757885       2502.294445801098
1.55947                  7.84                     0.12755102040816327      5.140365196496824E-13    5.122164926061739E-13    0.25                     5.0E10                   2700                     5886.840314539616        3398.7688402757885       2502.294445801098
1.55947                  7.859999999999999        0.1272264631043257       5.142392320396847E-13    5.123656575972282E-13    0.25                     5.0E10                   2700                     5886.840314539616        3398.7688402757885       2502.294445801098
1.55947                  7.88                     0.12690355329949238      5.1443986480039E-13      5.125132902531715E-13    0.25                     5.0E10                   2700                     5886.840314539616        3398.7688402757885       2502.294445801098
1.55947                  7.8999999999999995       0.12658227848101267      5.146384434633869E-13    5.126594094617859E-13    0.25                     5.0E10                   2700                     5886.840314539616        3398.7688402757885       2502.294445801098
1.55947                  7.92                     0.12626262626262624      5.148349932782674E-13    5.128040339146151E-13    0.25                     5.0E10                   2700                     5886.840314539616        3398.7688402757885       2502.294445801098
1.55947                  7.9399999999999995       0.12594458438287154      5.1502953917514E-13      5.129471820878551E-13    0.25                     5.0E10                   2700                     5886.840314539616        3398.7688402757885       2502.294445801098
1.55947                  7.96                     0.12562814070351758      5.152221058309707E-13    5.130888722742398E-13    0.25                     5.0E10                   2700                     5886.840314539616        3398.7688402757885       2502.294445801098
1.55947                  7.9799999999999995       0.12531328320802007      5.154127176196028E-13    5.132291225540098E-13    0.25                     5.0E10                   2700                     5886.840314539616        3398.7688402757885       2502.294445801098
1.55947                  8                        0.125                    5.156013986353067E-13    5.133679508120445E-13    0.25                     5.0E10                   2700                     5886.840314539616        3398.7688402757885       2502.294445801098
1.55947                  8.02                     0.12468827930174564      5.157881726836619E-13    5.135053747288283E-13    0.25                     5.0E10                   2700                     5886.840314539616        3398.7688402757885       2502.294445801098
1.55947                  8.040000000000001        0.1243781094527363       5.159730632888986E-13    5.136414117852447E-13    0.25                     5.0E10                   2700                     5886.840314539616        3398.7688402757885       2502.294445801098
1.55947                  8.06                     0.12406947890818859      5.161560937001205E-13    5.137760792675571E-13    0.25                     5.0E10                   2700                     5886.840314539616        3398.7688402757885       2502.294445801098
1.55947                  8.08                     0.12376237623762378      5.163372868786993E-13    5.139093942548763E-13    0.25                     5.0E10                   2700                     5886.840314539616        3398.7688402757885       2502.294445801098
1.55947                  8.1                      0.1234567901234568       5.165166655158874E-13    5.140413736342176E-13    0.25                     5.0E10                   2700                     5886.840314539616        3398.7688402757885       2502.294445801098
1.55947                  8.12                     0.12315270935960593      5.166942520225412E-13    5.141720340906727E-13    0.25                     5.0E10                   2700                     5886.840314539616        3398.7688402757885       2502.294445801098
1.55947                  8.14                     0.12285012285012284      5.168700685410793E-13    5.14301392116341E-13     0.25                     5.0E10                   2700                     5886.840314539616        3398.7688402757885       2502.294445801098
1.55947                  8.16                     0.12254901960784315      5.170441369386961E-13    5.144294640060698E-13    0.25                     5.0E10                   2700                     5886.840314539616        3398.7688402757885       2502.294445801098
1.55947                  8.18                     0.12224938875305624      5.172164788055667E-13    5.145562658537083E-13    0.25                     5.0E10                   2700                     5886.840314539616        3398.7688402757885       2502.294445801098
1.55947                  8.2                      0.12195121951219513      5.173871154780693E-13    5.146818135694831E-13    0.25                     5.0E10                   2700                     5886.840314539616        3398.7688402757885       2502.294445801098
1.55947                  8.22                     0.121654501216545        5.175560680177811E-13    5.148061228628904E-13    0.25                     5.0E10                   2700                     5886.840314539616        3398.7688402757885       2502.294445801098
1.55947                  8.24                     0.12135922330097086      5.177233572210008E-13    5.149292092538998E-13    0.25                     5.0E10                   2700                     5886.840314539616        3398.7688402757885       2502.294445801098
1.55947                  8.26                     0.12106537530266344      5.178890036196362E-13    5.150510880700015E-13    0.25                     5.0E10                   2700                     5886.840314539616        3398.7688402757885       2502.294445801098
1.55947                  8.28                     0.1207729468599034       5.180530275036614E-13    5.151717744534704E-13    0.25                     5.0E10                   2700                     5886.840314539616        3398.7688402757885       2502.294445801098
1.55947                  8.299999999999999        0.1204819277108434       5.182154488840243E-13    5.1529128335503E-13      0.25                     5.0E10                   2700                     5886.840314539616        3398.7688402757885       2502.294445801098
1.55947                  8.32                     0.12019230769230768      5.183762875371989E-13    5.154096295431172E-13    0.25                     5.0E10                   2700                     5886.840314539616        3398.7688402757885       2502.294445801098
1.55947                  8.34                     0.11990407673860912      5.185355629655735E-13    5.155268275932121E-13    0.25                     5.0E10                   2700                     5886.840314539616        3398.7688402757885       2502.294445801098
1.55947                  8.36                     0.1196172248803828       5.186932944362719E-13    5.156428919025273E-13    0.25                     5.0E10                   2700                     5886.840314539616        3398.7688402757885       2502.294445801098
1.55947                  8.379999999999999        0.11933174224343678      5.188495009650232E-13    5.157578366853578E-13    0.25                     5.0E10                   2700                     5886.840314539616        3398.7688402757885       2502.294445801098
1.55947                  8.4                      0.11904761904761904      5.19004201318158E-13     5.158716759731607E-13    0.25                     5.0E10                   2700                     5886.840314539616        3398.7688402757885       2502.294445801098
1.55947                  8.42                     0.11876484560570072      5.191574140186846E-13    5.15984423615658E-13     0.25                     5.0E10                   2700                     5886.840314539616        3398.7688402757885       2502.294445801098
1.55947                  8.44                     0.11848341232227488      5.193091573628655E-13    5.160960932953973E-13    0.25                     5.0E10                   2700                     5886.840314539616        3398.7688402757885       2502.294445801098
1.55947                  8.459999999999999        0.11820330969267141      5.194594493923092E-13    5.162066985076791E-13    0.25                     5.0E10                   2700                     5886.840314539616        3398.7688402757885       2502.294445801098
1.55947                  8.48                     0.1179245283018868       5.196083079089687E-13    5.163162525714137E-13    0.25                     5.0E10                   2700                     5886.840314539616        3398.7688402757885       2502.294445801098
1.55947                  8.5                      0.11764705882352941      5.197557504975227E-13    5.164247686406515E-13    0.25                     5.0E10                   2700                     5886.840314539616        3398.7688402757885       2502.294445801098
1.55947                  8.52                     0.11737089201877934      5.199017945071278E-13    5.16532259697464E-13     0.25                     5.0E10                   2700                     5886.840314539616        3398.7688402757885       2502.294445801098
1.55947                  8.54                     0.117096018735363        5.200464570533345E-13    5.16638738547868E-13     0.25                     5.0E10                   2700                     5886.840314539616        3398.7688402757885       2502.294445801098
1.55947                  8.56                     0.11682242990654204      5.201897550263945E-13    5.16744217834365E-13     0.25                     5.0E10                   2700                     5886.840314539616        3398.7688402757885       2502.294445801098
1.55947                  8.58                     0.11655011655011656      5.203317050926809E-13    5.168487100302924E-13    0.25                     5.0E10                   2700                     5886.840314539616        3398.7688402757885       2502.294445801098
1.55947                  8.6                      0.11627906976744186      5.204723236995398E-13    5.169522274442709E-13    0.25                     5.0E10                   2700                     5886.840314539616        3398.7688402757885       2502.294445801098
1.55947                  8.62                     0.1160092807424594       5.206116270850153E-13    5.170547822289535E-13    0.25                     5.0E10                   2700                     5886.840314539616        3398.7688402757885       2502.294445801098
1.55947                  8.64                     0.11574074074074073      5.207496312488088E-13    5.171563863602916E-13    0.25                     5.0E10                   2700                     5886.840314539616        3398.7688402757885       2502.294445801098
1.55947                  8.66                     0.11547344110854503      5.208863519971442E-13    5.172570516728424E-13    0.25                     5.0E10                   2700                     5886.840314539616        3398.7688402757885       2502.294445801098
1.55947                  8.68                     0.1152073732718894       5.210218049179566E-13    5.173567898313908E-13    0.25                     5.0E10                   2700                     5886.840314539616        3398.7688402757885       2502.294445801098
1.55947                  8.7                      0.11494252873563218      5.211560053821969E-13    5.174556123413008E-13    0.25                     5.0E10                   2700                     5886.840314539616        3398.7688402757885       2502.294445801098
1.55947                  8.72                     0.1146788990825688       5.212889685703409E-13    5.175535305663131E-13    0.25                     5.0E10                   2700                     5886.840314539616        3398.7688402757885       2502.294445801098
1.55947                  8.74                     0.11441647597254004      5.214207094452561E-13    5.176505557057153E-13    0.25                     5.0E10                   2700                     5886.840314539616        3398.7688402757885       2502.294445801098
1.55947                  8.76                     0.1141552511415525       5.215529848935989E-13    5.177482771411038E-13    0.25                     5.0E10                   2700                     5886.840314539616        3398.7688402757885       2502.294445801098
1.55947                  8.78                     0.11389521640091117      5.216823338019216E-13    5.178435576007844E-13    0.25                     5.0E10                   2700                     5886.840314539616        3398.7688402757885       2502.294445801098
1.55947                  8.8                      0.11363636363636362      5.21810504108183E-13     5.179379776914137E-13    0.25                     5.0E10                   2700                     5886.840314539616        3398.7688402757885       2502.294445801098
1.55947                  8.82                     0.11337868480725624      5.21937509973649E-13     5.180315480108468E-13    0.25                     5.0E10                   2700                     5886.840314539616        3398.7688402757885       2502.294445801098
1.55947                  8.84                     0.11312217194570136      5.220633653957829E-13    5.181242790315579E-13    0.25                     5.0E10                   2700                     5886.840314539616        3398.7688402757885       2502.294445801098
1.55947                  8.86                     0.11286681715575621      5.221880841634886E-13    5.18216181075445E-13     0.25                     5.0E10                   2700                     5886.840314539616        3398.7688402757885       2502.294445801098
1.55947                  8.879999999999999        0.11261261261261263      5.223116798983207E-13    5.183072643275238E-13    0.25                     5.0E10                   2700                     5886.840314539616        3398.7688402757885       2502.294445801098
1.55947                  8.9                      0.11235955056179775      5.224341660080616E-13    5.183975388221289E-13    0.25                     5.0E10                   2700                     5886.840314539616        3398.7688402757885       2502.294445801098
1.55947                  8.92                     0.11210762331838565      5.22555555747728E-13     5.184870144740856E-13    0.25                     5.0E10                   2700                     5886.840314539616        3398.7688402757885       2502.294445801098
1.55947                  8.94                     0.11185682326621925      5.226758621809014E-13    5.185757010522273E-13    0.25                     5.0E10                   2700                     5886.840314539616        3398.7688402757885       2502.294445801098
1.55947                  8.959999999999999        0.11160714285714285      5.227950981949634E-13    5.186636081933662E-13    0.25                     5.0E10                   2700                     5886.840314539616        3398.7688402757885       2502.294445801098
1.55947                  8.98                     0.11135857461024498      5.229132764930156E-13    5.18750745399026E-13     0.25                     5.0E10                   2700                     5886.840314539616        3398.7688402757885       2502.294445801098
1.55947                  9                        0.11111111111111112      5.230304096184842E-13    5.188371220451741E-13    0.25                     5.0E10                   2700                     5886.840314539616        3398.7688402757885       2502.294445801098
1.55947                  9.02                     0.11086474501108647      5.231465099351917E-13    5.189227473759772E-13    0.25                     5.0E10                   2700                     5886.840314539616        3398.7688402757885       2502.294445801098
1.55947                  9.04                     0.11061946902654868      5.232615896448399E-13    5.190076305084459E-13    0.25                     5.0E10                   2700                     5886.840314539616        3398.7688402757885       2502.294445801098
1.55947                  9.06                     0.11037527593818983      5.233756607800083E-13    5.190917804355351E-13    0.25                     5.0E10                   2700                     5886.840314539616        3398.7688402757885       2502.294445801098
1.55947                  9.08                     0.11013215859030838      5.234887352004858E-13    5.191752060208116E-13    0.25                     5.0E10                   2700                     5886.840314539616        3398.7688402757885       2502.294445801098
1.55947                  9.1                      0.1098901098901099       5.236008246181897E-13    5.19257916010647E-13     0.25                     5.0E10                   2700                     5886.840314539616        3398.7688402757885       2502.294445801098
1.55947                  9.12                     0.10964912280701757      5.237119405807127E-13    5.19339919031982E-13     0.25                     5.0E10                   2700                     5886.840314539616        3398.7688402757885       2502.294445801098
1.55947                  9.14                     0.10940919037199125      5.238220944724586E-13    5.194212235873473E-13    0.25                     5.0E10                   2700                     5886.840314539616        3398.7688402757885       2502.294445801098
1.55947                  9.16                     0.10917030567685589      5.239312975299189E-13    5.195018380637844E-13    0.25                     5.0E10                   2700                     5886.840314539616        3398.7688402757885       2502.294445801098
1.55947                  9.18                     0.10893246187363835      5.240395608275126E-13    5.195817707304104E-13    0.25                     5.0E10                   2700                     5886.840314539616        3398.7688402757885       2502.294445801098
1.55947                  9.2                      0.10869565217391305      5.2414689529636E-13      5.196610297447547E-13    0.25                     5.0E10                   2700                     5886.840314539616        3398.7688402757885       2502.294445801098
1.55947                  9.22                     0.10845986984815618      5.242533117248002E-13    5.197396231563466E-13    0.25                     5.0E10                   2700                     5886.840314539616        3398.7688402757885       2502.294445801098
1.55947                  9.24                     0.10822510822510822      5.24358820726211E-13     5.198175588837852E-13    0.25                     5.0E10                   2700                     5886.840314539616        3398.7688402757885       2502.294445801098
1.55947                  9.26                     0.1079913606911447       5.244634328001429E-13    5.198948447585655E-13    0.25                     5.0E10                   2700                     5886.840314539616        3398.7688402757885       2502.294445801098
1.55947                  9.28                     0.10775862068965518      5.245671582833786E-13    5.199714884888156E-13    0.25                     5.0E10                   2700                     5886.840314539616        3398.7688402757885       2502.294445801098
1.55947                  9.3                      0.10752688172043011      5.246700073843298E-13    5.200474976830954E-13    0.25                     5.0E10                   2700                     5886.840314539616        3398.7688402757885       2502.294445801098
1.55947                  9.32                     0.1072961373390558       5.247719901678393E-13    5.201228798466204E-13    0.25                     5.0E10                   2700                     5886.840314539616        3398.7688402757885       2502.294445801098
1.55947                  9.34                     0.10706638115631692      5.248731165434657E-13    5.201976423616147E-13    0.25                     5.0E10                   2700                     5886.840314539616        3398.7688402757885       2502.294445801098
1.55947                  9.36                     0.10683760683760683      5.249733963171579E-13    5.202717925326258E-13    0.25                     5.0E10                   2700                     5886.840314539616        3398.7688402757885       2502.294445801098
1.55947                  9.379999999999999        0.10660980810234544      5.250728391368255E-13    5.203453375489072E-13    0.25                     5.0E10                   2700                     5886.840314539616        3398.7688402757885       2502.294445801098
1.55947                  9.4                      0.10638297872340426      5.25171454527568E-13     5.204182845003495E-13    0.25                     5.0E10                   2700                     5886.840314539616        3398.7688402757885       2502.294445801098
1.55947                  9.42                     0.10615711252653928      5.252692518946116E-13    5.204906403842684E-13    0.25                     5.0E10                   2700                     5886.840314539616        3398.7688402757885       2502.294445801098
1.55947                  9.44                     0.1059322033898305       5.253662404970159E-13    5.205624120990583E-13    0.25                     5.0E10                   2700                     5886.840314539616        3398.7688402757885       2502.294445801098
1.55947                  9.459999999999999        0.10570824524312897      5.254624294745182E-13    5.206336064383216E-13    0.25                     5.0E10                   2700                     5886.840314539616        3398.7688402757885       2502.294445801098
1.55947                  9.48                     0.10548523206751054      5.255578278340644E-13    5.207042301080074E-13    0.25                     5.0E10                   2700                     5886.840314539616        3398.7688402757885       2502.294445801098
1.55947                  9.5                      0.10526315789473685      5.256524444874407E-13    5.207742897285759E-13    0.25                     5.0E10                   2700                     5886.840314539616        3398.7688402757885       2502.294445801098
1.55947                  9.52                     0.10504201680672269      5.25746288198359E-13     5.208437918178892E-13    0.25                     5.0E10                   2700                     5886.840314539616        3398.7688402757885       2502.294445801098
1.55947                  9.54                     0.10482180293501049      5.258393676156302E-13    5.209127428032458E-13    0.25                     5.0E10                   2700                     5886.840314539616        3398.7688402757885       2502.294445801098
1.55947                  9.56                     0.10460251046025104      5.259316912795869E-13    5.209811490300776E-13    0.25                     5.0E10                   2700                     5886.840314539616        3398.7688402757885       2502.294445801098
1.55947                  9.58                     0.10438413361169102      5.260232676107255E-13    5.210490167510572E-13    0.25                     5.0E10                   2700                     5886.840314539616        3398.7688402757885       2502.294445801098
1.55947                  9.6                      0.10416666666666667      5.261141049134399E-13    5.211163521341721E-13    0.25                     5.0E10                   2700                     5886.840314539616        3398.7688402757885       2502.294445801098
1.55947                  9.62                     0.10395010395010396      5.262042113784578E-13    5.211831612579693E-13    0.25                     5.0E10                   2700                     5886.840314539616        3398.7688402757885       2502.294445801098
1.55947                  9.64                     0.10373443983402489      5.262935950908965E-13    5.212494501214803E-13    0.25                     5.0E10                   2700                     5886.840314539616        3398.7688402757885       2502.294445801098
1.55947                  9.66                     0.10351966873706003      5.263822640231668E-13    5.213152246417278E-13    0.25                     5.0E10                   2700                     5886.840314539616        3398.7688402757885       2502.294445801098
1.55947                  9.68                     0.10330578512396693      5.264702260290439E-13    5.213804906406948E-13    0.25                     5.0E10                   2700                     5886.840314539616        3398.7688402757885       2502.294445801098
1.55947                  9.7                      0.10309278350515465      5.265574888845658E-13    5.214452538826304E-13    0.25                     5.0E10                   2700                     5886.840314539616        3398.7688402757885       2502.294445801098
1.55947                  9.72                     0.102880658436214        5.266440602354641E-13    5.215095200342516E-13    0.25                     5.0E10                   2700                     5886.840314539616        3398.7688402757885       2502.294445801098
1.55947                  9.74                     0.1026694045174538       5.267299476262842E-13    5.215732946856235E-13    0.25                     5.0E10                   2700                     5886.840314539616        3398.7688402757885       2502.294445801098
1.55947                  9.76                     0.10245901639344263      5.268151585247407E-13    5.216365833664638E-13    0.25                     5.0E10                   2700                     5886.840314539616        3398.7688402757885       2502.294445801098
1.55947                  9.78                     0.10224948875255623      5.268997002516864E-13    5.216993914989483E-13    0.25                     5.0E10                   2700                     5886.840314539616        3398.7688402757885       2502.294445801098
1.55947                  9.8                      0.10204081632653059      5.269835800748475E-13    5.217617244607294E-13    0.25                     5.0E10                   2700                     5886.840314539616        3398.7688402757885       2502.294445801098
1.55947                  9.82                     0.10183299389002037      5.270668051406495E-13    5.218235875400926E-13    0.25                     5.0E10                   2700                     5886.840314539616        3398.7688402757885       2502.294445801098
1.55947                  9.84                     0.1016260162601626       5.271493825002457E-13    5.218849859511128E-13    0.25                     5.0E10                   2700                     5886.840314539616        3398.7688402757885       2502.294445801098
1.55947                  9.86                     0.10141987829614604      5.272313191331361E-13    5.219459248539552E-13    0.25                     5.0E10                   2700                     5886.840314539616        3398.7688402757885       2502.294445801098
1.55947                  9.879999999999999        0.10121457489878542      5.273126218893992E-13    5.220064093116946E-13    0.25                     5.0E10                   2700                     5886.840314539616        3398.7688402757885       2502.294445801098
1.55947                  9.9                      0.101010101010101        5.273932975512438E-13    5.22066444337327E-13     0.25                     5.0E10                   2700                     5886.840314539616        3398.7688402757885       2502.294445801098
1.55947                  9.92                     0.10080645161290322      5.274733528020597E-13    5.221260348648903E-13    0.25                     5.0E10                   2700                     5886.840314539616        3398.7688402757885       2502.294445801098
1.55947                  9.94                     0.1006036217303823       5.275527942438689E-13    5.221851857704951E-13    0.25                     5.0E10                   2700                     5886.840314539616        3398.7688402757885       2502.294445801098
1.55947                  9.959999999999999        0.10040160642570282      5.276316283831898E-13    5.222439018550318E-13    0.25                     5.0E10                   2700                     5886.840314539616        3398.7688402757885       2502.294445801098
1.55947                  9.98                     0.1002004008016032       5.277098616419683E-13    5.223021878543288E-13    0.25                     5.0E10                   2700                     5886.840314539616        3398.7688402757885       2502.294445801098
1.55947                  10                       0.1                      5.277502644297376E-13    5.222973460227181E-13    0.25                     5.0E10                   2700                     5886.840314539616        3398.7688402757885       2502.294445801098
